timestamp,open,high,low,close,volume,close_time,quote_av,trades,tb_base_av,tb_quote_av,ignore
2024-07-16 08:00:00+00:00,62891.88,63826.67,62415.87,63720.8,4.49563,1721131199999,283946.8088423,698,2.45545,155328.3971969,0.0
2024-07-16 12:00:00+00:00,63723.98,64800.0,63094.6,64673.23,15.17004,1721145599999,970662.7008302,1578,13.53833,866483.3558434,0.0
2024-07-16 16:00:00+00:00,64796.79,65000.0,64131.87,64999.0,6.34683,1721159999999,410276.8685671,1382,3.55176,229856.7487357,0.0
2024-07-16 20:00:00+00:00,64998.99,65200.0,64171.26,65029.3,5.61676,1721174399999,364265.4020874,1113,4.0214,261173.476733,0.0
2024-07-17 00:00:00+00:00,65029.3,66068.12,64886.0,65721.68,10.73473,1721188799999,701845.3749262,1816,7.28334,475462.6799271,0.0
2024-07-17 04:00:00+00:00,65678.34,65949.28,65200.0,65277.56,1.70946,1721203199999,112295.7032215,379,1.04027,68377.1701775,0.0
2024-07-17 08:00:00+00:00,65200.04,65434.22,64594.49,64627.41,2.48149,1721217599999,161175.6180991,626,1.66853,108325.5463037,0.0
2024-07-17 12:00:00+00:00,64772.19,65368.89,64550.81,64676.55,6.2199,1721231999999,404207.7013113,1046,3.71402,241374.2854492,0.0
2024-07-17 16:00:00+00:00,64739.85,64739.88,63858.89,64602.0,11.44023,1721246399999,734047.5628747,912,2.06713,132868.3190381,0.0
2024-07-17 20:00:00+00:00,64588.85,64627.07,64087.97,64130.63,4.01491,1721260799999,257978.131589,484,0.68195,43886.7541653,0.0
2024-07-18 00:00:00+00:00,64129.49,65000.0,63944.54,64822.51,8.79667,1721275199999,568100.654001,829,5.33169,345560.7751098,0.0
2024-07-18 04:00:00+00:00,64868.36,65028.35,64407.64,64713.04,5.40974,1721289599999,350520.4384891,344,1.82335,117872.5051216,0.0
2024-07-18 08:00:00+00:00,64696.45,64937.95,64473.14,64702.06,0.76343,1721303999999,49408.1317483,285,0.56583,36627.8690926,0.0
2024-07-18 12:00:00+00:00,64783.59,65090.74,63444.98,63510.45,7.82855,1721318399999,500828.8956738,1070,4.56538,292274.3071042,0.0
2024-07-18 16:00:00+00:00,63522.36,63972.46,63263.5,63658.66,3.43677,1721332799999,218804.7939283,858,1.97514,125901.0851882,0.0
2024-07-18 20:00:00+00:00,63583.96,64120.0,63436.17,63997.25,1.44179,1721347199999,92069.390658,508,0.7149,45636.5265995,0.0
2024-07-19 00:00:00+00:00,63997.25,64216.6,63328.54,64216.6,9.74883,1721361599999,622082.74625,1087,7.76039,495573.0286798,0.0
2024-07-19 04:00:00+00:00,64216.6,64401.0,63621.09,63672.5,1.07663,1721375999999,69012.9250357,586,0.7766,49784.3845959,0.0
2024-07-19 08:00:00+00:00,63720.39,64136.63,63386.22,64120.0,1.86346,1721390399999,118880.8226018,433,1.70772,108953.9116819,0.0
2024-07-19 12:00:00+00:00,64050.94,65787.04,64019.91,65598.51,7.39273,1721404799999,482347.1325981,1731,4.7146,307564.3473439,0.0
2024-07-19 16:00:00+00:00,65598.51,67351.47,65590.0,67124.72,19.84097,1721419199999,1320234.3402015,2388,15.66849,1042867.8807594,0.0
2024-07-19 20:00:00+00:00,67175.08,67334.83,66623.06,66659.4,5.24096,1721433599999,350898.3837531,811,2.13104,142778.1107019,0.0
2024-07-20 00:00:00+00:00,66667.7,66811.8,66200.0,66654.08,6.44284,1721447999999,428934.7779266,803,4.20645,279992.7930293,0.0
2024-07-20 04:00:00+00:00,66580.29,66744.18,66418.48,66599.0,1.32099,1721462399999,87886.2684231,236,0.38398,25581.8966924,0.0
2024-07-20 08:00:00+00:00,66593.85,66683.82,66450.76,66498.72,0.31168,1721476799999,20737.9999749,187,0.08698,5788.3109472,0.0
2024-07-20 12:00:00+00:00,66499.02,66853.4,66302.12,66808.49,1.95173,1721491199999,130054.8493973,383,1.09918,73321.1426931,0.0
2024-07-20 16:00:00+00:00,66788.01,67569.0,66690.98,67216.79,15.09155,1721505599999,1015085.2036659,1027,6.24156,419511.9157433,0.0
2024-07-20 20:00:00+00:00,67245.3,67453.24,66916.19,67144.31,1.05237,1721519999999,70671.5796264,350,0.35708,24030.4345107,0.0
2024-07-21 00:00:00+00:00,67160.61,67417.82,67084.59,67178.8,0.6428,1721534399999,43238.2936371,439,0.33908,22812.0742298,0.0
2024-07-21 04:00:00+00:00,67224.77,67265.88,66690.0,66739.72,0.47812,1721548799999,32022.1453105,391,0.27529,18447.3300294,0.0
2024-07-21 08:00:00+00:00,66717.81,67048.3,66717.81,66925.77,0.16002,1721563199999,10701.9808332,185,0.10527,7040.6969375,0.0
2024-07-21 12:00:00+00:00,66925.77,67517.27,66719.2,67129.86,3.61089,1721577599999,242765.2944267,672,2.10733,141783.7918023,0.0
2024-07-21 16:00:00+00:00,67194.99,67690.23,65853.47,67438.19,5.72162,1721591999999,382786.0983942,2000,3.1788,212665.3542953,0.0
2024-07-21 20:00:00+00:00,67439.09,68203.04,67316.45,68011.05,13.57191,1721606399999,922094.9800137,1920,10.86073,738081.5258943,0.0
2024-07-22 00:00:00+00:00,68011.06,68323.68,67676.0,67822.51,6.03692,1721620799999,410613.4927688,1096,4.67292,317974.599759,0.0
2024-07-22 04:00:00+00:00,67822.5,67949.53,67145.2,67237.46,2.93684,1721635199999,198747.2929176,623,0.52315,35351.5221703,0.0
2024-07-22 08:00:00+00:00,67230.0,67587.07,67102.63,67587.07,8.69283,1721649599999,584432.5801829,404,0.96278,64840.7260775,0.0
2024-07-22 12:00:00+00:00,67495.64,67985.79,66604.33,67100.0,4.56951,1721663999999,307542.9618576,901,1.93289,130298.6364648,0.0
2024-07-22 16:00:00+00:00,67100.01,68000.0,66883.9,68000.0,7.15269,1721678399999,484167.6243306,854,5.275,357678.734807,0.0
2024-07-22 20:00:00+00:00,68000.0,68000.0,67234.93,67570.8,4.32812,1721692799999,293202.5713613,960,3.02324,204846.1278311,0.0
2024-07-23 00:00:00+00:00,67535.69,67716.39,67166.15,67451.79,2.60281,1721707199999,175676.2919765,457,1.70221,114965.5714254,0.0
2024-07-23 04:00:00+00:00,67444.89,67503.99,66287.29,66488.98,6.98832,1721721599999,468217.8659823,695,1.64992,110613.1444227,0.0
2024-07-23 08:00:00+00:00,66519.17,67128.03,66456.76,66753.25,0.81317,1721735999999,54265.6161489,360,0.43684,29173.2347195,0.0
2024-07-23 12:00:00+00:00,66630.68,67283.68,65938.2,66525.23,5.87979,1721750399999,390307.1227582,1041,2.36717,157548.265922,0.0
2024-07-23 16:00:00+00:00,66525.23,66713.19,65483.4,65511.94,6.00319,1721764799999,395810.3811319,933,2.51254,165837.3287569,0.0
2024-07-23 20:00:00+00:00,65627.09,66035.56,65531.08,65910.29,1.3567,1721779199999,89337.3297705,489,0.49023,32283.5345079,0.0
2024-07-24 00:00:00+00:00,65911.04,66100.0,65466.92,66022.34,3.75369,1721793599999,247059.4861206,486,1.599,105231.441626,0.0
2024-07-24 04:00:00+00:00,66022.36,66056.11,65652.55,66056.11,1.71387,1721807999999,112876.0956018,334,0.57341,37804.8963728,0.0
2024-07-24 08:00:00+00:00,66087.17,66567.27,65993.2,66400.39,1.08251,1721822399999,71913.4007759,516,0.94653,62892.7997738,0.0
2024-07-24 12:00:00+00:00,66398.0,67060.19,66221.5,66236.09,6.66302,1721836799999,443373.6649201,1113,2.57584,171568.0205923,0.0
2024-07-24 16:00:00+00:00,66247.87,66709.35,65592.01,65657.12,7.11789,1721851199999,471574.1336962,1001,4.10554,272351.607876,0.0
2024-07-24 20:00:00+00:00,65592.11,66087.16,65172.05,65394.89,4.81419,1721865599999,315657.3457957,951,1.61301,105859.7549803,0.0
2024-07-25 00:00:00+00:00,65350.03,65578.06,63901.43,64071.18,10.74643,1721879999999,692842.5588879,1693,4.47401,288494.2670217,0.0
2024-07-25 04:00:00+00:00,64048.73,64331.22,63783.09,64168.47,2.40462,1721894399999,154446.9381955,570,1.41917,91162.0486535,0.0
2024-07-25 08:00:00+00:00,64048.67,64426.22,63900.01,64156.94,1.22937,1721908799999,79082.8707994,267,0.84631,54468.9620232,0.0
2024-07-25 12:00:00+00:00,64093.37,64955.0,63500.0,64715.2,6.42104,1721923199999,412985.6922688,1026,3.50084,225264.7762618,0.0
2024-07-25 16:00:00+00:00,64820.73,65161.2,64417.96,64720.13,2.54832,1721937599999,165319.5211852,652,1.24506,80841.0543357,0.0
2024-07-25 20:00:00+00:00,64729.8,66000.0,64406.4,65716.16,9.91988,1721951999999,650022.631395,1459,6.6086,433210.5860886,0.0
2024-07-26 00:00:00+00:00,65782.98,67279.63,65723.84,67000.0,11.29125,1721966399999,750685.3364884,1848,9.36546,622433.9598636,0.0
2024-07-26 04:00:00+00:00,67048.6,67121.7,66845.68,66855.86,3.4742,1721980799999,232828.072864,781,2.46281,165100.0119669,0.0
2024-07-26 08:00:00+00:00,66928.5,67328.6,66928.5,67267.7,1.65408,1721995199999,111222.5737342,553,1.41701,95289.8655895,0.0
2024-07-26 12:00:00+00:00,67328.6,67891.11,66954.63,67492.72,8.82171,1722009599999,593211.4493925,1146,3.15759,213125.5234728,0.0
2024-07-26 16:00:00+00:00,67492.73,67937.91,67324.15,67913.18,5.06993,1722023999999,343162.9169926,806,4.79556,324608.6795963,0.0
2024-07-26 20:00:00+00:00,67862.37,68071.47,67386.0,67849.25,1.88179,1722038399999,127698.5812243,702,1.3872,94135.8483655,0.0
2024-07-27 00:00:00+00:00,67849.72,68050.0,67639.03,67782.59,2.33402,1722052799999,158326.24465,529,1.0045,68150.37232,0.0
2024-07-27 04:00:00+00:00,67782.59,68139.6,67762.46,68018.19,1.43353,1722067199999,97540.4336695,337,1.28636,87533.1847411,0.0
2024-07-27 08:00:00+00:00,68001.39,68147.25,67821.93,68056.32,0.81579,1722081599999,55424.3066685,461,0.45626,31018.3290896,0.0
2024-07-27 12:00:00+00:00,68140.0,69357.98,68109.01,68803.04,12.69768,1722095999999,873354.8326149,1686,11.00154,756632.6927963,0.0
2024-07-27 16:00:00+00:00,68803.09,68999.99,68000.0,68314.3,9.89286,1722110399999,676945.1465947,885,3.5914,246691.3454677,0.0
2024-07-27 20:00:00+00:00,68299.99,69100.0,66438.0,67869.19,21.09459,1722124799999,1429285.5012369,3149,10.39491,706724.7309279,0.0
2024-07-28 00:00:00+00:00,67831.5,68267.89,67279.97,68003.92,2.09227,1722139199999,142143.9516234,691,0.66002,44839.8585617,0.0
2024-07-28 04:00:00+00:00,67983.3,68042.82,67311.48,67571.39,4.6422,1722153599999,313420.4652869,724,0.37449,25339.1858296,0.0
2024-07-28 08:00:00+00:00,67460.09,67973.99,67400.0,67896.24,1.36502,1722167999999,92361.4989011,266,0.89569,60668.1402161,0.0
2024-07-28 12:00:00+00:00,67852.71,68071.22,67650.7,67651.12,1.05914,1722182399999,71892.2418346,310,0.47589,32293.1068723,0.0
2024-07-28 16:00:00+00:00,67744.39,68308.05,67650.0,68112.41,0.83616,1722196799999,56918.4941758,360,0.56058,38214.3187219,0.0
2024-07-28 20:00:00+00:00,68122.79,68260.41,67834.98,68260.41,1.8435,1722211199999,125424.8505014,461,0.50647,34477.4935883,0.0
2024-07-29 00:00:00+00:00,68261.03,69760.1,68193.57,69352.79,18.12045,1722225599999,1250310.7661282,2197,15.41007,1062883.6263311,0.0
2024-07-29 04:00:00+00:00,69352.8,69822.0,69244.84,69553.49,2.40071,1722239999999,166965.3521494,586,1.99298,138618.5846821,0.0
2024-07-29 08:00:00+00:00,69559.2,69822.0,69361.23,69672.61,0.79693,1722254399999,55473.1416134,293,0.4678,32591.7185386,0.0
2024-07-29 12:00:00+00:00,69546.43,69900.0,67791.78,68116.61,17.63565,1722268799999,1211639.0682215,1610,4.30647,297382.8995359,0.0
2024-07-29 16:00:00+00:00,68117.52,68164.5,66874.29,67317.58,5.40706,1722283199999,364034.8277063,1478,1.82606,123062.2645064,0.0
2024-07-29 20:00:00+00:00,67397.12,67591.19,66806.98,66822.0,3.27239,1722297599999,220312.4815076,695,1.45897,98253.359832,0.0
2024-07-30 00:00:00+00:00,66808.93,66900.39,66054.43,66667.5,6.64934,1722311999999,442192.5500948,1324,2.35732,156641.181637,0.0
2024-07-30 04:00:00+00:00,66667.52,66984.07,66408.87,66916.03,2.16408,1722326399999,144271.1970475,431,0.37341,24916.8553902,0.0
2024-07-30 08:00:00+00:00,66984.1,66985.55,66484.34,66662.72,0.52199,1722340799999,34779.7872214,257,0.23694,15797.3113667,0.0
2024-07-30 12:00:00+00:00,66634.13,66907.51,65803.3,66233.84,7.17094,1722355199999,474559.1571913,935,3.04321,201994.0959388,0.0
2024-07-30 16:00:00+00:00,66241.85,66640.22,65758.0,66129.85,4.13502,1722369599999,273437.0446501,775,2.26587,150008.1418956,0.0
2024-07-30 20:00:00+00:00,66035.38,66485.2,65529.57,66290.09,3.71911,1722383999999,245696.0974085,805,0.92305,61099.3306451,0.0
2024-07-31 00:00:00+00:00,66272.6,66459.7,66000.0,66113.04,1.48826,1722398399999,98615.0022772,406,0.6068,40242.6072586,0.0
2024-07-31 04:00:00+00:00,66178.4,66576.4,65588.53,66462.94,1.07395,1722412799999,70984.9264386,507,0.43105,28521.8790688,0.0
2024-07-31 08:00:00+00:00,66327.98,66445.5,66067.03,66191.16,0.55299,1722427199999,36628.5427809,208,0.32617,21620.2270862,0.0
2024-07-31 12:00:00+00:00,66109.62,66827.02,66109.61,66436.11,2.07815,1722441599999,138035.6254628,527,1.07168,71200.6432605,0.0
2024-07-31 16:00:00+00:00,66361.9,66807.32,65080.36,65440.53,5.77657,1722455999999,381747.0922256,1099,2.26999,150227.4978083,0.0
2024-07-31 20:00:00+00:00,65397.33,65461.26,64556.6,64623.68,14.59624,1722470399999,946328.3792334,1058,9.59373,622205.413973,0.0
2024-08-01 00:00:00+00:00,64622.54,64836.09,63783.5,63901.7,14.07578,1722484799999,903374.1703727,959,3.82358,246074.715964,0.0
2024-08-01 04:00:00+00:00,63903.4,64453.27,63656.44,64317.07,2.18051,1722499199999,139628.1931137,651,0.80904,51916.7857096,0.0
2024-08-01 08:00:00+00:00,64297.18,64675.0,64297.18,64645.4,1.98674,1722513599999,128190.8125157,296,0.64677,41756.1567278,0.0
2024-08-01 12:00:00+00:00,64645.03,64931.23,62900.0,62950.0,9.93495,1722527999999,632880.6232367,1408,1.91007,122557.3258883,0.0
2024-08-01 16:00:00+00:00,62973.99,63474.56,62500.0,63474.53,6.20534,1722542399999,391048.7833046,1513,2.97955,187838.6948802,0.0
2024-08-01 20:00:00+00:00,63474.56,65618.51,63358.58,65392.96,7.81919,1722556799999,505594.0627898,1491,5.83664,376792.7889086,0.0
2024-08-02 00:00:00+00:00,65382.27,65556.01,63697.83,64541.04,2.9316,1722571199999,189261.9245453,1012,1.33513,86349.088901,0.0
2024-08-02 04:00:00+00:00,64541.68,64632.41,63836.74,64241.24,4.19869,1722585599999,270309.8870093,810,2.80515,180622.007874,0.0
2024-08-02 08:00:00+00:00,64202.42,64931.23,64029.04,64629.71,1.37912,1722599999999,88979.2360902,507,1.236,79739.8197759,0.0
2024-08-02 12:00:00+00:00,64696.96,65486.01,62475.03,63401.45,28.45747,1722614399999,1826873.8782061,2477,10.8628,699826.9111592,0.0
2024-08-02 16:00:00+00:00,63502.54,63562.77,62496.2,62648.69,6.80138,1722628799999,426880.8608158,681,1.55124,97370.8177152,0.0
2024-08-02 20:00:00+00:00,62648.9,63138.34,61368.89,61536.09,15.0049,1722643199999,932181.9290842,1963,5.38373,336494.873524,0.0
2024-08-03 00:00:00+00:00,61536.03,61960.28,60661.96,61927.29,6.79469,1722657599999,416089.4856431,1123,2.71047,166577.6551541,0.0
2024-08-03 04:00:00+00:00,61910.61,61957.89,61501.2,61681.08,6.00927,1722671999999,370330.3567597,351,1.91433,118213.1067287,0.0
2024-08-03 08:00:00+00:00,61676.45,61973.77,61474.11,61894.73,0.9859,1722686399999,60808.1949645,269,0.4053,25040.384037,0.0
2024-08-03 12:00:00+00:00,61897.01,62173.95,60900.0,60981.43,8.79813,1722700799999,542621.29949,882,5.77166,357463.7133382,0.0
2024-08-03 16:00:00+00:00,60907.57,61256.84,60011.9,60255.92,18.39918,1722715199999,1117658.8011787,1813,5.50074,333926.36827,0.0
2024-08-03 20:00:00+00:00,60278.94,60848.43,60000.0,60690.47,6.24551,1722729599999,377161.7187808,755,1.31289,79481.0650222,0.0
2024-08-04 00:00:00+00:00,60679.95,61110.2,60309.82,60768.67,1.79795,1722743999999,109085.5522887,559,0.84043,51100.5048585,0.0
2024-08-04 04:00:00+00:00,60768.68,60914.23,60292.93,60335.96,1.61214,1722758399999,97831.5714426,403,0.27592,16745.309189,0.0
2024-08-04 08:00:00+00:00,60320.03,60987.63,60129.27,60860.0,0.4241,1722772799999,25716.497621,343,0.19488,11820.1008802,0.0
2024-08-04 12:00:00+00:00,60887.98,61094.43,59000.0,59117.28,7.88055,1722787199999,470527.8634108,1290,1.83313,109589.0408295,0.0
2024-08-04 16:00:00+00:00,59038.31,59628.9,57597.96,59339.0,22.67602,1722801599999,1329567.7499949,2295,9.39349,552287.8500869,0.0
2024-08-04 20:00:00+00:00,59282.65,59628.77,58036.04,58156.48,9.86934,1722815999999,579778.8994148,1130,3.00157,176086.3855767,0.0
2024-08-05 00:00:00+00:00,58156.48,58273.41,53419.6,54017.89,57.68286,1722830399999,3188423.3243328,6516,20.4674,1126193.908964,0.0
2024-08-05 04:00:00+00:00,53985.29,54550.03,50500.0,52656.93,40.71559,1722844799999,2155230.5265527,4975,11.61102,611918.8762529,0.0
2024-08-05 08:00:00+00:00,52730.38,53183.68,50637.2,51360.23,10.48724,1722859199999,542699.32003,1897,4.1533,215380.025549,0.0
2024-08-05 12:00:00+00:00,51232.62,54954.03,49633.02,54391.55,47.40468,1722873599999,2476975.2968357,4985,25.98397,1372671.0111233,0.0
2024-08-05 16:00:00+00:00,54390.49,55458.03,52614.3,53468.79,23.33441,1722887999999,1261768.1663461,2326,7.13595,388286.4654774,0.0
2024-08-05 20:00:00+00:00,53584.11,55186.98,53428.17,53944.07,9.34089,1722902399999,508651.7334825,1524,3.4803,188928.2784227,0.0
2024-08-06 00:00:00+00:00,54128.74,56255.33,53928.19,55638.5,22.94295,1722916799999,1276831.4243719,1575,13.4147,747841.7946137,0.0
2024-08-06 04:00:00+00:00,55638.41,56135.74,55282.16,56053.53,6.46208,1722931199999,359934.2312936,823,5.07687,282969.4887696,0.0
2024-08-06 08:00:00+00:00,56044.26,56092.2,54630.5,55256.3,3.492,1722945599999,193074.7672615,945,0.72632,40108.8251874,0.0
2024-08-06 12:00:00+00:00,55184.45,56574.5,54410.96,56437.77,10.79995,1722959999999,599876.5633562,1771,5.80815,323095.6521077,0.0
2024-08-06 16:00:00+00:00,56414.7,57023.03,56283.85,56787.37,6.23695,1722974399999,353409.2403796,1069,2.58426,146620.7522029,0.0
2024-08-06 20:00:00+00:00,56690.23,56922.43,55820.7,56025.43,5.01057,1722988799999,282512.9159542,1013,2.06528,116543.3710772,0.0
2024-08-07 00:00:00+00:00,56035.48,57274.09,55584.0,56899.91,11.17605,1723003199999,632236.5810552,1195,6.02759,341410.4503392,0.0
2024-08-07 04:00:00+00:00,56859.67,57258.8,56592.24,56892.74,4.04652,1723017599999,230607.4331697,647,1.59627,90913.7348259,0.0
2024-08-07 08:00:00+00:00,56898.81,57683.48,56882.73,56995.11,3.85021,1723031999999,220559.0585684,625,1.62263,92993.8561315,0.0
2024-08-07 12:00:00+00:00,56995.11,57450.64,55643.75,56075.89,13.33126,1723046399999,749544.1770721,1354,3.34209,188112.0285993,0.0
2024-08-07 16:00:00+00:00,56050.66,56289.89,54602.19,54869.08,21.05178,1723060799999,1165605.0726015,1869,13.50728,748933.2344552,0.0
2024-08-07 20:00:00+00:00,54865.54,55525.4,54556.39,55043.02,3.30466,1723075199999,181659.984337,1079,1.76282,96907.372754,0.0
2024-08-08 00:00:00+00:00,55116.89,57617.97,54720.21,57098.55,11.65198,1723089599999,660634.6041495,1697,7.769,440056.9100799,0.0
2024-08-08 04:00:00+00:00,57097.97,57398.11,56700.0,57169.0,2.42124,1723103999999,138009.7406678,518,1.49168,85070.1620063,0.0
2024-08-08 08:00:00+00:00,57102.72,57634.24,57006.5,57333.78,1.16271,1723118399999,66690.6752404,402,0.45713,26217.8008798,0.0
2024-08-08 12:00:00+00:00,57333.78,59499.99,56993.66,59445.73,32.62439,1723132799999,1892077.9885677,2131,17.48562,1018977.926327,0.0
2024-08-08 16:00:00+00:00,59411.21,59831.66,59257.91,59389.36,10.40002,1723147199999,619101.271057,1277,7.18007,427553.1168019,0.0
2024-08-08 20:00:00+00:00,59425.27,62710.86,59354.13,61678.13,23.34005,1723161599999,1427862.0215621,2741,13.07104,794394.3554737,0.0
2024-08-09 00:00:00+00:00,61767.21,61767.21,60699.14,61356.79,16.57955,1723175999999,1012307.103314,1812,10.93433,667309.9161299,0.0
2024-08-09 04:00:00+00:00,61291.95,61376.04,60587.77,60869.64,2.85014,1723190399999,173911.0254069,543,1.41955,86688.2310023,0.0
2024-08-09 08:00:00+00:00,60873.28,61198.6,60210.59,60696.31,0.97053,1723204799999,58852.88177,651,0.32964,20007.3076607,0.0
2024-08-09 12:00:00+00:00,60650.0,60911.15,59646.19,59900.0,17.5835,1723219199999,1055772.3772867,1662,6.86285,413420.98679,0.0
2024-08-09 16:00:00+00:00,59900.0,60715.49,59808.14,60661.75,8.05433,1723233599999,486533.355712,925,6.01126,363675.8047874,0.0
2024-08-09 20:00:00+00:00,60637.28,60949.62,59925.73,60790.09,5.15762,1723247999999,312768.7145123,1069,3.48056,211269.6718313,0.0
2024-08-10 00:00:00+00:00,60849.25,61394.58,60292.93,60408.93,1.92853,1723262399999,116990.8390077,918,0.88894,53938.6530109,0.0
2024-08-10 04:00:00+00:00,60427.91,60792.28,60265.61,60792.28,1.28568,1723276799999,77763.7242701,364,1.1868,71789.7583093,0.0
2024-08-10 08:00:00+00:00,60794.4,61068.2,60664.9,60843.08,0.7314,1723291199999,44494.7476035,261,0.24474,14892.1566456,0.0
2024-08-10 12:00:00+00:00,60895.0,60895.0,60414.14,60528.63,3.06295,1723305599999,185679.4817337,743,2.08526,126440.040718,0.0
2024-08-10 16:00:00+00:00,60533.83,61141.71,60414.0,61010.37,1.89742,1723319999999,115321.5230419,647,1.22368,74416.955432,0.0
2024-08-10 20:00:00+00:00,60964.56,61171.11,60746.15,60933.58,2.47871,1723334399999,151164.7413988,343,1.17781,71950.4202766,0.0
2024-08-11 00:00:00+00:00,60948.43,61370.77,60859.23,61103.65,3.30229,1723348799999,201645.0402689,549,2.10683,128634.8663352,0.0
2024-08-11 04:00:00+00:00,61101.28,61268.51,60871.52,61203.02,1.72307,1723363199999,105167.6050753,249,1.50766,92032.7714918,0.0
2024-08-11 08:00:00+00:00,61253.21,61782.35,60500.0,60699.84,3.43804,1723377599999,209385.8301324,729,1.10395,67807.4051416,0.0
2024-08-11 12:00:00+00:00,60624.4,60723.37,60000.0,60109.83,6.62214,1723391999999,398602.2333618,918,1.929,116256.6747931,0.0
2024-08-11 16:00:00+00:00,60130.59,60325.44,59584.15,59631.21,4.31997,1723406399999,259239.2036315,786,1.11383,66912.5941779,0.0
2024-08-11 20:00:00+00:00,59657.52,59657.52,58390.37,58765.99,14.97027,1723420799999,882509.518994,2179,4.89588,288654.357809,0.0
2024-08-12 00:00:00+00:00,58775.69,59076.45,58260.66,58499.79,5.50427,1723435199999,322875.0922663,800,3.53977,207837.2191183,0.0
2024-08-12 04:00:00+00:00,58562.27,58960.55,57867.96,58702.59,2.30821,1723449599999,134822.2916478,772,1.33913,78272.2790642,0.0
2024-08-12 08:00:00+00:00,58768.97,59943.01,58153.74,59897.31,4.67297,1723463999999,276860.1481177,1287,2.72685,161286.320799,0.0
2024-08-12 12:00:00+00:00,59874.0,60500.0,57695.54,60086.25,12.67924,1723478399999,752396.029893,2164,5.76631,343097.4686556,0.0
2024-08-12 16:00:00+00:00,60146.22,60358.53,58453.92,59058.43,4.67261,1723492799999,276852.6381919,1111,2.86687,169798.5695982,0.0
2024-08-12 20:00:00+00:00,58981.54,59700.0,58578.99,59305.49,1.99851,1723507199999,118229.1334334,880,1.32624,78556.7336228,0.0
2024-08-13 00:00:00+00:00,59405.26,59858.4,58891.58,59022.5,9.73217,1723521599999,577707.0247761,868,5.2651,313395.6353618,0.0
2024-08-13 04:00:00+00:00,59034.96,59442.05,58854.65,59192.73,1.8495,1723535999999,109321.6407397,352,1.32015,77991.7319528,0.0
2024-08-13 08:00:00+00:00,59200.08,59324.6,58447.75,58817.07,2.2673,1723550399999,133127.9447121,494,0.91825,53961.6537233,0.0
2024-08-13 12:00:00+00:00,58823.08,59740.55,58757.64,59365.07,8.80876,1723564799999,522611.830668,943,5.54711,329180.5070379,0.0
2024-08-13 16:00:00+00:00,59479.69,61450.0,59451.33,60853.94,14.19226,1723579199999,859690.9231572,2657,9.6605,584893.342304,0.0
2024-08-13 20:00:00+00:00,60848.73,61000.0,60400.0,60580.19,3.67612,1723593599999,223134.4032793,569,2.06252,125328.9712961,0.0
2024-08-14 00:00:00+00:00,60587.77,61083.34,60408.78,60930.98,7.56662,1723607999999,459525.8880448,998,6.23834,378939.5623548,0.0
2024-08-14 04:00:00+00:00,60935.0,61083.34,60644.11,60901.99,3.6799,1723622399999,223847.6492258,425,2.74622,167019.6288231,0.0
2024-08-14 08:00:00+00:00,60863.27,61370.77,60663.83,61264.17,1.54888,1723636799999,94483.0154259,349,1.06956,65245.6227707,0.0
2024-08-14 12:00:00+00:00,61264.17,61736.77,58854.65,59481.78,23.09882,1723651199999,1378303.7505753,2206,7.1456,428717.1565579,0.0
2024-08-14 16:00:00+00:00,59481.25,59481.25,58639.18,58943.11,6.58755,1723665599999,388844.9865901,930,2.19211,129539.3399619,0.0
2024-08-14 20:00:00+00:00,58950.55,59173.27,58467.73,58652.81,4.91828,1723679999999,289980.2634023,524,1.67314,98828.3704823,0.0
2024-08-15 00:00:00+00:00,58719.09,59016.83,58109.05,58471.68,4.85714,1723694399999,284664.925544,718,1.64859,96602.6460566,0.0
2024-08-15 04:00:00+00:00,58464.1,58606.57,57733.0,58048.88,5.78546,1723708799999,335727.8256373,614,2.8238,164107.8514942,0.0
2024-08-15 08:00:00+00:00,58072.55,58849.52,57964.2,58709.11,1.28777,1723723199999,75321.6028224,393,0.82949,48522.1647941,0.0
2024-08-15 12:00:00+00:00,58765.56,59756.4,58571.42,59664.86,4.00118,1723737599999,237124.9415155,1074,2.14265,127267.2776976,0.0
2024-08-15 16:00:00+00:00,59729.28,59815.56,56720.92,57109.05,15.80139,1723751999999,923516.4589675,2033,10.636,624052.0354062,0.0
2024-08-15 20:00:00+00:00,57096.45,57851.72,56125.52,57631.87,5.03106,1723766399999,286916.7719279,1328,2.04875,116897.2003756,0.0
2024-08-16 00:00:00+00:00,57646.33,58476.91,57209.13,57876.36,1.83538,1723780799999,106019.9264514,961,0.75853,43838.8592655,0.0
2024-08-16 04:00:00+00:00,57901.98,58585.65,57813.65,58477.71,6.49034,1723795199999,377784.6622267,657,5.19046,302106.1509168,0.0
2024-08-16 08:00:00+00:00,58491.75,58644.79,58196.1,58438.69,0.89665,1723809599999,52421.9478238,318,0.36097,21127.4212481,0.0
2024-08-16 12:00:00+00:00,58369.05,58799.53,57555.99,58063.95,17.1759,1723823999999,997181.6910492,1327,7.84599,457074.2968719,0.0
2024-08-16 16:00:00+00:00,58042.02,59788.86,57996.91,59676.8,6.59084,1723838399999,390239.8132126,1277,3.34788,198276.7450772,0.0
2024-08-16 20:00:00+00:00,59645.58,59700.33,58769.72,58915.04,5.70101,1723852799999,338289.5652984,632,0.97557,57671.7202756,0.0
2024-08-17 00:00:00+00:00,58915.96,59366.89,58799.53,59183.7,1.86679,1723867199999,110428.400297,491,0.82151,48626.83303,0.0
2024-08-17 04:00:00+00:00,59182.9,59272.92,59072.12,59203.0,0.44446,1723881599999,26302.7052918,237,0.17828,10552.8220728,0.0
2024-08-17 08:00:00+00:00,59238.25,59432.27,59054.53,59135.76,4.2943,1723895999999,254253.7654949,232,2.9904,177031.2945978,0.0
2024-08-17 12:00:00+00:00,59168.28,59624.4,59080.9,59319.51,9.86679,1723910399999,585225.7678849,613,3.08074,182925.6038838,0.0
2024-08-17 16:00:00+00:00,59397.08,59628.81,59318.93,59503.48,1.98612,1723924799999,118210.5578028,671,0.97922,58253.774456,0.0
2024-08-17 20:00:00+00:00,59503.22,59509.13,59168.72,59480.58,4.85118,1723939199999,287731.7734268,436,3.03681,180122.6666742,0.0
2024-08-18 00:00:00+00:00,59492.08,60209.18,59324.02,59327.08,6.54039,1723953599999,390407.8395143,1049,4.15499,248082.7631058,0.0
2024-08-18 04:00:00+00:00,59327.07,59680.89,59258.98,59562.69,6.67788,1723967999999,397020.1705197,488,2.20972,131412.0389998,0.0
2024-08-18 08:00:00+00:00,59518.39,60131.1,59447.84,59910.1,0.78014,1723982399999,46652.289146,307,0.4812,28804.6107216,0.0
2024-08-18 12:00:00+00:00,59930.61,60200.0,59695.45,59888.41,2.64561,1723996799999,158757.2502992,475,1.6688,100154.3815212,0.0
2024-08-18 16:00:00+00:00,59909.81,59951.35,59406.26,59669.41,1.20751,1724011199999,72120.2838203,532,0.65255,38921.511943,0.0
2024-08-18 20:00:00+00:00,59720.98,59834.02,58603.3,58720.08,11.30784,1724025599999,666940.7566046,934,3.19199,188606.5851693,0.0
2024-08-19 00:00:00+00:00,58698.78,58934.79,58357.8,58821.55,6.8349,1724039999999,400907.1123234,1021,3.42566,201049.3938994,0.0
2024-08-19 04:00:00+00:00,58895.38,58895.38,58531.4,58601.4,5.35319,1724054399999,314018.6873609,845,2.71779,159554.8905553,0.0
2024-08-19 08:00:00+00:00,58664.49,58738.69,58000.0,58387.35,3.5481,1724068799999,207377.8926886,775,0.918,53561.3561926,0.0
2024-08-19 12:00:00+00:00,58427.38,58942.28,58214.7,58778.21,4.27704,1724083199999,250798.4863085,907,2.22556,130521.2558234,0.0
2024-08-19 16:00:00+00:00,58658.67,59271.23,58465.7,59125.91,3.42677,1724097599999,201472.8822311,622,1.26947,74690.1305895,0.0
2024-08-19 20:00:00+00:00,59089.27,59579.18,58987.1,59479.09,2.1488,1724111999999,127165.52115,783,0.68726,40704.702018,0.0
2024-08-20 00:00:00+00:00,59500.89,60831.33,59376.91,60584.0,16.00912,1724126399999,966581.4336083,1478,11.71772,708130.9816842,0.0
2024-08-20 04:00:00+00:00,60600.0,61333.18,60556.13,60879.59,12.77516,1724140799999,778784.1063398,877,10.57288,644723.1742308,0.0
2024-08-20 08:00:00+00:00,60934.38,60951.89,60446.27,60544.35,1.51768,1724155199999,92179.4393268,375,0.62255,37814.8269282,0.0
2024-08-20 12:00:00+00:00,60513.97,60928.99,58732.65,58852.38,16.75812,1724169599999,998870.1976625,1542,4.22101,251732.0162971,0.0
2024-08-20 16:00:00+00:00,58852.38,59605.46,58600.0,59546.6,4.56803,1724183999999,269916.6258099,792,1.66572,98404.8330455,0.0
2024-08-20 20:00:00+00:00,59469.51,59686.95,59027.59,59170.25,1.77937,1724198399999,105719.3972009,782,0.94374,56066.0379861,0.0
2024-08-21 00:00:00+00:00,59169.84,59493.38,58956.0,59463.22,1.79785,1724212799999,106309.2132264,750,0.84533,50022.7820381,0.0
2024-08-21 04:00:00+00:00,59304.58,59711.45,59235.8,59688.98,1.37079,1724227199999,81578.7090595,389,0.54298,32333.588678,0.0
2024-08-21 08:00:00+00:00,59718.87,59888.0,59115.24,59368.59,0.9478,1724241599999,56373.3037931,461,0.33907,20115.517582,0.0
2024-08-21 12:00:00+00:00,59346.03,60172.33,58863.68,59557.7,8.14188,1724255999999,484704.73487,1041,3.14687,187553.3599571,0.0
2024-08-21 16:00:00+00:00,59527.27,61589.0,59397.9,61503.13,7.87346,1724270399999,477839.9404378,1453,3.18842,193458.2655478,0.0
2024-08-21 20:00:00+00:00,61595.83,61788.34,60859.0,61191.09,9.89828,1724284799999,606092.7749648,848,5.86591,359374.1348015,0.0
2024-08-22 00:00:00+00:00,61190.98,61216.4,59689.26,60503.8,6.68225,1724299199999,404446.2959876,919,4.47172,271213.4263945,0.0
2024-08-22 04:00:00+00:00,60503.89,61073.71,60460.64,61004.2,2.02914,1724313599999,123484.8739591,392,0.75311,45732.4229757,0.0
2024-08-22 08:00:00+00:00,61003.58,61363.38,60824.71,61350.0,0.66411,1724327999999,40645.8235801,284,0.45538,27881.6806118,0.0
2024-08-22 12:00:00+00:00,61298.53,61344.6,60128.48,60389.55,3.64251,1724342399999,220966.8607881,779,1.53742,93209.1296856,0.0
2024-08-22 16:00:00+00:00,60357.55,60580.56,60147.6,60311.26,1.80164,1724356799999,108737.8315542,391,1.04666,63139.045148,0.0
2024-08-22 20:00:00+00:00,60332.49,60703.29,60280.93,60421.65,0.99781,1724371199999,60362.795525,297,0.26547,16064.8941531,0.0
2024-08-23 00:00:00+00:00,60421.06,60927.24,60392.57,60636.52,1.44273,1724385599999,87689.4314786,426,1.04029,63216.9898294,0.0
2024-08-23 04:00:00+00:00,60587.77,61333.0,60587.77,61114.09,3.26054,1724399999999,198663.8814042,385,1.91341,116552.3849381,0.0
2024-08-23 08:00:00+00:00,61138.83,61327.11,60711.11,60768.48,0.78336,1724414399999,47820.6564335,238,0.53036,32375.2030342,0.0
2024-08-23 12:00:00+00:00,60728.14,62269.5,60728.14,61514.45,10.37821,1724428799999,638599.0127341,1438,8.25613,508071.1808365,0.0
2024-08-23 16:00:00+00:00,61502.18,63710.16,61418.27,63571.41,16.31727,1724443199999,1023014.0088672,2216,11.1528,699414.347377,0.0
2024-08-23 20:00:00+00:00,63679.79,64900.0,63504.8,64020.9,13.58532,1724457599999,871602.9442967,1683,8.75388,561587.0072013,0.0
2024-08-24 00:00:00+00:00,64012.9,64181.99,63656.9,63841.09,5.45449,1724471999999,348241.8264675,430,3.33343,212827.9262516,0.0
2024-08-24 04:00:00+00:00,63773.82,64280.0,63773.82,64280.0,3.01342,1724486399999,192796.058451,321,0.4714,30205.2229206,0.0
2024-08-24 08:00:00+00:00,64190.32,64453.27,63929.74,63965.57,0.77226,1724500799999,49620.2057922,247,0.50253,32319.5824621,0.0
2024-08-24 12:00:00+00:00,63965.21,64241.04,63931.62,64013.55,2.78215,1724515199999,178402.1551831,393,1.62131,104014.2399739,0.0
2024-08-24 16:00:00+00:00,64013.14,64435.19,63956.0,64217.6,5.29144,1724529599999,339713.3321143,604,3.68402,236587.0520003,0.0
2024-08-24 20:00:00+00:00,64269.94,64335.95,63577.35,64114.27,2.46044,1724543999999,157172.2458455,537,0.86819,55425.3183799,0.0
2024-08-25 00:00:00+00:00,64117.6,64483.97,64003.34,64097.69,2.3065,1724558399999,148115.6122684,561,1.64061,105369.0571874,0.0
2024-08-25 04:00:00+00:00,64097.69,64197.76,63757.54,63893.83,0.62212,1724572799999,39805.9463657,429,0.18845,12068.210614,0.0
2024-08-25 08:00:00+00:00,63891.62,64025.11,63781.11,63900.38,0.75288,1724587199999,48097.8440984,170,0.39341,25129.9912672,0.0
2024-08-25 12:00:00+00:00,63899.74,64240.0,63798.5,64151.75,0.96495,1724601599999,61762.2367453,248,0.7914,50644.5068762,0.0
2024-08-25 16:00:00+00:00,64151.65,64217.55,63966.64,64171.95,1.63381,1724615999999,104650.2221976,373,1.26044,80736.4699188,0.0
2024-08-25 20:00:00+00:00,64109.67,64995.32,64100.53,64250.24,3.00054,1724630399999,193620.6881617,766,2.08768,134684.2750247,0.0
2024-08-26 00:00:00+00:00,64264.6,64400.0,63840.81,64074.61,3.01122,1724644799999,192809.8821905,616,0.80698,51765.763435,0.0
2024-08-26 04:00:00+00:00,64121.23,64187.62,63610.79,63699.29,2.90563,1724659199999,185523.1788249,524,2.23577,142742.423338,0.0
2024-08-26 08:00:00+00:00,63699.2,64043.74,63299.73,63856.42,3.42164,1724673599999,217668.6491521,461,1.66119,105848.1575787,0.0
2024-08-26 12:00:00+00:00,63856.43,63970.49,63049.53,63500.94,3.16327,1724687999999,200376.1015317,687,0.67079,42588.8684283,0.0
2024-08-26 16:00:00+00:00,63483.18,63836.74,63169.43,63353.91,2.82634,1724702399999,179497.661678,525,1.28444,81595.7077444,0.0
2024-08-26 20:00:00+00:00,63353.89,63580.5,62836.95,62840.29,2.89231,1724716799999,182206.1850673,588,0.50005,31591.3774677,0.0
2024-08-27 00:00:00+00:00,62840.29,63216.0,62683.3,62928.99,5.29589,1724731199999,333252.687145,620,3.37295,212100.2270918,0.0
2024-08-27 04:00:00+00:00,62939.83,63128.3,62743.01,62831.35,1.69339,1724745599999,106477.9581888,270,0.9311,58566.5737759,0.0
2024-08-27 08:00:00+00:00,62831.45,62943.99,62246.61,62357.36,2.84659,1724759999999,177902.1821736,569,1.07165,66848.2689267,0.0
2024-08-27 12:00:00+00:00,62367.37,62462.3,61503.37,61688.8,7.4474,1724774399999,461949.6472885,997,2.74304,170164.0359857,0.0
2024-08-27 16:00:00+00:00,61635.88,62162.76,61561.45,62079.47,6.54437,1724788799999,405084.3613689,571,3.8434,238153.0126652,0.0
2024-08-27 20:00:00+00:00,62053.64,62105.13,58300.0,59558.1,16.84886,1724803199999,1006458.5536809,2774,5.89297,350737.727997,0.0
2024-08-28 00:00:00+00:00,59527.27,59731.21,58979.12,59665.62,6.28954,1724817599999,374193.0071931,926,2.18235,130032.5507367,0.0
2024-08-28 04:00:00+00:00,59658.06,59731.21,58720.0,58720.0,2.02051,1724831999999,119423.8149708,692,0.25335,15007.3542993,0.0
2024-08-28 08:00:00+00:00,58720.0,60200.0,58600.0,60058.35,3.42961,1724846399999,204414.2780075,886,0.80086,47627.5187826,0.0
2024-08-28 12:00:00+00:00,60021.78,60229.52,58494.45,58983.33,4.41158,1724860799999,261591.9217706,1251,2.28044,135014.451291,0.0
2024-08-28 16:00:00+00:00,58964.61,59794.65,57974.92,58942.94,10.06189,1724875199999,588655.4931195,1502,3.23159,189874.4467105,0.0
2024-08-28 20:00:00+00:00,58953.14,59585.45,58668.08,59083.32,2.33519,1724889599999,138071.583359,714,1.47133,86997.7118817,0.0
2024-08-29 00:00:00+00:00,59082.82,59285.65,58915.32,59140.27,0.96488,1724903999999,57019.2428571,439,0.78051,46134.3958071,0.0
2024-08-29 04:00:00+00:00,59149.5,59738.1,59074.38,59619.43,0.77165,1724918399999,45902.2246104,341,0.50135,29854.809786,0.0
2024-08-29 08:00:00+00:00,59556.93,60447.36,59433.47,60125.8,1.55703,1724932799999,93238.8987818,555,1.15753,69307.6955191,0.0
2024-08-29 12:00:00+00:00,60121.1,61141.79,60036.73,60811.93,6.59072,1724947199999,400970.4317673,943,4.42873,269876.8454935,0.0
2024-08-29 16:00:00+00:00,60814.59,60941.64,58915.32,59224.48,7.36841,1724961599999,440572.8066723,1277,2.05829,122310.4701972,0.0
2024-08-29 20:00:00+00:00,59271.41,59614.7,58748.88,59365.65,5.27042,1724975999999,313175.9270078,682,4.25461,253050.8433063,0.0
2024-08-30 00:00:00+00:00,59365.62,59416.8,58910.53,59030.59,3.83303,1724990399999,226798.0741044,636,2.98329,176570.0264608,0.0
2024-08-30 04:00:00+00:00,59011.53,59538.99,58699.81,59247.49,2.51519,1725004799999,148294.1713912,468,0.99566,58808.4033458,0.0
2024-08-30 08:00:00+00:00,59283.99,59654.75,59268.11,59416.49,1.88861,1725019199999,112546.1679402,321,1.18816,70814.4449544,0.0
2024-08-30 12:00:00+00:00,59405.42,59894.76,57974.92,58121.9,7.93344,1725033599999,467656.1286446,1658,2.61057,154481.1586379,0.0
2024-08-30 16:00:00+00:00,58121.86,59346.3,57700.01,58724.11,9.45531,1725047999999,550774.6697653,1013,6.05113,352424.4345309,0.0
2024-08-30 20:00:00+00:00,58753.15,59268.55,58753.09,59093.75,1.65976,1725062399999,98120.0202687,412,0.94077,55630.4627247,0.0
2024-08-31 00:00:00+00:00,59138.38,59455.2,59073.03,59258.08,1.74635,1725076799999,103520.5921264,362,1.14935,68155.2818148,0.0
2024-08-31 04:00:00+00:00,59257.97,59364.93,59077.81,59147.23,0.48426,1725091199999,28688.1463578,197,0.20103,11917.6929167,0.0
2024-08-31 08:00:00+00:00,59072.24,59163.29,58809.2,59087.16,0.81701,1725105599999,48271.8710346,237,0.26872,15886.2924745,0.0
2024-08-31 12:00:00+00:00,59087.16,59230.07,58919.25,59027.59,1.24965,1725119999999,73857.7880913,376,0.43351,25616.270602,0.0
2024-08-31 16:00:00+00:00,59031.47,59123.45,58761.61,58816.77,1.63795,1725134399999,96547.6062885,380,1.01006,59561.8871236,0.0
2024-08-31 20:00:00+00:00,58868.43,59131.18,58800.0,58975.29,1.84519,1725148799999,108601.7561885,265,0.29829,17593.4034081,0.0
2024-09-01 00:00:00+00:00,58975.27,59032.07,58295.07,58546.3,4.62362,1725163199999,271409.498124,547,0.8387,49150.997308,0.0
2024-09-01 04:00:00+00:00,58545.41,58586.2,57800.0,58432.1,2.09382,1725177599999,121692.799744,521,0.50359,29346.5387031,0.0
2024-09-01 08:00:00+00:00,58434.35,58448.54,57856.65,58214.7,0.85556,1725191999999,49821.1625175,255,0.57515,33536.2090492,0.0
2024-09-01 12:00:00+00:00,58193.22,58330.6,57400.0,58196.38,6.38287,1725206399999,368821.9147514,864,0.71641,41529.4501415,0.0
2024-09-01 16:00:00+00:00,58240.7,58771.19,57881.16,58506.39,0.91108,1725220799999,53135.0713114,500,0.46578,27175.3216759,0.0
2024-09-01 20:00:00+00:00,58512.71,58634.0,57250.0,57362.31,2.77968,1725235199999,160664.8578938,882,0.5423,31388.9335094,0.0
2024-09-02 00:00:00+00:00,57410.3,57723.95,57300.0,57679.41,5.09582,1725249599999,293349.1782762,482,2.90757,167372.8347912,0.0
2024-09-02 04:00:00+00:00,57681.74,57933.82,57382.93,57556.68,0.88924,1725263999999,51212.6229586,358,0.48256,27809.6005984,0.0
2024-09-02 08:00:00+00:00,57579.25,58628.46,57512.8,58435.34,5.84277,1725278399999,341589.0506348,613,5.48408,320683.8950263,0.0
2024-09-02 12:00:00+00:00,58468.62,58777.16,58119.36,58601.44,1.21156,1725292799999,70768.9576928,473,0.46553,27239.5964167,0.0
2024-09-02 16:00:00+00:00,58524.33,58641.43,58321.52,58458.99,1.68886,1725307199999,98780.1835233,437,0.64831,37924.7120441,0.0
2024-09-02 20:00:00+00:00,58470.83,59362.82,58387.38,59137.23,4.84516,1725321599999,285604.259227,835,3.01361,177803.7323635,0.0
2024-09-03 00:00:00+00:00,59137.23,59767.94,59030.99,59088.21,2.97671,1725335999999,176508.7781416,751,1.46829,87199.5183479,0.0
2024-09-03 04:00:00+00:00,59154.68,59251.39,58889.25,59048.51,0.47182,1725350399999,27860.9006071,296,0.25987,15345.4043459,0.0
2024-09-03 08:00:00+00:00,59073.5,59144.44,58711.39,58987.0,4.27334,1725364799999,252074.436143,389,3.53138,208333.0369895,0.0
2024-09-03 12:00:00+00:00,59099.0,59327.59,57579.28,57720.75,6.85303,1725379199999,397932.2028366,1047,4.12533,239044.4476031,0.0
2024-09-03 16:00:00+00:00,57773.47,58219.77,57620.59,58091.93,2.60286,1725393599999,150698.5154689,521,0.52087,30130.5006358,0.0
2024-09-03 20:00:00+00:00,58046.41,58249.98,57500.0,57500.0,3.60293,1725407999999,207633.527143,470,0.30873,17899.4836728,0.0
2024-09-04 00:00:00+00:00,57540.0,57964.29,55900.1,56702.02,20.07638,1725422399999,1139912.1707111,1885,4.12949,233623.6445936,0.0
2024-09-04 04:00:00+00:00,56692.67,56899.99,56250.0,56740.21,1.69392,1725436799999,95866.1883449,675,1.29008,73048.7366547,0.0
2024-09-04 08:00:00+00:00,56763.0,56893.34,56442.62,56671.39,0.85276,1725451199999,48314.5262068,384,0.42715,24221.6765431,0.0
2024-09-04 12:00:00+00:00,56671.39,58140.8,56315.84,58079.13,5.33238,1725465599999,303571.2753672,1269,3.86006,219609.4153929,0.0
2024-09-04 16:00:00+00:00,58146.35,58521.24,57652.39,58013.77,2.16727,1725479999999,125894.4569131,803,1.20197,69725.3347517,0.0
2024-09-04 20:00:00+00:00,58058.09,58343.88,57880.67,57949.95,3.91096,1725494399999,227036.0081119,597,2.16622,125786.2699026,0.0
2024-09-05 00:00:00+00:00,57950.0,58251.17,56889.78,57070.84,2.63922,1725508799999,152525.8972261,1009,1.77333,102714.7794983,0.0
2024-09-05 04:00:00+00:00,57123.83,57301.79,56550.59,57185.1,1.11965,1725523199999,63801.2275289,431,0.44131,25166.0467889,0.0
2024-09-05 08:00:00+00:00,57134.44,57212.76,56653.5,56754.47,3.86048,1725537599999,219149.5755575,285,2.90946,165138.9846053,0.0
2024-09-05 12:00:00+00:00,56762.49,57239.45,56000.0,56000.0,4.30508,1725551999999,243110.5625014,1352,1.53146,86601.1153837,0.0
2024-09-05 16:00:00+00:00,56058.76,56683.31,55874.17,56090.32,4.40767,1725566399999,248146.555531,753,1.24626,70257.1761944,0.0
2024-09-05 20:00:00+00:00,56209.41,56310.63,55800.0,56144.58,1.72093,1725580799999,96508.2313224,479,0.73813,41417.8892057,0.0
2024-09-06 00:00:00+00:00,56205.32,56843.82,55832.3,56616.69,7.30247,1725595199999,410557.0573094,629,2.72433,153530.9051232,0.0
2024-09-06 04:00:00+00:00,56581.97,56719.84,55315.48,55784.12,2.90501,1725609599999,162071.4356934,638,1.22653,68606.4580689,0.0
2024-09-06 08:00:00+00:00,55784.12,56245.53,55686.1,55992.44,1.20422,1725623999999,67242.4109557,304,0.7316,40871.6579538,0.0
2024-09-06 12:00:00+00:00,56032.69,56956.38,54012.0,54111.71,18.36605,1725638399999,1017771.3395522,2112,7.19214,396318.4132591,0.0
2024-09-06 16:00:00+00:00,54078.87,54396.8,53305.47,53553.21,10.92865,1725652799999,588807.9871886,1343,5.92153,319400.8325906,0.0
2024-09-06 20:00:00+00:00,53567.88,55500.0,52635.18,53944.13,22.07105,1725667199999,1180850.9994779,1982,9.86247,529765.9596717,0.0
2024-09-07 00:00:00+00:00,53985.43,54070.38,53791.6,53918.3,1.75739,1725681599999,94840.9062096,426,1.0595,57218.6987209,0.0
2024-09-07 04:00:00+00:00,53942.33,54619.11,53855.31,54484.1,9.94733,1725695999999,541429.8821631,1456,7.45111,405773.9931541,0.0
2024-09-07 08:00:00+00:00,54484.1,54665.22,54317.6,54515.8,5.33883,1725710399999,290907.716888,751,1.50309,82002.4362829,0.0
2024-09-07 12:00:00+00:00,54556.39,54848.89,54517.3,54811.29,3.19219,1725724799999,174713.7766561,505,1.80215,98660.6405648,0.0
2024-09-07 16:00:00+00:00,54767.57,54815.81,54028.8,54405.41,2.23562,1725739199999,121695.5610428,569,1.55894,84881.2960685,0.0
2024-09-07 20:00:00+00:00,54409.89,54456.7,53823.84,54137.87,3.52694,1725753599999,190447.6782885,558,3.00144,162044.621098,0.0
2024-09-08 00:00:00+00:00,54171.5,54472.0,53996.74,54354.17,2.53299,1725767999999,137404.6472874,537,0.73727,40025.4404536,0.0
2024-09-08 04:00:00+00:00,54405.78,54527.67,54295.1,54458.6,0.77264,1725782399999,42078.9805217,292,0.55198,30066.5726173,0.0
2024-09-08 08:00:00+00:00,54458.6,54688.98,54337.4,54574.91,0.84388,1725796799999,46016.6073314,226,0.68548,37381.3306566,0.0
2024-09-08 12:00:00+00:00,54574.11,54574.11,53675.24,53698.08,1.9562,1725811199999,105400.8634274,510,0.62424,33640.9453045,0.0
2024-09-08 16:00:00+00:00,53709.87,54450.0,53648.37,54333.31,5.03512,1725825599999,273283.3068091,637,4.24408,230333.11304,0.0
2024-09-08 20:00:00+00:00,54300.0,55250.0,54198.99,54810.82,8.67127,1725839999999,474285.9212615,1134,4.30978,236096.5565264,0.0
2024-09-09 00:00:00+00:00,54877.2,55315.47,54692.78,55155.36,2.91345,1725854399999,160406.6631889,775,1.15381,63530.820833,0.0
2024-09-09 04:00:00+00:00,55094.34,55154.42,54601.32,54924.05,2.5134,1725868799999,137680.9628354,392,1.3364,73249.3225685,0.0
2024-09-09 08:00:00+00:00,54889.31,55432.58,54889.31,55241.85,1.07032,1725883199999,59153.893181,384,0.78615,43457.3445972,0.0
2024-09-09 12:00:00+00:00,55198.45,55699.9,54834.59,55423.17,3.33768,1725897599999,184340.0942679,1259,2.14226,118327.6327641,0.0
2024-09-09 16:00:00+00:00,55367.01,57157.98,55332.33,57112.85,15.23156,1725911999999,859969.607956,1596,5.65711,319745.6204919,0.0
2024-09-09 20:00:00+00:00,57135.03,58000.0,56811.71,57036.68,8.59291,1725926399999,493268.9690866,1402,5.3029,304757.0044281,0.0
2024-09-10 00:00:00+00:00,57007.79,57015.87,56527.81,56571.04,2.36333,1725940799999,134191.8489566,1011,1.57011,89152.8624548,0.0
2024-09-10 04:00:00+00:00,56570.49,57179.25,56425.6,57046.71,1.58865,1725955199999,90262.4709213,364,1.40557,79882.5091061,0.0
2024-09-10 08:00:00+00:00,57177.8,57257.8,56933.5,57200.0,1.04647,1725969599999,59790.2066257,288,0.66779,38188.2749987,0.0
2024-09-10 12:00:00+00:00,57132.07,57285.74,56547.53,56653.67,5.06382,1725983999999,288633.4976358,846,3.23218,184558.2124089,0.0
2024-09-10 16:00:00+00:00,56660.4,57872.53,56558.81,57872.53,2.2432,1725998399999,128869.3742927,789,1.51904,87380.3069037,0.0
2024-09-10 20:00:00+00:00,57872.53,57881.16,57431.0,57668.97,1.1572,1726012799999,66733.0351227,529,0.82684,47705.2432491,0.0
2024-09-11 00:00:00+00:00,57596.22,57701.07,56675.73,56765.56,3.05088,1726027199999,174220.8094076,773,1.12712,64365.5952891,0.0
2024-09-11 04:00:00+00:00,56792.84,56792.84,56081.19,56698.44,2.87231,1726041599999,162194.1583864,575,1.16674,65882.490277,0.0
2024-09-11 08:00:00+00:00,56670.83,56790.9,56358.91,56723.3,0.3772,1726055999999,21326.8151151,252,0.16462,9310.4481499,0.0
2024-09-11 12:00:00+00:00,56701.41,57084.7,55661.03,56616.5,7.18937,1726070399999,403732.7028196,1169,1.25652,70773.5508155,0.0
2024-09-11 16:00:00+00:00,56735.36,57949.44,56669.95,57582.13,11.11994,1726084799999,638801.2794614,1143,7.62347,438415.8245696,0.0
2024-09-11 20:00:00+00:00,57582.13,57638.08,57261.67,57497.95,6.03897,1726099199999,347189.0494964,351,4.10627,236020.3442993,0.0
2024-09-12 00:00:00+00:00,57497.88,58445.58,57400.57,58205.63,12.06002,1726113599999,699905.0223593,1011,7.10333,412786.1744966,0.0
2024-09-12 04:00:00+00:00,58281.33,58428.21,57907.62,58117.31,2.65543,1726127999999,154364.046763,369,1.20178,69884.2152482,0.0
2024-09-12 08:00:00+00:00,58119.49,58328.32,57911.75,58086.18,0.41265,1726142399999,23973.9558471,222,0.23091,13423.107158,0.0
2024-09-12 12:00:00+00:00,58152.31,58445.0,57432.38,57594.47,11.25639,1726156799999,650171.214033,1390,3.97028,230200.323826,0.0
2024-09-12 16:00:00+00:00,57612.07,58428.23,57579.17,58355.08,4.82438,1726171199999,281085.307196,759,4.31823,251672.2169633,0.0
2024-09-12 20:00:00+00:00,58341.27,58341.28,57688.8,58067.31,2.52001,1726185599999,146308.1728705,661,1.8875,109661.7044803,0.0
2024-09-13 00:00:00+00:00,58067.31,58207.49,57849.48,57849.48,1.00173,1726199999999,58093.9119045,310,0.24077,13973.5707485,0.0
2024-09-13 04:00:00+00:00,57917.37,58074.09,57763.69,58074.09,0.21759,1726214399999,12593.8093444,182,0.08141,4715.3841099,0.0
2024-09-13 08:00:00+00:00,58053.45,58340.52,57849.48,57905.18,2.46468,1726228799999,143096.4289944,317,0.1924,11190.2907555,0.0
2024-09-13 12:00:00+00:00,57905.06,59580.0,57636.86,59580.0,9.77328,1726243199999,573255.1340222,1765,7.43514,436136.2098884,0.0
2024-09-13 16:00:00+00:00,59580.0,59937.39,59305.0,59743.25,5.13279,1726257599999,306426.8395262,947,3.24204,193606.7633793,0.0
2024-09-13 20:00:00+00:00,59663.62,60500.01,59607.51,60433.9,5.20414,1726271999999,313434.6790231,1327,3.63334,218828.7382441,0.0
2024-09-14 00:00:00+00:00,60442.97,60489.0,60249.7,60249.7,2.3116,1726286399999,139559.9716153,678,1.55648,93978.4972912,0.0
2024-09-14 04:00:00+00:00,60297.79,60297.79,59914.31,60028.99,1.69432,1726300799999,101662.3922129,339,1.40627,84370.1742145,0.0
2024-09-14 08:00:00+00:00,59957.1,60028.46,59607.4,59721.97,1.06756,1726315199999,63886.3247775,459,0.75483,45214.1102786,0.0
2024-09-14 12:00:00+00:00,59721.64,60000.0,59640.41,59848.49,1.48765,1726329599999,89126.4935914,249,1.37066,82126.407774,0.0
2024-09-14 16:00:00+00:00,59825.23,59997.95,59412.0,59809.11,4.52161,1726343999999,270351.8863513,454,1.57942,94676.0788503,0.0
2024-09-14 20:00:00+00:00,59859.56,60081.77,59779.31,59999.97,2.78899,1726358399999,167292.1867795,382,2.15274,129141.2955941,0.0
2024-09-15 00:00:00+00:00,59951.11,60229.47,59894.4,60122.23,3.50902,1726372799999,210610.6350068,379,1.79995,108105.8841428,0.0
2024-09-15 04:00:00+00:00,60109.39,60178.84,59944.69,60024.01,2.75004,1726387199999,165152.9442581,492,1.34507,80775.71606,0.0
2024-09-15 08:00:00+00:00,60009.41,60067.55,59863.9,59943.79,1.08494,1726401599999,65034.1847428,463,0.95082,56999.4712626,0.0
2024-09-15 12:00:00+00:00,59925.49,60217.55,59800.41,60139.32,7.47153,1726415999999,448872.1202558,917,6.97352,419011.4330777,0.0
2024-09-15 16:00:00+00:00,60146.4,60189.5,59629.68,59791.58,2.10038,1726430399999,125671.586768,1330,1.51632,90769.708812,0.0
2024-09-15 20:00:00+00:00,59791.58,59815.79,58690.41,59114.86,8.67977,1726444799999,513112.4711767,995,2.34308,139028.7468281,0.0
2024-09-16 00:00:00+00:00,59082.3,59157.89,58197.54,58535.77,12.37597,1726459199999,724773.6364938,880,4.04979,237357.8214269,0.0
2024-09-16 04:00:00+00:00,58563.2,58992.36,58307.07,58925.38,0.53499,1726473599999,31374.2429994,279,0.28483,16728.0999452,0.0
2024-09-16 08:00:00+00:00,58931.49,59119.01,58533.67,58631.37,0.36545,1726487999999,21496.5476129,237,0.15409,9062.0268886,0.0
2024-09-16 12:00:00+00:00,58626.88,58781.9,57613.12,57924.21,3.46146,1726502399999,200547.0282864,687,1.41678,82118.1805105,0.0
2024-09-16 16:00:00+00:00,57874.69,58294.2,57504.72,57900.21,4.2562,1726516799999,246659.0130059,578,2.06726,120051.8258568,0.0
2024-09-16 20:00:00+00:00,57927.11,58433.64,57745.87,58274.77,2.792,1726531199999,162149.8320121,469,1.28606,74867.6001232,0.0
2024-09-17 00:00:00+00:00,58260.63,58324.93,57700.0,58043.42,1.78016,1726545599999,103108.3715944,426,0.20097,11659.1488295,0.0
2024-09-17 04:00:00+00:00,58099.12,58750.1,58058.12,58668.53,0.70536,1726559999999,41223.0303568,335,0.41502,24240.5560347,0.0
2024-09-17 08:00:00+00:00,58668.54,59268.41,58644.21,59101.71,0.89398,1726574399999,52792.1520942,428,0.32694,19301.8241755,0.0
2024-09-17 12:00:00+00:00,59167.65,61235.36,58900.0,61052.17,21.99744,1726588799999,1331759.3865107,2359,16.80963,1018203.5252649,0.0
2024-09-17 16:00:00+00:00,61117.87,61193.1,59650.34,59914.06,14.97856,1726603199999,908628.5703423,1925,9.0732,550383.9219904,0.0
2024-09-17 20:00:00+00:00,60016.32,60373.06,59782.49,60223.65,2.32844,1726617599999,140083.1267699,421,1.13269,68184.3909915,0.0
2024-09-18 00:00:00+00:00,60230.18,60712.15,59890.41,60562.95,3.80116,1726631999999,229207.3538325,459,1.52644,91942.8520661,0.0
2024-09-18 04:00:00+00:00,60516.52,60661.37,60182.22,60367.7,2.9313,1726646399999,176681.4188369,474,1.86926,112659.7711499,0.0
2024-09-18 08:00:00+00:00,60321.25,60321.25,59586.0,60035.93,8.93285,1726660799999,534958.9548254,581,1.18017,70914.4365448,0.0
2024-09-18 12:00:00+00:00,59990.0,60150.0,59385.21,59485.69,4.56959,1726675199999,272971.0175146,646,1.2427,73966.4978437,0.0
2024-09-18 16:00:00+00:00,59383.0,61235.0,59346.61,60071.13,12.32884,1726689599999,746408.8757283,1824,7.74262,469577.1709023,0.0
2024-09-18 20:00:00+00:00,60045.66,61600.0,59516.58,61480.81,6.97547,1726703999999,424928.7440023,1226,4.36091,266100.9232394,0.0
2024-09-19 00:00:00+00:00,61480.86,62318.13,61480.83,62079.3,18.92388,1726718399999,1173005.0481027,2047,15.75983,977179.2525114,0.0
2024-09-19 04:00:00+00:00,62093.7,62115.72,61824.25,62115.52,5.21837,1726732799999,323536.9586873,294,3.95475,245167.4481801,0.0
2024-09-19 08:00:00+00:00,62115.42,62660.64,61887.3,62546.95,7.98063,1726747199999,497382.3300695,860,4.10143,255716.6088377,0.0
2024-09-19 12:00:00+00:00,62546.96,63312.18,62374.48,63120.19,9.89298,1726761599999,622845.2511108,1421,5.35153,336981.7810179,0.0
2024-09-19 16:00:00+00:00,63042.76,63828.39,62990.52,63266.01,4.56703,1726775999999,289755.6089259,1089,2.55368,162061.6163901,0.0
2024-09-19 20:00:00+00:00,63265.72,63265.72,62677.4,62852.8,6.53617,1726790399999,411241.7096205,1207,4.97303,312850.7204707,0.0
2024-09-20 00:00:00+00:00,62855.79,63664.15,62621.0,63664.15,6.17176,1726804799999,388857.4502845,731,4.725,297404.5970228,0.0
2024-09-20 04:00:00+00:00,63679.11,64077.58,63438.2,63541.91,13.19591,1726819199999,841841.0945922,845,8.90164,567910.7957238,0.0
2024-09-20 08:00:00+00:00,63567.83,63642.26,63141.57,63448.14,2.19946,1726833599999,139610.2957671,332,1.41359,89858.4359137,0.0
2024-09-20 12:00:00+00:00,63451.43,63546.76,62578.83,63099.11,4.68898,1726847999999,295465.8227615,926,2.85927,180249.1428956,0.0
2024-09-20 16:00:00+00:00,63120.9,63157.23,62371.32,62812.81,3.96288,1726862399999,248617.1022718,580,1.9851,124652.7432901,0.0
2024-09-20 20:00:00+00:00,62819.19,63228.7,62688.8,63163.2,1.73868,1726876799999,109628.7554429,422,0.88045,55530.3376265,0.0
2024-09-21 00:00:00+00:00,63163.2,63275.0,62812.27,62930.33,2.66412,1726891199999,167841.0595228,408,1.70207,107288.4678344,0.0
2024-09-21 04:00:00+00:00,62891.66,63119.97,62744.21,63118.13,0.6292,1726905599999,39596.8847218,289,0.37694,23738.2368152,0.0
2024-09-21 08:00:00+00:00,63120.0,63120.0,62946.61,63086.68,1.20303,1726919999999,75766.1589028,95,0.1162,7326.2761404,0.0
2024-09-21 12:00:00+00:00,63020.19,63300.0,62986.98,63150.21,1.48037,1726934399999,93487.7397514,331,0.62918,39707.7556968,0.0
2024-09-21 16:00:00+00:00,63150.26,63404.77,63078.97,63219.67,1.09657,1726948799999,69278.6013917,344,0.82551,52143.4112975,0.0
2024-09-21 20:00:00+00:00,63219.66,63500.0,63022.13,63410.39,2.66045,1726963199999,168128.0796623,377,1.50108,94956.3205143,0.0
2024-09-22 00:00:00+00:00,63355.57,63481.78,62836.96,63089.25,3.04248,1726977599999,191806.6513981,363,1.30375,82250.2698727,0.0
2024-09-22 04:00:00+00:00,63035.01,63205.21,62845.13,62912.41,0.71565,1726991999999,45077.7646859,201,0.39139,24672.1342105,0.0
2024-09-22 08:00:00+00:00,62961.31,63016.07,62574.37,62743.12,1.97171,1727006399999,123655.7720135,257,1.71587,107596.7763359,0.0
2024-09-22 12:00:00+00:00,62743.12,62845.13,62475.0,62584.44,5.05609,1727020799999,316413.9734559,740,3.99944,250295.5890874,0.0
2024-09-22 16:00:00+00:00,62554.64,63138.34,62475.0,63045.35,4.62256,1727035199999,290640.9948383,895,4.39673,276469.0112615,0.0
2024-09-22 20:00:00+00:00,63045.36,63864.64,62397.92,63599.71,3.36573,1727049599999,213179.0965023,1018,1.36627,86544.3558594,0.0
2024-09-23 00:00:00+00:00,63600.0,64691.96,62617.72,64305.53,12.7416,1727063999999,816283.3786145,1557,9.1984,589280.0545598,0.0
2024-09-23 04:00:00+00:00,64377.99,64467.59,63412.9,63490.39,5.62384,1727078399999,358411.2605533,537,3.14718,200543.5546107,0.0
2024-09-23 08:00:00+00:00,63575.49,63663.03,63303.81,63451.99,0.78961,1727092799999,50159.4345576,207,0.18524,11772.0047318,0.0
2024-09-23 12:00:00+00:00,63451.84,63760.24,63085.1,63721.49,3.4931,1727107199999,221177.0180561,650,0.76404,48465.5957943,0.0
2024-09-23 16:00:00+00:00,63685.3,63760.24,63124.48,63374.99,2.53693,1727121599999,160785.0311076,515,1.43092,90620.0751018,0.0
2024-09-23 20:00:00+00:00,63314.58,63483.17,63183.05,63300.53,1.56014,1727135999999,98791.8032377,324,0.57102,36161.1404042,0.0
2024-09-24 00:00:00+00:00,63311.77,63412.14,62755.2,63103.96,3.02498,1727150399999,190519.1330796,489,1.26573,79710.5435644,0.0
2024-09-24 04:00:00+00:00,63141.5,63516.31,62928.61,63484.16,0.72753,1727164799999,46036.8224654,294,0.49915,31600.6991323,0.0
2024-09-24 08:00:00+00:00,63548.45,63904.0,63438.2,63519.31,3.04238,1727179199999,193364.6784163,367,0.68508,43549.9043577,0.0
2024-09-24 12:00:00+00:00,63519.71,63783.3,62630.6,63176.33,3.46781,1727193599999,218948.7434677,544,1.54398,97696.3235709,0.0
2024-09-24 16:00:00+00:00,63187.02,64348.71,63039.17,64225.69,10.8308,1727207999999,690994.1241384,779,3.62722,231344.5644569,0.0
2024-09-24 20:00:00+00:00,64322.53,64631.67,63990.99,64257.06,6.47761,1727222399999,416585.5599612,771,4.03047,259353.6177986,0.0
2024-09-25 00:00:00+00:00,64287.82,64759.28,64003.34,64385.15,2.41174,1727236799999,155168.4760637,475,1.68625,108502.1111362,0.0
2024-09-25 04:00:00+00:00,64488.55,64488.55,63679.3,63802.52,1.69422,1727251199999,108573.6635471,372,0.63395,40636.4245964,0.0
2024-09-25 08:00:00+00:00,63801.77,63915.54,63513.7,63789.1,1.65236,1727265599999,105239.64581,299,0.52521,33498.3279063,0.0
2024-09-25 12:00:00+00:00,63789.29,63967.12,63348.41,63533.16,2.43414,1727279999999,155071.8788257,423,0.5626,35855.9895439,0.0
2024-09-25 16:00:00+00:00,63532.99,63650.39,63033.77,63155.0,4.06402,1727294399999,257265.1026473,648,1.08938,68960.2118904,0.0
2024-09-25 20:00:00+00:00,63187.6,63539.71,62950.77,63154.6,2.81706,1727308799999,177958.4144309,476,1.40893,89068.346136,0.0
2024-09-26 00:00:00+00:00,63154.54,63488.18,62665.45,63478.45,2.66739,1727323199999,168221.6945101,625,1.82174,114994.3800157,0.0
2024-09-26 04:00:00+00:00,63516.26,63849.1,63374.45,63849.1,0.57775,1727337599999,36757.5018414,248,0.30999,19727.2099636,0.0
2024-09-26 08:00:00+00:00,63803.23,64395.87,63637.91,64316.61,4.70132,1727351999999,300997.6832483,906,4.14644,265452.6793079,0.0
2024-09-26 12:00:00+00:00,64316.61,65500.0,64153.1,65253.13,15.34315,1727366399999,994729.5831969,1854,12.9436,839524.4850969,0.0
2024-09-26 16:00:00+00:00,65238.43,65731.19,64715.67,64831.84,7.05303,1727380799999,460436.3563964,1281,4.07021,265980.1345082,0.0
2024-09-26 20:00:00+00:00,64831.62,65203.11,64656.41,65051.65,3.46683,1727395199999,224956.1644004,646,1.95829,127101.2251201,0.0
2024-09-27 00:00:00+00:00,65122.4,65389.4,64848.0,65312.32,4.03504,1727409599999,262909.839481,505,2.15788,140540.3292859,0.0
2024-09-27 04:00:00+00:00,65390.39,65524.94,65104.61,65505.42,2.79961,1727423999999,183124.5225495,437,1.41024,92305.2783955,0.0
2024-09-27 08:00:00+00:00,65435.35,65949.32,65358.9,65403.82,1.3457,1727438399999,88424.9845203,692,0.80945,53207.1488545,0.0
2024-09-27 12:00:00+00:00,65403.82,66398.77,65353.7,66043.69,6.48638,1727452799999,428560.5256852,1031,3.6845,243249.8914137,0.0
2024-09-27 16:00:00+00:00,65973.17,66324.51,65543.55,65745.58,2.37182,1727467199999,156309.5243314,779,1.12386,74236.1019811,0.0
2024-09-27 20:00:00+00:00,65711.44,65931.99,65646.26,65785.7,1.51343,1727481599999,99608.7841222,308,0.59438,39131.5636502,0.0
2024-09-28 00:00:00+00:00,65785.53,66229.72,65750.0,65995.51,2.10224,1727495999999,138944.5448105,325,0.53932,35609.3475759,0.0
2024-09-28 04:00:00+00:00,66078.36,66078.53,65722.67,65857.43,0.41477,1727510399999,27314.3011617,272,0.27998,18440.764857,0.0
2024-09-28 08:00:00+00:00,65792.91,65792.91,65486.44,65754.39,2.27013,1727524799999,148946.8564829,324,0.70773,46490.9816239,0.0
2024-09-28 12:00:00+00:00,65765.75,65798.08,65406.86,65558.14,0.71736,1727539199999,47055.699315,264,0.58751,38544.8857553,0.0
2024-09-28 16:00:00+00:00,65626.46,65799.99,65463.03,65707.69,0.48117,1727553599999,31578.6775902,421,0.2489,16342.9719107,0.0
2024-09-28 20:00:00+00:00,65706.99,65933.34,65442.0,65908.11,2.98308,1727567999999,195791.9579096,414,0.42035,27623.3666934,0.0
2024-09-29 00:00:00+00:00,65906.83,65938.13,65629.9,65795.0,0.71926,1727582399999,47352.8991044,368,0.44124,29073.9142772,0.0
2024-09-29 04:00:00+00:00,65795.0,65795.0,65442.0,65501.83,0.36347,1727596799999,23850.0779435,248,0.10491,6886.4210474,0.0
2024-09-29 08:00:00+00:00,65497.23,65731.48,65419.19,65730.7,0.55316,1727611199999,36262.367783,290,0.16448,10795.031039,0.0
2024-09-29 12:00:00+00:00,65666.33,65797.3,65563.34,65754.07,0.54859,1727625599999,36027.0044461,319,0.14969,9838.5999749,0.0
2024-09-29 16:00:00+00:00,65746.05,65945.7,65614.64,65889.46,1.8625,1727639999999,122569.4788478,398,0.42947,28261.4697927,0.0
2024-09-29 20:00:00+00:00,65889.48,66026.04,65514.23,65670.63,1.95294,1727654399999,128730.2620841,699,1.56332,103104.0933379,0.0
2024-09-30 00:00:00+00:00,65571.02,65645.89,64226.48,64567.53,8.21245,1727668799999,533374.8169774,1243,3.19737,208016.8507283,0.0
2024-09-30 04:00:00+00:00,64567.38,64697.13,64345.26,64581.88,0.39651,1727683199999,25571.1507398,248,0.2362,15236.2849737,0.0
2024-09-30 08:00:00+00:00,64571.17,64571.17,63285.04,63802.55,12.79256,1727697599999,814976.7734545,1448,1.51907,96776.9578769,0.0
2024-09-30 12:00:00+00:00,63803.65,64134.84,63575.55,63621.96,1.6269,1727711999999,103867.8878049,473,0.46187,29531.5740909,0.0
2024-09-30 16:00:00+00:00,63562.77,63751.0,63197.83,63535.79,3.02186,1727726399999,191382.4215775,573,0.73502,46621.75082,0.0
2024-09-30 20:00:00+00:00,63500.03,63834.9,62904.0,63291.96,2.92311,1727740799999,185148.8547985,647,0.67541,42834.6521431,0.0
2024-10-01 00:00:00+00:00,63292.04,63740.9,62999.66,63690.18,2.80867,1727755199999,178056.1406711,489,1.76266,111778.9009401,0.0
2024-10-01 04:00:00+00:00,63730.28,64077.58,63661.82,63990.94,0.6046,1727769599999,38630.4835772,275,0.42502,27156.8891134,0.0
2024-10-01 08:00:00+00:00,63998.09,64058.01,63717.73,63729.61,1.38759,1727783999999,88771.9629903,143,0.06229,3979.7040567,0.0
2024-10-01 12:00:00+00:00,63717.21,63821.22,62109.95,62743.95,11.2677,1727798399999,706111.2501929,1802,4.98272,312795.1434971,0.0
2024-10-01 16:00:00+00:00,62614.31,62726.11,61500.0,61954.42,14.15339,1727812799999,876030.0482834,1825,4.30945,266854.4580928,0.0
2024-10-01 20:00:00+00:00,61954.38,61955.12,60515.92,60999.49,18.32111,1727827199999,1122044.0249381,1630,2.61751,159783.5048064,0.0
2024-10-02 00:00:00+00:00,60974.39,61855.0,60864.41,61744.41,3.13591,1727841599999,192862.3320571,522,1.39698,85756.0807708,0.0
2024-10-02 04:00:00+00:00,61806.33,61954.75,61377.09,61799.74,2.80814,1727855999999,172782.8785484,385,0.49464,30512.8597576,0.0
2024-10-02 08:00:00+00:00,61733.92,61871.8,61000.0,61227.29,1.49671,1727870399999,91761.6300499,415,0.56708,34832.1257446,0.0
2024-10-02 12:00:00+00:00,61220.15,61895.8,60709.18,61824.42,2.20092,1727884799999,134879.3733415,1091,1.1193,68699.8884784,0.0
2024-10-02 16:00:00+00:00,61887.68,62318.65,60000.0,60118.81,9.47506,1727899199999,578824.7547805,1854,3.84185,234975.7203906,0.0
2024-10-02 20:00:00+00:00,60139.76,60962.54,60138.23,60630.7,5.9459,1727913599999,360078.5329633,689,1.98063,120081.9450483,0.0
2024-10-03 00:00:00+00:00,60731.27,61463.8,60543.0,61463.8,1.74253,1727927999999,106414.3508931,561,0.71892,43924.2842085,0.0
2024-10-03 04:00:00+00:00,61399.85,61462.6,60857.73,60923.51,2.10505,1727942399999,128939.9045967,315,0.6139,37572.4213056,0.0
2024-10-03 08:00:00+00:00,60908.23,61038.42,60146.22,60795.1,1.42944,1727956799999,86602.0665339,839,0.64882,39336.5029057,0.0
2024-10-03 12:00:00+00:00,60733.75,60848.83,59901.67,60592.49,4.80495,1727971199999,290105.7700393,1122,1.91802,115907.7618597,0.0
2024-10-03 16:00:00+00:00,60580.42,61031.17,59955.06,61006.44,2.31128,1727985599999,139972.2488838,683,1.49414,90489.8440241,0.0
2024-10-03 20:00:00+00:00,60991.49,61106.0,60631.77,60742.89,1.46707,1727999999999,89207.4117115,328,0.57176,34775.3432237,0.0
2024-10-04 00:00:00+00:00,60797.01,61267.07,60492.87,60946.57,3.4438,1728014399999,209736.5263636,462,1.2414,75633.8126135,0.0
2024-10-04 04:00:00+00:00,60946.6,61461.42,60946.6,61365.26,0.63723,1728028799999,38962.5975503,274,0.39204,23972.8214857,0.0
2024-10-04 08:00:00+00:00,61365.31,61589.0,61262.03,61473.67,0.66005,1728043199999,40560.4958646,242,0.21227,13034.7407254,0.0
2024-10-04 12:00:00+00:00,61408.92,61823.85,60803.37,61807.1,8.02815,1728057599999,494462.4998742,1075,5.5764,344111.2381549,0.0
2024-10-04 16:00:00+00:00,61807.1,62367.06,61611.91,62310.16,5.08083,1728071999999,315316.3766618,833,3.35274,208211.4301382,0.0
2024-10-04 20:00:00+00:00,62294.3,62379.71,61961.5,62042.3,1.51926,1728086399999,94479.0180008,442,0.3755,23368.2859264,0.0
2024-10-05 00:00:00+00:00,62042.3,62163.52,61675.83,61875.9,0.76113,1728100799999,47160.9282037,250,0.50396,31223.4603083,0.0
2024-10-05 04:00:00+00:00,61833.61,62129.1,61817.23,61991.82,1.82689,1728115199999,113166.4060358,252,1.1323,70134.2093884,0.0
2024-10-05 08:00:00+00:00,61991.86,62133.5,61927.54,62061.99,0.24451,1728129599999,15166.1813052,122,0.14102,8747.1135656,0.0
2024-10-05 12:00:00+00:00,62013.41,62196.37,62013.41,62158.1,1.41696,1728143999999,88073.9196622,294,1.12894,70176.51995,0.0
2024-10-05 16:00:00+00:00,62155.89,62160.46,61785.72,61858.31,0.71174,1728158399999,44070.7775372,242,0.27312,16922.2498039,0.0
2024-10-05 20:00:00+00:00,61791.22,61983.49,61655.7,61983.49,0.96594,1728172799999,59692.6413047,302,0.56984,35245.0577197,0.0
2024-10-06 00:00:00+00:00,61983.49,62067.49,61767.89,61910.45,0.67036,1728187199999,41509.0086666,277,0.36108,22363.932522,0.0
2024-10-06 04:00:00+00:00,61910.5,61957.0,61800.0,61957.0,0.81717,1728201599999,50557.1736165,183,0.76517,47341.5394079,0.0
2024-10-06 08:00:00+00:00,61904.81,62154.03,61884.83,62056.59,0.49733,1728215999999,30847.1904194,264,0.12843,7970.9491519,0.0
2024-10-06 12:00:00+00:00,62039.09,62550.3,61973.84,62494.87,4.61746,1728230399999,288075.5131328,420,4.29497,267969.9151872,0.0
2024-10-06 16:00:00+00:00,62483.7,62806.66,62453.51,62657.84,3.06142,1728244799999,191861.0878204,420,1.58705,99438.0053641,0.0
2024-10-06 20:00:00+00:00,62645.22,62825.4,61631.9,62807.02,1.4225,1728259199999,88734.4699869,536,0.61152,38301.8148132,0.0
2024-10-07 00:00:00+00:00,62757.67,63768.92,62686.46,63379.37,4.84956,1728273599999,306922.6788927,1019,2.82509,178740.2786712,0.0
2024-10-07 04:00:00+00:00,63357.5,63562.77,63111.0,63496.7,0.60862,1728287999999,38535.2500004,244,0.51388,32536.965564,0.0
2024-10-07 08:00:00+00:00,63554.06,63638.89,62684.53,63023.39,2.87987,1728302399999,181604.1117265,487,1.74307,109782.1979281,0.0
2024-10-07 12:00:00+00:00,63070.5,64329.1,62831.31,63584.91,6.29404,1728316799999,401647.2805719,1333,3.76575,240642.2854783,0.0
2024-10-07 16:00:00+00:00,63665.37,63853.25,62728.77,63285.68,9.48325,1728331199999,600562.5044038,1399,4.73102,299989.8633105,0.0
2024-10-07 20:00:00+00:00,63356.96,63367.11,62159.31,62209.41,4.63938,1728345599999,291078.8063118,693,2.21667,139217.4926153,0.0
2024-10-08 00:00:00+00:00,62209.48,62771.97,62149.0,62611.45,3.08868,1728359999999,193351.0410691,424,1.87887,117658.574149,0.0
2024-10-08 04:00:00+00:00,62611.26,62755.66,62041.09,62312.38,2.23211,1728374399999,139323.5434844,385,1.02289,63875.2121257,0.0
2024-10-08 08:00:00+00:00,62296.91,62654.12,62229.18,62653.17,0.30269,1728388799999,18922.4566857,204,0.17376,10861.188889,0.0
2024-10-08 12:00:00+00:00,62653.17,63171.42,61910.56,62326.69,10.85076,1728403199999,679706.5726489,955,2.61757,164147.7359928,0.0
2024-10-08 16:00:00+00:00,62312.3,62580.4,61897.0,62306.23,4.06895,1728417599999,252832.0725174,612,1.94127,120737.1079489,0.0
2024-10-08 20:00:00+00:00,62262.39,62532.83,62048.3,62195.18,1.61884,1728431999999,100934.2176354,308,0.64253,40056.3933029,0.0
2024-10-09 00:00:00+00:00,62194.21,62452.67,62016.64,62358.75,2.27314,1728446399999,141517.7500539,429,1.33698,83144.2837528,0.0
2024-10-09 04:00:00+00:00,62312.49,62538.8,62205.88,62287.81,0.58459,1728460799999,36463.0050759,222,0.14552,9068.8104104,0.0
2024-10-09 08:00:00+00:00,62285.59,62285.59,62079.44,62214.53,0.45927,1728475199999,28564.7270615,193,0.26671,16602.613064,0.0
2024-10-09 12:00:00+00:00,62215.16,62374.97,61673.32,62307.62,3.49745,1728489599999,216417.7183435,558,1.06615,66010.5642437,0.0
2024-10-09 16:00:00+00:00,62307.63,62307.63,60870.14,61090.17,5.90576,1728503999999,362839.9986323,727,1.92423,118288.4777459,0.0
2024-10-09 20:00:00+00:00,61023.27,61097.12,60350.0,60601.4,5.2924,1728518399999,321291.669078,602,1.97629,120210.0192472,0.0
2024-10-10 00:00:00+00:00,60681.93,60953.18,60400.0,60858.13,1.37194,1728532799999,83174.8889713,305,1.14443,69388.2579709,0.0
2024-10-10 04:00:00+00:00,60858.14,61110.2,60823.18,60930.98,1.1048,1728547199999,67316.7249816,210,0.25555,15582.3546527,0.0
2024-10-10 08:00:00+00:00,60950.0,61284.29,60652.83,61235.86,2.27562,1728561599999,138428.0220927,235,0.68638,41771.9640564,0.0
2024-10-10 12:00:00+00:00,61230.33,61292.4,60467.12,60790.8,1.84683,1728575999999,112251.6015615,485,0.91915,55837.7219055,0.0
2024-10-10 16:00:00+00:00,60810.0,60987.94,58947.8,59740.41,10.06488,1728590399999,599566.4794582,1305,4.86994,290683.9367269,0.0
2024-10-10 20:00:00+00:00,59641.56,60309.66,59586.04,60240.36,0.78469,1728604799999,47063.1352666,394,0.46906,28151.1065896,0.0
2024-10-11 00:00:00+00:00,60241.25,60727.53,60097.95,60610.45,1.1644,1728619199999,70436.0288231,367,0.82288,49786.8764488,0.0
2024-10-11 04:00:00+00:00,60610.35,60910.89,60568.29,60716.84,2.70385,1728633599999,163983.2066676,248,0.65137,39538.5030877,0.0
2024-10-11 08:00:00+00:00,60715.81,61228.89,60698.39,61156.0,1.94309,1728647999999,118603.3507221,270,0.62736,38314.9619347,0.0
2024-10-11 12:00:00+00:00,61156.12,62400.27,61058.63,62239.03,11.21666,1728662399999,691791.9720255,1236,4.64321,286733.1327533,0.0
2024-10-11 16:00:00+00:00,62289.22,63167.59,62126.56,62894.0,12.14552,1728676799999,762567.7249814,1241,9.36543,588632.7402249,0.0
2024-10-11 20:00:00+00:00,62894.0,62994.04,62274.23,62335.85,3.06889,1728691199999,192057.5112609,791,1.72188,107878.0344099,0.0
2024-10-12 00:00:00+00:00,62335.85,62899.98,62331.34,62559.05,2.57214,1728705599999,161083.4961719,587,1.94572,121876.197441,0.0
2024-10-12 04:00:00+00:00,62559.06,62738.5,62511.29,62724.3,0.64312,1728719999999,40295.2168234,301,0.52372,32820.8287578,0.0
2024-10-12 08:00:00+00:00,62648.5,63142.65,62616.13,62955.6,0.55548,1728734399999,34940.2330659,248,0.27001,16982.6130093,0.0
2024-10-12 12:00:00+00:00,62869.75,63437.6,62826.51,63078.11,2.00331,1728748799999,126667.3068154,476,0.741,46868.6808139,0.0
2024-10-12 16:00:00+00:00,63139.04,63362.69,62926.94,63029.09,3.89656,1728763199999,245530.3581219,528,3.24346,204299.7054287,0.0
2024-10-12 20:00:00+00:00,63031.64,63311.89,62971.8,63138.19,2.53049,1728777599999,159695.654857,385,1.91407,120823.1023443,0.0
2024-10-13 00:00:00+00:00,63170.0,63183.8,62684.49,62738.29,0.91962,1728791999999,57921.9259447,390,0.6435,40573.140541,0.0
2024-10-13 04:00:00+00:00,62737.13,62903.3,62653.05,62808.19,0.47448,1728806399999,29817.3649436,275,0.41867,26315.0739796,0.0
2024-10-13 08:00:00+00:00,62791.99,62834.3,62536.86,62597.53,0.49631,1728820799999,31115.9131815,292,0.40236,25234.9100905,0.0
2024-10-13 12:00:00+00:00,62595.54,62774.76,62072.94,62132.53,2.33129,1728835199999,145103.8030997,671,1.89612,117931.6597645,0.0
2024-10-13 16:00:00+00:00,62079.47,62823.79,62079.47,62718.0,1.92122,1728849599999,119902.9526858,493,0.62065,38647.1141424,0.0
2024-10-13 20:00:00+00:00,62655.3,63030.0,62612.13,62857.8,1.20207,1728863999999,75576.8707823,396,0.94427,59389.5901087,0.0
2024-10-14 00:00:00+00:00,62797.43,64179.0,62459.21,63955.0,5.97318,1728878399999,378733.7519285,1078,4.89156,310580.5055486,0.0
2024-10-14 04:00:00+00:00,64120.33,64451.62,63792.36,64360.74,5.10366,1728892799999,327787.1899179,832,4.14419,266261.0397242,0.0
2024-10-14 08:00:00+00:00,64360.74,64900.0,64321.41,64843.2,1.41153,1728907199999,91293.8805113,538,0.83505,54051.4374276,0.0
2024-10-14 12:00:00+00:00,64660.0,66036.34,64655.71,65836.69,12.747,1728921599999,834736.8609445,2504,9.59339,628185.4659432,0.0
2024-10-14 16:00:00+00:00,65593.8,65836.7,65296.26,65834.98,10.68949,1728935999999,701677.7297713,1184,8.48046,556767.853046,0.0
2024-10-14 20:00:00+00:00,65834.98,66289.4,65622.99,66022.65,6.04859,1728950399999,398896.3394212,934,5.28977,348867.385898,0.0
2024-10-15 00:00:00+00:00,66111.08,66267.09,65345.83,65368.1,2.30209,1728964799999,151353.6106606,751,0.97524,64002.5536612,0.0
2024-10-15 04:00:00+00:00,65406.83,65792.73,65227.72,65648.83,0.84937,1728979199999,55749.7087841,317,0.72516,47612.1228718,0.0
2024-10-15 08:00:00+00:00,65648.83,65827.88,65250.45,65274.03,0.65276,1728993599999,42809.1056445,398,0.42744,28022.4136837,0.0
2024-10-15 12:00:00+00:00,65371.45,67754.48,64851.43,66070.2,21.86128,1729007999999,1441695.8252684,3369,14.29376,944284.77456,0.0
2024-10-15 16:00:00+00:00,65932.14,67311.47,65932.14,66875.99,8.36807,1729022399999,559151.5423611,1454,4.59968,307344.8183968,0.0
2024-10-15 20:00:00+00:00,66875.99,67100.89,66152.61,67050.8,4.53256,1729036799999,302766.4521565,770,3.66189,244759.5705759,0.0
2024-10-16 00:00:00+00:00,67073.42,67489.71,66734.78,67109.69,3.17398,1729051199999,213343.9192543,667,1.9292,129769.3701477,0.0
2024-10-16 04:00:00+00:00,67193.69,67346.99,66791.03,66904.4,1.4156,1729065599999,94968.4881465,321,0.3829,25701.9839005,0.0
2024-10-16 08:00:00+00:00,66997.39,68252.0,66978.01,68069.24,4.89163,1729079999999,331529.988383,1165,3.42626,232032.795988,0.0
2024-10-16 12:00:00+00:00,68010.77,68251.89,67145.2,67686.53,6.90818,1729094399999,466649.5096486,1047,2.33058,157655.7977602,0.0
2024-10-16 16:00:00+00:00,67781.98,68059.97,67487.74,67660.25,2.6533,1729108799999,179854.7295867,429,1.18366,80373.3046108,0.0
2024-10-16 20:00:00+00:00,67651.0,67947.7,67512.97,67602.34,4.2335,1729123199999,286703.8752299,306,1.50765,102309.8440162,0.0
2024-10-17 00:00:00+00:00,67602.34,67900.0,67400.03,67535.68,2.46912,1729137599999,167131.345299,368,1.66931,113075.3185154,0.0
2024-10-17 04:00:00+00:00,67591.19,67591.19,67124.94,67234.54,3.5426,1729151999999,238121.7335239,358,0.56675,38131.0748704,0.0
2024-10-17 08:00:00+00:00,67240.66,67519.0,66815.45,66913.67,1.94802,1729166399999,130850.8896853,449,0.35236,23623.4363995,0.0
2024-10-17 12:00:00+00:00,66909.19,67639.01,66662.69,67505.12,7.76364,1729180799999,520926.8356806,828,2.48922,166858.2540641,0.0
2024-10-17 16:00:00+00:00,67550.0,67550.0,66754.42,66806.46,3.22197,1729195199999,216335.3032284,626,1.40222,94109.7265655,0.0
2024-10-17 20:00:00+00:00,66802.31,67462.81,66802.31,67438.97,0.81342,1729209599999,54668.6381335,375,0.51743,34793.307144,0.0
2024-10-18 00:00:00+00:00,67438.44,68092.64,67168.89,67561.16,2.67314,1729223999999,180901.0630382,774,1.86922,126513.0646287,0.0
2024-10-18 04:00:00+00:00,67644.79,68200.0,67599.99,67987.27,2.51481,1729238399999,171004.481439,425,2.08065,141529.7330339,0.0
2024-10-18 08:00:00+00:00,67987.03,68031.16,67713.66,67713.66,0.59576,1729252799999,40466.0990332,204,0.50622,34392.8475482,0.0
2024-10-18 12:00:00+00:00,67694.31,68687.65,67648.99,68671.81,11.98331,1729267199999,818698.2548991,1622,9.39392,642049.6762907,0.0
2024-10-18 16:00:00+00:00,68671.81,68970.06,68379.79,68651.4,4.97649,1729281599999,342139.9050102,1199,3.70317,254690.6740498,0.0
2024-10-18 20:00:00+00:00,68650.69,68682.49,68200.0,68367.24,1.7398,1729295999999,118991.9956316,455,0.69126,47288.1439119,0.0
2024-10-19 00:00:00+00:00,68367.37,68638.91,68325.03,68395.91,0.72357,1729310399999,49503.1585031,358,0.46387,31752.1559414,0.0
2024-10-19 04:00:00+00:00,68487.94,68560.68,68301.37,68377.96,0.40656,1729324799999,27802.381411,188,0.15574,10655.8402572,0.0
2024-10-19 08:00:00+00:00,68377.8,68442.36,68115.99,68115.99,0.58046,1729339199999,39624.4972142,158,0.26757,18274.7923372,0.0
2024-10-19 12:00:00+00:00,68115.99,68339.62,68079.93,68235.87,0.96689,1729353599999,65938.1027691,272,0.76493,52183.6327752,0.0
2024-10-19 16:00:00+00:00,68235.85,68235.85,68045.52,68187.55,1.42647,1729367999999,97166.3107813,391,1.11546,75987.4217895,0.0
2024-10-19 20:00:00+00:00,68123.28,68406.6,68123.28,68325.14,0.60897,1729382399999,41568.4791323,293,0.43942,30005.2618431,0.0
2024-10-20 00:00:00+00:00,68313.8,68413.7,68100.01,68197.4,1.58124,1729396799999,107889.8272448,230,1.37263,93664.5956091,0.0
2024-10-20 04:00:00+00:00,68190.58,68406.18,68134.41,68326.27,0.35875,1729411199999,24473.1814532,161,0.0941,6423.6908687,0.0
2024-10-20 08:00:00+00:00,68326.95,68449.8,68306.65,68349.81,0.11775,1729425599999,8052.4911845,75,0.06079,4158.7579227,0.0
2024-10-20 12:00:00+00:00,68440.28,68755.77,68225.79,68580.0,1.41077,1729439999999,96665.2633591,340,0.8381,57396.5877,0.0
2024-10-20 16:00:00+00:00,68587.58,68631.53,68452.78,68518.83,3.43282,1729454399999,235397.1286537,370,1.92393,131980.2005733,0.0
2024-10-20 20:00:00+00:00,68469.47,69100.0,68453.56,69029.51,4.88086,1729468799999,336941.6530911,777,4.2871,296059.7513023,0.0
2024-10-21 00:00:00+00:00,68929.97,69332.17,68606.6,68943.42,5.03646,1729483199999,348024.9372708,1099,4.03371,278778.006189,0.0
2024-10-21 04:00:00+00:00,68949.62,69100.0,68548.72,68586.49,1.34434,1729497599999,92632.0184782,357,0.64058,44195.4467658,0.0
2024-10-21 08:00:00+00:00,68585.46,68672.75,68000.0,68254.83,6.68005,1729511999999,455900.2923673,478,2.38594,162626.7157639,0.0
2024-10-21 12:00:00+00:00,68157.59,68275.6,66850.0,67246.96,5.98676,1729526399999,403622.4958062,962,1.76027,118809.6848421,0.0
2024-10-21 16:00:00+00:00,67247.16,67857.43,66955.0,67775.23,3.41267,1729540799999,229531.6102064,609,1.15114,77523.4497642,0.0
2024-10-21 20:00:00+00:00,67700.01,67893.33,67029.0,67157.89,10.74517,1729555199999,722655.74406,597,2.60742,175755.4812192,0.0
2024-10-22 00:00:00+00:00,67067.1,67616.44,66591.64,67400.91,11.86823,1729569599999,794726.8919424,787,1.36085,91371.6373505,0.0
2024-10-22 04:00:00+00:00,67400.0,67759.99,67235.22,67435.85,3.17246,1729583999999,213953.6982628,395,2.08855,140741.5603653,0.0
2024-10-22 08:00:00+00:00,67336.65,67487.74,66800.0,67392.02,1.95543,1729598399999,130971.8625922,589,0.59877,40199.2781676,0.0
2024-10-22 12:00:00+00:00,67381.28,67696.88,66800.0,67292.58,6.93381,1729612799999,465823.0959986,763,0.82663,55596.9188975,0.0
2024-10-22 16:00:00+00:00,67423.85,67604.69,67000.0,67492.54,0.96116,1729627199999,64702.3204741,369,0.28335,19083.5885356,0.0
2024-10-22 20:00:00+00:00,67439.42,67801.05,67317.44,67317.44,0.87864,1729641599999,59369.1747277,343,0.31994,21647.9123381,0.0
2024-10-23 00:00:00+00:00,67443.85,67461.49,66917.33,67121.88,0.66885,1729655999999,44919.7162853,337,0.26611,17878.866898,0.0
2024-10-23 04:00:00+00:00,67121.82,67285.86,66800.0,66900.08,1.15661,1729670399999,77484.1972472,172,0.41708,27937.9427016,0.0
2024-10-23 08:00:00+00:00,66899.77,67014.79,66342.45,66388.46,2.47688,1729684799999,164934.888305,493,0.58243,38748.2213573,0.0
2024-10-23 12:00:00+00:00,66502.28,66984.09,66031.52,66267.05,4.45297,1729699199999,295965.2632786,691,1.23818,82398.4098748,0.0
2024-10-23 16:00:00+00:00,66267.05,66583.4,65295.86,66356.02,12.28878,1729713599999,808703.4273939,1682,6.68858,439808.6600998,0.0
2024-10-23 20:00:00+00:00,66464.8,66775.0,66347.8,66669.22,2.30729,1729727999999,153482.850483,552,1.71743,114264.1766886,0.0
2024-10-24 00:00:00+00:00,66741.21,67571.3,66519.63,67204.2,3.24284,1729742399999,218080.0995136,726,1.30437,87740.6629416,0.0
2024-10-24 04:00:00+00:00,67186.98,67476.84,67157.93,67199.55,2.60952,1729756799999,175741.0920922,309,1.87405,126228.1916897,0.0
2024-10-24 08:00:00+00:00,67084.59,67285.86,66716.84,67264.97,2.09372,1729771199999,140281.7686257,318,1.74592,116990.447303,0.0
2024-10-24 12:00:00+00:00,67272.61,67800.0,67260.87,67690.23,19.3253,1729785599999,1308650.118921,1258,13.5841,920839.5259626,0.0
2024-10-24 16:00:00+00:00,67677.79,68277.97,67326.98,68277.11,10.04686,1729799999999,680709.1767448,1134,6.7766,458696.0651258,0.0
2024-10-24 20:00:00+00:00,68277.9,68798.03,68069.72,68214.69,2.03468,1729814399999,139201.4836796,687,1.2581,86051.7333696,0.0
2024-10-25 00:00:00+00:00,68123.67,68276.99,67859.14,68063.83,1.17199,1729828799999,79756.7735162,440,0.66335,45120.2445726,0.0
2024-10-25 04:00:00+00:00,67977.94,68062.87,67262.65,67492.59,3.57324,1729843199999,241643.4236039,579,1.19218,80675.0774832,0.0
2024-10-25 08:00:00+00:00,67404.35,68120.4,67346.8,68012.39,0.97132,1729857599999,65809.8395495,306,0.594,40283.8556644,0.0
2024-10-25 12:00:00+00:00,68125.75,68500.0,67465.97,67690.04,8.41464,1729871999999,573838.6097042,979,5.00521,341743.525223,0.0
2024-10-25 16:00:00+00:00,67592.82,67813.33,66087.17,66883.03,14.87241,1729886399999,995798.1404359,1667,3.49272,233797.5380689,0.0
2024-10-25 20:00:00+00:00,66934.81,67369.72,65800.0,66575.14,7.16337,1729900799999,474555.9018903,1424,1.57304,104487.4729642,0.0
2024-10-26 00:00:00+00:00,66575.5,67012.74,66505.42,66871.08,1.19688,1729915199999,79881.6601097,485,0.5367,35851.1973935,0.0
2024-10-26 04:00:00+00:00,66879.14,67248.8,66814.73,66996.39,0.66208,1729929599999,44410.5840844,382,0.40074,26891.3577166,0.0
2024-10-26 08:00:00+00:00,66994.98,67229.99,66976.88,67142.27,0.61385,1729943999999,41233.5732388,163,0.42113,28286.0843706,0.0
2024-10-26 12:00:00+00:00,67184.71,67191.08,66851.0,66996.6,0.47319,1729958399999,31684.1701608,268,0.18403,12334.0131133,0.0
2024-10-26 16:00:00+00:00,66969.6,67238.5,66885.08,67097.3,1.9851,1729972799999,133150.7687119,288,0.77209,51823.1853218,0.0
2024-10-26 20:00:00+00:00,67099.75,67414.82,67085.04,67148.24,0.89492,1729987199999,60191.3522954,286,0.28226,18985.712552,0.0
2024-10-27 00:00:00+00:00,67085.03,67311.47,66923.38,67310.15,0.62313,1730001599999,41830.8932573,283,0.47622,31979.0221803,0.0
2024-10-27 04:00:00+00:00,67310.27,67323.37,67151.35,67212.24,1.14037,1730015999999,76723.9553276,292,0.97917,65893.4017359,0.0
2024-10-27 08:00:00+00:00,67213.53,67357.58,67035.42,67196.76,0.21302,1730030399999,14316.2302898,163,0.1446,9724.9444339,0.0
2024-10-27 12:00:00+00:00,67114.07,67763.83,67114.07,67763.82,5.45641,1730044799999,368264.815506,443,2.35301,158947.6363002,0.0
2024-10-27 16:00:00+00:00,67763.81,67926.1,67548.17,67797.25,2.16961,1730059199999,146942.6927087,458,0.59035,40019.6763847,0.0
2024-10-27 20:00:00+00:00,67821.92,68193.22,67690.29,67900.0,3.22409,1730073599999,218990.5106421,608,2.53131,171940.857199,0.0
2024-10-28 00:00:00+00:00,67900.0,67900.0,67638.72,67769.35,2.65453,1730087999999,179969.3621225,1058,1.08829,73865.9174026,0.0
2024-10-28 04:00:00+00:00,67766.99,68619.88,67602.81,68459.36,3.27268,1730102399999,223593.7570036,701,2.70141,184621.8245188,0.0
2024-10-28 08:00:00+00:00,68455.0,68798.02,68192.58,68652.9,7.65045,1730116799999,524788.8582858,701,5.71161,391929.7588571,0.0
2024-10-28 12:00:00+00:00,68739.04,69232.75,68453.14,68602.07,11.86103,1730131199999,816364.2986096,1496,8.83481,607994.3020883,0.0
2024-10-28 16:00:00+00:00,68475.07,69666.96,68475.07,69562.94,14.06432,1730145599999,974673.3634347,1550,11.38916,790031.7930162,0.0
2024-10-28 20:00:00+00:00,69562.94,70000.0,69333.52,69903.53,8.68668,1730159999999,606153.8486685,1212,7.15727,499565.7810268,0.0
2024-10-29 00:00:00+00:00,69721.94,71321.1,69641.89,71002.56,20.64627,1730174399999,1455709.3590201,2449,17.03067,1200128.5864651,0.0
2024-10-29 04:00:00+00:00,71001.22,71322.88,70668.3,70943.65,7.95669,1730188799999,565115.8779158,991,4.95584,352083.6240149,0.0
2024-10-29 08:00:00+00:00,70959.38,71510.06,70894.3,71375.17,3.08864,1730203199999,219943.058348,540,1.51321,107859.9083685,0.0
2024-10-29 12:00:00+00:00,71375.25,72000.0,70805.43,72000.0,17.22549,1730217599999,1234992.3465574,1749,13.59468,976722.6857015,0.0
2024-10-29 16:00:00+00:00,71951.27,73272.49,71951.2,72537.73,33.69398,1730231999999,2451368.0879003,3641,27.5936,2007673.1564184,0.0
2024-10-29 20:00:00+00:00,72520.18,72799.99,71651.9,72671.11,9.7086,1730246399999,700292.9569944,1456,6.12468,442122.9618866,0.0
2024-10-30 00:00:00+00:00,72645.72,72727.5,71708.8,72100.51,9.12102,1730260799999,656406.310322,1053,3.30504,238330.5407056,0.0
2024-10-30 04:00:00+00:00,72100.48,72484.97,72033.56,72200.0,2.39909,1730275199999,173340.6742412,1102,2.24714,162369.7776618,0.0
2024-10-30 08:00:00+00:00,72232.75,72550.65,71897.16,71983.44,1.96757,1730289599999,142103.1020978,406,1.47861,106775.7784095,0.0
2024-10-30 12:00:00+00:00,71982.69,72413.96,71440.71,72033.09,11.92875,1730303999999,857511.7124614,937,6.0025,431887.6295257,0.0
2024-10-30 16:00:00+00:00,72001.83,72156.31,71679.65,71852.35,3.3419,1730318399999,240114.3661229,454,1.3271,95425.5754254,0.0
2024-10-30 20:00:00+00:00,71812.1,72910.61,71679.65,72475.12,3.77653,1730332799999,273728.0747188,586,2.54465,184654.3495662,0.0
2024-10-31 00:00:00+00:00,72472.22,72563.18,72044.79,72282.38,1.68464,1730347199999,121655.9267783,377,1.09824,79262.0553497,0.0
2024-10-31 04:00:00+00:00,72271.51,72454.55,72085.7,72454.55,1.0994,1730361599999,79410.9279935,246,0.58352,42168.0296555,0.0
2024-10-31 08:00:00+00:00,72370.22,72643.28,72085.7,72288.27,0.77474,1730375999999,56073.7963038,175,0.45046,32630.1999171,0.0
2024-10-31 12:00:00+00:00,72333.85,72333.85,70471.0,70618.0,11.22999,1730390399999,798865.6218966,1012,4.4586,317096.6228653,0.0
2024-10-31 16:00:00+00:00,70556.0,70880.13,70075.18,70214.66,5.43532,1730404799999,383046.0264883,595,2.02234,142697.1695806,0.0
2024-10-31 20:00:00+00:00,70208.43,70648.8,69800.0,70395.71,7.87163,1730419199999,552117.5710366,507,2.05757,144779.0833398,0.0
2024-11-01 00:00:00+00:00,70395.53,70482.08,68900.0,69474.06,13.63762,1730433599999,949639.2762863,910,3.16199,220295.5355042,0.0
2024-11-01 04:00:00+00:00,69353.24,69656.58,69099.81,69351.44,0.91465,1730447999999,63426.3499989,225,0.13731,9531.9704834,0.0
2024-11-01 08:00:00+00:00,69351.46,70190.61,69263.01,70083.28,0.53309,1730462399999,37226.1617113,219,0.35497,24781.4679076,0.0
2024-11-01 12:00:00+00:00,70058.9,71576.76,69091.12,69332.18,9.87539,1730476799999,698497.6132564,1366,5.35238,379662.579015,0.0
2024-11-01 16:00:00+00:00,69332.25,70473.0,68860.46,69353.19,6.83807,1730491199999,476798.8694757,899,1.1062,77119.6576618,0.0
2024-11-01 20:00:00+00:00,69352.92,69566.86,68860.81,69489.17,2.4711,1730505599999,171292.8784866,362,1.95542,135625.7625825,0.0
2024-11-02 00:00:00+00:00,69564.42,69892.13,69487.64,69551.42,1.09778,1730519999999,76540.6238497,163,0.50734,35381.8562997,0.0
2024-11-02 04:00:00+00:00,69553.21,69802.91,69500.0,69802.91,1.2018,1730534399999,83665.8703785,115,0.82072,57137.2674052,0.0
2024-11-02 08:00:00+00:00,69847.66,69847.66,69455.55,69568.3,0.56296,1730548799999,39174.5498225,72,0.27033,18826.0642413,0.0
2024-11-02 12:00:00+00:00,69616.6,69683.57,69068.71,69431.99,6.20927,1730563199999,429284.6497263,399,4.18325,289117.9621998,0.0
2024-11-02 16:00:00+00:00,69425.61,69592.74,69196.99,69539.38,0.96605,1730577599999,67076.7169949,208,0.2608,18111.5442536,0.0
2024-11-02 20:00:00+00:00,69538.48,69570.62,69145.68,69330.2,1.14069,1730591999999,79160.9406217,154,0.67998,47191.9306058,0.0
2024-11-03 00:00:00+00:00,69330.2,69330.2,67947.9,68321.91,9.63992,1730606399999,659182.1276581,838,1.04644,71716.735739,0.0
2024-11-03 04:00:00+00:00,68425.75,68726.63,68356.42,68465.99,4.21283,1730620799999,288958.5241962,259,3.11003,213470.4679831,0.0
2024-11-03 08:00:00+00:00,68446.17,68576.83,68220.24,68350.0,0.30587,1730635199999,20923.4561163,103,0.15152,10371.3413374,0.0
2024-11-03 12:00:00+00:00,68350.29,68536.61,67516.94,68172.94,8.6948,1730649599999,590006.2547411,484,1.39174,94309.0207723,0.0
2024-11-03 16:00:00+00:00,68143.51,68674.71,67686.59,68674.68,3.99909,1730663999999,273258.5818712,525,3.1389,214518.073675,0.0
2024-11-03 20:00:00+00:00,68674.71,69225.69,68514.32,68724.23,9.2038,1730678399999,634335.9898681,782,6.72248,463119.819716,0.0
2024-11-04 00:00:00+00:00,68638.78,69384.04,68269.04,69139.0,1.93024,1730692799999,133089.6255829,415,1.15544,79708.2250579,0.0
2024-11-04 04:00:00+00:00,69139.0,69332.17,68608.98,68608.98,0.97799,1730707199999,67464.1553663,207,0.25006,17286.3787909,0.0
2024-11-04 08:00:00+00:00,68736.9,68985.22,68503.01,68750.97,0.32151,1730721599999,22086.819944,113,0.16278,11192.5730278,0.0
2024-11-04 12:00:00+00:00,68717.96,69354.3,68249.89,68686.07,4.34442,1730735999999,299257.2383148,320,2.64775,183087.1840812,0.0
2024-11-04 16:00:00+00:00,68666.19,68765.71,67500.0,67926.6,9.2289,1730750399999,625999.2667244,641,2.07429,140564.329482,0.0
2024-11-04 20:00:00+00:00,67821.92,68069.72,67000.0,67869.17,4.78222,1730764799999,322675.1192912,864,1.11346,75379.6601779,0.0
2024-11-05 00:00:00+00:00,67770.24,68214.04,67462.82,68116.04,4.58269,1730779199999,311068.9818123,397,3.76999,255848.8510381,0.0
2024-11-05 04:00:00+00:00,68214.03,68878.0,68121.97,68878.0,4.39457,1730793599999,300747.8602252,662,3.93068,268920.0914353,0.0
2024-11-05 08:00:00+00:00,68878.0,68964.09,68581.85,68756.41,3.76069,1730807999999,258919.264249,333,2.93772,202338.9155605,0.0
2024-11-05 12:00:00+00:00,68845.8,70045.65,68601.51,69618.15,6.16889,1730822399999,428752.0548711,1010,3.82521,266040.7023315,0.0
2024-11-05 16:00:00+00:00,69645.57,70500.0,68765.71,69098.02,5.15085,1730836799999,359209.3821473,823,3.75556,261988.6306794,0.0
2024-11-05 20:00:00+00:00,68863.17,69781.91,68863.14,69303.4,2.52476,1730851199999,175230.2754139,523,0.93314,64732.2637508,0.0
2024-11-06 00:00:00+00:00,69449.54,74000.0,69449.46,73755.01,48.78462,1730865599999,3542305.8883719,5729,39.41059,2863221.5422562,0.0
2024-11-06 04:00:00+00:00,73755.04,74900.0,73144.34,73401.52,29.05983,1730879999999,2159473.6438818,3301,19.26396,1434336.8003212,0.0
2024-11-06 08:00:00+00:00,73399.97,74480.12,72726.29,74246.53,8.84836,1730894399999,649740.3983686,1050,7.17435,527235.6443972,0.0
2024-11-06 12:00:00+00:00,74277.95,74706.81,73525.57,74422.46,14.4618,1730908799999,1075461.5202038,1544,4.82767,358168.7307703,0.0
2024-11-06 16:00:00+00:00,74422.46,75500.0,74065.48,75500.0,17.74855,1730923199999,1328644.6908216,2500,17.38942,1301868.8986569,0.0
2024-11-06 20:00:00+00:00,75400.06,76302.6,75400.0,75656.18,20.83745,1730937599999,1581029.6397739,1420,15.69407,1191245.4260553,0.0
2024-11-07 00:00:00+00:00,75654.5,75750.0,75028.39,75028.39,9.3868,1730951999999,706356.9381902,1249,7.20506,542094.2213145,0.0
2024-11-07 04:00:00+00:00,75139.51,75139.54,74405.07,74764.45,6.48067,1730966399999,484180.6517404,818,1.60829,120001.3278341,0.0
2024-11-07 08:00:00+00:00,74756.24,75102.96,74633.83,74724.36,5.2889,1730980799999,396260.8507182,291,4.22692,316650.9606355,0.0
2024-11-07 12:00:00+00:00,74724.37,75820.45,74554.01,75820.0,1.5001,1730995199999,112738.8634579,524,1.10918,83425.2894857,0.0
2024-11-07 16:00:00+00:00,75820.0,76500.0,75571.13,76300.85,7.45868,1731009599999,567892.5475401,1050,6.21491,473423.7128048,0.0
2024-11-07 20:00:00+00:00,76491.99,76844.8,75499.48,75920.18,14.21658,1731023999999,1083068.5483179,1177,12.00381,915237.0174058,0.0
2024-11-08 00:00:00+00:00,75918.16,76307.93,75600.0,75885.08,4.46959,1731038399999,339087.8142401,549,2.0138,152844.7846479,0.0
2024-11-08 04:00:00+00:00,75887.02,76050.0,75678.4,76050.0,2.41899,1731052799999,183382.2133926,364,1.46916,111437.6417551,0.0
2024-11-08 08:00:00+00:00,76050.0,76146.0,75723.42,75973.18,3.66731,1731067199999,278637.3245063,367,3.24278,246405.3729793,0.0
2024-11-08 12:00:00+00:00,75896.13,76499.99,75646.99,76187.25,2.30074,1731081599999,175094.315025,480,1.11875,85156.9530686,0.0
2024-11-08 16:00:00+00:00,76405.81,77151.99,75827.46,76900.0,6.48545,1731095999999,497393.4889048,796,4.71117,361448.2562547,0.0
2024-11-08 20:00:00+00:00,76900.0,77079.2,76307.98,76498.17,2.55792,1731110399999,195790.5402521,388,1.24279,95073.4350685,0.0
2024-11-09 00:00:00+00:00,76498.15,76654.53,76150.0,76347.26,1.82027,1731124799999,138919.0013489,414,0.77034,58840.3412686,0.0
2024-11-09 04:00:00+00:00,76251.71,76743.33,76251.71,76493.44,1.4785,1731139199999,113181.9537214,214,0.80573,61683.0908443,0.0
2024-11-09 08:00:00+00:00,76522.1,76652.83,76350.57,76510.05,2.47746,1731153599999,189465.8679398,301,1.09228,83529.1117572,0.0
2024-11-09 12:00:00+00:00,76509.09,76509.09,76203.01,76347.61,2.20861,1731167999999,168529.2460207,200,0.78485,59943.7898896,0.0
2024-11-09 16:00:00+00:00,76341.83,76652.82,75700.0,76133.79,8.26098,1731182399999,627844.2944644,588,6.27393,476686.1205764,0.0
2024-11-09 20:00:00+00:00,76131.17,76921.88,76131.17,76640.71,3.16048,1731196799999,242200.1127579,420,2.17861,167087.00928,0.0
2024-11-10 00:00:00+00:00,76760.53,77398.46,76508.4,77150.71,8.40313,1731211199999,647298.9729582,1036,5.21606,402046.8273444,0.0
2024-11-10 04:00:00+00:00,77150.76,79700.24,77150.21,78877.56,19.19957,1731225599999,1508093.6033569,2882,15.64372,1228310.0420217,0.0
2024-11-10 08:00:00+00:00,78874.36,79989.96,78849.78,79897.29,4.2236,1731239999999,336242.7459901,536,1.83077,145683.298525,0.0
2024-11-10 12:00:00+00:00,79897.18,80000.0,79185.93,79648.4,9.62774,1731254399999,766893.9640189,963,5.17877,413042.2982801,0.0
2024-11-10 16:00:00+00:00,79746.66,81000.0,79366.19,79724.85,30.48834,1731268799999,2449432.8726612,3083,19.39458,1557328.1311027,0.0
2024-11-10 20:00:00+00:00,79756.25,81497.77,78500.0,80452.94,16.385186,1731283199999,1311079.6425012,2412,7.962256,639948.2344778,0.0
2024-11-11 00:00:00+00:00,80429.87,81759.64,80210.58,81557.2,8.93078,1731297599999,723869.7525591,1237,5.67344,460073.1907345,0.0
2024-11-11 04:00:00+00:00,81557.28,81656.55,80354.19,81045.04,4.99762,1731311999999,404647.4303272,741,1.69756,137714.9213062,0.0
2024-11-11 08:00:00+00:00,81045.23,82311.0,81019.89,82175.5,10.81551,1731326399999,885322.2856233,773,9.09188,744086.5038597,0.0
2024-11-11 12:00:00+00:00,82071.64,84309.4,81220.7,84002.24,36.55666,1731340799999,3019114.4999742,3628,23.08008,1911731.3142659,0.0
2024-11-11 16:00:00+00:00,84108.75,86500.0,83882.4,86222.12,38.89481,1731355199999,3313021.1055208,3091,19.59118,1670630.7324923,0.0
2024-11-11 20:00:00+00:00,86051.51,89481.98,86051.51,88577.48,52.40826,1731369599999,4604904.7198954,4449,32.23357,2831573.4315415,0.0
2024-11-12 00:00:00+00:00,88650.17,89418.45,83762.24,88172.11,26.60387,1731383999999,2328510.407703,4935,13.17661,1157286.8363095,0.0
2024-11-12 04:00:00+00:00,87957.57,89884.92,87845.69,89207.58,37.75535,1731398399999,3338431.8135806,2079,14.89399,1325071.8663687,0.0
2024-11-12 08:00:00+00:00,89010.26,89349.81,85207.07,87100.0,19.17213,1731412799999,1673378.8559118,2407,11.238,980298.7171594,0.0
2024-11-12 12:00:00+00:00,87088.12,87817.06,84856.07,86726.0,36.77918,1731427199999,3154009.2189489,2805,26.09397,2231808.6320668,0.0
2024-11-12 16:00:00+00:00,86722.0,89668.5,85765.68,89107.46,13.06483,1731441599999,1154367.5282956,1866,8.24566,729495.6368892,0.0
2024-11-12 20:00:00+00:00,89065.49,89789.69,87467.68,88105.48,13.51814,1731455999999,1198916.2133442,1544,7.73236,687138.3305805,0.0
2024-11-13 00:00:00+00:00,88074.77,88496.8,87072.78,87100.0,7.53014,1731470399999,660354.7738197,1473,2.29995,201899.2551594,0.0
2024-11-13 04:00:00+00:00,87078.83,87702.01,86200.0,87260.81,7.9229,1731484799999,688352.0414125,1006,2.39468,208206.3534465,0.0
2024-11-13 08:00:00+00:00,87262.11,88000.0,87104.39,87600.01,5.68756,1731499199999,498013.1759146,311,4.76242,417240.9493287,0.0
2024-11-13 12:00:00+00:00,87600.19,92658.11,87497.15,92550.0,40.07556,1731513599999,3634175.5120703,4629,33.82044,3066691.2460964,0.0
2024-11-13 16:00:00+00:00,92550.0,93225.58,90025.72,90500.68,24.65838,1731527999999,2271344.8022082,2906,15.52647,1430472.9098793,0.0
2024-11-13 20:00:00+00:00,90180.7,91153.52,88020.7,90460.0,13.69768,1731542399999,1225774.9136307,1892,4.10588,366351.0430468,0.0
2024-11-14 00:00:00+00:00,90466.06,90536.15,89561.93,90037.78,4.3518,1731556799999,391904.702574,847,2.35383,212235.54664,0.0
2024-11-14 04:00:00+00:00,89897.48,90850.11,89135.78,90850.11,5.88286,1731571199999,528771.2315515,773,3.37753,303931.6202388,0.0
2024-11-14 08:00:00+00:00,90849.87,91553.77,90369.15,91553.72,3.00021,1731585599999,273254.7047901,667,1.98101,180558.0438102,0.0
2024-11-14 12:00:00+00:00,91553.73,91708.3,87912.9,87912.9,14.73958,1731599999999,1321819.4713769,1491,4.9513,447545.4004413,0.0
2024-11-14 16:00:00+00:00,88087.65,89640.49,87618.6,89374.24,7.06648,1731614399999,627821.0868295,1036,3.30516,293306.1599769,0.0
2024-11-14 20:00:00+00:00,89374.25,89374.25,86735.79,87313.65,30.60416,1731628799999,2683759.5277803,1741,20.17381,1772203.4303206,0.0
2024-11-15 00:00:00+00:00,87318.83,88433.33,87067.4,88154.23,6.6384,1731643199999,582935.8930669,614,5.96198,523481.8396891,0.0
2024-11-15 04:00:00+00:00,88131.12,88354.68,87122.29,87607.46,3.529,1731657599999,309187.8144902,470,1.03414,90816.1203312,0.0
2024-11-15 08:00:00+00:00,87811.85,89500.0,87355.56,89500.0,9.9942,1731671999999,888141.5428998,758,9.80747,871620.6770427,0.0
2024-11-15 12:00:00+00:00,89500.0,90381.47,87813.12,88436.94,16.99255,1731686399999,1518552.9380689,1774,11.34679,1017211.7450829,0.0
2024-11-15 16:00:00+00:00,88512.82,90766.04,88512.63,90300.0,8.13166,1731700799999,729698.3589009,894,6.61258,593386.7269197,0.0
2024-11-15 20:00:00+00:00,90370.72,91767.69,90370.71,91038.84,11.69649,1731715199999,1066715.7002382,1197,8.81478,803883.069175,0.0
2024-11-16 00:00:00+00:00,90943.75,91643.23,90812.06,91320.67,8.49514,1731729599999,776129.2439062,692,2.73158,249422.0711059,0.0
2024-11-16 04:00:00+00:00,91284.97,91779.81,91089.37,91089.37,2.2639,1731743999999,206643.9622213,412,1.36132,124316.2881191,0.0
2024-11-16 08:00:00+00:00,91067.15,91583.27,91037.62,91209.25,2.37222,1731758399999,216565.4201654,378,2.06577,188575.229611,0.0
2024-11-16 12:00:00+00:00,91209.26,91329.69,90100.0,90303.86,11.40648,1731772799999,1035433.2691726,926,7.97979,724906.9717603,0.0
2024-11-16 16:00:00+00:00,90517.2,91361.06,90196.92,91108.11,2.51638,1731787199999,228739.5992474,740,1.37272,124689.641588,0.0
2024-11-16 20:00:00+00:00,91107.64,91151.0,90368.32,90592.63,1.6958,1731801599999,154024.3268307,436,0.8927,81185.5742277,0.0
2024-11-17 00:00:00+00:00,90407.34,90884.47,89385.98,90264.17,4.38371,1731815999999,394812.1127617,819,2.05859,185610.2534011,0.0
2024-11-17 04:00:00+00:00,90270.14,90889.99,90168.23,90518.01,3.14547,1731830399999,285101.808237,719,2.50505,227138.1248946,0.0
2024-11-17 08:00:00+00:00,90642.12,91410.39,90518.0,90637.01,1.28097,1731844799999,116547.7946904,452,0.89769,81699.8163247,0.0
2024-11-17 12:00:00+00:00,90644.68,91182.94,90050.25,90250.68,3.38192,1731859199999,306188.6964122,378,0.86085,78113.17367,0.0
2024-11-17 16:00:00+00:00,90283.77,90633.93,89729.21,90127.29,2.20951,1731873599999,199107.582018,609,0.47234,42603.7807742,0.0
2024-11-17 20:00:00+00:00,90125.29,90228.11,88750.0,89792.0,5.62883,1731887999999,503874.2923718,1039,2.73335,245056.3591672,0.0
2024-11-18 00:00:00+00:00,89800.0,90879.61,89667.31,90695.99,3.0837,1731902399999,278877.1125879,745,2.13819,193401.414637,0.0
2024-11-18 04:00:00+00:00,90695.99,92144.76,90410.84,91664.46,7.21849,1731916799999,659644.1108942,1067,5.57032,509773.2409904,0.0
2024-11-18 08:00:00+00:00,91737.1,92144.74,90114.64,90143.95,2.34774,1731931199999,214437.9340718,651,0.64345,59063.8978698,0.0
2024-11-18 12:00:00+00:00,90146.61,92485.69,89457.25,92426.65,18.2296,1731945599999,1651422.2425214,2381,12.04036,1091180.6572589,0.0
2024-11-18 16:00:00+00:00,92427.32,92520.46,89729.21,90599.99,11.19971,1731959999999,1019584.443961,1780,4.32317,394102.1784945,0.0
2024-11-18 20:00:00+00:00,90599.99,91897.05,90314.39,90385.23,8.49137,1731974399999,774879.7164889,1052,5.44401,496740.3768032,0.0
2024-11-19 00:00:00+00:00,90596.96,91474.53,90385.07,91467.14,5.35993,1731988799999,487331.4179087,554,3.16477,288015.5687016,0.0
2024-11-19 04:00:00+00:00,91315.35,91902.04,91201.68,91576.4,2.38093,1732003199999,218202.5300475,536,1.65466,151613.2285936,0.0
2024-11-19 08:00:00+00:00,91609.38,91900.0,91199.1,91720.8,1.36788,1732017599999,125360.2173253,436,0.95935,87976.1156526,0.0
2024-11-19 12:00:00+00:00,91719.74,92400.0,91000.01,92398.0,14.45924,1732031999999,1329786.4796451,1615,9.89965,911757.0018099,0.0
2024-11-19 16:00:00+00:00,92398.0,93797.13,92208.31,93210.08,16.86585,1732046399999,1568325.7986016,1879,12.4721,1159638.9315045,0.0
2024-11-19 20:00:00+00:00,93247.42,93549.78,91390.16,92200.0,13.31823,1732060799999,1228143.5825867,1226,10.49245,966969.7202121,0.0
2024-11-20 00:00:00+00:00,92300.0,92335.54,91500.0,92059.34,9.01352,1732075199999,827969.7332512,545,5.03366,463088.7901797,0.0
2024-11-20 04:00:00+00:00,92037.71,92750.0,91852.29,92740.26,2.61291,1732089599999,241588.6974758,578,2.18796,202356.1062589,0.0
2024-11-20 08:00:00+00:00,92740.26,93589.06,92732.32,93426.73,6.37737,1732103999999,594526.3137925,756,4.70358,438745.8304353,0.0
2024-11-20 12:00:00+00:00,93426.73,94744.52,93279.17,94700.0,13.98033,1732118399999,1317926.9558641,1811,11.62625,1096436.6776908,0.0
2024-11-20 16:00:00+00:00,94680.2,94787.99,93178.71,93957.28,11.69331,1732132799999,1096116.5207627,1420,7.99521,749349.3496841,0.0
2024-11-20 20:00:00+00:00,93809.09,94500.0,93809.09,94308.41,2.80919,1732147199999,264678.7540069,504,1.9759,186343.9335627,0.0
2024-11-21 00:00:00+00:00,94308.41,95859.17,94000.28,95799.21,22.68049,1732161599999,2155999.9127646,2107,14.52832,1378029.6533778,0.0
2024-11-21 04:00:00+00:00,95844.46,97798.67,95820.22,97069.83,33.13038,1732175999999,3213825.4312239,2530,22.13262,2146800.3562404,0.0
2024-11-21 08:00:00+00:00,97068.11,98331.16,96792.76,97908.26,10.81325,1732190399999,1059635.8137262,882,4.48195,438687.1804686,0.0
2024-11-21 12:00:00+00:00,97947.67,98200.0,95820.33,96613.07,19.74529,1732204799999,1912668.3272053,1857,8.69911,844402.2235239,0.0
2024-11-21 16:00:00+00:00,96642.93,98888.0,96394.73,97858.98,18.44508,1732219199999,1805255.9321856,1698,12.21494,1197428.8152043,0.0
2024-11-21 20:00:00+00:00,97858.98,98623.96,97627.72,98498.27,6.0809,1732233599999,596506.8638605,1021,4.83459,474394.4056982,0.0
2024-11-22 00:00:00+00:00,98496.4,99190.0,97807.61,98872.33,14.07904,1732247999999,1386982.7960991,1555,6.20084,612504.7845089,0.0
2024-11-22 04:00:00+00:00,98797.1,99314.35,98492.9,99086.45,9.18946,1732262399999,909059.8368541,803,7.58905,750920.7871654,0.0
2024-11-22 08:00:00+00:00,99246.76,99252.33,98296.06,98917.82,2.46375,1732276799999,243430.7686995,559,1.14556,113140.0215331,0.0
2024-11-22 12:00:00+00:00,98918.11,98971.98,97170.5,98742.59,11.40905,1732291199999,1117749.8538426,1455,3.75808,367825.2662237,0.0
2024-11-22 16:00:00+00:00,98742.79,99489.97,98215.7,99121.29,9.24722,1732305599999,915041.369274,1281,6.55783,648970.3614978,0.0
2024-11-22 20:00:00+00:00,99234.42,99364.99,98000.0,98896.0,5.14244,1732319999999,508488.6159151,1393,2.13647,211478.9619158,0.0
2024-11-23 00:00:00+00:00,98942.12,98942.17,98307.4,98699.35,5.73832,1732334399999,565656.2347718,1690,2.7,266263.2636161,0.0
2024-11-23 04:00:00+00:00,98719.32,98764.09,98215.0,98556.94,7.15186,1732348799999,704431.5022391,1131,1.72445,170056.1946171,0.0
2024-11-23 08:00:00+00:00,98466.37,98554.51,98247.23,98454.18,1.25397,1732363199999,123400.4376058,440,0.64234,63242.583543,0.0
2024-11-23 12:00:00+00:00,98372.92,98818.13,98211.54,98412.45,8.78467,1732377599999,865354.1657399,1076,4.82323,475155.0886788,0.0
2024-11-23 16:00:00+00:00,98408.93,98455.61,97380.95,97581.93,14.75196,1732391999999,1445432.6838238,1465,6.72347,659724.2153393,0.0
2024-11-23 20:00:00+00:00,97455.0,98000.0,97170.49,97736.02,2.15231,1732406399999,210110.108051,590,1.44028,140683.5136244,0.0
2024-11-24 00:00:00+00:00,97735.48,98558.0,97722.45,98100.05,2.03993,1732420799999,200076.1766049,600,1.55614,152589.7417016,0.0
2024-11-24 04:00:00+00:00,98100.05,98416.7,97861.45,98257.04,6.07296,1732435199999,595825.5765891,648,5.47646,537386.5092408,0.0
2024-11-24 08:00:00+00:00,98272.66,98396.58,97200.23,97200.23,2.18595,1732449599999,213329.7747456,698,0.29103,28441.4860317,0.0
2024-11-24 12:00:00+00:00,97200.01,97542.18,95995.99,95995.99,6.38436,1732463999999,617509.1832383,1277,1.60095,155285.0394402,0.0
2024-11-24 16:00:00+00:00,95995.99,96659.46,95720.32,96377.57,7.74008,1732478399999,742791.5626494,765,3.38251,324826.6934171,0.0
2024-11-24 20:00:00+00:00,96149.43,98396.54,96149.43,97700.51,8.55116,1732492799999,830648.2553208,1081,6.91655,671453.3615509,0.0
2024-11-25 00:00:00+00:00,97908.56,97965.26,96919.95,97735.41,3.11643,1732507199999,303937.1689629,883,1.7468,170471.0028187,0.0
2024-11-25 04:00:00+00:00,97735.54,98314.29,97564.53,98057.71,6.16515,1732521599999,604136.9416277,597,5.08725,498518.3983958,0.0
2024-11-25 08:00:00+00:00,98057.57,98761.24,97874.93,98230.43,1.85806,1732535999999,182755.1095839,739,0.97002,95499.4857614,0.0
2024-11-25 12:00:00+00:00,98113.23,98289.83,94654.24,96268.29,26.70891,1732550399999,2562367.0593953,2249,8.03069,768047.2466767,0.0
2024-11-25 16:00:00+00:00,96268.29,96499.23,94616.05,94857.34,6.70212,1732564799999,641771.3852628,1193,2.7261,261327.9219476,0.0
2024-11-25 20:00:00+00:00,94857.32,95300.0,92701.07,93000.72,12.33038,1732579199999,1156624.3669029,1822,4.57453,429374.4455545,0.0
2024-11-26 00:00:00+00:00,93097.72,94994.3,92822.77,94525.96,8.53586,1732593599999,805734.2857126,812,4.4065,416092.3359653,0.0
2024-11-26 04:00:00+00:00,94555.05,94970.0,93640.0,93819.53,2.26639,1732607999999,213701.4646595,513,0.97173,91821.4564047,0.0
2024-11-26 08:00:00+00:00,93643.54,93729.39,91533.51,92370.07,7.97904,1732622399999,737136.4256691,1401,4.97109,458490.9415413,0.0
2024-11-26 12:00:00+00:00,92207.84,93488.56,91759.68,92964.55,8.28181,1732636799999,767843.3949798,933,4.80686,446091.7983087,0.0
2024-11-26 16:00:00+00:00,92998.68,94598.97,91600.0,91777.85,4.15541,1732651199999,386244.353247,1319,1.23519,114700.8259522,0.0
2024-11-26 20:00:00+00:00,91600.12,92379.9,90835.75,92025.55,8.80469,1732665599999,805363.9772107,1167,4.60053,420313.2947772,0.0
2024-11-27 00:00:00+00:00,92012.34,92987.0,91776.68,92675.43,4.04784,1732679999999,373703.1500784,500,2.15528,199140.7455651,0.0
2024-11-27 04:00:00+00:00,92651.71,93638.84,92225.71,93634.12,5.94598,1732694399999,551425.465933,735,4.57687,424372.8962559,0.0
2024-11-27 08:00:00+00:00,93496.62,93830.46,93000.0,93414.15,3.36322,1732708799999,315016.3324038,353,0.88994,83368.9908118,0.0
2024-11-27 12:00:00+00:00,93433.03,95772.46,92892.87,95768.88,8.18271,1732723199999,774961.547555,1426,5.64656,535508.1723956,0.0
2024-11-27 16:00:00+00:00,95528.23,96550.0,95256.01,96470.35,12.19732,1732737599999,1170965.5085936,1149,7.10835,682564.9398256,0.0
2024-11-27 20:00:00+00:00,96464.89,97111.51,95818.91,95818.91,5.24326,1732751999999,505394.0594533,866,3.51474,338796.8422018,0.0
2024-11-28 00:00:00+00:00,95818.92,96556.18,94800.0,95336.56,2.79386,1732766399999,267447.3961677,773,1.36148,130238.5474679,0.0
2024-11-28 04:00:00+00:00,95343.51,95843.43,95086.0,95198.92,1.19348,1732780799999,113994.4714134,380,0.43992,42063.4944723,0.0
2024-11-28 08:00:00+00:00,95367.07,95686.39,94680.73,95559.51,0.64666,1732795199999,61419.7219369,318,0.18334,17470.7146131,0.0
2024-11-28 12:00:00+00:00,95579.34,96192.5,94921.63,94930.54,1.58823,1732809599999,151788.0183045,499,0.75179,71856.2424552,0.0
2024-11-28 16:00:00+00:00,95000.0,95407.86,94800.59,95049.99,1.15459,1732823999999,109835.2106596,311,0.38735,36863.172309,0.0
2024-11-28 20:00:00+00:00,95144.45,95939.04,94756.0,95715.15,4.8296,1732838399999,458790.0622354,460,1.21572,115775.936043,0.0
2024-11-29 00:00:00+00:00,95712.22,96775.6,95361.22,96511.35,4.68312,1732852799999,450609.5560655,684,3.07049,295422.2837938,0.0
2024-11-29 04:00:00+00:00,96607.97,96629.82,95601.14,95601.26,2.36166,1732867199999,227343.9617874,406,1.39252,134077.9409696,0.0
2024-11-29 08:00:00+00:00,95601.49,97270.0,95601.48,97270.0,1.46608,1732881599999,141655.2720363,378,1.17943,114147.7629145,0.0
2024-11-29 12:00:00+00:00,97192.76,98527.75,96752.76,98016.95,5.39022,1732895999999,526804.6180193,1100,3.54602,347033.0937085,0.0
2024-11-29 16:00:00+00:00,98371.83,98371.83,97026.65,97374.89,17.48207,1732910399999,1699362.9189225,1039,1.94922,189745.7828716,0.0
2024-11-29 20:00:00+00:00,97199.62,97643.04,97175.38,97450.0,14.42846,1732924799999,1407186.2933287,814,1.7514,170748.8693388,0.0
2024-11-30 00:00:00+00:00,97450.0,97450.0,96485.45,96691.94,5.53551,1732939199999,536043.6939267,953,1.12108,108552.733914,0.0
2024-11-30 04:00:00+00:00,96691.94,97175.97,96445.5,96806.27,5.20141,1732953599999,503301.4859644,768,1.71231,166004.4710312,0.0
2024-11-30 08:00:00+00:00,96743.62,96973.83,96137.74,96310.16,1.61553,1732967999999,155926.467582,403,0.57216,55343.3076853,0.0
2024-11-30 12:00:00+00:00,96291.63,96739.78,96258.12,96639.76,2.36446,1732982399999,228370.6736251,326,1.80673,174546.1044189,0.0
2024-11-30 16:00:00+00:00,96640.66,97066.11,96521.09,97030.04,4.94902,1732996799999,479503.1233482,547,2.94362,285281.4283288,0.0
2024-11-30 20:00:00+00:00,96991.05,97061.05,95610.99,96479.44,3.40872,1733011199999,329440.9014842,601,0.98994,95913.8045792,0.0
2024-12-01 00:00:00+00:00,96469.7,96648.56,95733.01,96205.43,3.30237,1733025599999,317775.2457151,625,1.72952,166576.1196934,0.0
2024-12-01 04:00:00+00:00,96206.49,96481.84,96151.91,96372.78,0.87324,1733039999999,84085.1261329,185,0.54138,52131.2151638,0.0
2024-12-01 08:00:00+00:00,96381.49,97149.83,96381.49,97000.01,0.6036,1733054399999,58467.8098885,270,0.40372,39112.856142,0.0
2024-12-01 12:00:00+00:00,97043.71,97285.79,96683.95,96968.54,1.3705,1733068799999,133165.7382632,366,0.97281,94557.6494297,0.0
2024-12-01 16:00:00+00:00,97059.93,97435.53,96974.06,97053.51,3.08189,1733083199999,299556.565449,704,1.16778,113574.8785453,0.0
2024-12-01 20:00:00+00:00,97171.8,97799.98,96771.59,97249.75,6.98696,1733097599999,680202.5321629,994,3.82198,372163.1685115,0.0
2024-12-02 00:00:00+00:00,97237.72,98034.51,96365.39,96468.1,11.55905,1733111999999,1127925.2657846,2058,5.62276,548975.1474164,0.0
2024-12-02 04:00:00+00:00,96535.45,96875.17,95825.25,95942.4,4.16633,1733126399999,401301.062375,972,1.7237,166176.2431587,0.0
2024-12-02 08:00:00+00:00,95942.4,96108.96,94808.65,95278.78,6.88482,1733140799999,655913.2408455,1259,2.56992,244506.2060917,0.0
2024-12-02 12:00:00+00:00,95118.31,97149.83,94839.12,97148.06,10.13296,1733155199999,973967.3517671,1377,4.52587,435954.2678495,0.0
2024-12-02 16:00:00+00:00,97033.9,97268.61,94496.55,95692.26,7.13439,1733169599999,683974.3973865,1749,3.15083,302154.2268567,0.0
2024-12-02 20:00:00+00:00,95692.26,96268.1,95070.4,95882.52,5.75315,1733183999999,550355.5022348,1335,4.10075,392485.7715944,0.0
2024-12-03 00:00:00+00:00,95882.51,96250.68,95383.86,96038.84,5.86193,1733198399999,562217.2305873,1188,3.4004,326289.6198162,0.0
2024-12-03 04:00:00+00:00,96115.91,96197.29,95324.42,95629.39,3.76029,1733212799999,360788.0710398,776,1.57275,151041.9272069,0.0
2024-12-03 08:00:00+00:00,95599.99,95696.62,94678.65,95033.96,3.28925,1733227199999,313253.1623964,593,1.08672,103678.344571,0.0
2024-12-03 12:00:00+00:00,95033.7,96184.83,93612.4,95720.62,7.10301,1733241599999,671535.0055621,1765,1.89319,179846.4225144,0.0
2024-12-03 16:00:00+00:00,95509.15,96106.39,94884.64,95499.57,4.37878,1733255999999,417572.8843325,960,3.12034,297503.2466478,0.0
2024-12-03 20:00:00+00:00,95400.01,96108.48,95266.02,95685.6,6.50488,1733270399999,623110.1243756,1403,4.51294,432442.420257,0.0
2024-12-04 00:00:00+00:00,95797.25,96358.0,95135.15,95761.29,5.45582,1733284799999,521713.6821283,1907,2.29743,219898.7125459,0.0
2024-12-04 04:00:00+00:00,95732.99,96540.96,95548.07,96408.71,9.13882,1733299199999,879541.1444681,2586,4.45711,429141.1366066,0.0
2024-12-04 08:00:00+00:00,96408.49,96845.71,96136.4,96328.26,2.0645,1733313599999,199379.7975145,750,1.65407,159808.4622558,0.0
2024-12-04 12:00:00+00:00,96145.64,96471.8,95400.0,95686.97,5.71103,1733327999999,547775.5616858,999,3.37499,324058.3486583,0.0
2024-12-04 16:00:00+00:00,95851.59,97200.0,94625.93,97199.77,13.25537,1733342399999,1271665.3596934,1591,9.05698,872130.1530473,0.0
2024-12-04 20:00:00+00:00,97102.31,98780.0,97061.02,98738.82,18.93362,1733356799999,1861052.4138428,2756,16.86763,1658502.1610903,0.0
2024-12-05 00:00:00+00:00,98514.31,103985.03,97725.61,102923.62,54.22534,1733371199999,5465905.4119774,6599,39.17631,3937507.4791842,0.0
2024-12-05 04:00:00+00:00,102923.77,103480.74,101348.18,102244.0,9.17423,1733385599999,941774.5917048,2435,6.60907,678966.8037676,0.0
2024-12-05 08:00:00+00:00,102021.3,103000.0,102021.3,102484.86,4.17432,1733399999999,427596.418231,990,3.39588,347803.1986072,0.0
2024-12-05 12:00:00+00:00,102609.2,103497.28,101015.49,101180.0,10.1215,1733414399999,1038540.7867261,1909,5.51778,566996.3171652,0.0
2024-12-05 16:00:00+00:00,101180.05,101946.27,98680.36,99029.11,10.34375,1733428799999,1042552.3312878,1925,4.48075,452549.9869788,0.0
2024-12-05 20:00:00+00:00,99027.93,99444.96,92617.1,96912.23,32.32045,1733443199999,3127822.5396402,4181,9.4159,914936.0542847,0.0
2024-12-06 00:00:00+00:00,97211.02,98720.74,96514.66,97710.0,7.79543,1733457599999,762392.5583808,1151,4.97983,487265.9269756,0.0
2024-12-06 04:00:00+00:00,97849.4,98262.26,97466.36,98262.26,1.44044,1733471999999,140998.4267995,533,0.80264,78621.0859883,0.0
2024-12-06 08:00:00+00:00,98150.28,98720.72,97777.0,98130.91,1.05081,1733486399999,103224.0966295,492,0.3196,31396.631354,0.0
2024-12-06 12:00:00+00:00,98130.91,99443.81,97570.36,98877.37,5.86873,1733500799999,579755.3317604,1140,2.17982,215497.1392798,0.0
2024-12-06 16:00:00+00:00,99326.22,101700.74,98751.38,101581.89,16.40476,1733515199999,1641520.0342052,2755,14.16045,1415408.7303096,0.0
2024-12-06 20:00:00+00:00,101300.06,101665.84,99100.0,99752.61,6.51206,1733529599999,654257.4906346,2223,3.41918,344379.3647582,0.0
2024-12-07 00:00:00+00:00,99752.04,100304.0,99258.49,99258.49,2.24223,1733543999999,223824.2936535,675,1.0801,107952.6052629,0.0
2024-12-07 04:00:00+00:00,99236.34,99576.04,98943.65,99415.55,3.57363,1733558399999,354378.5641662,473,0.80875,80334.6123131,0.0
2024-12-07 08:00:00+00:00,99415.55,99731.3,99254.79,99567.12,0.37651,1733572799999,37455.1864905,212,0.11235,11187.4428936,0.0
2024-12-07 12:00:00+00:00,99704.9,99715.27,99080.02,99715.21,2.64239,1733587199999,262761.9106049,437,1.83169,182206.7712149,0.0
2024-12-07 16:00:00+00:00,99715.21,100221.35,99415.27,100048.02,1.75302,1733601599999,174882.1345626,537,0.89755,89601.5875115,0.0
2024-12-07 20:00:00+00:00,100184.64,100377.72,99649.01,99886.71,2.3877,1733615999999,238592.7376174,422,1.02288,102244.1657177,0.0
2024-12-08 00:00:00+00:00,99662.37,100239.27,99617.73,100030.06,5.08321,1733630399999,508229.3752747,535,1.79004,178933.6148045,0.0
2024-12-08 04:00:00+00:00,100026.24,100026.24,99376.11,99834.29,1.43765,1733644799999,143371.4040211,425,0.78577,78428.5225044,0.0
2024-12-08 08:00:00+00:00,99640.35,99787.45,98766.08,99734.65,1.64909,1733659199999,163728.5723758,461,0.48601,48287.7606212,0.0
2024-12-08 12:00:00+00:00,99733.24,100403.93,99421.2,99846.93,4.23981,1733673599999,423334.1345605,598,2.54793,254485.7790376,0.0
2024-12-08 16:00:00+00:00,99923.14,100124.32,99500.0,99969.03,2.31162,1733687999999,230769.3992193,400,1.27556,127503.8375379,0.0
2024-12-08 20:00:00+00:00,100001.89,101251.4,99798.1,101159.43,3.23715,1733702399999,324881.1443456,783,1.97168,198005.2053919,0.0
2024-12-09 00:00:00+00:00,101189.57,101189.57,98639.55,99029.11,7.49477,1733716799999,747538.2089189,1089,2.55704,255247.210838,0.0
2024-12-09 04:00:00+00:00,99126.86,99642.16,98417.39,99544.24,6.17855,1733731199999,611464.8755495,860,1.45779,144767.2411259,0.0
2024-12-09 08:00:00+00:00,99627.13,99627.13,98036.73,98036.73,2.3902,1733745599999,236233.006526,730,0.37717,37291.0079893,0.0
2024-12-09 12:00:00+00:00,98015.29,100363.54,97571.43,97968.04,10.15134,1733759999999,1002699.1932303,1027,4.43859,441640.9760759,0.0
2024-12-09 16:00:00+00:00,97646.4,98345.55,96911.42,97142.32,9.62381,1733774399999,940357.0281858,1028,1.07559,105265.1260493,0.0
2024-12-09 20:00:00+00:00,97141.96,97545.14,94183.05,97429.69,22.687,1733788799999,2182016.8875982,3708,6.72601,646340.3821283,0.0
2024-12-10 00:00:00+00:00,97219.37,98055.81,95625.91,96889.62,6.78592,1733803199999,658723.0246219,1372,3.89901,378696.3379836,0.0
2024-12-10 04:00:00+00:00,96889.37,97419.21,95300.0,97007.78,6.75502,1733817599999,651162.8489486,778,2.5817,249593.653651,0.0
2024-12-10 08:00:00+00:00,97182.46,97845.37,96901.53,97622.04,1.14727,1733831999999,111838.9509147,330,0.21575,21038.595157,0.0
2024-12-10 12:00:00+00:00,97642.96,98200.0,95659.31,95659.31,8.48179,1733846399999,821458.6635568,1658,2.50847,244470.0760757,0.0
2024-12-10 16:00:00+00:00,95659.33,96398.76,94321.36,95952.96,12.51129,1733860799999,1190583.9626675,1771,4.51909,429962.9038947,0.0
2024-12-10 20:00:00+00:00,95816.43,97148.52,95628.46,96541.23,3.7193,1733875199999,358500.0634754,696,1.37906,133282.7723965,0.0
2024-12-11 00:00:00+00:00,96550.0,97527.12,95662.47,97445.82,3.82353,1733889599999,370608.7132314,850,2.79143,270947.5727061,0.0
2024-12-11 04:00:00+00:00,97412.2,97754.8,97179.41,97281.87,1.46184,1733903999999,142449.8417506,283,0.73863,72003.4729207,0.0
2024-12-11 08:00:00+00:00,97328.87,98399.99,97328.87,98350.0,1.3318,1733918399999,130521.8659702,342,1.03674,101628.3547376,0.0
2024-12-11 12:00:00+00:00,98399.99,100641.85,98073.51,100453.86,12.04277,1733932799999,1196957.0150168,1401,9.82691,977527.1469205,0.0
2024-12-11 16:00:00+00:00,100452.38,101050.0,99611.36,101050.0,11.02395,1733947199999,1109485.3558284,930,9.42458,948782.2196007,0.0
2024-12-11 20:00:00+00:00,101050.0,101798.25,100869.89,101032.06,8.57551,1733961599999,869384.7479533,776,6.44336,653408.852418,0.0
2024-12-12 00:00:00+00:00,101151.83,101769.0,100311.0,100969.49,6.19942,1733975999999,626425.4485335,1361,3.48807,352594.9176434,0.0
2024-12-12 04:00:00+00:00,101000.0,101217.73,100435.9,100476.9,3.61495,1733990399999,364238.8172092,750,1.65949,167423.4536524,0.0
2024-12-12 08:00:00+00:00,100476.9,101092.45,100215.32,100382.57,2.42551,1734004799999,244085.8479401,440,1.07101,107909.6277863,0.0
2024-12-12 12:00:00+00:00,100321.62,101770.0,100321.62,101626.65,6.24658,1734019199999,632240.9239331,817,2.8922,293366.6128565,0.0
2024-12-12 16:00:00+00:00,101736.04,102448.96,99331.09,99504.9,14.1205,1734033599999,1427966.2113243,1824,4.94458,501893.8552949,0.0
2024-12-12 20:00:00+00:00,99504.9,100426.82,99504.9,99958.06,7.0726,1734047999999,706114.2879158,737,3.39326,338525.9474982,0.0
2024-12-13 00:00:00+00:00,99999.98,100344.86,99244.97,99670.87,2.29229,1734062399999,228482.9759515,725,1.06343,106069.0662275,0.0
2024-12-13 04:00:00+00:00,99670.76,100187.49,99464.98,100082.12,2.3905,1734076799999,238473.1434425,578,0.82087,81936.7145064,0.0
2024-12-13 08:00:00+00:00,100137.85,100663.82,99850.06,100377.01,1.3014,1734091199999,130526.990491,310,0.64408,64679.7207232,0.0
2024-12-13 12:00:00+00:00,100452.26,101303.55,99744.75,99774.93,3.79123,1734105599999,380801.5288938,831,1.28956,130008.3272332,0.0
2024-12-13 16:00:00+00:00,99774.96,101798.92,99767.59,101549.5,5.11313,1734119999999,516964.1260989,775,4.07891,412533.4686397,0.0
2024-12-13 20:00:00+00:00,101544.01,101760.03,101091.22,101431.14,2.73089,1734134399999,276684.5918701,364,0.76033,77085.602635,0.0
2024-12-14 00:00:00+00:00,101341.72,102652.48,101097.81,102004.53,4.54277,1734148799999,464005.1052495,1146,3.02779,309316.2218024,0.0
2024-12-14 04:00:00+00:00,102004.9,102129.96,101619.2,101778.65,0.41879,1734163199999,42629.4786522,231,0.22353,22756.9514898,0.0
2024-12-14 08:00:00+00:00,101746.45,101861.96,101391.38,101588.64,0.74123,1734177599999,75302.2866021,254,0.26195,26615.9860671,0.0
2024-12-14 12:00:00+00:00,101588.53,101724.8,100860.0,101601.72,2.60494,1734191999999,264308.5855623,572,1.75552,178253.8778653,0.0
2024-12-14 16:00:00+00:00,101569.83,101685.36,100860.0,101235.48,1.78489,1734206399999,180702.3406289,617,0.56559,57313.6517187,0.0
2024-12-14 20:00:00+00:00,101296.51,101446.33,100669.53,101443.21,0.99779,1734220799999,100805.6011963,275,0.52499,53084.3795882,0.0
2024-12-15 00:00:00+00:00,101442.4,102103.29,101211.52,101735.73,2.21988,1734235199999,225494.4959726,419,0.86306,87762.4693435,0.0
2024-12-15 04:00:00+00:00,101735.73,102716.03,101481.75,101539.99,4.67534,1734249599999,477472.1012817,692,2.39446,244893.0150428,0.0
2024-12-15 08:00:00+00:00,101544.19,102429.4,101544.19,102337.65,1.66139,1734263999999,169859.933376,278,1.57583,161131.4780612,0.0
2024-12-15 12:00:00+00:00,102375.26,102999.0,100528.0,102768.89,7.85195,1734278399999,803507.7986741,1591,4.1375,424912.8381846,0.0
2024-12-15 16:00:00+00:00,102753.8,103305.0,102613.07,103261.28,4.76178,1734292799999,491057.3540154,977,3.34423,344870.3499471,0.0
2024-12-15 20:00:00+00:00,103291.16,104837.56,102660.13,104334.87,13.66325,1734307199999,1416448.834657,2162,7.6088,790700.8961086,0.0
2024-12-16 00:00:00+00:00,104334.79,106200.0,104095.62,104581.05,19.06078,1734321599999,2003647.6468305,3231,15.34013,1612241.4452266,0.0
2024-12-16 04:00:00+00:00,104563.54,105412.45,104386.18,104959.55,1.8091,1734335999999,189954.4990907,506,1.29003,135501.1620025,0.0
2024-12-16 08:00:00+00:00,104980.91,104980.91,103682.84,103800.08,2.2019,1734350399999,229774.1134569,625,1.07372,112165.5092931,0.0
2024-12-16 12:00:00+00:00,103701.87,106473.01,103388.79,106320.96,5.83768,1734364799999,615971.2924463,1290,4.6285,488985.303894,0.0
2024-12-16 16:00:00+00:00,106320.98,107758.14,105882.73,106617.94,9.03718,1734379199999,965445.0959335,1374,5.47584,586049.0273609,0.0
2024-12-16 20:00:00+00:00,106599.04,106599.04,105500.02,105960.71,3.45363,1734393599999,365912.59358,548,1.04122,110359.3195367,0.0
2024-12-17 00:00:00+00:00,106067.69,106914.74,105705.02,106778.4,4.2308,1734407999999,449688.24266,581,3.13909,333716.1664024,0.0
2024-12-17 04:00:00+00:00,106832.15,107100.0,106340.4,106839.03,2.95711,1734422399999,315654.9312781,456,1.66485,177823.5515445,0.0
2024-12-17 08:00:00+00:00,106721.25,107507.15,106721.25,106920.49,0.73853,1734436799999,79173.9871107,322,0.38765,41597.8266861,0.0
2024-12-17 12:00:00+00:00,106761.46,108280.0,105763.5,106491.25,6.94979,1734451199999,745694.2034248,1341,3.7266,399115.3792994,0.0
2024-12-17 16:00:00+00:00,106500.99,107592.19,106145.53,106578.71,4.11297,1734465599999,439928.123265,771,1.22659,131146.9577987,0.0
2024-12-17 20:00:00+00:00,106573.83,106843.2,105400.0,106265.06,3.39197,1734479999999,359818.6621522,716,1.03659,110143.0062413,0.0
2024-12-18 00:00:00+00:00,106201.71,106495.47,104623.03,104777.81,3.57638,1734494399999,377184.8766694,786,1.74366,184252.9267148,0.0
2024-12-18 04:00:00+00:00,104777.79,104777.79,103229.56,104234.56,6.13354,1734508799999,638436.8303505,766,1.07651,111901.1531904,0.0
2024-12-18 08:00:00+00:00,104275.18,105038.99,103802.51,105038.9,4.41705,1734523199999,462775.5002902,245,3.91462,410396.9270131,0.0
2024-12-18 12:00:00+00:00,104967.29,105332.81,103488.0,104287.34,4.9268,1734537599999,513033.0716858,601,1.15518,120366.0364919,0.0
2024-12-18 16:00:00+00:00,104299.15,104945.53,102900.0,102900.0,3.70138,1734551999999,384707.6668797,893,1.50913,157375.2491258,0.0
2024-12-18 20:00:00+00:00,102900.0,102900.0,100412.85,100548.76,13.83204,1734566399999,1403501.4552709,2026,3.7071,376770.5432389,0.0
2024-12-19 00:00:00+00:00,100412.86,101245.68,98900.0,101234.56,11.04907,1734580799999,1106684.4610367,1663,1.78825,179017.0677374,0.0
2024-12-19 04:00:00+00:00,101234.56,101639.19,100800.0,101639.19,2.0715,1734595199999,209363.7055509,259,0.62769,63559.6393463,0.0
2024-12-19 08:00:00+00:00,101652.38,102538.08,101335.23,102456.0,0.7806,1734609599999,79665.9086275,339,0.34936,35658.7454967,0.0
2024-12-19 12:00:00+00:00,102456.45,102742.53,99500.0,100641.84,8.73102,1734623999999,875522.42935,1060,5.94808,595532.5396499,0.0
2024-12-19 16:00:00+00:00,100550.88,101143.31,96324.87,97264.94,14.61375,1734638399999,1434948.1874454,2310,4.00769,395633.1647043,0.0
2024-12-19 20:00:00+00:00,96913.26,98348.72,95734.49,97556.8,9.00169,1734652799999,873487.883556,1026,4.1393,403146.9634296,0.0
2024-12-20 00:00:00+00:00,97471.01,97772.43,96069.74,97217.71,3.90618,1734667199999,379473.0456956,796,1.09896,106689.7323066,0.0
2024-12-20 04:00:00+00:00,97217.99,98209.08,96450.0,97774.15,2.26045,1734681599999,219774.5729153,464,0.63071,61597.9704261,0.0
2024-12-20 08:00:00+00:00,97774.15,97774.22,92700.0,92839.34,11.04886,1734695999999,1044501.2863279,1495,2.3618,222846.7126575,0.0
2024-12-20 12:00:00+00:00,92733.72,97536.12,92324.15,96945.79,9.25921,1734710399999,880306.1831725,1198,5.52051,525315.4429574,0.0
2024-12-20 16:00:00+00:00,96982.02,97739.09,96392.97,97262.99,3.96436,1734724799999,384945.538603,811,2.12273,206129.5418914,0.0
2024-12-20 20:00:00+00:00,97127.65,97724.79,95476.37,97724.79,1.93503,1734739199999,187538.4219624,605,0.52103,50456.9142113,0.0
2024-12-21 00:00:00+00:00,97739.09,97751.59,97179.21,97424.56,1.8921,1734753599999,184263.5441168,305,1.02149,99561.8867572,0.0
2024-12-21 04:00:00+00:00,97424.56,99486.59,97368.15,99129.68,2.01076,1734767999999,198075.3513794,780,1.20829,119115.6273394,0.0
2024-12-21 08:00:00+00:00,99129.68,99129.68,97760.56,98202.35,3.27635,1734782399999,322373.6533575,423,1.3099,128988.9164741,0.0
2024-12-21 12:00:00+00:00,98272.22,98272.23,96439.23,97573.4,3.99332,1734796799999,389107.6026721,680,1.86679,181844.7169149,0.0
2024-12-21 16:00:00+00:00,97377.54,97741.46,96850.34,97152.4,1.57083,1734811199999,152545.0816388,336,0.29054,28291.3753053,0.0
2024-12-21 20:00:00+00:00,97243.54,97991.86,96638.15,97310.82,2.59101,1734825599999,252412.278033,346,1.84318,179738.3675122,0.0
2024-12-22 00:00:00+00:00,97334.82,97395.71,96562.72,96875.54,3.15329,1734839999999,305864.5586042,263,2.80409,272012.4984442,0.0
2024-12-22 04:00:00+00:00,97016.43,97056.96,95879.73,96220.91,1.80413,1734854399999,173520.1370269,352,1.01205,97403.2559445,0.0
2024-12-22 08:00:00+00:00,96266.68,97298.86,96266.68,97141.58,0.31407,1734868799999,30412.4351758,205,0.11106,10759.5267728,0.0
2024-12-22 12:00:00+00:00,97061.7,97256.24,95138.17,95400.57,1.93305,1734883199999,186330.9157287,522,0.46034,44096.3176469,0.0
2024-12-22 16:00:00+00:00,95376.59,96331.34,94755.63,94755.63,2.5816,1734897599999,246674.7055722,492,0.71413,68334.6308209,0.0
2024-12-22 20:00:00+00:00,94792.04,95763.23,94319.97,95119.37,5.38287,1734911999999,511974.282854,674,3.17607,302362.3486755,0.0
2024-12-23 00:00:00+00:00,95119.43,95956.14,93768.95,95955.79,4.91897,1734926399999,465628.9788417,790,1.72515,163970.6271892,0.0
2024-12-23 04:00:00+00:00,95971.48,96429.81,94749.15,95388.65,5.5811,1734940799999,534376.7316482,486,3.49413,333740.0971526,0.0
2024-12-23 08:00:00+00:00,95216.44,96456.78,95038.5,96005.46,0.35652,1734955199999,34200.3465666,204,0.1522,14563.8020248,0.0
2024-12-23 12:00:00+00:00,95856.18,96379.07,93100.87,93323.75,2.38334,1734969599999,225880.8688981,716,0.88826,84763.9224965,0.0
2024-12-23 16:00:00+00:00,93265.65,94264.43,92699.99,93014.25,3.98429,1734983999999,371787.0014739,692,2.23879,209130.5874109,0.0
2024-12-23 20:00:00+00:00,93000.01,95433.79,92597.45,94895.43,5.94655,1734998399999,559794.3666791,900,2.3748,223932.8840003,0.0
2024-12-24 00:00:00+00:00,94832.45,94832.45,93608.1,94356.93,2.29695,1735012799999,216453.1608917,540,1.16914,109937.91853,0.0
2024-12-24 04:00:00+00:00,94303.74,94632.39,93792.55,94244.0,0.84434,1735027199999,79582.5518638,230,0.42135,39727.8664646,0.0
2024-12-24 08:00:00+00:00,94200.0,94552.52,93870.0,94394.19,0.90755,1735041599999,85639.2328293,118,0.6828,64427.4617823,0.0
2024-12-24 12:00:00+00:00,94394.34,98221.2,94080.15,98192.87,31.18323,1735055999999,3003416.6357745,1531,28.89093,2782070.9759423,0.0
2024-12-24 16:00:00+00:00,98234.56,99403.67,97605.31,97608.21,5.90467,1735070399999,581189.8803994,938,4.40111,433052.4798001,0.0
2024-12-24 20:00:00+00:00,97608.21,99000.75,97266.71,98688.64,1.06399,1735084799999,104442.1158104,472,0.53924,52929.8042216,0.0
2024-12-25 00:00:00+00:00,98735.76,98846.29,97760.84,98066.0,1.18702,1735099199999,116948.0309772,309,0.92103,90833.5175308,0.0
2024-12-25 04:00:00+00:00,97925.74,98473.18,97882.54,98163.29,0.7915,1735113599999,77771.0081357,171,0.44975,44213.8048609,0.0
2024-12-25 08:00:00+00:00,98153.51,99353.54,97849.5,97849.5,1.3212,1735127999999,130329.1413636,339,1.04332,102975.8877617,0.0
2024-12-25 12:00:00+00:00,97845.02,98850.01,97676.28,98530.33,4.59843,1735142399999,452713.5244875,228,2.75165,270970.7086539,0.0
2024-12-25 16:00:00+00:00,98479.98,99146.28,98075.56,99078.93,4.70387,1735156799999,463725.0248359,408,3.96672,391173.5854585,0.0
2024-12-25 20:00:00+00:00,99062.91,99491.54,98389.43,99315.12,1.32971,1735171199999,131567.9765453,434,0.68,67340.9391841,0.0
2024-12-26 00:00:00+00:00,99491.46,99842.45,98545.92,98882.87,1.34141,1735185599999,133198.2615361,453,0.93748,93182.9637338,0.0
2024-12-26 04:00:00+00:00,98866.34,99042.46,97756.17,97756.17,0.80642,1735199999999,79212.6862454,324,0.48601,47689.6430801,0.0
2024-12-26 08:00:00+00:00,97720.68,97720.68,95200.0,95737.89,4.65871,1735214399999,448947.2015015,706,1.09759,105625.5982902,0.0
2024-12-26 12:00:00+00:00,95602.2,96300.0,95267.89,96053.44,0.86308,1735228799999,82693.7501333,268,0.33135,31769.5926279,0.0
2024-12-26 16:00:00+00:00,96000.0,96562.72,95469.92,96156.69,1.78143,1735243199999,170713.6214944,418,0.54916,52710.4215598,0.0
2024-12-26 20:00:00+00:00,96154.9,96154.9,95335.7,95840.79,0.68328,1735257599999,65412.9942489,197,0.38073,36466.6636804,0.0
2024-12-27 00:00:00+00:00,95703.14,96398.74,95344.81,96329.9,3.38757,1735271999999,324704.7693057,287,2.39899,229941.6412517,0.0
2024-12-27 04:00:00+00:00,96398.76,96550.0,94837.48,95088.52,27.92488,1735286399999,2660443.0118936,669,0.75049,71869.27807,0.0
2024-12-27 08:00:00+00:00,95146.92,97454.85,95146.92,96913.73,2.27258,1735300799999,219702.5068491,495,1.0432,100819.3255458,0.0
2024-12-27 12:00:00+00:00,96963.86,97026.76,94091.4,94564.78,1.40435,1735315199999,134121.7260255,539,0.34729,33134.9400577,0.0
2024-12-27 16:00:00+00:00,94620.02,94980.32,93564.06,94677.91,1.64229,1735329599999,154994.4946853,452,0.76919,72625.0826135,0.0
2024-12-27 20:00:00+00:00,94722.51,94799.81,94203.62,94342.43,1.26258,1735343999999,119267.1427416,263,0.33252,31464.0420051,0.0
2024-12-28 00:00:00+00:00,94347.06,94714.41,94136.59,94635.96,1.33458,1735358399999,125794.6500426,199,0.17809,16824.8928461,0.0
2024-12-28 04:00:00+00:00,94605.07,94749.49,94300.0,94300.0,0.38251,1735372799999,36182.2476784,164,0.27041,25587.3343871,0.0
2024-12-28 08:00:00+00:00,94302.97,94811.84,94302.97,94807.6,1.53397,1735387199999,145299.5963366,177,1.37628,130384.5182593,0.0
2024-12-28 12:00:00+00:00,94845.15,95261.03,94409.39,94574.29,1.56465,1735401599999,148215.515446,310,0.86045,81571.9486348,0.0
2024-12-28 16:00:00+00:00,94569.46,95188.35,94409.4,95000.48,6.99899,1735415999999,663761.8625509,249,0.56279,53467.9339195,0.0
2024-12-28 20:00:00+00:00,95004.56,95651.55,94868.98,95340.32,4.93832,1735430399999,469411.0142676,288,1.57139,149518.8723013,0.0
2024-12-29 00:00:00+00:00,95344.41,95344.41,94878.37,95214.35,2.2433,1735444799999,213399.9767638,219,1.26926,120768.1689231,0.0
2024-12-29 04:00:00+00:00,95214.34,95270.46,95000.0,95270.4,0.23022,1735459199999,21905.9293491,117,0.11471,10919.9883476,0.0
2024-12-29 08:00:00+00:00,95243.43,95270.46,95036.86,95100.07,0.41462,1735473599999,39455.3105997,109,0.20406,19432.662736,0.0
2024-12-29 12:00:00+00:00,95002.22,95242.92,94100.02,94554.75,1.81346,1735487999999,171258.6697745,329,0.57584,54421.2463243,0.0
2024-12-29 16:00:00+00:00,94537.31,94537.31,93461.38,93578.97,1.98858,1735502399999,186723.6545047,397,0.36292,34053.802401,0.0
2024-12-29 20:00:00+00:00,93638.78,93901.94,93088.7,93861.71,3.03027,1735516799999,283784.0082987,562,2.33847,219081.5767135,0.0
2024-12-30 00:00:00+00:00,93685.81,94239.5,93420.44,93626.9,1.15005,1735531199999,107804.8123719,315,0.44443,41672.7994063,0.0
2024-12-30 04:00:00+00:00,93682.87,93992.65,93269.94,93758.08,1.64884,1735545599999,154276.4952887,222,0.59653,55731.2838301,0.0
2024-12-30 08:00:00+00:00,93746.13,94023.59,93500.01,93894.99,0.51634,1735559999999,48412.2692598,123,0.49119,46052.231115,0.0
2024-12-30 12:00:00+00:00,93984.58,94219.37,91573.94,92100.82,10.9748,1735574399999,1015065.6418657,1059,1.76527,162929.341464,0.0
2024-12-30 16:00:00+00:00,92160.21,94669.74,91876.43,94362.5,3.2526,1735588799999,301662.160107,574,1.54989,143915.5404505,0.0
2024-12-30 20:00:00+00:00,94405.72,94955.7,91932.88,92821.32,5.85441,1735603199999,547445.4752583,805,3.45611,325325.8825949,0.0
2024-12-31 00:00:00+00:00,92804.77,92913.06,92097.87,92592.33,1.30182,1735617599999,120388.6597007,313,0.88347,81725.9630275,0.0
2024-12-31 04:00:00+00:00,92580.37,92990.94,92357.85,92859.78,1.52666,1735631999999,141464.4965676,230,1.31188,121563.1856665,0.0
2024-12-31 08:00:00+00:00,92863.15,94676.08,92863.15,94208.07,1.29916,1735646399999,121868.1016519,379,0.45111,42387.2857458,0.0
2024-12-31 12:00:00+00:00,94296.42,96151.43,94296.42,95345.17,6.39038,1735660799999,609801.9251997,756,4.41425,422526.0986137,0.0
2024-12-31 16:00:00+00:00,95347.74,95438.1,93235.18,94171.93,6.36563,1735675199999,599629.7468829,750,4.47866,421602.9712419,0.0
2024-12-31 20:00:00+00:00,94196.47,94233.09,93389.45,93500.0,4.34596,1735689599999,406500.6048248,588,3.69262,345306.7717961,0.0
2025-01-01 00:00:00+00:00,93500.0,94361.03,93421.15,93679.0,4.3765,1735703999999,409683.4380361,418,3.48867,326479.8996328,0.0
2025-01-01 04:00:00+00:00,93829.35,93891.76,93551.0,93705.01,3.15939,1735718399999,295902.6184075,238,1.76731,165527.3233715,0.0
2025-01-01 08:00:00+00:00,93630.01,93740.14,92990.95,93403.3,4.12287,1735732799999,383915.2346573,191,0.28567,26673.5397514,0.0
2025-01-01 12:00:00+00:00,93456.27,94439.94,93456.27,94365.34,0.4342,1735747199999,40838.8824469,209,0.37862,35614.0334427,0.0
2025-01-01 16:00:00+00:00,94390.16,94761.45,93724.14,94689.21,2.80482,1735761599999,264360.3299297,458,1.54324,145521.1846985,0.0
2025-01-01 20:00:00+00:00,94612.21,95073.76,94570.54,94701.87,3.4849,1735775999999,330805.3507433,396,2.75639,261780.5149925,0.0
2025-01-02 00:00:00+00:00,94650.2,95445.77,94394.34,95056.32,6.33344,1735790399999,602819.9697261,522,4.929,469518.5932637,0.0
2025-01-02 04:00:00+00:00,95056.32,95939.04,95053.8,95818.98,1.80842,1735804799999,172553.3551598,343,1.17074,111618.974024,0.0
2025-01-02 08:00:00+00:00,95819.0,96845.2,95636.76,96632.01,3.43976,1735819199999,330405.1233485,353,3.20618,307896.2003629,0.0
2025-01-02 12:00:00+00:00,96750.39,97336.94,95999.97,96561.42,2.20066,1735833599999,212640.8015294,539,1.18286,114148.4607625,0.0
2025-01-02 16:00:00+00:00,96549.16,97694.76,96121.26,97290.43,1.29464,1735847999999,125801.5781963,640,0.71513,69465.1387712,0.0
2025-01-02 20:00:00+00:00,97408.72,97777.0,96762.74,96856.15,1.11944,1735862399999,108797.8428497,259,0.67087,65263.8059006,0.0
2025-01-03 00:00:00+00:00,96992.78,97335.84,96675.12,97012.79,2.36357,1735876799999,229255.0571364,406,1.61403,156587.6057984,0.0
2025-01-03 04:00:00+00:00,97012.79,97088.14,96258.31,96400.96,1.54525,1735891199999,149467.9375449,257,0.88481,85579.3458415,0.0
2025-01-03 08:00:00+00:00,96401.14,96817.94,96181.9,96817.44,0.98435,1735905599999,95049.277894,255,0.46412,44833.9954897,0.0
2025-01-03 12:00:00+00:00,96817.5,97584.53,96492.51,97566.35,1.51375,1735919999999,146899.0265514,467,0.6732,65322.7555559,0.0
2025-01-03 16:00:00+00:00,97503.95,98897.97,97402.37,98583.15,5.72898,1735934399999,563512.2260632,840,3.08463,303840.4711445,0.0
2025-01-03 20:00:00+00:00,98558.55,98776.3,98075.12,98186.71,2.38019,1735948799999,234357.0146193,425,0.60291,59358.1823079,0.0
2025-01-04 00:00:00+00:00,98186.71,98314.21,97841.62,98255.71,1.33372,1735963199999,130840.4533663,400,0.70188,68870.6286805,0.0
2025-01-04 04:00:00+00:00,98164.22,98285.71,97849.51,98228.71,0.82079,1735977599999,80538.2771298,176,0.58289,57210.6287254,0.0
2025-01-04 08:00:00+00:00,98249.06,98277.88,97607.31,97833.73,0.87712,1735991999999,85940.9837859,215,0.68848,67462.234767,0.0
2025-01-04 12:00:00+00:00,97914.47,98132.34,97556.8,97698.15,1.08734,1736006399999,106393.2240706,250,0.705,69049.5304627,0.0
2025-01-04 16:00:00+00:00,97767.9,98334.4,97630.29,98191.0,0.79645,1736020799999,78006.6112373,198,0.27854,27251.6520361,0.0
2025-01-04 20:00:00+00:00,98312.74,98700.0,98200.21,98337.49,1.32787,1736035199999,130772.608496,462,0.6768,66661.4070374,0.0
2025-01-05 00:00:00+00:00,98325.25,98376.94,98049.16,98162.87,1.06607,1736049599999,104735.8360739,323,0.47481,46649.6494061,0.0
2025-01-05 04:00:00+00:00,98250.0,98499.99,98235.15,98409.7,0.62423,1736063999999,61428.4355122,189,0.44396,43697.0079619,0.0
2025-01-05 08:00:00+00:00,98185.49,98185.49,97650.91,97671.07,0.94043,1736078399999,92172.8813489,224,0.12119,11848.845464,0.0
2025-01-05 12:00:00+00:00,97671.07,98242.97,97331.67,98046.37,1.1284,1736092799999,110344.6571712,256,0.62765,61470.1137697,0.0
2025-01-05 16:00:00+00:00,98030.01,98277.83,97585.47,98035.55,1.52739,1736107199999,149548.4975422,206,0.24426,23911.8963342,0.0
2025-01-05 20:00:00+00:00,98087.07,98777.0,98017.7,98300.03,2.68688,1736121599999,264807.3738682,466,1.82182,179703.800535,0.0
2025-01-06 00:00:00+00:00,98380.0,99299.93,97991.59,99022.32,2.09837,1736135999999,207086.8613718,707,1.14887,113622.935844,0.0
2025-01-06 04:00:00+00:00,99022.32,99856.22,99022.32,99314.43,5.54305,1736150399999,551410.3028648,564,3.47086,345306.5267543,0.0
2025-01-06 08:00:00+00:00,99354.54,99573.06,98778.28,99270.0,0.87098,1736164799999,86275.94016,180,0.4361,43215.2620107,0.0
2025-01-06 12:00:00+00:00,99289.19,102444.07,98778.32,102065.17,8.53884,1736179199999,860241.2493166,1403,5.74663,579679.7484306,0.0
2025-01-06 16:00:00+00:00,102340.0,102434.94,101233.65,101800.0,4.7952,1736193599999,488651.002813,747,3.00043,305584.2360526,0.0
2025-01-06 20:00:00+00:00,101800.0,102192.89,101550.08,102027.93,1.182,1736207999999,120471.3955027,315,0.96903,98793.3778827,0.0
2025-01-07 00:00:00+00:00,102198.27,102695.99,101559.36,101708.59,1.63832,1736222399999,167205.6213462,458,1.13577,116044.3502266,0.0
2025-01-07 04:00:00+00:00,101594.71,101993.01,101588.61,101736.11,2.71118,1736236799999,275753.1019928,233,0.47556,48394.433653,0.0
2025-01-07 08:00:00+00:00,101762.95,101978.47,100543.33,100636.88,2.71753,1736251199999,275618.4835485,406,0.56246,57114.2854191,0.0
2025-01-07 12:00:00+00:00,100854.82,100926.54,97239.32,97944.01,4.83777,1736265599999,479546.9189053,1062,0.74434,73976.3413352,0.0
2025-01-07 16:00:00+00:00,97944.48,98297.4,96400.0,96643.93,5.47055,1736279999999,532413.9956604,705,1.39459,136041.755584,0.0
2025-01-07 20:00:00+00:00,96400.0,97175.93,96241.06,96864.97,2.60121,1736294399999,251601.4783937,378,1.45093,140594.1631325,0.0
2025-01-08 00:00:00+00:00,96977.78,97239.32,96241.88,96553.28,2.2732,1736308799999,220254.9797384,465,1.11953,108628.7396885,0.0
2025-01-08 04:00:00+00:00,96492.2,96643.4,95327.44,95734.56,5.14098,1736323199999,492563.5617018,563,0.44669,42921.2854358,0.0
2025-01-08 08:00:00+00:00,95662.87,96085.57,94785.83,95096.21,3.46834,1736337599999,330541.1981185,405,0.50434,48086.4736809,0.0
2025-01-08 12:00:00+00:00,95207.84,96000.0,94703.65,95360.89,2.29433,1736351999999,218654.5497338,469,0.83766,79864.9454221,0.0
2025-01-08 16:00:00+00:00,95294.15,95294.15,93000.0,94361.57,7.44077,1736366399999,698721.7889395,1492,2.05113,193170.0896339,0.0
2025-01-08 20:00:00+00:00,94156.35,95277.71,93793.13,95152.56,2.11695,1736380799999,199955.0419204,389,0.76686,72578.345278,0.0
2025-01-09 00:00:00+00:00,95155.18,95407.6,93856.56,94230.78,2.07111,1736395199999,196588.3178036,456,1.24537,118423.4548287,0.0
2025-01-09 04:00:00+00:00,94230.77,94624.23,93274.83,93274.83,3.94325,1736409599999,370724.5542838,351,0.32633,30699.5097689,0.0
2025-01-09 08:00:00+00:00,93274.83,93810.79,92969.0,93491.81,2.25537,1736423999999,210423.4992354,326,0.35746,33463.8432014,0.0
2025-01-09 12:00:00+00:00,93491.8,94521.63,92149.16,94228.26,3.1819,1736438399999,295401.3216111,944,0.75478,70418.8194161,0.0
2025-01-09 16:00:00+00:00,94296.52,94640.63,92343.11,92343.11,4.198,1736452799999,391372.1147221,1026,1.20857,113262.4287774,0.0
2025-01-09 20:00:00+00:00,92435.82,92674.9,91283.3,92386.9,6.25289,1736467199999,575771.2057808,954,1.56775,144633.0243669,0.0
2025-01-10 00:00:00+00:00,92449.35,93726.74,92449.35,93588.32,3.58263,1736481599999,333990.7790387,484,1.28603,119667.6096344,0.0
2025-01-10 04:00:00+00:00,93589.61,95021.87,93589.61,94509.53,2.94711,1736495999999,277712.3640582,551,1.62967,153538.1994066,0.0
2025-01-10 08:00:00+00:00,94663.34,95315.02,94451.69,94994.69,1.03525,1736510399999,98206.8460494,245,0.22827,21685.2100251,0.0
2025-01-10 12:00:00+00:00,95019.51,95106.49,92323.04,93824.58,8.40809,1736524799999,791968.8370924,1134,4.79306,452061.0129587,0.0
2025-01-10 16:00:00+00:00,93814.47,95776.1,93249.79,95319.78,4.99369,1736539199999,470464.1244552,732,2.1036,198956.5506276,0.0
2025-01-10 20:00:00+00:00,95331.09,95383.85,94582.26,94711.18,2.78848,1736553599999,264276.2647477,301,2.14169,202893.8393965,0.0
2025-01-11 00:00:00+00:00,94819.09,94819.09,94147.99,94284.79,0.50635,1736567999999,47731.3315048,178,0.31016,29234.2151875,0.0
2025-01-11 04:00:00+00:00,94282.96,94439.21,93914.47,94277.96,0.24219,1736582399999,22819.1463055,162,0.12631,11911.1865075,0.0
2025-01-11 08:00:00+00:00,94317.32,94749.15,94042.39,94669.46,0.13729,1736596799999,12946.7112556,98,0.0561,5292.3342711,0.0
2025-01-11 12:00:00+00:00,94589.9,94671.57,94314.54,94441.08,0.27027,1736611199999,25514.6096317,80,0.06147,5810.7080231,0.0
2025-01-11 16:00:00+00:00,94490.64,94646.13,94052.35,94154.9,0.76514,1736625599999,72136.0384491,185,0.293,27632.7150947,0.0
2025-01-11 20:00:00+00:00,94266.4,94965.04,94176.29,94537.11,0.71152,1736639999999,67402.8536804,282,0.55718,52791.5836022,0.0
2025-01-12 00:00:00+00:00,94640.43,94715.79,94302.95,94567.89,0.62622,1736654399999,59166.6614816,222,0.24574,23226.2290736,0.0
2025-01-12 04:00:00+00:00,94517.54,94668.74,94292.23,94292.23,0.25695,1736668799999,24276.4455212,182,0.10799,10209.9703766,0.0
2025-01-12 08:00:00+00:00,94380.32,94424.26,93780.12,94253.87,0.23967,1736683199999,22538.0337731,169,0.07685,7229.8122407,0.0
2025-01-12 12:00:00+00:00,94160.26,95368.37,94160.26,95109.07,1.69661,1736697599999,160617.6357457,272,0.86837,82272.6505345,0.0
2025-01-12 16:00:00+00:00,95149.79,95247.94,94647.07,94647.07,1.52484,1736711999999,144912.3378742,249,0.10865,10317.1098071,0.0
2025-01-12 20:00:00+00:00,94647.07,94797.62,93848.65,94455.62,1.45337,1736726399999,137283.234154,319,0.82063,77610.5320926,0.0
2025-01-13 00:00:00+00:00,94561.19,95860.0,93890.64,94199.58,3.6402,1736740799999,346257.2348015,723,2.16619,205994.6277216,0.0
2025-01-13 04:00:00+00:00,94264.85,94894.31,93331.97,93666.54,3.25188,1736755199999,305356.5611002,544,1.74543,164080.5575003,0.0
2025-01-13 08:00:00+00:00,93549.79,93609.06,90888.0,91000.0,4.90205,1736769599999,451745.5652553,909,1.69975,157891.62588,0.0
2025-01-13 12:00:00+00:00,90948.79,93019.65,89438.45,92174.76,9.11641,1736783999999,827918.5599816,1276,2.64738,241257.7223507,0.0
2025-01-13 16:00:00+00:00,92185.31,92482.6,91334.38,92211.2,1.6302,1736798399999,149550.3131277,487,0.45268,41599.9911501,0.0
2025-01-13 20:00:00+00:00,92159.01,94677.55,91946.21,94443.68,3.04026,1736812799999,286276.477594,579,1.48586,139965.0847305,0.0
2025-01-14 00:00:00+00:00,94443.68,95222.0,94388.34,94962.91,4.37866,1736827199999,414149.4144782,343,3.49736,330696.1956127,0.0
2025-01-14 04:00:00+00:00,94996.29,95404.74,94799.82,94813.42,0.68165,1736841599999,64786.5586509,215,0.5282,50222.4974032,0.0
2025-01-14 08:00:00+00:00,94980.71,97264.98,94980.71,96447.02,6.10523,1736855999999,586939.9842189,1010,4.93505,474184.2064337,0.0
2025-01-14 12:00:00+00:00,96569.68,97235.41,95811.29,96681.52,4.33401,1736870399999,418509.4572502,642,3.64436,352142.4842725,0.0
2025-01-14 16:00:00+00:00,96394.82,96989.82,95400.0,96596.73,6.27162,1736884799999,604074.6604038,828,3.08907,296337.3403329,0.0
2025-01-14 20:00:00+00:00,96564.94,96882.68,96209.25,96535.75,0.86681,1736899199999,83746.2875073,206,0.2681,25884.1198187,0.0
2025-01-15 00:00:00+00:00,96648.12,97350.68,96500.04,97056.0,4.62984,1736913599999,449396.2424929,595,3.64317,353636.4466797,0.0
2025-01-15 04:00:00+00:00,97056.0,97425.06,96742.12,97264.18,3.40866,1736927999999,330785.9735186,351,2.55826,248385.1754873,0.0
2025-01-15 08:00:00+00:00,97221.8,97403.34,96513.69,96726.93,0.32605,1736942399999,31604.7470453,160,0.10846,10530.5364194,0.0
2025-01-15 12:00:00+00:00,96746.04,99740.38,96549.12,99044.22,6.4812,1736956799999,639948.2498429,1099,4.79043,472898.4891827,0.0
2025-01-15 16:00:00+00:00,99150.0,99883.25,98624.0,99752.01,1.27073,1736971199999,126057.4696679,395,0.74974,74445.4182524,0.0
2025-01-15 20:00:00+00:00,99888.92,100572.93,99450.27,100387.65,10.28049,1736985599999,1028831.3282109,1031,7.60035,760967.6322427,0.0
2025-01-16 00:00:00+00:00,100426.82,100779.68,99226.52,99530.26,4.17749,1736999999999,417773.684612,707,2.02873,203098.5189409,0.0
2025-01-16 04:00:00+00:00,99413.43,99899.0,99329.44,99575.53,2.08934,1737014399999,207918.2459447,264,1.7062,169787.0076698,0.0
2025-01-16 08:00:00+00:00,99819.1,99819.1,98624.04,99291.6,1.9129,1737028799999,189593.3855703,394,0.62492,61966.459558,0.0
2025-01-16 12:00:00+00:00,99291.01,99529.13,97400.03,99261.25,5.98137,1737043199999,590678.8971982,1036,1.87764,185489.0152084,0.0
2025-01-16 16:00:00+00:00,99282.24,100376.01,99098.31,100376.01,4.01571,1737057599999,401009.993901,800,2.22382,222328.2813752,0.0
2025-01-16 20:00:00+00:00,100001.62,100600.0,99390.59,99877.55,2.01584,1737071999999,201732.3579207,594,0.79449,79566.034304,0.0
2025-01-17 00:00:00+00:00,100098.21,102039.52,99887.62,101122.4,6.72667,1737086399999,681171.1173621,1002,5.59236,566389.9389862,0.0
2025-01-17 04:00:00+00:00,101155.05,101822.78,100962.46,101394.18,0.94302,1737100799999,95659.3000943,288,0.51115,51899.3190542,0.0
2025-01-17 08:00:00+00:00,101758.54,102456.33,101396.79,102380.0,1.773,1737115199999,181136.1457752,434,1.34791,137754.6992099,0.0
2025-01-17 12:00:00+00:00,102151.74,104185.63,102151.74,103933.07,5.79583,1737129599999,597590.2736634,1157,4.34065,447513.0463046,0.0
2025-01-17 16:00:00+00:00,103788.13,105800.0,103788.13,105761.12,8.68034,1737143999999,909595.5682014,1225,6.2839,658972.5338051,0.0
2025-01-17 20:00:00+00:00,105799.99,105820.92,104151.29,104151.35,3.42593,1737158399999,359552.4344687,661,1.3934,146168.490646,0.0
2025-01-18 00:00:00+00:00,104143.41,104701.52,103032.47,103511.53,2.55352,1737172799999,265774.0431208,761,1.03752,108173.7036132,0.0
2025-01-18 04:00:00+00:00,103511.53,103727.87,102682.03,102979.35,4.17012,1737187199999,430237.1120188,792,2.45694,253701.7610017,0.0
2025-01-18 08:00:00+00:00,102682.64,103824.52,102357.5,103795.97,1.82331,1737201599999,187636.8436362,429,0.93903,96817.103517,0.0
2025-01-18 12:00:00+00:00,103577.57,104973.51,103209.33,104964.02,2.22952,1737215999999,232009.4156787,629,1.34939,140408.464338,0.0
2025-01-18 16:00:00+00:00,104582.7,104775.78,103198.17,104439.13,3.6665,1737230399999,381775.2149434,754,1.82272,189798.5365325,0.0
2025-01-18 20:00:00+00:00,104441.67,104681.99,103811.98,104499.99,3.5754,1737244799999,373054.8348087,490,2.23891,233737.5845739,0.0
2025-01-19 00:00:00+00:00,104499.98,105341.21,104003.1,105026.35,2.12197,1737259199999,222368.3762985,667,1.52002,159374.8586407,0.0
2025-01-19 04:00:00+00:00,104922.01,105529.71,104275.25,105249.96,3.58068,1737273599999,376349.4253306,766,2.25392,237087.7780087,0.0
2025-01-19 08:00:00+00:00,105099.98,105400.57,103567.0,104614.11,3.34899,1737287999999,350168.6655805,964,1.12313,117667.250992,0.0
2025-01-19 12:00:00+00:00,104610.4,105581.68,104173.64,104874.7,4.42807,1737302399999,464467.8509767,1024,2.21389,232440.2787325,0.0
2025-01-19 16:00:00+00:00,104681.86,106066.02,104526.0,106050.01,4.90736,1737316799999,515849.8813986,905,2.62947,277169.6288455,0.0
2025-01-19 20:00:00+00:00,106074.97,106351.62,99746.8,101032.19,14.0286,1737331199999,1445120.888674,3529,4.77538,492617.8241991,0.0
2025-01-20 00:00:00+00:00,101032.8,102201.08,99611.36,101860.49,8.35573,1737345599999,843022.5272464,1444,4.81838,486724.894712,0.0
2025-01-20 04:00:00+00:00,101859.96,109461.87,101578.01,107000.14,25.13689,1737359999999,2691017.2352624,3392,15.68081,1678207.4729189,0.0
2025-01-20 08:00:00+00:00,107431.95,109098.99,107271.86,108349.82,6.12236,1737374399999,663270.0192081,771,3.99668,433377.5209876,0.0
2025-01-20 12:00:00+00:00,108249.97,108636.62,104616.88,104716.58,7.00307,1737388799999,749744.3267377,1690,3.15291,338941.3683537,0.0
2025-01-20 16:00:00+00:00,105175.49,106943.23,100714.29,103702.36,25.71878,1737403199999,2664050.8142123,3339,11.60095,1201707.7704848,0.0
2025-01-20 20:00:00+00:00,103702.36,104313.32,101833.98,102342.18,4.72563,1737417599999,488074.6648213,816,3.20178,331206.7958165,0.0
2025-01-21 00:00:00+00:00,102053.68,103140.46,100252.09,102861.5,4.84231,1737431999999,491860.5488663,1025,2.48961,253679.8674412,0.0
2025-01-21 04:00:00+00:00,102856.01,103067.28,101151.93,101999.46,2.00457,1737446399999,204628.3279886,480,0.8098,82770.3190256,0.0
2025-01-21 08:00:00+00:00,101782.73,103983.36,101782.73,103651.62,1.74668,1737460799999,180524.3282031,602,1.55617,160909.6763594,0.0
2025-01-21 12:00:00+00:00,103657.65,105198.13,102838.49,103992.63,10.59245,1737475199999,1105776.4916939,969,4.29493,448215.0199335,0.0
2025-01-21 16:00:00+00:00,103800.04,107098.93,103800.04,107000.0,15.35891,1737489599999,1633787.2038447,1380,11.65238,1240621.7285406,0.0
2025-01-21 20:00:00+00:00,106707.27,107077.38,105500.02,105790.01,2.55068,1737503999999,270797.5722728,524,1.12933,120100.12012,0.0
2025-01-22 00:00:00+00:00,106039.28,106277.14,105473.04,105633.14,3.12251,1737518399999,330244.9926545,363,1.998,211369.3956138,0.0
2025-01-22 04:00:00+00:00,105633.09,105829.4,105131.9,105427.82,1.93106,1737532799999,203655.271169,271,0.86824,91730.2158471,0.0
2025-01-22 08:00:00+00:00,105131.9,105413.9,104702.18,105067.98,1.52071,1737547199999,159640.3013521,242,0.66628,70006.7990022,0.0
2025-01-22 12:00:00+00:00,105363.57,105507.96,103671.32,104591.55,6.15688,1737561599999,642988.4686277,676,1.86026,194696.0418041,0.0
2025-01-22 16:00:00+00:00,104221.91,104692.31,103388.0,104383.56,2.40479,1737575999999,250355.8946363,471,1.8124,188764.1688473,0.0
2025-01-22 20:00:00+00:00,104690.88,104791.79,103700.0,103876.07,1.97156,1737590399999,205299.6358654,501,0.95128,99212.6790121,0.0
2025-01-23 00:00:00+00:00,103873.95,103873.95,102095.13,102302.63,5.97097,1737604799999,613554.7583965,725,0.99572,102402.6964202,0.0
2025-01-23 04:00:00+00:00,102303.15,102821.58,101658.68,102686.19,2.92165,1737619199999,299264.2539938,429,2.14771,220125.7331452,0.0
2025-01-23 08:00:00+00:00,102654.27,102683.59,101300.0,101812.84,1.08394,1737633599999,110422.4710928,326,0.56543,57654.3488886,0.0
2025-01-23 12:00:00+00:00,101823.36,105924.85,101391.37,105115.3,12.26968,1737647999999,1281093.1421671,1626,10.04029,1049765.6772189,0.0
2025-01-23 16:00:00+00:00,105181.81,106500.0,103449.37,103784.09,9.51628,1737662399999,1005755.3730115,1425,7.1903,761850.3030025,0.0
2025-01-23 20:00:00+00:00,103443.47,106310.58,102383.52,103973.76,14.45215,1737676799999,1506458.240703,1543,5.63176,590385.9345171,0.0
2025-01-24 00:00:00+00:00,104169.25,104225.33,102838.3,104184.0,2.38853,1737691199999,246975.2956974,483,0.68279,70736.4354896,0.0
2025-01-24 04:00:00+00:00,104182.4,105233.02,103781.43,105000.0,1.73984,1737705599999,182157.1687045,525,1.23442,129327.0341125,0.0
2025-01-24 08:00:00+00:00,105000.0,105650.0,104808.73,105481.94,2.37295,1737719999999,250112.631566,279,2.22411,234466.2870626,0.0
2025-01-24 12:00:00+00:00,105481.71,106189.15,104760.54,105810.3,1.81472,1737734399999,191636.9419444,456,1.20489,127349.0101514,0.0
2025-01-24 16:00:00+00:00,105942.1,106900.0,105557.9,105695.19,7.10255,1737748799999,755209.1207672,805,5.31473,565599.7980327,0.0
2025-01-24 20:00:00+00:00,105677.81,105965.79,104447.86,104829.35,4.10362,1737763199999,430303.8461869,514,0.8968,94323.6505107,0.0
2025-01-25 00:00:00+00:00,104829.35,105242.44,104447.86,105242.44,4.08522,1737777599999,427278.9864747,396,1.49722,156587.2106035,0.0
2025-01-25 04:00:00+00:00,105242.44,105242.44,104196.3,104329.56,2.07529,1737791999999,216843.0754585,293,0.48712,50913.3147334,0.0
2025-01-25 08:00:00+00:00,104406.49,104665.56,104158.83,104665.56,0.75548,1737806399999,78824.038438,131,0.54702,57078.1718156,0.0
2025-01-25 12:00:00+00:00,104642.7,105048.59,104437.4,104932.61,2.18223,1737820799999,228678.3922849,271,0.90497,94804.5304873,0.0
2025-01-25 16:00:00+00:00,104931.07,105242.44,104515.77,104963.4,1.08543,1737835199999,113922.4805038,318,0.41562,43614.5614717,0.0
2025-01-25 20:00:00+00:00,104981.98,105236.79,104722.01,104734.79,0.8905,1737849599999,93508.1835806,248,0.3932,41309.7315303,0.0
2025-01-26 00:00:00+00:00,104972.26,105200.27,104515.77,105032.9,0.80622,1737863999999,84426.7420656,337,0.32788,34346.6863226,0.0
2025-01-26 04:00:00+00:00,105032.93,105444.31,104930.57,104970.51,1.01515,1737878399999,106692.4423797,279,0.4255,44738.5204086,0.0
2025-01-26 08:00:00+00:00,104930.56,105216.23,104476.25,104762.96,0.7998,1737892799999,83708.2336626,213,0.1838,19257.9666813,0.0
2025-01-26 12:00:00+00:00,104737.2,105068.29,104685.37,105041.93,0.4649,1737907199999,48768.5406727,140,0.32627,34220.4959809,0.0
2025-01-26 16:00:00+00:00,105032.07,105287.22,104860.69,105020.61,0.50491,1737921599999,53042.1488173,242,0.19221,20191.4830759,0.0
2025-01-26 20:00:00+00:00,105071.59,105198.4,102618.04,102618.04,5.50207,1737935999999,570114.8038076,915,1.34163,138865.3869313,0.0
2025-01-27 00:00:00+00:00,102618.04,103233.4,100839.91,101404.2,11.73503,1737950399999,1194123.020638,1233,3.27422,333755.1876924,0.0
2025-01-27 04:00:00+00:00,101404.2,101404.2,97916.0,99152.74,11.80116,1737964799999,1178091.8195565,1394,3.65771,365994.981575,0.0
2025-01-27 08:00:00+00:00,99014.08,99493.8,98352.25,98957.58,3.69263,1737979199999,365425.4316102,471,1.95499,193353.986673,0.0
2025-01-27 12:00:00+00:00,98872.96,102222.0,98841.41,101145.83,4.87235,1737993599999,490205.8243391,1105,3.87977,390164.2350217,0.0
2025-01-27 16:00:00+00:00,101127.74,101148.84,99000.0,99700.63,5.99256,1738007999999,596854.5938054,1108,3.13044,311883.6478345,0.0
2025-01-27 20:00:00+00:00,99700.63,102386.67,99620.23,102012.39,8.00493,1738022399999,812056.2917968,972,4.84305,491213.439363,0.0
2025-01-28 00:00:00+00:00,102190.17,102835.24,101300.04,102674.51,3.72402,1738036799999,380377.2420755,621,2.83189,289542.8031842,0.0
2025-01-28 04:00:00+00:00,102649.11,103311.85,102551.05,102607.97,2.21127,1738051199999,227285.737745,382,1.42321,146332.337559,0.0
2025-01-28 08:00:00+00:00,102693.15,103079.01,102357.87,102810.73,1.52226,1738065599999,156234.2745968,169,1.39426,143092.9040301,0.0
2025-01-28 12:00:00+00:00,102584.81,103666.07,101850.79,102902.13,13.53505,1738079999999,1388037.0234731,582,3.2951,338167.2760816,0.0
2025-01-28 16:00:00+00:00,102899.33,103063.24,101887.59,102308.94,8.54573,1738094399999,875900.649933,563,1.92627,197443.0557209,0.0
2025-01-28 20:00:00+00:00,102319.12,102595.28,100287.65,101396.65,10.32596,1738108799999,1043649.9127157,840,1.30425,131947.006648,0.0
2025-01-29 00:00:00+00:00,101240.09,102258.17,101240.09,102113.71,1.45034,1738123199999,147629.8010626,387,0.61844,62979.0902955,0.0
2025-01-29 04:00:00+00:00,102062.61,102794.73,101942.65,102663.13,1.94741,1738137599999,199599.0543312,280,1.56873,160881.159062,0.0
2025-01-29 08:00:00+00:00,102702.9,102894.45,102238.08,102489.3,0.40855,1738151999999,41914.4152746,219,0.10003,10258.389364,0.0
2025-01-29 12:00:00+00:00,102638.65,102793.37,101619.2,102007.13,2.41784,1738166399999,246524.6933867,487,1.41737,144500.8963026,0.0
2025-01-29 16:00:00+00:00,101953.01,103979.98,101432.48,103779.03,4.64052,1738180799999,475643.2065481,1050,2.9639,304023.3705799,0.0
2025-01-29 20:00:00+00:00,103440.39,104661.31,102857.14,103603.88,9.28374,1738195199999,964351.2358265,990,6.50338,675280.9768539,0.0
2025-01-30 00:00:00+00:00,103739.27,105158.48,103249.48,105091.94,2.53848,1738209599999,265104.3702716,584,2.14362,223947.5083072,0.0
2025-01-30 04:00:00+00:00,105091.94,105499.99,104791.84,105143.69,4.68347,1738223999999,492201.2946333,521,2.9869,313885.3075624,0.0
2025-01-30 08:00:00+00:00,105131.48,105461.5,104975.79,105181.67,1.68261,1738238399999,176925.4313134,141,0.7686,80832.4905918,0.0
2025-01-30 12:00:00+00:00,105181.68,106300.0,104689.87,105560.15,7.58888,1738252799999,800046.3246699,825,5.07505,534977.2250087,0.0
2025-01-30 16:00:00+00:00,105673.87,105952.57,104853.89,105629.76,3.62133,1738267199999,381712.764996,444,1.20402,127048.8155379,0.0
2025-01-30 20:00:00+00:00,105730.12,105760.49,104786.6,104789.27,2.28394,1738281599999,240184.413459,292,1.68403,177153.0361326,0.0
2025-01-31 00:00:00+00:00,104789.26,104961.15,103972.16,104253.9,2.60384,1738295999999,272197.8520195,555,1.32246,138161.0285473,0.0
2025-01-31 04:00:00+00:00,104289.15,104791.82,104010.4,104313.66,1.71178,1738310399999,178703.3650298,262,1.34167,140040.1863457,0.0
2025-01-31 08:00:00+00:00,104201.38,104780.17,104010.4,104780.16,0.72197,1738324799999,75422.7843739,189,0.26372,27544.1920261,0.0
2025-01-31 12:00:00+00:00,104720.05,105943.73,104142.86,105460.23,1.80418,1738339199999,189284.4456195,614,0.91138,95595.4696531,0.0
2025-01-31 16:00:00+00:00,105420.25,105567.81,102259.69,102289.99,10.59877,1738353599999,1092880.6248405,1193,5.70769,586910.6908353,0.0
2025-01-31 20:00:00+00:00,102259.69,102424.11,101331.0,102424.11,7.69378,1738367999999,783873.081233,528,3.3045,337270.957299,0.0
2025-02-01 00:00:00+00:00,102304.68,102779.42,102169.08,102256.92,0.8775,1738382399999,89975.3499586,278,0.42646,43772.965088,0.0
2025-02-01 04:00:00+00:00,102182.45,102555.01,102169.1,102200.01,0.51317,1738396799999,52484.3710134,196,0.22554,23074.1469671,0.0
2025-02-01 08:00:00+00:00,102200.0,102241.06,101516.46,101985.07,5.83378,1738411199999,593631.8993057,298,0.83032,84567.3379027,0.0
2025-02-01 12:00:00+00:00,102040.69,102307.68,101735.47,102106.21,1.48639,1738425599999,151987.9992234,286,0.14273,14575.4014755,0.0
2025-02-01 16:00:00+00:00,102125.74,102300.95,101478.43,101678.35,1.50983,1738439999999,153804.812814,450,0.74454,75912.8254828,0.0
2025-02-01 20:00:00+00:00,101603.01,101649.67,100302.25,100594.76,4.63706,1738454399999,468726.1594112,773,3.07995,311779.2367974,0.0
2025-02-02 00:00:00+00:00,100541.08,101438.33,99205.81,99308.53,8.73912,1738468799999,873965.9621095,924,0.58882,59181.8776655,0.0
2025-02-02 04:00:00+00:00,99308.53,100510.0,99174.05,99730.45,5.08451,1738483199999,507597.30502,389,4.01201,400683.5294809,0.0
2025-02-02 08:00:00+00:00,99700.92,100127.41,99000.0,99000.0,3.63637,1738497599999,360695.0695902,979,0.67431,67193.0554039,0.0
2025-02-02 12:00:00+00:00,99000.0,99450.23,98285.96,99267.61,8.39257,1738511999999,830939.4548316,598,2.15607,213802.6260042,0.0
2025-02-02 16:00:00+00:00,99333.75,99422.41,97000.0,98298.43,11.51484,1738526399999,1126410.7765847,1473,1.88201,184075.1825537,0.0
2025-02-02 20:00:00+00:00,98207.63,98641.32,96501.73,97692.6,10.43862,1738540799999,1016881.4791129,1257,2.86172,280239.5036149,0.0
2025-02-03 00:00:00+00:00,97702.5,97702.5,92197.0,93854.37,38.03148,1738555199999,3595914.8878975,3922,7.28556,685668.9050854,0.0
2025-02-03 04:00:00+00:00,93856.08,95399.98,92693.62,95399.98,6.8814,1738569599999,646100.5359419,1212,3.59889,339179.6271132,0.0
2025-02-03 08:00:00+00:00,95180.22,95882.22,94826.24,95085.85,1.63092,1738583999999,155771.6448754,465,0.78566,75073.8905972,0.0
2025-02-03 12:00:00+00:00,95254.43,99499.97,94182.34,99231.04,17.89997,1738598399999,1728244.3014774,1504,11.4742,1110873.2395111,0.0
2025-02-03 16:00:00+00:00,99029.11,101785.71,98122.11,101785.71,5.45776,1738612799999,548267.9530907,1267,4.18194,421169.20754,0.0
2025-02-03 20:00:00+00:00,101785.71,102326.68,100958.49,101437.32,3.38143,1738627199999,343141.969819,723,2.40913,244555.3235577,0.0
2025-02-04 00:00:00+00:00,101437.3,101551.9,100571.47,100583.0,2.19963,1738641599999,222467.8760892,491,1.02846,104173.4683691,0.0
2025-02-04 04:00:00+00:00,100569.29,100736.9,98300.0,98555.31,5.30688,1738655999999,525612.262696,1008,2.88284,285388.4689196,0.0
2025-02-04 08:00:00+00:00,98464.51,99399.99,97900.0,98884.71,8.56161,1738670399999,846199.6283964,628,0.77837,76711.9511727,0.0
2025-02-04 12:00:00+00:00,99041.49,100310.73,98372.43,99531.71,4.95864,1738684799999,492674.409199,790,1.03903,103457.1060515,0.0
2025-02-04 16:00:00+00:00,99364.4,100628.68,98846.67,98850.1,2.84244,1738699199999,283140.8997561,809,0.95064,94813.0248304,0.0
2025-02-04 20:00:00+00:00,99057.98,99282.24,96192.62,97819.04,6.22827,1738713599999,608606.9387362,1288,1.20005,117358.7858007,0.0
2025-02-05 00:00:00+00:00,97765.62,98850.1,97256.81,98079.86,2.71054,1738727999999,266215.9463976,560,1.41493,139033.6815452,0.0
2025-02-05 04:00:00+00:00,98097.58,98329.15,97411.76,97854.51,0.46395,1738742399999,45479.0922837,170,0.06487,6350.8472428,0.0
2025-02-05 08:00:00+00:00,97862.37,98186.95,97339.43,98186.95,0.43222,1738756799999,42298.7504254,155,0.36245,35469.3377513,0.0
2025-02-05 12:00:00+00:00,98253.54,99039.92,97722.37,98065.03,1.7153,1738771199999,168589.2482543,509,0.76462,75237.3063958,0.0
2025-02-05 16:00:00+00:00,97968.23,98253.55,96562.73,97337.37,5.75953,1738785599999,560037.9172294,712,1.44963,141284.4649499,0.0
2025-02-05 20:00:00+00:00,97498.63,97660.59,96230.08,96595.25,3.3702,1738799999999,327603.3476728,490,0.73373,71132.1545033,0.0
2025-02-06 00:00:00+00:00,96626.82,97411.76,96482.6,97282.01,4.20007,1738814399999,407499.7054783,320,2.37855,230802.483751,0.0
2025-02-06 04:00:00+00:00,97296.46,98392.23,97296.46,98235.0,4.79448,1738828799999,469195.294886,436,0.97035,94892.8867207,0.0
2025-02-06 08:00:00+00:00,98213.11,99091.57,97944.6,99000.0,4.2161,1738843199999,415278.9780695,370,0.80381,79294.2262337,0.0
2025-02-06 12:00:00+00:00,98889.38,98986.96,96985.2,97172.36,4.06539,1738857599999,399213.2048068,692,1.45803,143658.9494729,0.0
2025-02-06 16:00:00+00:00,97218.43,97478.09,95758.35,96041.12,6.09218,1738871999999,587044.6265326,684,3.56045,342951.9866942,0.0
2025-02-06 20:00:00+00:00,95957.16,97012.24,95957.15,96634.0,2.28095,1738886399999,220103.6009651,436,0.80759,77770.5160635,0.0
2025-02-07 00:00:00+00:00,96593.29,97727.66,96462.65,97456.6,1.66148,1738900799999,161296.6661094,435,1.14719,111298.9752887,0.0
2025-02-07 04:00:00+00:00,97418.76,97799.99,96562.72,96704.56,0.6197,1738915199999,60315.4828996,253,0.29903,29111.5925019,0.0
2025-02-07 08:00:00+00:00,96683.96,97705.88,96676.04,97705.88,0.42163,1738929599999,41021.5875784,135,0.15784,15370.0213566,0.0
2025-02-07 12:00:00+00:00,97653.25,100076.82,97303.78,98138.57,6.44086,1738943999999,637092.4190652,1288,3.42446,338564.0282868,0.0
2025-02-07 16:00:00+00:00,98182.87,98459.99,96968.0,96971.64,2.07126,1738958399999,202618.6609413,551,1.28422,125740.2585826,0.0
2025-02-07 20:00:00+00:00,96996.0,96996.0,95688.25,96463.26,3.02327,1738972799999,290333.7662952,649,1.1713,112381.5995536,0.0
2025-02-08 00:00:00+00:00,96485.43,96832.26,96395.26,96710.13,1.17111,1738987199999,113118.5395471,266,0.47767,46176.0244163,0.0
2025-02-08 04:00:00+00:00,96660.18,96660.18,95828.13,96254.54,1.81004,1739001599999,173843.6151931,242,0.93783,90078.1194522,0.0
2025-02-08 08:00:00+00:00,96188.01,96257.34,95841.98,96027.16,0.17832,1739015999999,17145.2769352,93,0.13557,13035.4613527,0.0
2025-02-08 12:00:00+00:00,96134.65,96428.95,95733.51,95822.29,0.42789,1739030399999,41099.8022537,202,0.23968,23025.1124621,0.0
2025-02-08 16:00:00+00:00,95861.71,96681.81,95733.43,96604.26,1.12884,1739044799999,108785.9101873,359,0.62001,59691.7960618,0.0
2025-02-08 20:00:00+00:00,96576.79,96683.95,96331.26,96497.55,0.9881,1739059199999,95350.020063,349,0.62978,60765.0730467,0.0
2025-02-09 00:00:00+00:00,96423.65,97199.99,96332.07,97199.99,1.8944,1739073599999,183706.0136359,294,1.27631,123856.0782141,0.0
2025-02-09 04:00:00+00:00,97199.99,97239.32,96823.53,97100.34,1.19368,1739087999999,115892.5855965,231,0.16483,16011.2339099,0.0
2025-02-09 08:00:00+00:00,97113.66,97220.44,96571.5,96585.71,0.92017,1739102399999,89326.3735212,132,0.53101,51579.1410386,0.0
2025-02-09 12:00:00+00:00,96567.24,96670.95,95800.01,96481.12,0.76156,1739116799999,73320.5480923,299,0.2377,22902.9375999,0.0
2025-02-09 16:00:00+00:00,96436.13,96533.21,95864.87,96035.0,0.83223,1739131199999,80092.6997562,351,0.22614,21791.7449785,0.0
2025-02-09 20:00:00+00:00,96035.01,96618.96,94787.54,96426.86,2.26543,1739145599999,216068.8409412,971,0.84635,80669.8022222,0.0
2025-02-10 00:00:00+00:00,96514.66,97060.31,95352.94,96784.96,1.03223,1739159999999,99206.5909578,648,0.73363,70510.8825754,0.0
2025-02-10 04:00:00+00:00,96778.43,97486.65,96722.31,97345.54,0.49379,1739174399999,48000.974508,436,0.38296,37238.7174044,0.0
2025-02-10 08:00:00+00:00,97361.0,97822.76,97361.0,97609.61,0.44226,1739188799999,43134.7624072,152,0.34005,33155.6763847,0.0
2025-02-10 12:00:00+00:00,97633.76,98241.62,96823.42,97199.07,2.88663,1739203199999,281603.3156791,387,1.57084,153290.0095103,0.0
2025-02-10 16:00:00+00:00,97193.65,97624.72,96835.03,97427.49,3.22455,1739217599999,313941.253846,309,0.92581,89960.905097,0.0
2025-02-10 20:00:00+00:00,97322.34,97505.72,97120.95,97456.17,3.03875,1739231999999,295856.6448996,248,2.6558,258574.8778151,0.0
2025-02-11 00:00:00+00:00,97456.78,98102.98,97453.55,97582.93,2.61563,1739246399999,255436.8602318,348,2.20661,215496.8622185,0.0
2025-02-11 04:00:00+00:00,97566.62,98373.39,97536.01,98323.55,1.48517,1739260799999,145800.0934991,335,0.83069,81547.9134813,0.0
2025-02-11 08:00:00+00:00,98261.31,98306.54,97886.7,98156.34,0.17411,1739275199999,17085.1663809,120,0.07833,7691.9029615,0.0
2025-02-11 12:00:00+00:00,98178.04,98178.04,96678.5,97104.97,7.07517,1739289599999,690350.3969829,452,0.44614,43282.7924077,0.0
2025-02-11 16:00:00+00:00,97041.15,97041.17,94857.47,95107.01,3.63339,1739303999999,347223.295658,667,1.20621,114900.4195371,0.0
2025-02-11 20:00:00+00:00,94964.26,96428.57,94964.26,95748.61,2.29818,1739318399999,219601.5485733,435,1.38073,131786.8131208,0.0
2025-02-12 00:00:00+00:00,95725.29,96203.08,95177.2,95352.94,1.64607,1739332799999,157980.9180537,393,0.80751,77502.9390904,0.0
2025-02-12 04:00:00+00:00,95257.18,98141.45,95246.52,96142.96,5.05873,1739347199999,487018.8423965,563,4.80956,463172.6974644,0.0
2025-02-12 08:00:00+00:00,96093.24,96470.04,95979.52,96219.07,0.69003,1739361599999,66388.3230872,144,0.5271,50738.1094063,0.0
2025-02-12 12:00:00+00:00,96139.55,96585.54,94246.95,95727.07,6.39969,1739375999999,612244.4224285,1005,2.32004,222659.3639151,0.0
2025-02-12 16:00:00+00:00,95727.07,97599.99,95143.06,97157.62,2.94369,1739390399999,283688.9313631,844,1.99783,192625.9892212,0.0
2025-02-12 20:00:00+00:00,97129.04,97966.68,96837.52,97712.99,1.74822,1739404799999,170607.6876239,500,0.60517,58983.4613117,0.0
2025-02-13 00:00:00+00:00,97869.58,97999.96,97239.33,97380.05,2.73376,1739419199999,266771.6267253,599,1.13551,110933.1554406,0.0
2025-02-13 04:00:00+00:00,97452.95,97600.02,95818.91,96036.53,1.23186,1739433599999,119049.1620431,458,0.62907,60921.9213465,0.0
2025-02-13 08:00:00+00:00,96030.13,96289.65,95686.39,95943.23,1.30459,1739447999999,125366.7710301,153,0.79439,76404.5846928,0.0
2025-02-13 12:00:00+00:00,95943.23,96403.56,95396.46,95936.36,2.44822,1739462399999,234722.3867809,528,0.83832,80509.6227987,0.0
2025-02-13 16:00:00+00:00,95860.34,96235.29,95259.97,95672.44,1.40098,1739476799999,134191.2959412,574,0.57991,55545.8420993,0.0
2025-02-13 20:00:00+00:00,95620.14,96659.44,95620.14,96550.39,3.2876,1739491199999,317125.7525869,315,2.82138,272199.3303517,0.0
2025-02-14 00:00:00+00:00,96678.54,97012.34,96429.65,97012.33,0.89598,1739505599999,86612.4341693,341,0.47195,45626.9791484,0.0
2025-02-14 04:00:00+00:00,97012.34,97060.37,96586.43,96900.93,1.66229,1739519999999,160765.0831741,167,0.34266,33152.4802731,0.0
2025-02-14 08:00:00+00:00,96972.03,97117.64,96747.43,96908.69,0.33065,1739534399999,32069.1362891,228,0.2568,24915.59548,0.0
2025-02-14 12:00:00+00:00,96793.78,97443.12,96300.01,96860.2,1.60091,1739548799999,155365.1622034,445,0.51889,50328.0995809,0.0
2025-02-14 16:00:00+00:00,96771.14,98668.27,96531.4,97924.11,3.70489,1739563199999,362926.1937204,733,2.65039,259806.986869,0.0
2025-02-14 20:00:00+00:00,97837.18,98143.08,96780.28,97477.75,1.61563,1739577599999,157462.3470073,490,0.83786,81796.2349084,0.0
2025-02-15 00:00:00+00:00,97504.78,97945.12,97235.53,97701.82,0.55276,1739591999999,53919.7524578,309,0.21277,20777.6477215,0.0
2025-02-15 04:00:00+00:00,97627.85,97805.61,97332.76,97435.82,0.40142,1739606399999,39150.4719717,189,0.06819,6652.8586324,0.0
2025-02-15 08:00:00+00:00,97417.29,97705.88,97305.75,97636.01,0.23751,1739620799999,23160.8711151,119,0.15462,15082.5060631,0.0
2025-02-15 12:00:00+00:00,97644.04,97849.5,97411.76,97518.6,0.52183,1739635199999,50946.1630068,179,0.14146,13823.5503489,0.0
2025-02-15 16:00:00+00:00,97642.07,97683.09,97307.55,97513.93,1.60135,1739649599999,156201.7788106,179,1.14802,111990.8124089,0.0
2025-02-15 20:00:00+00:00,97617.46,97705.85,97392.23,97571.43,0.24378,1739663999999,23780.2400363,175,0.13402,13076.7628723,0.0
2025-02-16 00:00:00+00:00,97525.26,97705.88,97408.18,97445.54,0.74961,1739678399999,73108.3259859,266,0.46949,45786.8965384,0.0
2025-02-16 04:00:00+00:00,97445.53,97667.93,97199.99,97199.99,0.17224,1739692799999,16785.9290414,134,0.06454,6291.8869016,0.0
2025-02-16 08:00:00+00:00,97199.99,97351.36,97099.78,97347.81,0.58407,1739707199999,56751.1037184,123,0.55046,53484.897776,0.0
2025-02-16 12:00:00+00:00,97280.73,97280.73,96617.67,96965.23,12.56273,1739721599999,1217623.773445,637,0.38539,37334.6533013,0.0
2025-02-16 16:00:00+00:00,96896.66,97099.78,96640.56,97043.76,0.99143,1739735999999,96150.7373455,184,0.61673,59852.775215,0.0
2025-02-16 20:00:00+00:00,97065.62,97221.76,96084.62,96204.12,1.92482,1739750399999,185980.102262,345,0.74972,72389.0529323,0.0
2025-02-17 00:00:00+00:00,96173.82,96574.54,96082.87,96193.45,0.37353,1739764799999,35968.4425952,224,0.23784,22912.2584123,0.0
2025-02-17 04:00:00+00:00,96210.29,96456.76,95842.93,96111.59,0.97194,1739779199999,93437.8030741,280,0.57561,55359.0432131,0.0
2025-02-17 08:00:00+00:00,96081.04,96411.04,95981.84,96066.42,0.19762,1739793599999,19011.5662688,136,0.13501,12990.8270352,0.0
2025-02-17 12:00:00+00:00,96187.55,96962.35,95618.29,95618.29,2.03372,1739807999999,195818.4193489,495,0.56724,54744.4833233,0.0
2025-02-17 16:00:00+00:00,95696.0,95927.79,95273.98,95506.09,2.28299,1739822399999,217926.1193473,406,0.43986,42036.9446511,0.0
2025-02-17 20:00:00+00:00,95471.9,96428.57,95471.9,95732.21,1.76984,1739836799999,169551.0417089,306,0.38876,37286.9600625,0.0
2025-02-18 00:00:00+00:00,95799.82,96280.57,95588.18,96211.0,19.26257,1739851199999,1843116.987258,508,19.06698,1824334.684645,0.0
2025-02-18 04:00:00+00:00,96149.89,96280.77,95240.63,95469.21,1.39059,1739865599999,133048.4365412,454,0.2448,23432.3303865,0.0
2025-02-18 08:00:00+00:00,95358.31,95740.96,95114.52,95601.54,0.29713,1739879999999,28330.9967882,137,0.13807,13177.3369865,0.0
2025-02-18 12:00:00+00:00,95624.07,96529.41,95200.0,95450.08,0.87426,1739894399999,84037.2748977,396,0.45707,43959.0173056,0.0
2025-02-18 16:00:00+00:00,95450.06,95599.12,93459.81,94065.9,4.38449,1739908799999,413562.0671677,885,1.06636,100436.2882683,0.0
2025-02-18 20:00:00+00:00,94077.62,95602.81,93830.46,95602.81,2.38109,1739923199999,225254.9240489,461,0.91294,86578.1392146,0.0
2025-02-19 00:00:00+00:00,95602.8,95879.55,95087.47,95673.12,1.20911,1739937599999,115562.2664444,336,0.99938,95537.4513317,0.0
2025-02-19 04:00:00+00:00,95684.24,95852.25,95087.41,95719.3,0.3663,1739951999999,34978.8400203,364,0.16383,15659.9241994,0.0
2025-02-19 08:00:00+00:00,95711.27,96362.91,95674.48,96362.91,0.41417,1739966399999,39845.8037497,198,0.36797,35409.1442323,0.0
2025-02-19 12:00:00+00:00,96362.91,96728.74,95578.22,95999.77,2.9291,1739980799999,281380.4746214,576,2.28147,219215.4654283,0.0
2025-02-19 16:00:00+00:00,96081.18,96514.43,95447.63,96235.29,1.38542,1739995199999,133275.0209309,427,0.92796,89333.2253982,0.0
2025-02-19 20:00:00+00:00,96272.99,96907.91,96142.91,96650.01,1.04067,1740009599999,100411.8882448,369,0.82769,79880.2709708,0.0
2025-02-20 00:00:00+00:00,96708.99,97389.6,96463.86,97040.4,3.11915,1740023999999,302906.6758545,496,1.97794,192182.4841466,0.0
2025-02-20 04:00:00+00:00,97017.5,97363.41,96836.83,97016.34,1.02798,1740038399999,99791.0037938,262,0.9237,89669.9274614,0.0
2025-02-20 08:00:00+00:00,97013.3,97411.76,96836.83,97253.5,0.24807,1740052799999,24100.0201714,185,0.13616,13240.7973714,0.0
2025-02-20 12:00:00+00:00,97224.15,97993.75,96855.53,96917.98,1.83818,1740067199999,179138.0769475,538,1.18823,115802.5726545,0.0
2025-02-20 16:00:00+00:00,96899.64,98462.94,96899.63,98447.65,2.90393,1740081599999,284719.6183114,611,2.06522,202449.266633,0.0
2025-02-20 20:00:00+00:00,98399.99,98650.58,97980.46,98291.0,3.64702,1740095999999,358669.5692513,567,1.48845,146311.2203688,0.0
2025-02-21 00:00:00+00:00,98291.02,98486.21,98076.72,98155.06,0.98564,1740110399999,96879.9528864,286,0.49349,48491.5726897,0.0
2025-02-21 04:00:00+00:00,98090.84,98585.72,98090.84,98158.26,0.45389,1740124799999,44626.0423773,163,0.38529,37885.3864135,0.0
2025-02-21 08:00:00+00:00,98158.37,98800.0,98143.08,98515.87,0.45538,1740139199999,44860.1019307,187,0.28874,28447.7331732,0.0
2025-02-21 12:00:00+00:00,98517.15,99390.16,97209.16,97872.57,6.12836,1740153599999,603782.9560247,850,4.28169,422179.0827713,0.0
2025-02-21 16:00:00+00:00,98136.94,98646.5,95324.42,95324.42,3.5345,1740167999999,341451.5230318,785,1.66408,161043.1050018,0.0
2025-02-21 20:00:00+00:00,95300.01,96216.79,94961.72,96216.79,2.74584,1740182399999,261964.257215,352,0.9141,87427.6245255,0.0
2025-02-22 00:00:00+00:00,96218.96,96399.99,95818.94,96331.96,1.21017,1740196799999,116467.3484939,142,0.66742,64244.4359915,0.0
2025-02-22 04:00:00+00:00,96182.01,96523.77,96182.01,96433.96,0.41167,1740211199999,39715.7239092,109,0.34042,32846.4759732,0.0
2025-02-22 08:00:00+00:00,96386.26,96540.01,96203.2,96540.01,0.2227,1740225599999,21491.4928945,78,0.10819,10441.0720908,0.0
2025-02-22 12:00:00+00:00,96562.71,96935.76,96529.41,96644.97,1.08205,1740239999999,104696.2056745,185,0.99501,96282.9396938,0.0
2025-02-22 16:00:00+00:00,96708.3,96798.06,96410.39,96644.39,0.52455,1740254399999,50686.9044317,204,0.22559,21791.5305382,0.0
2025-02-22 20:00:00+00:00,96596.79,96703.1,96491.38,96579.75,0.83593,1740268799999,80718.0252298,149,0.43631,42147.8316067,0.0
2025-02-23 00:00:00+00:00,96552.02,96698.33,96391.28,96493.46,0.73409,1740283199999,70895.8499049,245,0.53523,51710.1095304,0.0
2025-02-23 04:00:00+00:00,96408.62,96567.88,96213.1,96492.75,0.5768,1740297599999,55637.2106877,215,0.4766,45987.3536751,0.0
2025-02-23 08:00:00+00:00,96560.24,96560.24,96127.75,96227.17,0.49515,1740311999999,47771.051083,116,0.39935,38549.6975527,0.0
2025-02-23 12:00:00+00:00,96221.1,96221.1,95541.22,95564.43,0.54414,1740326399999,52158.7388538,233,0.22149,21242.6583945,0.0
2025-02-23 16:00:00+00:00,95541.22,95868.84,95324.42,95711.4,0.62427,1740340799999,59628.4808152,205,0.24806,23703.0548713,0.0
2025-02-23 20:00:00+00:00,95773.85,96290.79,95560.12,96213.12,4.88109,1740355199999,468434.7137447,417,4.51672,433536.3731547,0.0
2025-02-24 00:00:00+00:00,96299.99,96428.57,95366.85,95467.03,0.85772,1740369599999,82158.1232328,365,0.60137,57633.4604776,0.0
2025-02-24 04:00:00+00:00,95424.02,95903.18,95177.19,95808.91,0.89421,1740383999999,85327.7266458,172,0.46214,44100.8113998,0.0
2025-02-24 08:00:00+00:00,95882.6,96082.87,95379.89,95818.91,0.54199,1740398399999,51777.2840946,140,0.27218,26008.4551314,0.0
2025-02-24 12:00:00+00:00,95818.91,95971.48,93949.43,94321.07,5.92515,1740412799999,563129.1082346,512,0.64828,61845.8899308,0.0
2025-02-24 16:00:00+00:00,94327.17,95112.1,93800.0,93960.89,2.77734,1740427199999,262814.2645087,420,1.85919,176293.6364758,0.0
2025-02-24 20:00:00+00:00,93972.15,94510.58,91425.0,91523.34,11.52459,1740441599999,1068627.0475264,1458,1.30452,121744.4256424,0.0
2025-02-25 00:00:00+00:00,91628.74,92531.0,91061.24,92170.98,3.71411,1740455999999,340913.5033498,658,1.73315,159077.1065841,0.0
2025-02-25 04:00:00+00:00,92210.07,92346.1,88500.0,89410.01,8.34321,1740470399999,751618.5127982,1008,1.53303,137841.1975582,0.0
2025-02-25 08:00:00+00:00,89410.02,89963.88,86988.2,89212.1,9.40761,1740484799999,827332.7905391,1002,3.11683,275010.1673322,0.0
2025-02-25 12:00:00+00:00,89232.96,89510.81,86144.04,87320.15,14.66756,1740499199999,1286716.8409143,1037,7.3528,645674.3158276,0.0
2025-02-25 16:00:00+00:00,87434.89,88020.05,86231.15,87902.34,3.61656,1740513599999,315605.0022792,860,2.39829,209305.9926352,0.0
2025-02-25 20:00:00+00:00,87920.26,89481.15,87816.55,88778.23,2.39982,1740527999999,212876.9965575,599,1.72406,153015.2019355,0.0
2025-02-26 00:00:00+00:00,88842.98,89313.89,88136.68,88986.36,1.25659,1740542399999,111551.9991667,330,0.3631,32289.1971062,0.0
2025-02-26 04:00:00+00:00,89073.68,89163.05,88492.17,88777.29,1.22344,1740556799999,108891.1449945,147,0.42688,38018.4032219,0.0
2025-02-26 08:00:00+00:00,88714.06,89290.72,88295.17,88732.22,0.18359,1740571199999,16324.6362263,163,0.12048,10720.8988585,0.0
2025-02-26 12:00:00+00:00,88707.49,88707.49,85732.09,87592.1,3.53714,1740585599999,307787.2219157,1084,1.3316,116224.1345635,0.0
2025-02-26 16:00:00+00:00,87592.1,87727.84,83556.6,83993.91,8.83952,1740599999999,750624.4510008,1338,3.43874,291149.73361,0.0
2025-02-26 20:00:00+00:00,84024.32,85322.48,82404.72,84136.57,6.39041,1740614399999,537097.5111683,1083,2.07461,175554.8395414,0.0
2025-02-27 00:00:00+00:00,84237.48,85463.66,84108.75,85328.74,4.88512,1740628799999,414528.8163808,506,1.89536,160582.4223473,0.0
2025-02-27 04:00:00+00:00,85193.43,86659.33,84704.78,86332.27,2.33959,1740643199999,199463.3404323,493,0.66469,57184.4577232,0.0
2025-02-27 08:00:00+00:00,86324.54,87084.99,85907.33,86608.78,0.46704,1740657599999,40425.0807404,209,0.31055,26878.9063345,0.0
2025-02-27 12:00:00+00:00,86723.11,86796.04,84694.56,85654.2,3.58134,1740671999999,306719.961414,494,2.29727,196997.7551132,0.0
2025-02-27 16:00:00+00:00,85684.79,85684.79,83677.89,84152.41,1.75952,1740686399999,148912.67907,431,1.09757,93007.4663768,0.0
2025-02-27 20:00:00+00:00,84149.0,84858.13,82785.18,84841.68,3.78745,1740700799999,315888.2618443,639,0.66008,55475.1938335,0.0
2025-02-28 00:00:00+00:00,84758.73,84786.32,79576.51,80378.27,22.68092,1740715199999,1837783.2097819,2618,4.91018,399189.6008323,0.0
2025-02-28 04:00:00+00:00,80378.26,80881.03,78898.43,79285.55,6.41971,1740729599999,511244.0962343,961,2.80084,223523.1949393,0.0
2025-02-28 08:00:00+00:00,78960.09,80775.85,78369.4,80541.51,2.76722,1740743999999,219120.2068503,503,1.21359,96639.9962101,0.0
2025-02-28 12:00:00+00:00,80541.51,84388.57,80138.92,83774.93,4.31157,1740758399999,356799.6469744,943,3.00552,248963.7557923,0.0
2025-02-28 16:00:00+00:00,83786.11,84985.85,83230.69,84571.37,2.3289,1740772799999,195989.6021819,666,1.28012,107763.5412978,0.0
2025-02-28 20:00:00+00:00,84569.75,84827.97,83643.82,84253.48,0.62974,1740787199999,52992.5886184,226,0.2841,23946.2468904,0.0
2025-03-01 00:00:00+00:00,84573.84,85585.44,83805.23,85412.67,2.04417,1740801599999,173177.5395038,327,1.03839,88222.2354135,0.0
2025-03-01 04:00:00+00:00,85204.81,86558.51,84798.57,84798.57,3.12964,1740815999999,268679.4085567,521,1.20094,103117.3464881,0.0
2025-03-01 08:00:00+00:00,84992.18,85541.84,84490.24,84698.44,0.96991,1740830399999,82693.3065639,211,0.62675,53491.9837912,0.0
2025-03-01 12:00:00+00:00,84617.74,84951.52,84358.3,84812.12,0.64487,1740844799999,54535.4353782,163,0.1431,12114.9141229,0.0
2025-03-01 16:00:00+00:00,84671.97,85492.75,84659.55,85492.74,0.61474,1740859199999,52444.293913,285,0.13513,11517.274903,0.0
2025-03-01 20:00:00+00:00,85359.88,86255.49,85290.04,86035.84,1.17835,1740873599999,101114.4318164,339,0.89843,77107.7478656,0.0
2025-03-02 00:00:00+00:00,86068.4,86479.16,85700.0,85806.85,0.70427,1740887999999,60599.772372,317,0.54291,46741.1338755,0.0
2025-03-02 04:00:00+00:00,85851.46,86480.78,85631.78,86229.25,0.2292,1740902399999,19733.6985872,192,0.11478,9886.7819861,0.0
2025-03-02 08:00:00+00:00,86185.18,86306.98,85736.28,86198.39,0.36305,1740916799999,31146.4604639,136,0.02386,2050.473563,0.0
2025-03-02 12:00:00+00:00,86029.16,88634.96,85050.98,87592.36,3.27698,1740931199999,285907.9810972,1059,1.67986,146827.2906769,0.0
2025-03-02 16:00:00+00:00,87312.03,94980.32,87310.73,93556.77,17.30421,1740945599999,1579441.4797562,2802,12.23458,1112928.5217463,0.0
2025-03-02 20:00:00+00:00,93486.6,94813.78,93486.6,94369.84,3.45958,1740959999999,326128.7145685,839,1.81302,170946.085017,0.0
2025-03-03 00:00:00+00:00,94369.84,94447.19,92498.34,92838.86,2.78284,1740974399999,258720.6477708,654,1.50492,140029.2010604,0.0
2025-03-03 04:00:00+00:00,92838.79,93309.42,91257.31,92443.15,2.77975,1740988799999,257143.87513,592,1.41027,130509.5583882,0.0
2025-03-03 08:00:00+00:00,92367.48,92811.34,91188.61,92656.04,0.91691,1741003199999,84504.1605851,321,0.61574,56850.8789773,0.0
2025-03-03 12:00:00+00:00,92588.59,93642.71,89273.58,90280.46,5.07627,1741017599999,462802.3125141,1134,1.51546,138671.1793839,0.0
2025-03-03 16:00:00+00:00,90279.2,90911.01,85700.0,85700.0,7.92065,1741031999999,692669.611822,1688,2.18586,191991.9473352,0.0
2025-03-03 20:00:00+00:00,85689.81,86908.97,85176.88,86292.76,7.67676,1741046399999,661230.1705047,758,2.6071,224932.5384294,0.0
2025-03-04 00:00:00+00:00,86111.17,86735.79,82600.0,84039.0,11.49391,1741060799999,969767.1638961,1282,3.35902,283098.5008711,0.0
2025-03-04 04:00:00+00:00,83972.53,84507.38,83274.46,83274.46,0.69579,1741075199999,58370.3827963,267,0.18509,15546.5766397,0.0
2025-03-04 08:00:00+00:00,83485.96,84357.02,83178.83,84093.06,0.44396,1741089599999,37207.3117535,241,0.22937,19244.1638599,0.0
2025-03-04 12:00:00+00:00,83817.06,84921.6,81583.36,82666.26,8.63887,1741103999999,715933.940027,1075,5.27261,437802.1649137,0.0
2025-03-04 16:00:00+00:00,83019.68,88398.57,82094.79,88090.89,5.90916,1741118399999,508734.010511,1254,4.54281,391865.4402147,0.0
2025-03-04 20:00:00+00:00,88090.89,88871.23,86662.42,87241.5,5.49503,1741132799999,482737.314133,813,3.4477,303344.935029,0.0
2025-03-05 00:00:00+00:00,87427.55,87836.75,86477.72,87169.95,3.65608,1741147199999,318404.3814303,482,0.68422,59740.9403733,0.0
2025-03-05 04:00:00+00:00,86908.97,87732.34,86792.37,87647.71,1.07917,1741161599999,94195.4126396,236,0.48065,41954.910971,0.0
2025-03-05 08:00:00+00:00,87673.93,90517.2,87582.47,89808.58,1.35237,1741175999999,120706.6204508,751,1.06997,95453.4840441,0.0
2025-03-05 12:00:00+00:00,89898.71,90856.13,87999.86,88522.8,2.59458,1741190399999,232388.4677377,673,1.42349,127788.7130753,0.0
2025-03-05 16:00:00+00:00,88251.37,90380.89,87705.46,89899.96,2.41105,1741204799999,215592.1872463,568,1.64773,147612.3673969,0.0
2025-03-05 20:00:00+00:00,89900.0,90751.45,89707.34,90301.74,4.13217,1741219199999,372107.5275368,822,3.72785,335656.4010146,0.0
2025-03-06 00:00:00+00:00,90302.56,91914.21,89988.21,91613.39,2.66226,1741233599999,242800.2430433,693,1.61883,148108.5103815,0.0
2025-03-06 04:00:00+00:00,91388.38,92679.48,91334.38,91572.68,2.55447,1741247999999,234618.8408041,454,1.64964,151645.081785,0.0
2025-03-06 08:00:00+00:00,91565.35,91608.39,90659.04,91272.29,0.66153,1741262399999,60363.7588029,229,0.37974,34662.8477092,0.0
2025-03-06 12:00:00+00:00,91272.4,91399.99,89171.44,90919.99,2.32069,1741276799999,209510.0989739,770,1.0003,90602.8268589,0.0
2025-03-06 16:00:00+00:00,90919.77,91046.56,87914.91,88602.31,2.79974,1741291199999,249296.0173716,783,0.8901,79247.5003683,0.0
2025-03-06 20:00:00+00:00,88558.96,90729.61,88558.96,89990.91,3.00646,1741305599999,270933.5185749,667,2.20923,199054.2546774,0.0
2025-03-07 00:00:00+00:00,90057.07,91173.96,84805.05,86858.43,10.57445,1741319999999,928149.7589955,1979,4.19997,368241.9136599,0.0
2025-03-07 04:00:00+00:00,86829.0,88558.96,86829.0,88363.46,0.49657,1741334399999,43593.519918,205,0.3061,26847.2790107,0.0
2025-03-07 08:00:00+00:00,88393.13,89648.24,87994.22,88947.64,0.61124,1741348799999,54495.2326051,301,0.36748,32781.757574,0.0
2025-03-07 12:00:00+00:00,88904.7,90987.1,88066.02,88341.54,5.33362,1741363199999,479920.8206479,1034,2.98531,269073.4436149,0.0
2025-03-07 16:00:00+00:00,88341.25,88888.0,86669.28,87845.69,1.96321,1741377599999,172622.085351,804,0.67661,59599.5297573,0.0
2025-03-07 20:00:00+00:00,87878.02,88373.61,85684.96,86791.4,3.39794,1741391999999,293874.105268,959,1.70683,147562.3199611,0.0
2025-03-08 00:00:00+00:00,86792.12,86911.18,85368.9,86021.48,1.98133,1741406399999,170280.4946652,352,0.23443,20226.7811418,0.0
2025-03-08 04:00:00+00:00,85923.8,86575.6,85923.0,86221.43,0.13675,1741420799999,11799.6082384,112,0.08987,7760.9970982,0.0
2025-03-08 08:00:00+00:00,86161.93,86406.17,85776.85,85986.2,0.28003,1741435199999,24063.6537677,123,0.16108,13837.732953,0.0
2025-03-08 12:00:00+00:00,85966.7,86548.51,85868.09,86500.0,0.50932,1741449599999,44011.3864219,158,0.42331,36583.7062548,0.0
2025-03-08 16:00:00+00:00,86453.18,86469.58,85746.38,86439.18,0.54209,1741463999999,46625.0770393,224,0.185,15920.0906913,0.0
2025-03-08 20:00:00+00:00,86299.16,86525.43,85836.2,86211.33,0.93032,1741478399999,80262.8590936,156,0.62987,54337.7013614,0.0
2025-03-09 00:00:00+00:00,86167.26,86492.35,85996.02,86175.24,1.20672,1741492799999,104018.5547098,229,0.19599,16889.8233482,0.0
2025-03-09 04:00:00+00:00,86090.93,86180.08,85849.83,85945.67,2.27711,1741507199999,195717.5182232,167,0.92761,79822.154531,0.0
2025-03-09 08:00:00+00:00,86002.54,86093.26,84743.72,85125.47,2.65992,1741521599999,226537.9927424,335,0.22436,19127.7297276,0.0
2025-03-09 12:00:00+00:00,85124.82,85124.82,82898.46,83102.78,3.04892,1741535999999,255230.1062179,566,0.8457,71112.1111034,0.0
2025-03-09 16:00:00+00:00,83212.64,83704.67,82242.59,82557.54,3.96996,1741550399999,328652.7576093,752,0.97935,80917.2929004,0.0
2025-03-09 20:00:00+00:00,82726.81,83477.42,80084.75,80672.47,8.06126,1741564799999,655444.4653722,876,4.66718,379022.6604256,0.0
2025-03-10 00:00:00+00:00,80784.64,82695.63,80109.18,81997.61,2.28938,1741579199999,186566.7056486,732,1.49636,122127.6494967,0.0
2025-03-10 04:00:00+00:00,82226.06,82754.24,82054.95,82382.35,0.39229,1741593599999,32332.2412921,228,0.19229,15862.469454,0.0
2025-03-10 08:00:00+00:00,82307.79,83985.5,81212.16,83659.8,2.31666,1741607999999,192168.3866904,820,0.77379,64267.0280034,0.0
2025-03-10 12:00:00+00:00,83483.79,83758.12,79306.83,80072.48,6.79828,1741622399999,549095.0381863,1223,1.63824,133638.9698527,0.0
2025-03-10 16:00:00+00:00,80133.81,80200.77,77569.0,79046.81,5.1775,1741636799999,407293.0169704,1104,1.20738,95307.3944781,0.0
2025-03-10 20:00:00+00:00,79054.37,79857.45,78466.84,78554.25,1.92665,1741651199999,152411.5743592,449,1.0995,86996.74981,0.0
2025-03-11 00:00:00+00:00,78649.06,79794.22,76666.0,79420.81,5.80855,1741665599999,451103.9048218,989,2.25867,175999.4345168,0.0
2025-03-11 04:00:00+00:00,79421.97,80551.58,79421.97,80510.98,0.82423,1741679999999,65967.6489804,272,0.50876,40688.5252606,0.0
2025-03-11 08:00:00+00:00,80551.58,81955.54,80551.58,81830.54,2.97912,1741694399999,242729.24402,327,1.56997,127952.6475803,0.0
2025-03-11 12:00:00+00:00,81750.0,82100.81,79095.01,81262.92,5.34316,1741708799999,432583.0652328,948,3.26538,264724.9663172,0.0
2025-03-11 16:00:00+00:00,81218.62,83609.81,80727.8,83028.83,6.78657,1741723199999,558927.7456414,595,4.48426,369395.7412225,0.0
2025-03-11 20:00:00+00:00,83028.84,83234.06,82567.43,82745.07,3.6919,1741737599999,306529.2125595,220,2.73483,227083.405117,0.0
2025-03-12 00:00:00+00:00,82751.14,83710.29,82142.82,82193.36,2.02599,1741751999999,167930.5618004,353,1.32594,110019.2802541,0.0
2025-03-12 04:00:00+00:00,82127.36,82413.83,81360.23,82375.38,0.50031,1741766399999,40933.7868208,232,0.23736,19426.795164,0.0
2025-03-12 08:00:00+00:00,82489.34,83045.24,82079.64,82922.99,0.39809,1741780799999,32881.7924594,224,0.28518,23566.4758381,0.0
2025-03-12 12:00:00+00:00,82995.9,84360.96,80660.06,81750.29,4.08527,1741795199999,337188.9022571,852,2.24885,186537.2371024,0.0
2025-03-12 16:00:00+00:00,81751.29,83065.87,81751.29,82841.52,0.73113,1741809599999,60205.2729192,313,0.38673,31832.0080468,0.0
2025-03-12 20:00:00+00:00,82780.1,83881.37,82737.43,83591.37,0.56753,1741823999999,47327.5110795,212,0.43217,36065.5980581,0.0
2025-03-13 00:00:00+00:00,83623.5,84274.75,83272.51,83569.98,0.70953,1741838399999,59519.6512054,299,0.47996,40309.3164157,0.0
2025-03-13 04:00:00+00:00,83701.33,83724.01,82861.38,83234.06,0.33823,1741852799999,28192.7623786,171,0.14779,12314.6941596,0.0
2025-03-13 08:00:00+00:00,83276.27,83483.79,82450.35,82985.08,0.35607,1741867199999,29567.8680532,195,0.14043,11680.0313893,0.0
2025-03-13 12:00:00+00:00,82982.9,83755.24,81019.83,81299.95,1.59309,1741881599999,131173.397857,479,0.54901,45347.6048639,0.0
2025-03-13 16:00:00+00:00,81288.84,81288.84,80000.0,80293.59,4.19259,1741895999999,338165.0373451,412,0.76371,61741.3067535,0.0
2025-03-13 20:00:00+00:00,80535.79,81431.19,80295.23,81060.15,4.60076,1741910399999,372015.903705,240,4.39871,355686.3684951,0.0
2025-03-14 00:00:00+00:00,81231.1,82229.0,80917.6,81854.23,3.01342,1741924799999,244362.7060735,241,0.35001,28536.9403737,0.0
2025-03-14 04:00:00+00:00,82016.82,82379.66,81854.23,82286.87,0.40141,1741939199999,32889.3140754,126,0.04731,3884.5806976,0.0
2025-03-14 08:00:00+00:00,82330.87,83234.06,82244.26,83234.06,1.75275,1741953599999,144578.455533,309,1.6779,138379.396471,0.0
2025-03-14 12:00:00+00:00,83229.13,85248.42,82639.03,84927.12,10.14975,1741967999999,852959.9310941,1015,7.51298,630311.9080276,0.0
2025-03-14 16:00:00+00:00,84685.07,84841.99,84058.94,84490.22,3.25123,1741982399999,274755.7257515,292,2.91132,246072.5282845,0.0
2025-03-14 20:00:00+00:00,84695.65,84695.65,83769.86,83985.53,2.11872,1741996799999,178136.2210223,220,1.88608,158561.4911294,0.0
2025-03-15 00:00:00+00:00,84240.04,84685.02,83985.58,84659.32,0.26308,1742011199999,22192.3422893,184,0.16608,14021.356658,0.0
2025-03-15 04:00:00+00:00,84434.28,84633.69,83867.25,83903.26,0.37055,1742025599999,31231.8347224,152,0.11176,9441.1410347,0.0
2025-03-15 08:00:00+00:00,83903.25,84186.64,83689.6,84089.51,0.43306,1742039999999,36274.7856113,105,0.36476,30548.0323989,0.0
2025-03-15 12:00:00+00:00,84002.77,84490.01,84002.77,84416.95,0.8026,1742054399999,67603.1729149,137,0.67978,57264.6080654,0.0
2025-03-15 16:00:00+00:00,84385.62,84485.0,84053.29,84315.78,0.32315,1742068799999,27237.8012546,109,0.17427,14699.3499785,0.0
2025-03-15 20:00:00+00:00,84252.3,84453.86,84252.3,84304.35,0.39708,1742083199999,33519.7386892,106,0.34728,29320.4911628,0.0
2025-03-16 00:00:00+00:00,84380.4,84380.4,83809.14,84339.95,0.41153,1742097599999,34622.2862044,138,0.14166,11928.7297632,0.0
2025-03-16 04:00:00+00:00,84339.95,84430.46,83985.56,84226.61,0.54391,1742111999999,45891.9040359,108,0.45964,38791.3502503,0.0
2025-03-16 08:00:00+00:00,84242.49,84312.8,82409.72,82601.07,0.62462,1742126399999,52138.2942296,326,0.23084,19347.0108391,0.0
2025-03-16 12:00:00+00:00,82491.24,83429.5,82489.34,83289.04,1.23209,1742140799999,102278.4562864,199,0.9642,80040.1969654,0.0
2025-03-16 16:00:00+00:00,83409.43,84963.79,82674.56,82978.5,2.00889,1742155199999,169031.1134367,540,0.45117,37839.5411718,0.0
2025-03-16 20:00:00+00:00,83128.08,83352.43,82113.0,82560.05,4.03798,1742169599999,334323.7955278,341,1.27111,104902.6565287,0.0
2025-03-17 00:00:00+00:00,82612.8,83700.09,82552.49,83659.29,0.72109,1742183999999,59840.8757801,286,0.5408,44871.0231897,0.0
2025-03-17 04:00:00+00:00,83732.18,83863.24,82775.84,83487.76,0.31709,1742198399999,26466.7629123,168,0.12824,10715.3029017,0.0
2025-03-17 08:00:00+00:00,83607.02,83772.11,83328.36,83543.21,0.08592,1742212799999,7179.8429183,99,0.05923,4950.6363037,0.0
2025-03-17 12:00:00+00:00,83593.67,83999.99,82612.81,83680.27,3.85722,1742227199999,321217.623894,413,0.81292,67879.3508934,0.0
2025-03-17 16:00:00+00:00,83672.48,84683.79,83187.49,84367.42,1.08205,1742241599999,91088.7372701,283,0.7522,63328.9494522,0.0
2025-03-17 20:00:00+00:00,84368.38,84445.93,83797.7,84148.02,0.76887,1742255999999,64599.3060971,208,0.08564,7204.009858,0.0
2025-03-18 00:00:00+00:00,83873.06,83976.96,83004.21,83014.57,0.66602,1742270399999,55676.8437171,485,0.21247,17792.9992305,0.0
2025-03-18 04:00:00+00:00,83230.85,83230.85,82378.04,83100.0,1.18965,1742284799999,98567.6678143,270,0.38123,31630.6598949,0.0
2025-03-18 08:00:00+00:00,83107.9,83400.0,82550.0,82550.01,0.28762,1742299199999,23876.0588511,141,0.07292,6053.9724806,0.0
2025-03-18 12:00:00+00:00,82623.98,82709.89,81254.43,81601.24,5.26168,1742313599999,431801.4942189,610,0.53541,43706.6293311,0.0
2025-03-18 16:00:00+00:00,81705.37,82447.69,81400.0,82176.43,2.42205,1742327999999,198473.8428468,267,1.88532,154582.4104575,0.0
2025-03-18 20:00:00+00:00,82256.77,82807.62,81937.22,82727.84,1.16592,1742342399999,95979.8242844,204,0.61287,50532.9425079,0.0
2025-03-19 00:00:00+00:00,82598.79,83217.23,82598.79,82996.82,0.94283,1742356799999,78168.2471908,286,0.25711,21320.8813297,0.0
2025-03-19 04:00:00+00:00,83109.87,83330.49,82765.98,83139.01,0.19135,1742371199999,15904.3348468,144,0.03959,3288.2834007,0.0
2025-03-19 08:00:00+00:00,83288.44,84038.76,83242.42,83789.86,0.70687,1742385599999,59208.7640519,205,0.55786,46740.6682133,0.0
2025-03-19 12:00:00+00:00,83950.62,84999.99,83538.24,84768.02,8.03102,1742399999999,677105.0681902,583,4.45077,376128.7450467,0.0
2025-03-19 16:00:00+00:00,84830.31,85764.17,83689.6,85442.16,6.54454,1742414399999,555144.8800811,1131,4.50891,382713.2632377,0.0
2025-03-19 20:00:00+00:00,85442.32,86897.97,85153.16,86886.37,1.77917,1742428799999,153073.0342744,691,1.30213,112031.5663294,0.0
2025-03-20 00:00:00+00:00,86886.11,87260.23,85678.82,86111.75,3.3075,1742443199999,286748.6655162,538,0.598,51832.2820546,0.0
2025-03-20 04:00:00+00:00,85820.91,85970.32,85458.68,85899.41,1.4923,1742457599999,127683.2697197,191,1.28551,109971.9421329,0.0
2025-03-20 08:00:00+00:00,85773.02,86274.46,84850.0,85378.05,0.52491,1742471999999,44874.8020156,228,0.2368,20333.2944772,0.0
2025-03-20 12:00:00+00:00,85379.27,86524.33,84649.15,84649.15,2.46921,1742486399999,211116.9665694,629,1.14114,97562.3033518,0.0
2025-03-20 16:00:00+00:00,84645.94,84811.3,83686.54,84182.65,2.71495,1742500799999,228589.4959777,423,1.33287,112294.8137968,0.0
2025-03-20 20:00:00+00:00,84225.73,84609.86,83985.5,84219.85,0.17788,1742515199999,15011.2463187,133,0.124,10469.0003169,0.0
2025-03-21 00:00:00+00:00,84252.41,84750.74,84219.96,84394.72,0.18538,1742529599999,15660.1217773,100,0.05771,4879.4151709,0.0
2025-03-21 04:00:00+00:00,84613.82,84713.25,83872.88,83895.65,0.91309,1742543999999,76837.8050311,124,0.06357,5368.5912318,0.0
2025-03-21 08:00:00+00:00,84049.82,84339.95,83817.56,84138.11,0.18346,1742558399999,15429.1245406,206,0.06511,5480.8985042,0.0
2025-03-21 12:00:00+00:00,84037.45,84339.93,83317.82,83651.01,3.30533,1742572799999,277088.2245235,281,0.77398,64885.037828,0.0
2025-03-21 16:00:00+00:00,83680.26,84490.21,83483.84,84029.99,6.83989,1742587199999,575605.7795148,482,5.95623,501288.4551875,0.0
2025-03-21 20:00:00+00:00,83982.74,84613.39,83933.94,84127.99,0.47809,1742601599999,40288.1018273,168,0.15574,13128.5078935,0.0
2025-03-22 00:00:00+00:00,84068.85,84374.67,84013.06,84283.57,0.2031,1742615999999,17094.1971923,69,0.12971,10916.8843418,0.0
2025-03-22 04:00:00+00:00,84283.89,84462.42,84241.8,84363.2,0.11116,1742630399999,9375.5632994,51,0.01914,1615.6212846,0.0
2025-03-22 08:00:00+00:00,84262.32,84517.06,84220.91,84327.8,0.11193,1742644799999,9452.1329408,79,0.09788,8267.5631175,0.0
2025-03-22 12:00:00+00:00,84303.21,84383.8,84003.07,84091.21,0.16897,1742659199999,14235.9538928,48,0.11588,9766.2959304,0.0
2025-03-22 16:00:00+00:00,84066.81,84360.35,84066.81,84235.5,0.61282,1742673599999,51569.3386042,92,0.14055,11842.6667834,0.0
2025-03-22 20:00:00+00:00,84161.07,84240.67,83726.5,83840.45,0.50684,1742687999999,42488.3587281,171,0.09173,7712.7529649,0.0
2025-03-23 00:00:00+00:00,83853.19,84272.14,83777.7,84272.14,0.26891,1742702399999,22593.415474,180,0.22929,19265.1061581,0.0
2025-03-23 04:00:00+00:00,84240.93,84362.12,84080.87,84357.42,0.15561,1742716799999,13109.1970612,82,0.14889,12543.3772253,0.0
2025-03-23 08:00:00+00:00,84250.93,84942.17,84250.93,84624.71,0.74503,1742731199999,62981.4520029,139,0.55571,47012.3119053,0.0
2025-03-23 12:00:00+00:00,84737.61,85199.99,84603.13,85088.4,0.48374,1742745599999,41074.6358789,117,0.19575,16637.1923035,0.0
2025-03-23 16:00:00+00:00,85199.96,85309.71,84842.07,84958.75,0.63844,1742759999999,54292.5000812,158,0.24064,20492.9933272,0.0
2025-03-23 20:00:00+00:00,84954.88,86000.0,84948.45,86000.0,1.34277,1742774399999,114531.3157705,293,1.10992,94648.7581767,0.0
2025-03-24 00:00:00+00:00,86000.0,86500.19,85535.82,86486.94,1.27614,1742788799999,109703.6602225,385,1.03754,89178.4788157,0.0
2025-03-24 04:00:00+00:00,86538.71,87176.43,86538.71,87004.09,1.48967,1742803199999,129503.8011746,299,1.1632,101203.7179682,0.0
2025-03-24 08:00:00+00:00,86999.74,87811.46,86989.97,87806.05,1.04885,1742817599999,91669.7943075,324,0.54543,47646.1695876,0.0
2025-03-24 12:00:00+00:00,87804.14,88736.23,87170.97,88302.18,9.46661,1742831999999,828176.7450345,948,7.28326,637175.5093057,0.0
2025-03-24 16:00:00+00:00,88363.77,88558.96,87756.68,88298.22,1.18519,1742846399999,104718.9617469,237,0.83802,74062.1911727,0.0
2025-03-24 20:00:00+00:00,88165.33,88499.99,87005.12,87320.92,2.13723,1742860799999,187148.1947278,332,0.298,26238.5467195,0.0
2025-03-25 00:00:00+00:00,87222.37,87579.12,86407.67,86480.1,0.93288,1742875199999,81198.9559324,317,0.57259,49892.5149588,0.0
2025-03-25 04:00:00+00:00,86456.99,86864.02,86382.43,86486.25,1.24196,1742889599999,107658.9585908,171,1.18492,102727.5228753,0.0
2025-03-25 08:00:00+00:00,86486.69,87416.88,86486.69,87367.5,0.24217,1742903999999,21138.1732697,106,0.18395,16056.3675807,0.0
2025-03-25 12:00:00+00:00,87448.67,88264.12,87008.0,87884.56,6.03676,1742918399999,528330.4005731,364,5.34142,467566.5904256,0.0
2025-03-25 16:00:00+00:00,87893.12,88231.68,87629.55,88199.88,0.37503,1742932799999,32964.1765293,138,0.07891,6939.7075825,0.0
2025-03-25 20:00:00+00:00,88053.42,88470.57,87193.39,87366.31,1.00908,1742947199999,88409.0446562,363,0.25216,22145.480026,0.0
2025-03-26 00:00:00+00:00,87439.22,87836.75,87006.12,87075.79,1.51534,1742961599999,132174.376077,252,0.19059,16679.2621536,0.0
2025-03-26 04:00:00+00:00,87170.48,88206.13,87009.83,88108.09,0.24856,1742975999999,21794.2663664,164,0.2127,18649.9632188,0.0
2025-03-26 08:00:00+00:00,88171.71,88206.12,87810.08,87932.25,3.08869,1742990399999,272028.8930348,342,1.78445,157102.175101,0.0
2025-03-26 12:00:00+00:00,88102.95,88102.95,86489.56,86640.71,9.60225,1743004799999,839932.7441806,552,1.39916,122667.1803971,0.0
2025-03-26 16:00:00+00:00,86624.17,86988.4,85897.93,86492.3,9.2346,1743019199999,798912.3030867,627,7.24049,626445.3858252,0.0
2025-03-26 20:00:00+00:00,86567.36,87297.57,86492.3,86907.83,2.32174,1743033599999,201589.8370955,688,0.69419,60319.0067322,0.0
2025-03-27 00:00:00+00:00,86942.42,87705.46,86841.92,87584.39,0.57554,1743047999999,50278.3242571,349,0.38478,33638.4335192,0.0
2025-03-27 04:00:00+00:00,87549.17,87614.95,87197.56,87421.21,1.84659,1743062399999,161570.2001945,723,0.50762,44382.2714629,0.0
2025-03-27 08:00:00+00:00,87408.0,87613.36,86824.85,86977.27,0.89062,1743076799999,77814.6291384,753,0.33643,29422.6271383,0.0
2025-03-27 12:00:00+00:00,86847.86,87519.17,85867.2,87098.77,1.72174,1743091199999,149437.5685798,384,1.08638,94463.7927791,0.0
2025-03-27 16:00:00+00:00,87017.75,87386.54,86780.63,87226.25,1.08047,1743105599999,94086.5323926,186,0.61445,53521.9673762,0.0
2025-03-27 20:00:00+00:00,87059.71,87738.64,86996.68,87154.52,1.08439,1743119999999,94775.8494128,198,0.58844,51455.1363862,0.0
2025-03-28 00:00:00+00:00,87168.9,87382.03,86786.64,86786.64,0.81178,1743134399999,70712.3899667,152,0.41583,36203.5135259,0.0
2025-03-28 04:00:00+00:00,86854.86,86854.86,85248.42,85339.41,1.34797,1743148799999,116079.1731259,348,0.33634,28951.167996,0.0
2025-03-28 08:00:00+00:00,85269.71,85433.09,84933.71,85272.13,0.74566,1743163199999,63486.6443105,176,0.14553,12403.1113573,0.0
2025-03-28 12:00:00+00:00,85220.64,87214.45,83898.71,84116.96,18.58415,1743177599999,1579991.5543179,1367,9.46635,807150.9182533,0.0
2025-03-28 16:00:00+00:00,84115.0,84324.76,83673.61,83861.72,4.40885,1743191999999,369790.4354111,365,3.5518,297900.7351613,0.0
2025-03-28 20:00:00+00:00,83861.72,84542.26,83741.76,84448.09,0.94243,1743206399999,79164.7699221,170,0.65265,54815.0984886,0.0
2025-03-29 00:00:00+00:00,84448.09,84587.67,83800.1,84159.69,1.29248,1743220799999,109082.1159837,178,0.36353,30583.0807296,0.0
2025-03-29 04:00:00+00:00,84145.01,84145.01,83670.49,83718.65,0.22509,1743235199999,18866.3479313,104,0.02394,2010.0055397,0.0
2025-03-29 08:00:00+00:00,83724.17,83965.95,82111.45,82233.68,1.97011,1743249599999,163357.7507246,378,0.35029,29097.1147348,0.0
2025-03-29 12:00:00+00:00,82235.51,82839.86,82235.51,82449.95,0.86658,1743263999999,71442.8067496,114,0.7548,62229.7696335,0.0
2025-03-29 16:00:00+00:00,82542.72,82698.77,81722.86,82586.67,1.43917,1743278399999,118361.8806893,308,1.20218,98893.4046872,0.0
2025-03-29 20:00:00+00:00,82544.58,82713.49,82232.77,82591.64,0.25166,1743292799999,20770.7603181,96,0.20419,16858.5736823,0.0
2025-03-30 00:00:00+00:00,82650.13,83460.0,82452.03,83096.44,1.85573,1743307199999,154234.2087951,254,1.53883,127837.5435105,0.0
2025-03-30 04:00:00+00:00,83010.83,83315.06,82924.67,83157.91,4.67823,1743321599999,389124.5497842,269,4.47789,372461.4137149,0.0
2025-03-30 08:00:00+00:00,83129.59,83501.42,83034.56,83084.07,1.41936,1743335999999,118288.5788844,118,1.31764,109808.4121628,0.0
2025-03-30 12:00:00+00:00,83112.36,83148.36,82663.83,82765.47,0.37098,1743350399999,30774.0767736,126,0.09953,8260.8468179,0.0
2025-03-30 16:00:00+00:00,82819.8,82848.24,82154.88,82603.71,0.9765,1743364799999,80593.5416828,182,0.25528,21113.6598267,0.0
2025-03-30 20:00:00+00:00,82543.18,82728.61,81664.4,82400.08,0.57494,1743379199999,47213.8982503,304,0.24716,20307.8435228,0.0
2025-03-31 00:00:00+00:00,82395.34,82427.22,81366.47,81506.27,1.08219,1743393599999,88439.3894641,332,0.36386,29690.4047066,0.0
2025-03-31 04:00:00+00:00,81471.12,82302.15,81443.6,81806.64,0.20311,1743407999999,16628.8363432,169,0.08318,6818.3878138,0.0
2025-03-31 08:00:00+00:00,81958.05,82242.59,81404.41,82158.62,2.59133,1743422399999,211621.0254081,273,0.54025,44136.9870669,0.0
2025-03-31 12:00:00+00:00,82184.82,83874.74,81704.11,83483.79,1.06783,1743436799999,88599.6746194,550,0.719,59664.315115,0.0
2025-03-31 16:00:00+00:00,83493.25,83645.41,82450.35,82500.0,3.05737,1743451199999,253939.7629366,416,1.42809,118462.5023941,0.0
2025-03-31 20:00:00+00:00,82550.95,82833.22,82288.43,82491.65,1.65316,1743465599999,136328.167181,243,0.86265,71115.8648777,0.0
2025-04-01 00:00:00+00:00,82488.72,83214.25,82435.06,82947.66,2.40115,1743479999999,198930.3141306,296,1.67276,138577.3354147,0.0
2025-04-01 04:00:00+00:00,82894.21,83560.0,82894.2,83484.75,1.96225,1743494399999,163194.0308612,165,1.04091,86627.6278459,0.0
2025-04-01 08:00:00+00:00,83560.0,84446.96,83560.0,83989.04,0.85338,1743508799999,71707.655654,301,0.57652,48399.429755,0.0
2025-04-01 12:00:00+00:00,83908.46,85416.24,82682.74,85256.66,6.40972,1743523199999,536578.8598882,800,0.98998,83622.9223331,0.0
2025-04-01 16:00:00+00:00,85320.28,85416.24,84740.17,85000.0,6.32424,1743537599999,538178.05344,638,5.29406,450491.6417221,0.0
2025-04-01 20:00:00+00:00,85026.84,85517.76,84926.01,85190.39,1.18612,1743551999999,100935.4275857,180,0.26715,22799.3063805,0.0
2025-04-02 00:00:00+00:00,85211.47,85265.95,84524.04,84588.56,0.99792,1743566399999,84637.9309905,184,0.41627,35352.704572,0.0
2025-04-02 04:00:00+00:00,84601.01,84716.89,83888.39,84255.82,0.7824,1743580799999,65852.8075346,197,0.60492,50911.3804639,0.0
2025-04-02 08:00:00+00:00,84441.3,85400.97,84245.99,84570.85,0.50443,1743595199999,42743.0453814,202,0.38745,32799.2335437,0.0
2025-04-02 12:00:00+00:00,84623.01,87223.04,84492.82,86708.66,5.04397,1743609599999,434209.2270225,781,3.08223,265731.9949445,0.0
2025-04-02 16:00:00+00:00,86780.29,87258.91,86227.56,86840.0,2.38252,1743623999999,206280.5018574,324,2.12609,184032.6856281,0.0
2025-04-02 20:00:00+00:00,86729.52,88369.07,82378.04,82632.01,7.85213,1743638399999,668308.2263346,1524,3.17101,271431.2362044,0.0
2025-04-03 00:00:00+00:00,82532.0,83963.32,82306.55,83561.24,4.56557,1743652799999,380197.11513,378,3.39465,282717.9068261,0.0
2025-04-03 04:00:00+00:00,83561.07,83777.72,83037.8,83271.09,4.2382,1743667199999,353831.5015096,219,3.74232,312479.5407204,0.0
2025-04-03 08:00:00+00:00,83483.79,83764.49,83066.79,83087.21,1.53322,1743681599999,127570.6373522,107,0.30131,25090.2017345,0.0
2025-04-03 12:00:00+00:00,83045.25,83084.02,81287.95,81991.0,2.85887,1743695999999,234167.5036579,579,0.41936,34376.2334298,0.0
2025-04-03 16:00:00+00:00,82113.8,82354.11,81576.7,81931.26,1.87332,1743710399999,153810.1385709,224,1.02646,84218.3129941,0.0
2025-04-03 20:00:00+00:00,82013.78,83239.58,81802.42,83160.74,2.53367,1743724799999,209913.8171138,365,1.97906,163906.5006317,0.0
2025-04-04 00:00:00+00:00,83229.83,83366.03,82621.94,82835.52,0.23237,1743739199999,19297.7185447,176,0.15381,12772.4457038,0.0
2025-04-04 04:00:00+00:00,82710.74,83941.36,82631.46,83895.04,0.67616,1743753599999,56406.85042,222,0.60235,50256.2146754,0.0
2025-04-04 08:00:00+00:00,83959.45,84683.79,81760.42,82730.82,1.61725,1743767999999,134259.5042168,637,0.70387,58643.1257693,0.0
2025-04-04 12:00:00+00:00,82556.88,83663.11,81900.0,82969.18,7.11265,1743782399999,587456.5932582,736,3.82903,316378.8115211,0.0
2025-04-04 16:00:00+00:00,83122.24,84596.15,82803.24,83981.92,3.49009,1743796799999,292829.1372888,533,2.00769,168483.9584539,0.0
2025-04-04 20:00:00+00:00,84035.55,84410.01,83503.4,83927.92,5.5612,1743811199999,467480.9884548,410,4.81929,405148.681186,0.0
2025-04-05 00:00:00+00:00,83927.92,84234.56,83502.96,83767.52,3.97931,1743825599999,334154.7103906,259,2.11473,177550.6114279,0.0
2025-04-05 04:00:00+00:00,83652.11,83887.51,83352.05,83469.92,0.22965,1743839999999,19191.5261664,267,0.1112,9301.8995678,0.0
2025-04-05 08:00:00+00:00,83575.17,83899.25,83418.76,83476.18,0.19534,1743854399999,16348.827041,340,0.16941,14181.1956822,0.0
2025-04-05 12:00:00+00:00,83476.17,83562.25,82500.0,82567.59,0.74336,1743868799999,61525.3604397,322,0.24471,20280.8992659,0.0
2025-04-05 16:00:00+00:00,82642.67,83141.48,82567.75,82927.05,1.29814,1743883199999,107704.5044544,166,1.02956,85414.8040466,0.0
2025-04-05 20:00:00+00:00,82930.17,83627.67,82880.01,83571.98,0.37189,1743897599999,30952.824826,160,0.19974,16644.4175114,0.0
2025-04-06 00:00:00+00:00,83568.77,83752.02,83208.81,83384.48,0.3693,1743911999999,30832.2126907,651,0.12611,10540.3416097,0.0
2025-04-06 04:00:00+00:00,83384.44,83552.25,83050.0,83086.2,0.10517,1743926399999,8771.5868554,86,0.06657,5556.2536569,0.0
2025-04-06 08:00:00+00:00,83050.0,83162.19,82643.63,82686.26,0.30796,1743940799999,25460.6085522,65,0.03011,2495.2301932,0.0
2025-04-06 12:00:00+00:00,82794.99,82920.51,82300.0,82552.66,1.57785,1743955199999,130203.6673122,217,0.53671,44343.5333312,0.0
2025-04-06 16:00:00+00:00,82438.16,82468.86,78819.08,79612.54,13.51333,1743969599999,1084358.4638267,1213,3.15776,253019.6232979,0.0
2025-04-06 20:00:00+00:00,79612.54,79906.67,77250.01,78393.4,7.20774,1743983999999,566687.1219292,941,1.6826,132597.2625829,0.0
2025-04-07 00:00:00+00:00,78478.36,79291.99,77370.57,77497.67,3.87355,1743998399999,302836.3535211,787,1.10279,86691.3338692,0.0
2025-04-07 04:00:00+00:00,77691.3,77925.1,74557.35,75223.3,12.26379,1744012799999,928258.3452778,1129,2.57792,194777.1733089,0.0
2025-04-07 08:00:00+00:00,75350.91,77459.09,75350.91,76642.87,3.94643,1744027199999,302071.3361461,604,3.0059,230098.447168,0.0
2025-04-07 12:00:00+00:00,76642.87,81188.05,75834.16,78790.54,12.56914,1744041599999,982825.714601,1907,6.85114,536512.910459,0.0
2025-04-07 16:00:00+00:00,78496.71,79305.61,77362.16,78061.44,1.78832,1744055999999,140387.3263765,602,0.6661,52414.6614652,0.0
2025-04-07 20:00:00+00:00,78327.67,80157.27,78285.94,79173.16,1.27224,1744070399999,101454.5698611,406,1.06463,84927.5558712,0.0
2025-04-08 00:00:00+00:00,79194.49,80832.79,78836.62,79767.73,3.89844,1744084799999,312645.2881772,505,2.9268,234881.1147742,0.0
2025-04-08 04:00:00+00:00,79944.87,80343.03,79268.85,79495.59,0.24389,1744099199999,19465.4482552,187,0.12225,9730.3068693,0.0
2025-04-08 08:00:00+00:00,79549.46,79944.87,78870.13,79928.15,0.47641,1744113599999,37667.864447,144,0.0876,6940.2247084,0.0
2025-04-08 12:00:00+00:00,79945.05,80304.85,78207.95,78541.16,1.71087,1744127999999,136224.0388516,429,0.2675,21332.8345636,0.0
2025-04-08 16:00:00+00:00,78455.57,78459.93,76470.31,76766.53,4.42245,1744142399999,341305.344604,739,0.77042,59688.275125,0.0
2025-04-08 20:00:00+00:00,76867.85,77227.88,76252.87,76587.58,1.30084,1744156799999,100076.0454102,273,0.50082,38509.6468403,0.0
2025-04-09 00:00:00+00:00,76371.79,76869.69,74750.0,75143.0,5.81465,1744171199999,439606.0475035,804,1.25607,95481.7831534,0.0
2025-04-09 04:00:00+00:00,75127.6,77916.93,75095.69,77783.48,3.38822,1744185599999,259270.8227079,568,2.99709,229385.1402767,0.0
2025-04-09 08:00:00+00:00,77647.89,77647.89,75809.46,76208.29,1.81667,1744199999999,139053.6755347,430,0.63507,48509.0047422,0.0
2025-04-09 12:00:00+00:00,76116.57,78209.7,76079.67,77135.08,2.33833,1744214399999,181096.9239613,599,1.93638,150111.9583384,0.0
2025-04-09 16:00:00+00:00,77265.06,82909.93,77161.31,82291.88,22.74445,1744228799999,1851006.5780592,1670,16.46254,1339671.2493595,0.0
2025-04-09 20:00:00+00:00,82382.57,83500.0,82014.82,82615.86,9.12635,1744243199999,757853.1325898,565,4.67234,388081.1179649,0.0
2025-04-10 00:00:00+00:00,82630.89,82679.4,81534.75,81729.43,3.46669,1744257599999,284764.158554,459,1.65423,135558.5887928,0.0
2025-04-10 04:00:00+00:00,81616.89,82269.11,81360.23,81751.29,0.62631,1744271999999,51303.0593197,170,0.3449,28203.6013566,0.0
2025-04-10 08:00:00+00:00,81685.03,82046.7,81335.94,81908.88,0.48568,1744286399999,39711.5076601,110,0.19181,15701.7543166,0.0
2025-04-10 12:00:00+00:00,81927.56,82407.49,78682.88,78682.88,9.88569,1744300799999,794159.289326,769,2.09264,169805.694122,0.0
2025-04-10 16:00:00+00:00,78822.87,79999.99,78500.57,79689.65,4.8091,1744315199999,381354.0387879,487,1.7219,136934.1419749,0.0
2025-04-10 20:00:00+00:00,79769.13,79982.15,79438.8,79746.03,2.20669,1744329599999,176076.9123346,143,1.38074,110115.1040374,0.0
2025-04-11 00:00:00+00:00,79599.65,80861.74,79051.6,80842.32,1.47829,1744343999999,118175.0868902,434,0.52727,42308.7368219,0.0
2025-04-11 04:00:00+00:00,80878.23,81406.71,80546.59,81401.36,0.82236,1744358399999,66574.4287248,233,0.70392,56998.3854761,0.0
2025-04-11 08:00:00+00:00,81155.88,82934.37,80838.14,82130.45,2.22842,1744372799999,183728.9143575,528,1.41375,116478.7877596,0.0
2025-04-11 12:00:00+00:00,82111.76,83197.9,81476.19,82513.41,10.58343,1744387199999,872027.0993665,820,8.97485,739326.8838505,0.0
2025-04-11 16:00:00+00:00,82532.02,84108.75,82099.99,83959.89,9.25332,1744401599999,772699.3903328,664,8.3701,699262.0371183,0.0
2025-04-11 20:00:00+00:00,83774.14,84178.37,83144.62,83461.25,2.90198,1744415999999,243381.7596449,323,2.47185,207425.8274055,0.0
2025-04-12 00:00:00+00:00,83470.87,83517.77,82839.87,82906.55,1.65304,1744430399999,137705.515387,219,1.00784,84051.0174286,0.0
2025-04-12 04:00:00+00:00,83070.72,83773.17,82900.01,83761.84,0.26093,1744444799999,21790.4282793,128,0.25262,21097.1315571,0.0
2025-04-12 08:00:00+00:00,83814.8,83958.01,83330.88,83540.79,1.29584,1744459199999,108116.4295209,100,0.21743,18143.0597984,0.0
2025-04-12 12:00:00+00:00,83476.23,85297.57,83476.23,85041.79,4.66528,1744473599999,395671.6020816,599,4.0549,344068.1445165,0.0
2025-04-12 16:00:00+00:00,84997.99,85247.69,84412.51,84920.64,0.85683,1744487999999,72694.6693955,219,0.43182,36629.8620578,0.0
2025-04-12 20:00:00+00:00,84964.87,85796.71,84954.29,85245.37,1.92342,1744502399999,164318.3823618,281,0.51746,44213.0415152,0.0
2025-04-13 00:00:00+00:00,85323.11,86000.0,84783.45,85392.95,2.33674,1744516799999,199506.8538803,437,1.42487,121766.0863843,0.0
2025-04-13 04:00:00+00:00,85392.09,85655.05,84419.64,84489.23,2.34524,1744531199999,198599.9980864,174,0.27731,23481.6573517,0.0
2025-04-13 08:00:00+00:00,84440.58,84943.07,84275.19,84293.07,0.12836,1744545599999,10866.2554033,122,0.10641,9012.3331679,0.0
2025-04-13 12:00:00+00:00,84473.73,84649.91,83509.04,83804.66,3.45723,1744559999999,290323.6207059,303,1.66932,140397.298637,0.0
2025-04-13 16:00:00+00:00,83825.56,84939.8,83108.48,83928.56,1.02757,1744574399999,86819.9337942,474,0.43526,36804.6468953,0.0
2025-04-13 20:00:00+00:00,83867.8,84394.34,83070.53,83782.86,0.73213,1744588799999,61044.5950313,398,0.19748,16487.0073751,0.0
2025-04-14 00:00:00+00:00,83764.2,85508.59,83753.02,84512.01,0.75728,1744603199999,64081.2788859,608,0.47186,39973.9778015,0.0
2025-04-14 04:00:00+00:00,84742.63,85052.32,84230.16,84655.52,0.53401,1744617599999,45215.746622,222,0.13445,11386.7096923,0.0
2025-04-14 08:00:00+00:00,84666.43,84921.66,84283.61,84906.21,0.08915,1744631999999,7550.5888153,131,0.0614,5202.0510059,0.0
2025-04-14 12:00:00+00:00,84972.48,85759.9,83773.17,84105.76,2.70153,1744646399999,229706.4916866,595,1.75297,149287.5909014,0.0
2025-04-14 16:00:00+00:00,84133.91,85152.1,83912.57,84801.64,2.53792,1744660799999,214961.9646866,274,1.63582,138896.6217866,0.0
2025-04-14 20:00:00+00:00,85015.76,85059.13,84399.8,84605.87,0.60816,1744675199999,51497.1227525,165,0.19696,16689.7248422,0.0
2025-04-15 00:00:00+00:00,84666.43,85394.07,84339.95,85394.07,0.50071,1744689599999,42536.9823825,227,0.16428,13993.2413068,0.0
2025-04-15 04:00:00+00:00,85393.68,85751.93,85176.88,85650.01,0.89097,1744703999999,76168.1457343,138,0.83248,71163.8408111,0.0
2025-04-15 08:00:00+00:00,85751.93,85971.61,85405.46,85466.13,0.71434,1744718399999,61334.4424932,143,0.48449,41598.9907239,0.0
2025-04-15 12:00:00+00:00,85634.81,86382.4,84680.25,84842.36,2.97292,1744732799999,254158.9047942,512,1.31289,112776.9622767,0.0
2025-04-15 16:00:00+00:00,84900.0,85108.1,83900.8,84079.36,1.20296,1744747199999,101303.1000485,302,0.2996,25396.0641193,0.0
2025-04-15 20:00:00+00:00,83958.95,84237.47,83588.98,83660.82,1.68144,1744761599999,141184.2302386,262,0.85995,72293.0741872,0.0
2025-04-16 00:00:00+00:00,83667.32,83962.96,83158.08,83664.99,3.07114,1744775999999,257133.4939181,287,1.5238,127613.5466846,0.0
2025-04-16 04:00:00+00:00,83665.41,83822.34,83238.51,83381.47,0.1585,1744790399999,13231.8891384,110,0.01455,1216.058422,0.0
2025-04-16 08:00:00+00:00,83262.73,84108.75,83232.78,84016.8,0.40612,1744804799999,34024.5810472,120,0.12572,10482.9967232,0.0
2025-04-16 12:00:00+00:00,84042.43,85220.28,83607.12,84794.88,1.04751,1744819199999,88579.7323899,363,0.62402,52844.3660243,0.0
2025-04-16 16:00:00+00:00,84945.0,85449.34,83280.71,84352.26,1.38655,1744833599999,117492.4764238,545,0.33272,28163.2905423,0.0
2025-04-16 20:00:00+00:00,84432.89,84666.43,84098.68,84098.68,0.90841,1744847999999,76646.9951147,152,0.16881,14273.6651136,0.0
2025-04-17 00:00:00+00:00,84036.36,84516.53,83847.52,83968.86,1.06191,1744862399999,89327.8809562,221,0.52824,44421.6938836,0.0
2025-04-17 04:00:00+00:00,83928.64,85000.0,83901.06,84662.24,0.83323,1744876799999,70448.6485531,204,0.23152,19570.1214406,0.0
2025-04-17 08:00:00+00:00,84639.76,84770.58,84237.48,84687.16,0.3662,1744891199999,30905.2840924,93,0.21218,17902.2518419,0.0
2025-04-17 12:00:00+00:00,84616.36,84846.7,83807.29,84573.06,0.6099,1744905599999,51464.1471338,196,0.29734,25090.9434538,0.0
2025-04-17 16:00:00+00:00,84609.72,85380.46,84430.11,84921.66,2.93024,1744919999999,248806.3168704,414,1.61253,136973.6820873,0.0
2025-04-17 20:00:00+00:00,84997.97,85116.23,84755.71,84956.18,0.30622,1744934399999,26023.8471406,147,0.2068,17580.8017373,0.0
2025-04-18 00:00:00+00:00,84962.02,85051.01,84727.07,84824.19,0.53995,1744948799999,45805.753461,123,0.31539,26748.3948747,0.0
2025-04-18 04:00:00+00:00,84821.31,84861.88,84459.41,84659.9,0.22945,1744963199999,19425.0325503,139,0.09636,8162.3712738,0.0
2025-04-18 08:00:00+00:00,84666.44,84738.5,84485.0,84606.67,0.74082,1744977599999,62699.0052066,77,0.4478,37887.8192993,0.0
2025-04-18 12:00:00+00:00,84606.67,84743.72,84347.08,84384.88,0.19259,1744991999999,16274.1355643,195,0.12965,10960.280694,0.0
2025-04-18 16:00:00+00:00,84347.29,84658.89,84342.69,84564.72,0.60884,1745006399999,51474.298346,215,0.39803,33649.6522688,0.0
2025-04-18 20:00:00+00:00,84600.93,84694.54,84400.0,84490.33,0.3762,1745020799999,31799.8588308,121,0.27795,23498.8278039,0.0
2025-04-19 00:00:00+00:00,84501.4,84951.75,84366.9,84939.54,0.21999,1745035199999,18620.0199539,110,0.18949,16040.7577551,0.0
2025-04-19 04:00:00+00:00,84938.75,85200.0,84876.29,85200.0,0.80547,1745049599999,68507.6050528,122,0.58837,50054.9686129,0.0
2025-04-19 08:00:00+00:00,85200.0,85380.46,85116.78,85208.03,2.33541,1745063999999,198973.3778387,72,2.3297,198487.0450913,0.0
2025-04-19 12:00:00+00:00,85143.33,85585.43,85088.43,85088.43,0.24629,1745078399999,21007.9310806,116,0.07441,6352.6738531,0.0
2025-04-19 16:00:00+00:00,85259.63,85327.38,84739.98,85108.24,0.45302,1745092799999,38550.3836009,148,0.08313,7080.2398226,0.0
2025-04-19 20:00:00+00:00,85085.56,85378.16,85049.27,85145.75,0.86586,1745107199999,73765.7656237,131,0.39466,33622.7892039,0.0
2025-04-20 00:00:00+00:00,85094.42,85325.15,85043.54,85229.1,0.09846,1745121599999,8386.4204467,92,0.07771,6619.6336874,0.0
2025-04-20 04:00:00+00:00,85217.97,85234.23,84720.0,84842.61,0.10872,1745135999999,9249.4841629,86,0.06385,5439.1433167,0.0
2025-04-20 08:00:00+00:00,84793.99,84822.35,84004.77,84155.57,3.5499,1745150399999,298989.0060704,188,0.02114,1783.5776217,0.0
2025-04-20 12:00:00+00:00,84115.98,84682.8,84115.98,84328.43,0.41635,1745164799999,35152.9988226,116,0.10208,8622.0955757,0.0
2025-04-20 16:00:00+00:00,84330.37,84666.43,84328.43,84666.43,0.44075,1745179199999,37231.7345172,89,0.34771,29371.0514213,0.0
2025-04-20 20:00:00+00:00,84666.44,85249.29,84666.44,85175.29,2.54434,1745193599999,216377.1862774,176,2.38955,203213.5427509,0.0
2025-04-21 00:00:00+00:00,85175.11,87635.46,85175.11,87218.64,6.56919,1745207999999,569072.8431637,995,5.29494,458413.944011,0.0
2025-04-21 04:00:00+00:00,87170.5,87656.96,87067.07,87449.97,1.77362,1745222399999,154909.7071292,552,1.42844,124754.2332687,0.0
2025-04-21 08:00:00+00:00,87441.94,87688.21,86700.32,86913.61,1.03537,1745236799999,90308.9933159,214,0.41741,36372.8732462,0.0
2025-04-21 12:00:00+00:00,87000.0,88323.46,86755.97,88035.7,2.40129,1745251199999,211005.5354577,586,1.78429,156803.585601,0.0
2025-04-21 16:00:00+00:00,88057.38,88204.99,86441.81,87423.21,3.26688,1745265599999,284550.9519801,529,1.53078,133384.4548135,0.0
2025-04-21 20:00:00+00:00,87345.5,87591.08,86900.69,87486.03,0.78019,1745279999999,68032.3798696,178,0.32218,28112.5029469,0.0
2025-04-22 00:00:00+00:00,87596.43,88735.17,87108.06,88148.02,4.3755,1745294399999,386108.7701542,598,2.19292,193562.9297147,0.0
2025-04-22 04:00:00+00:00,88188.76,88492.16,88000.0,88451.19,0.91958,1745308799999,81175.0635418,200,0.26183,23123.1949669,0.0
2025-04-22 08:00:00+00:00,88451.17,88647.79,88341.71,88597.49,1.36515,1745323199999,120824.6175543,162,1.04486,92492.7759982,0.0
2025-04-22 12:00:00+00:00,88601.57,91353.82,88509.25,90799.14,9.72682,1745337599999,877556.7940803,1511,5.30817,477754.8823775,0.0
2025-04-22 16:00:00+00:00,90894.0,91676.93,90650.0,91409.8,3.70348,1745351999999,337437.5466791,490,1.81735,165599.5475076,0.0
2025-04-22 20:00:00+00:00,91387.95,93811.06,91122.76,93456.34,6.58985,1745366399999,608701.1301955,1136,4.71936,435581.8232991,0.0
2025-04-23 00:00:00+00:00,93415.66,93837.2,92635.09,93171.48,1.44997,1745380799999,135004.9794622,540,0.82543,76894.6339337,0.0
2025-04-23 04:00:00+00:00,93171.51,94124.75,92979.65,94096.79,1.43969,1745395199999,134453.9197851,498,0.60388,56491.7381042,0.0
2025-04-23 08:00:00+00:00,93982.02,94370.93,93303.18,93410.0,1.09238,1745409599999,102499.695969,374,0.43533,40918.8307701,0.0
2025-04-23 12:00:00+00:00,93500.0,94465.85,91961.96,93154.83,3.80095,1745423999999,354202.2705601,888,2.05332,191283.1756048,0.0
2025-04-23 16:00:00+00:00,92985.85,94070.28,92925.48,93549.22,2.96935,1745438399999,277849.4357782,455,2.05261,192003.8666184,0.0
2025-04-23 20:00:00+00:00,93456.84,93897.81,93289.84,93510.87,0.81709,1745452799999,76564.6599194,213,0.44267,41520.3056194,0.0
2025-04-24 00:00:00+00:00,93745.06,93745.06,92684.57,92763.37,2.23969,1745467199999,209008.231083,296,1.08044,100901.3074605,0.0
2025-04-24 04:00:00+00:00,92767.28,92833.48,92154.83,92165.52,1.3151,1745481599999,121799.9304138,253,0.76012,70424.2183976,0.0
2025-04-24 08:00:00+00:00,92202.65,92559.74,91707.55,92528.48,1.51694,1745495999999,139910.826569,245,0.7266,67123.5012605,0.0
2025-04-24 12:00:00+00:00,92562.36,93410.47,92466.02,93247.03,1.50214,1745510399999,139577.662772,255,0.55471,51576.7275978,0.0
2025-04-24 16:00:00+00:00,93289.8,93642.71,92709.59,93642.71,0.59556,1745524799999,55544.6615652,250,0.41327,38558.2629716,0.0
2025-04-24 20:00:00+00:00,93516.35,93952.73,93088.7,93900.61,1.22144,1745539199999,114286.1553499,232,0.48113,45002.198176,0.0
2025-04-25 00:00:00+00:00,93918.83,94399.99,92913.21,93238.56,1.26854,1745553599999,118607.2281188,382,0.48423,45184.1569864,0.0
2025-04-25 04:00:00+00:00,93340.41,93771.7,92884.2,93746.06,3.01515,1745567999999,280840.972774,192,0.99706,92973.0163184,0.0
2025-04-25 08:00:00+00:00,93760.43,94544.86,93549.43,94544.86,0.78829,1745582399999,74000.0862764,239,0.57545,54052.2394276,0.0
2025-04-25 12:00:00+00:00,94560.35,95700.0,93979.37,95207.86,13.46665,1745596799999,1285553.4837494,1057,11.94815,1141227.5887798,0.0
2025-04-25 16:00:00+00:00,95207.86,95528.29,94491.99,95266.87,0.95953,1745611199999,91104.9288789,286,0.2368,22504.4168713,0.0
2025-04-25 20:00:00+00:00,95270.59,95310.78,94601.56,94654.29,0.97216,1745625599999,92192.7793724,208,0.1061,10080.2185914,0.0
2025-04-26 00:00:00+00:00,94650.82,95192.67,94638.76,94800.16,0.81216,1745639999999,77194.6992087,164,0.68834,65446.6125208,0.0
2025-04-26 04:00:00+00:00,94874.18,94875.5,94491.99,94718.16,0.91263,1745654399999,86495.8755284,168,0.07632,7226.2982747,0.0
2025-04-26 08:00:00+00:00,94623.71,94767.1,94049.11,94137.62,0.4291,1745668799999,40461.3294486,198,0.28203,26601.1945015,0.0
2025-04-26 12:00:00+00:00,94226.91,94403.56,93916.03,94317.14,2.4317,1745683199999,228446.3130611,160,1.9714,185191.68654,0.0
2025-04-26 16:00:00+00:00,94272.26,94378.97,94083.05,94273.47,1.25998,1745697599999,118778.4302373,126,0.43714,41245.997909,0.0
2025-04-26 20:00:00+00:00,94332.27,94825.47,94109.6,94650.55,0.17182,1745711999999,16251.6895999,167,0.04733,4480.2674467,0.0
2025-04-27 00:00:00+00:00,94571.62,95261.04,94060.04,94129.71,0.81552,1745726399999,77318.3015655,307,0.62832,59607.8864334,0.0
2025-04-27 04:00:00+00:00,94219.36,94284.76,93718.51,94090.72,0.52582,1745740799999,49435.5024895,144,0.18579,17467.5376315,0.0
2025-04-27 08:00:00+00:00,94111.19,94257.76,93894.09,93900.95,0.10092,1745755199999,9486.6753496,32,0.07096,6670.4519511,0.0
2025-04-27 12:00:00+00:00,93926.25,94113.0,93667.9,93894.23,1.93404,1745769599999,181790.9710644,151,0.90808,85411.4510052,0.0
2025-04-27 16:00:00+00:00,93955.25,94370.0,93757.65,94370.0,1.47595,1745783999999,138866.1179299,199,0.94672,89080.071433,0.0
2025-04-27 20:00:00+00:00,94370.0,94423.78,93709.63,93713.37,0.93435,1745798399999,88018.3078624,173,0.74886,70577.8878176,0.0
2025-04-28 00:00:00+00:00,93741.01,93960.63,92780.71,93876.52,1.87173,1745812799999,174504.0446521,534,0.30581,28542.8277617,0.0
2025-04-28 04:00:00+00:00,93938.02,94756.49,93855.7,94685.49,0.76017,1745827199999,71656.3856923,241,0.38399,36171.5753338,0.0
2025-04-28 08:00:00+00:00,94700.49,95478.54,94329.52,95259.8,0.85756,1745841599999,81493.1464597,294,0.60642,57636.9616503,0.0
2025-04-28 12:00:00+00:00,95285.66,95500.0,93613.47,93725.92,1.01286,1745855999999,95826.9215985,593,0.28383,26889.1407327,0.0
2025-04-28 16:00:00+00:00,93757.05,94933.63,93497.0,94856.45,0.64812,1745870399999,61038.2317204,298,0.22545,21274.4260269,0.0
2025-04-28 20:00:00+00:00,94712.6,95149.3,94364.8,94977.99,0.73311,1745884799999,69480.0011449,210,0.65226,61816.1085427,0.0
2025-04-29 00:00:00+00:00,94947.95,95357.14,94478.98,94774.81,0.27468,1745899199999,26072.4753752,287,0.15842,15022.6215804,0.0
2025-04-29 04:00:00+00:00,94620.15,94883.41,94194.71,94848.41,0.32356,1745913599999,30548.0961467,159,0.15086,14256.0843666,0.0
2025-04-29 08:00:00+00:00,94871.32,95192.67,94790.34,95087.4,0.4396,1745927999999,41771.2482854,126,0.10103,9597.2775107,0.0
2025-04-29 12:00:00+00:00,95051.58,95258.07,94570.22,94883.42,0.61166,1745942399999,58050.8786966,181,0.1966,18661.1875769,0.0
2025-04-29 16:00:00+00:00,94838.41,95440.07,94702.78,95389.27,0.67349,1745956799999,64124.0704902,217,0.20103,19143.5382241,0.0
2025-04-29 20:00:00+00:00,95242.25,95408.02,93800.0,94273.77,1.28881,1745971199999,121734.0758069,318,0.80677,76277.8784106,0.0
2025-04-30 00:00:00+00:00,94195.44,95103.63,94124.32,95099.25,0.46437,1745985599999,43897.2987221,319,0.31629,29903.2095296,0.0
2025-04-30 04:00:00+00:00,95096.72,95130.46,94491.99,94537.64,0.46711,1745999999999,44337.912952,128,0.18634,17710.4918399,0.0
2025-04-30 08:00:00+00:00,94620.02,95199.99,94581.15,95116.97,0.96337,1746014399999,91603.7557827,138,0.60724,57749.8040619,0.0
2025-04-30 12:00:00+00:00,95199.31,95199.32,92949.01,94058.26,2.25908,1746028799999,211772.6423557,584,1.18252,110864.8257177,0.0
2025-04-30 16:00:00+00:00,93987.42,94481.8,93599.14,94232.14,0.70869,1746043199999,66612.507992,236,0.5401,50751.0046712,0.0
2025-04-30 20:00:00+00:00,94254.74,94742.55,94070.28,94239.99,0.31246,1746057599999,29510.797431,140,0.13103,12390.3760188,0.0
2025-05-01 00:00:00+00:00,94234.07,94962.5,94155.46,94830.24,0.67344,1746071999999,63834.9773694,194,0.19498,18466.8348259,0.0
2025-05-01 04:00:00+00:00,94860.8,95156.96,94681.12,95056.35,0.37633,1746086399999,35705.9962685,117,0.18575,17644.288386,0.0
2025-05-01 08:00:00+00:00,95052.49,96324.55,94932.73,96200.0,2.88593,1746100799999,276525.404245,560,2.60543,249641.93989,0.0
2025-05-01 12:00:00+00:00,96239.48,97471.54,95843.11,96814.54,4.95117,1746115199999,479131.0663372,696,4.27799,414051.9570394,0.0
2025-05-01 16:00:00+00:00,96838.6,97350.54,96441.89,96525.29,1.3851,1746129599999,134162.6759336,264,0.79246,76770.4079739,0.0
2025-05-01 20:00:00+00:00,96535.99,96826.99,96157.39,96522.73,0.40066,1746143999999,38636.3242198,271,0.18403,17754.6586204,0.0
2025-05-02 00:00:00+00:00,96518.54,97224.09,96449.03,97224.09,1.30604,1746158399999,126473.7151382,275,0.93985,90932.2460986,0.0
2025-05-02 04:00:00+00:00,97043.39,97265.38,96405.36,96419.07,0.62378,1746172799999,60414.5401205,198,0.38115,36933.994587,0.0
2025-05-02 08:00:00+00:00,96398.76,97045.75,96345.97,96979.33,0.68054,1746187199999,65847.7276733,114,0.15868,15350.8835176,0.0
2025-05-02 12:00:00+00:00,96844.87,97854.29,96759.64,97301.15,2.4951,1746201599999,242902.1861938,473,0.97435,94873.9405476,0.0
2025-05-02 16:00:00+00:00,97318.58,97737.11,96809.6,96897.96,2.6953,1746215999999,262180.4931654,283,1.30753,127130.4393538,0.0
2025-05-02 20:00:00+00:00,96869.81,97142.65,96540.6,96817.12,1.53013,1746230399999,148345.5115159,233,1.04581,101427.03126,0.0
2025-05-03 00:00:00+00:00,96916.98,96916.99,96355.0,96442.04,0.49631,1746244799999,47990.4622642,170,0.15555,15039.2899181,0.0
2025-05-03 04:00:00+00:00,96355.0,96591.33,96200.0,96289.32,0.91336,1746259199999,88009.8570546,111,0.09865,9515.5933811,0.0
2025-05-03 08:00:00+00:00,96294.5,96406.56,95900.0,95967.28,1.4546,1746273599999,139908.5178964,163,0.42217,40640.2847122,0.0
2025-05-03 12:00:00+00:00,95912.28,96514.04,95912.28,96457.28,0.48378,1746287999999,46610.1292365,117,0.29444,28373.2101628,0.0
2025-05-03 16:00:00+00:00,96448.96,96448.96,95920.3,96339.32,1.73081,1746302399999,166530.7209206,239,1.32855,127872.7156419,0.0
2025-05-03 20:00:00+00:00,96339.32,96405.36,95800.0,95935.69,0.38639,1746316799999,37130.6344547,159,0.10949,10547.4193712,0.0
2025-05-04 00:00:00+00:00,95828.83,96292.95,95625.91,95789.95,0.63668,1746331199999,61026.3393614,213,0.38542,36954.9335786,0.0
2025-05-04 04:00:00+00:00,95810.18,96151.33,95746.52,95815.26,0.16102,1746345599999,15455.8426031,86,0.06865,6590.6777673,0.0
2025-05-04 08:00:00+00:00,95909.74,95909.74,95357.14,95456.18,0.19194,1746359999999,18350.0384014,109,0.06546,6253.8078505,0.0
2025-05-04 12:00:00+00:00,95499.33,95709.98,95287.07,95389.24,0.29098,1746374399999,27784.1537544,111,0.23502,22443.0007082,0.0
2025-05-04 16:00:00+00:00,95389.24,95628.93,95287.07,95536.16,0.51494,1746388799999,49146.9992136,127,0.20112,19197.9447331,0.0
2025-05-04 20:00:00+00:00,95587.63,95768.51,94298.15,94333.24,4.2694,1746403199999,404967.5047739,385,2.20841,209055.3637674,0.0
2025-05-05 00:00:00+00:00,94298.15,94788.44,93583.33,94170.48,3.60689,1746417599999,339286.2653463,369,0.98341,92747.7076561,0.0
2025-05-05 04:00:00+00:00,94157.13,94747.63,94028.69,94684.76,0.33161,1746431999999,31357.4075705,123,0.22832,21600.6588975,0.0
2025-05-05 08:00:00+00:00,94638.86,94733.24,93960.63,93980.74,0.20411,1746446399999,19239.5218806,115,0.07252,6849.0370077,0.0
2025-05-05 12:00:00+00:00,94090.29,94491.99,93619.42,93798.77,0.78187,1746460799999,73430.0454106,197,0.59226,55613.853845,0.0
2025-05-05 16:00:00+00:00,93768.2,94875.23,93768.2,94319.82,0.52631,1746475199999,49660.4584689,188,0.1686,15949.4844665,0.0
2025-05-05 20:00:00+00:00,94277.37,95156.9,93916.03,94761.09,0.7744,1746489599999,73404.1092653,300,0.21488,20365.2116383,0.0
2025-05-06 00:00:00+00:00,94697.65,94917.83,94052.35,94459.96,0.56402,1746503999999,53324.5521192,314,0.30709,29053.0680139,0.0
2025-05-06 04:00:00+00:00,94381.39,94607.71,94306.24,94427.73,0.32861,1746518399999,31036.019181,97,0.05327,5034.387697,0.0
2025-05-06 08:00:00+00:00,94364.8,94364.8,93726.75,93738.21,0.08107,1746532799999,7628.1705563,135,0.05255,4948.3744805,0.0
2025-05-06 12:00:00+00:00,93767.39,94702.78,93425.52,94514.7,0.82793,1746547199999,77868.182954,264,0.17634,16566.2633349,0.0
2025-05-06 16:00:00+00:00,94492.41,95137.0,94260.34,94960.68,0.68161,1746561599999,64546.3198457,299,0.30026,28482.3615113,0.0
2025-05-06 20:00:00+00:00,94960.36,96862.65,94481.81,96792.88,4.83774,1746575999999,464718.6147313,563,4.4021,423170.6521683,0.0
2025-05-07 00:00:00+00:00,96854.61,97532.08,96219.43,96598.53,2.72462,1746590399999,264584.8491471,690,1.38673,134665.0877621,0.0
2025-05-07 04:00:00+00:00,96595.22,97018.36,96291.27,97018.36,0.63829,1746604799999,61727.7132131,119,0.3429,33168.0138556,0.0
2025-05-07 08:00:00+00:00,97017.96,97093.33,96829.76,96981.97,0.18916,1746619199999,18348.319013,60,0.13456,13057.531785,0.0
2025-05-07 12:00:00+00:00,96943.62,97427.44,96698.25,96981.32,0.97549,1746633599999,94643.6498908,256,0.5798,56266.0631804,0.0
2025-05-07 16:00:00+00:00,96961.38,96961.38,95843.03,96197.12,0.65519,1746647999999,63210.5339023,389,0.18406,17777.1767666,0.0
2025-05-07 20:00:00+00:00,96227.26,97395.56,96180.34,97000.0,1.47744,1746662399999,143034.826617,263,0.46291,44883.6472965,0.0
2025-05-08 00:00:00+00:00,97000.03,99139.52,96917.0,99086.37,5.10374,1746676799999,501211.4305868,1007,4.12833,405431.2111066,0.0
2025-05-08 04:00:00+00:00,99050.66,99340.6,98746.67,99249.13,0.98694,1746691199999,97720.9691467,272,0.4123,40815.8003042,0.0
2025-05-08 08:00:00+00:00,99285.8,99799.99,99249.12,99394.35,1.61816,1746705599999,161165.058724,302,1.34754,134227.8089444,0.0
2025-05-08 12:00:00+00:00,99394.35,101449.3,99137.97,100678.92,9.58497,1746719999999,963572.3907373,1361,4.85428,486278.6591584,0.0
2025-05-08 16:00:00+00:00,100668.79,101613.45,100599.4,101149.05,3.08139,1746734399999,311866.3162592,498,1.34377,136004.246489,0.0
2025-05-08 20:00:00+00:00,101184.54,103971.96,101184.53,103107.77,10.62646,1746748799999,1090849.0243046,1420,6.57351,674187.3361654,0.0
2025-05-09 00:00:00+00:00,103121.22,103262.9,102360.14,102395.29,1.26193,1746763199999,129661.3415963,544,0.51789,53249.3100253,0.0
2025-05-09 04:00:00+00:00,102396.18,104166.28,102304.63,103681.53,1.92404,1746777599999,198619.7858503,539,1.15746,119924.1746292,0.0
2025-05-09 08:00:00+00:00,103664.66,103956.7,102475.25,102957.5,2.70515,1746791999999,278983.9780242,746,0.86776,89635.4494143,0.0
2025-05-09 12:00:00+00:00,102897.25,103785.29,102417.11,102924.91,1.21247,1746806399999,124788.1003493,450,0.73772,75953.4003655,0.0
2025-05-09 16:00:00+00:00,102873.52,103350.0,102357.34,103150.96,0.8869,1746820799999,91307.7902455,238,0.29254,30152.4282403,0.0
2025-05-09 20:00:00+00:00,103150.96,103446.94,102724.24,102999.85,0.63697,1746835199999,65639.0567358,278,0.45138,46510.0614671,0.0
2025-05-10 00:00:00+00:00,102999.96,103213.14,102771.76,103213.12,1.39453,1746849599999,143684.476529,334,1.08667,111965.3538279,0.0
2025-05-10 04:00:00+00:00,103212.88,104048.38,102985.78,103712.67,4.35371,1746863999999,449811.6641837,325,3.29162,339999.3941955,0.0
2025-05-10 08:00:00+00:00,103819.91,104049.76,103369.28,103387.96,0.54581,1746878399999,56544.0793637,209,0.14364,14917.6674833,0.0
2025-05-10 12:00:00+00:00,103525.23,103812.38,103134.37,103182.37,1.42461,1746892799999,147434.3757524,295,0.26141,27073.0918971,0.0
2025-05-10 16:00:00+00:00,103148.29,103599.96,103032.34,103251.29,0.72315,1746907199999,74697.1327177,334,0.38948,40247.8855795,0.0
2025-05-10 20:00:00+00:00,103214.79,104892.63,103100.0,104688.81,1.87515,1746921599999,194976.8021783,847,1.05829,110273.1634123,0.0
2025-05-11 00:00:00+00:00,104708.68,104892.63,103486.96,103990.82,0.95658,1746935999999,99588.9672694,519,0.32554,33930.0512127,0.0
2025-05-11 04:00:00+00:00,103959.64,104311.45,103379.82,103734.49,1.82721,1746950399999,190061.6748433,219,1.65352,172029.1206797,0.0
2025-05-11 08:00:00+00:00,103692.83,104685.2,103673.21,104271.69,2.44648,1746964799999,255074.3107179,218,2.1113,220142.443172,0.0
2025-05-11 12:00:00+00:00,104551.42,104789.98,103785.32,103895.83,1.0925,1746979199999,113995.1367068,319,0.65954,68805.77479,0.0
2025-05-11 16:00:00+00:00,104179.55,104745.93,103785.33,104358.74,0.78773,1746993599999,82265.6196569,217,0.66062,69011.3057951,0.0
2025-05-11 20:00:00+00:00,104341.74,104608.29,103520.39,104085.76,2.96761,1747007999999,308254.2097905,212,1.39557,145133.0611297,0.0
2025-05-12 00:00:00+00:00,104085.76,104980.0,103712.81,104214.9,2.33553,1747022399999,243858.4466738,489,1.71919,179658.1065011,0.0
2025-05-12 04:00:00+00:00,104206.82,105718.14,103750.02,104473.35,7.59034,1747036799999,797464.2845071,876,6.15098,646297.4453341,0.0
2025-05-12 08:00:00+00:00,104531.72,104733.29,103662.01,103662.01,3.40647,1747051199999,355837.3197775,257,1.38938,145401.6159121,0.0
2025-05-12 12:00:00+00:00,103950.24,104606.93,102193.0,102698.74,4.19194,1747065599999,432085.0717048,684,2.14828,221795.415879,0.0
2025-05-12 16:00:00+00:00,102696.5,103078.95,100757.08,101957.71,3.98302,1747079999999,405669.6261728,626,0.73584,75118.5237756,0.0
2025-05-12 20:00:00+00:00,101956.56,103079.01,101596.98,102795.44,1.39749,1747094399999,143374.0403136,285,0.74436,76377.4123817,0.0
2025-05-13 00:00:00+00:00,102995.82,102995.82,101488.21,101854.6,1.1057,1747108799999,112906.1886263,308,0.57556,58822.742775,0.0
2025-05-13 04:00:00+00:00,101529.43,102873.06,101529.43,102606.76,0.62623,1747123199999,64006.6354062,131,0.50951,52093.1442707,0.0
2025-05-13 08:00:00+00:00,102832.8,103735.75,102561.14,103484.45,0.93197,1747137599999,96339.8112544,177,0.71271,73694.1414694,0.0
2025-05-13 12:00:00+00:00,103735.75,103886.75,102901.22,103749.48,1.71558,1747151999999,177720.0425875,284,0.9589,99468.6769915,0.0
2025-05-13 16:00:00+00:00,103749.06,104973.24,103464.93,104917.09,4.45672,1747166399999,464388.3874081,837,3.52238,366772.4809998,0.0
2025-05-13 20:00:00+00:00,104917.1,104959.88,103893.48,104249.89,0.99664,1747180799999,103964.5054861,281,0.4901,51128.3675403,0.0
2025-05-14 00:00:00+00:00,104144.46,104245.13,103495.46,103716.18,0.87252,1747195199999,90583.1958795,248,0.24939,25917.1031828,0.0
2025-05-14 04:00:00+00:00,103693.11,104000.96,103390.76,103686.9,1.21453,1747209599999,126237.3656223,147,0.37879,39346.2217493,0.0
2025-05-14 08:00:00+00:00,103718.14,104085.76,102904.1,103947.51,1.7152,1747223999999,177902.8481561,310,1.23868,128504.933746,0.0
2025-05-14 12:00:00+00:00,103976.99,104258.02,102889.99,103453.06,0.8586,1747238399999,88995.8401505,250,0.30683,31746.4586739,0.0
2025-05-14 16:00:00+00:00,103360.5,103642.96,102591.04,103316.07,0.58846,1747252799999,60769.8484221,232,0.28218,29190.2764442,0.0
2025-05-14 20:00:00+00:00,103431.96,103642.96,103294.51,103523.82,0.37749,1747267199999,39059.9836738,98,0.05161,5340.4270919,0.0
2025-05-15 00:00:00+00:00,103522.43,103830.0,102792.27,102832.06,1.04764,1747281599999,107959.1228587,313,0.72915,75157.6870974,0.0
2025-05-15 04:00:00+00:00,102763.2,102926.13,101703.3,101841.34,3.11821,1747295999999,318539.6626151,404,0.1529,15671.1299553,0.0
2025-05-15 08:00:00+00:00,101862.27,102390.0,101549.23,102272.83,4.091,1747310399999,417556.8605778,200,0.57696,58880.6871721,0.0
2025-05-15 12:00:00+00:00,102352.54,103248.0,101456.73,103248.0,2.68516,1747324799999,274284.3662897,499,0.8556,87611.6050172,0.0
2025-05-15 16:00:00+00:00,103248.0,104099.96,102542.13,103233.6,4.14883,1747339199999,429936.6070018,514,3.35689,347959.4951333,0.0
2025-05-15 20:00:00+00:00,103233.57,103904.06,102692.33,103851.28,0.74584,1747353599999,77034.6010165,236,0.14041,14528.0517904,0.0
2025-05-16 00:00:00+00:00,103791.23,104354.07,103566.38,104083.37,1.50097,1747367999999,156187.1401005,271,1.29919,135179.9069336,0.0
2025-05-16 04:00:00+00:00,104131.61,104209.23,103697.46,103697.46,0.43865,1747382399999,45627.9409316,166,0.40126,41741.5775395,0.0
2025-05-16 08:00:00+00:00,103782.08,103862.06,103166.34,103699.38,1.66576,1747396799999,172571.8499414,168,1.30724,135408.2607262,0.0
2025-05-16 12:00:00+00:00,103575.9,104143.41,103362.87,103962.29,0.34337,1747411199999,35611.6235315,158,0.21842,22666.1780255,0.0
2025-05-16 16:00:00+00:00,104198.8,104485.87,103567.32,103996.29,1.01458,1747425599999,105428.2201432,239,0.60731,63133.9492336,0.0
2025-05-16 20:00:00+00:00,104060.38,104060.38,103350.92,103397.56,0.48988,1747439999999,50763.3497448,241,0.14955,15502.3724759,0.0
2025-05-17 00:00:00+00:00,103510.15,103585.25,102618.04,103583.95,2.72075,1747454399999,280161.9489576,348,0.21276,21974.3980977,0.0
2025-05-17 04:00:00+00:00,103578.08,103680.99,103345.67,103410.0,0.19303,1747468799999,19984.7383662,108,0.14737,15261.9765785,0.0
2025-05-17 08:00:00+00:00,103301.27,103543.79,102763.22,103024.28,0.16834,1747483199999,17345.5223357,89,0.1038,10702.5594409,0.0
2025-05-17 12:00:00+00:00,102938.95,103214.76,102650.01,102999.0,0.41752,1747497599999,42971.7200755,104,0.17357,17870.9521477,0.0
2025-05-17 16:00:00+00:00,103156.23,103277.29,102730.79,103171.07,0.23791,1747511999999,24503.9588881,137,0.1061,10945.0069408,0.0
2025-05-17 20:00:00+00:00,103155.0,103451.99,102890.9,103103.36,0.23814,1747526399999,24558.8102321,101,0.07152,7385.4020356,0.0
2025-05-18 00:00:00+00:00,103137.37,103423.7,103065.62,103229.2,0.16875,1747540799999,17433.8621246,96,0.13355,13799.1579463,0.0
2025-05-18 04:00:00+00:00,103334.32,103930.33,103276.18,103912.78,0.25104,1747555199999,26000.3240454,145,0.19416,20113.0705964,0.0
2025-05-18 08:00:00+00:00,103938.19,104085.74,103780.79,103827.22,0.35609,1747569599999,37018.2834177,120,0.22615,23508.7891766,0.0
2025-05-18 12:00:00+00:00,103875.6,105621.57,103730.06,105531.42,4.27826,1747583999999,448861.258991,857,3.4987,366870.8070101,0.0
2025-05-18 16:00:00+00:00,105578.48,105918.99,103890.89,103926.0,4.23801,1747598399999,444141.7640423,709,2.38288,250050.4966119,0.0
2025-05-18 20:00:00+00:00,103926.0,106452.63,103301.97,106452.63,8.55825,1747612799999,897919.1873133,902,6.14847,646260.1822801,0.0
2025-05-19 00:00:00+00:00,106452.63,106953.35,103566.25,103566.25,3.73892,1747627199999,393905.9232652,1028,1.51459,159926.0960856,0.0
2025-05-19 04:00:00+00:00,103673.85,103697.46,102089.43,103242.62,5.271,1747641599999,542845.3973119,622,0.52079,53690.6171148,0.0
2025-05-19 08:00:00+00:00,103139.47,103322.54,102839.67,103089.87,0.75283,1747655999999,77579.7848362,104,0.58995,60807.2646953,0.0
2025-05-19 12:00:00+00:00,102957.49,104908.67,102184.85,104672.22,5.34557,1747670399999,555860.7896626,505,3.34998,349174.7068969,0.0
2025-05-19 16:00:00+00:00,104788.96,105496.0,104489.99,105364.01,1.6564,1747684799999,173766.2505364,333,1.03462,108528.5072537,0.0
2025-05-19 20:00:00+00:00,105500.0,105744.47,105011.76,105656.99,1.14633,1747699199999,120959.7097476,252,0.99344,104833.4512179,0.0
2025-05-20 00:00:00+00:00,105637.6,106746.51,105583.12,105704.48,5.93671,1747713599999,629913.4684501,737,4.384,465283.9151642,0.0
2025-05-20 04:00:00+00:00,105704.3,106368.06,104983.3,105092.57,0.73715,1747727999999,77983.7531253,287,0.49565,52530.7326933,0.0
2025-05-20 08:00:00+00:00,105093.44,105394.78,104913.52,105251.55,1.36274,1747742399999,143339.9340823,136,1.08225,113855.4001836,0.0
2025-05-20 12:00:00+00:00,105131.18,105390.78,104226.22,105390.78,1.65633,1747756799999,173658.7992758,307,1.43157,150132.5742794,0.0
2025-05-20 16:00:00+00:00,105385.23,106998.0,105178.79,106822.9,3.5472,1747771199999,376388.7760035,815,2.97171,315454.7796704,0.0
2025-05-20 20:00:00+00:00,106822.91,107000.0,105945.78,106700.0,5.27587,1747785599999,563147.152113,446,4.87165,520049.3486794,0.0
2025-05-21 00:00:00+00:00,106803.18,107014.0,106207.97,107006.56,2.38143,1747799999999,254421.3186464,439,2.23051,238317.9920253,0.0
2025-05-21 04:00:00+00:00,106995.71,108115.22,106731.85,106978.92,18.19317,1747814399999,1961890.9865887,1551,14.92416,1610126.7297861,0.0
2025-05-21 08:00:00+00:00,106836.81,107020.74,106185.74,106646.25,9.02186,1747828799999,962455.8299592,464,5.37639,573760.8874711,0.0
2025-05-21 12:00:00+00:00,106854.16,109262.99,106334.61,109066.42,13.8492,1747843199999,1497820.285204,1724,7.9829,865839.1470656,0.0
2025-05-21 16:00:00+00:00,108873.04,109687.79,106188.14,108633.78,8.32633,1747857599999,898190.9679772,1371,3.43363,371895.1842815,0.0
2025-05-21 20:00:00+00:00,108633.78,110268.76,107800.65,109578.68,9.06837,1747871999999,991291.5382475,1083,8.4671,925764.0367783,0.0
2025-05-22 00:00:00+00:00,109593.03,111801.37,109246.53,111799.14,5.57811,1747886399999,617713.2501862,1398,3.64737,404227.186542,0.0
2025-05-22 04:00:00+00:00,111794.88,111794.88,110463.02,111043.45,6.78836,1747900799999,754070.5152063,529,3.4683,384679.6534097,0.0
2025-05-22 08:00:00+00:00,110994.97,111262.06,110328.25,111093.17,3.12929,1747915199999,347017.9498393,308,2.8567,316867.8887136,0.0
2025-05-22 12:00:00+00:00,110938.71,111564.75,110587.44,111308.05,6.63807,1747929599999,737851.8528308,471,4.21109,468415.5568099,0.0
2025-05-22 16:00:00+00:00,111308.05,111945.48,111012.45,111012.45,2.34782,1747943999999,262145.605414,470,1.85351,207006.6898555,0.0
2025-05-22 20:00:00+00:00,111079.12,111699.0,110833.33,111699.0,3.05133,1747958399999,339032.4882967,417,2.15459,239437.6028526,0.0
2025-05-23 00:00:00+00:00,111698.95,111766.14,111061.81,111195.24,2.52067,1747972799999,280863.4906729,423,1.3905,155070.2011075,0.0
2025-05-23 04:00:00+00:00,111061.81,111219.22,110393.13,110869.21,2.5803,1747987199999,285567.6035423,300,0.48828,54093.4998196,0.0
2025-05-23 08:00:00+00:00,110798.81,111361.73,109052.39,109052.39,4.05888,1748001599999,447293.8441751,452,1.26772,139958.9233016,0.0
2025-05-23 12:00:00+00:00,109051.95,109957.79,107335.06,109091.87,4.09703,1748015999999,445519.6204328,843,1.93461,210847.4130923,0.0
2025-05-23 16:00:00+00:00,109261.08,109779.87,108066.94,108790.0,1.30145,1748030399999,141786.1925154,337,0.51684,56463.1122059,0.0
2025-05-23 20:00:00+00:00,108657.97,108887.63,106862.04,107306.01,1.71212,1748044799999,184495.8497785,381,0.38478,41630.5873426,0.0
2025-05-24 00:00:00+00:00,107363.84,108303.49,106915.38,108303.49,3.12561,1748059199999,335499.4356274,216,2.56338,275133.1408036,0.0
2025-05-24 04:00:00+00:00,108311.91,108542.38,107626.4,107825.42,0.58642,1748073599999,63415.848626,182,0.21628,23410.322249,0.0
2025-05-24 08:00:00+00:00,107824.44,109432.68,107616.99,109200.02,0.40868,1748087999999,44419.4188557,190,0.348,37816.4784918,0.0
2025-05-24 12:00:00+00:00,109200.01,109398.37,108534.85,109089.39,3.36479,1748102399999,366598.3865047,209,2.72666,297231.1442731,0.0
2025-05-24 16:00:00+00:00,109083.38,109192.31,108683.71,109020.36,0.38327,1748116799999,41766.9958383,188,0.25039,27300.4922115,0.0
2025-05-24 20:00:00+00:00,109014.1,109166.26,107577.97,107839.94,2.30513,1748131199999,250514.7677753,216,0.13997,15201.7513029,0.0
2025-05-25 00:00:00+00:00,107839.73,108270.84,107287.66,108023.35,1.35233,1748145599999,145395.8871424,260,0.35021,37739.3659698,0.0
2025-05-25 04:00:00+00:00,108164.57,108271.6,107495.01,107608.91,0.30368,1748159999999,32792.2231791,104,0.12044,13014.2519702,0.0
2025-05-25 08:00:00+00:00,107696.55,107721.17,106800.0,107319.3,1.62977,1748174399999,174477.2132428,217,0.37417,40108.4589448,0.0
2025-05-25 12:00:00+00:00,107317.05,107755.67,106687.21,107030.53,1.48408,1748188799999,159315.7730952,221,0.42445,45564.430213,0.0
2025-05-25 16:00:00+00:00,106965.51,107894.13,106694.01,107819.37,1.12281,1748203199999,120260.1957391,181,0.99664,106731.2888669,0.0
2025-05-25 20:00:00+00:00,107763.06,109291.08,107304.53,108917.86,1.62744,1748217599999,176271.6343427,392,0.82158,88945.0175241,0.0
2025-05-26 00:00:00+00:00,108956.56,109816.35,108700.0,109711.1,3.03702,1748231999999,332511.3000799,376,2.42834,266014.372966,0.0
2025-05-26 04:00:00+00:00,109579.63,110171.33,109372.03,110097.02,0.78254,1748246399999,86050.2688693,218,0.38028,41824.8537796,0.0
2025-05-26 08:00:00+00:00,110095.4,110136.0,109533.28,109767.57,0.27229,1748260799999,29930.6027393,98,0.09103,10017.9567432,0.0
2025-05-26 12:00:00+00:00,109683.28,110345.2,109484.62,110006.78,0.70325,1748275199999,77185.7844421,193,0.2938,32279.244672,0.0
2025-05-26 16:00:00+00:00,110089.15,110371.05,108851.92,109125.04,0.6872,1748289599999,75096.1068012,266,0.35073,38368.8580237,0.0
2025-05-26 20:00:00+00:00,109028.72,109789.86,109010.05,109435.45,0.58295,1748303999999,63716.1243392,178,0.23453,25652.0097854,0.0
2025-05-27 00:00:00+00:00,109456.61,109611.49,107494.41,108972.73,4.0148,1748318399999,434666.3168204,526,0.70334,76450.6898663,0.0
2025-05-27 04:00:00+00:00,108818.04,109611.48,108581.53,109444.97,0.47207,1748332799999,51490.9274576,209,0.26275,28674.086778,0.0
2025-05-27 08:00:00+00:00,109603.62,109842.57,109414.19,109573.07,2.44756,1748347199999,268459.0399936,173,2.18869,240089.3004345,0.0
2025-05-27 12:00:00+00:00,109573.08,110688.47,108768.09,110215.93,2.267,1748361599999,249146.8072609,607,1.6163,177804.0708727,0.0
2025-05-27 16:00:00+00:00,110187.29,110495.74,109611.49,109912.03,1.02454,1748375999999,112738.229179,216,0.3734,41095.3367735,0.0
2025-05-27 20:00:00+00:00,109908.25,109923.05,108700.0,108949.43,1.27353,1748390399999,139150.0814268,283,0.45392,49569.536526,0.0
2025-05-28 00:00:00+00:00,108879.08,109390.99,108491.2,108936.52,3.97208,1748404799999,432383.2180581,304,1.47175,160489.056754,0.0
2025-05-28 04:00:00+00:00,108774.62,109116.07,108630.34,108778.32,0.39532,1748419199999,43044.6594944,146,0.1972,21486.4299914,0.0
2025-05-28 08:00:00+00:00,108866.51,109119.27,108342.37,108823.55,0.82177,1748433599999,89309.7993839,126,0.37866,41157.9371098,0.0
2025-05-28 12:00:00+00:00,108846.84,109072.22,107056.52,107056.52,4.04073,1748447999999,435336.4560655,525,1.01416,109525.2573005,0.0
2025-05-28 16:00:00+00:00,107288.5,107860.4,107000.0,107050.0,1.14298,1748462399999,122809.8085608,245,0.74782,80379.6337968,0.0
2025-05-28 20:00:00+00:00,107000.0,108097.51,106880.0,107747.33,2.04949,1748476799999,220095.0893977,240,0.8245,88712.0031765,0.0
2025-05-29 00:00:00+00:00,107746.82,108501.54,107527.16,108094.99,1.30938,1748491199999,141550.4583584,283,0.48877,52876.9057378,0.0
2025-05-29 04:00:00+00:00,108094.99,108095.0,107029.83,107894.2,0.98916,1748505599999,106414.6422119,590,0.72742,78247.561583,0.0
2025-05-29 08:00:00+00:00,107925.0,108843.86,107747.28,108825.22,0.87683,1748519999999,95047.9420633,177,0.37366,40465.2574359,0.0
2025-05-29 12:00:00+00:00,108695.46,108827.12,106535.77,107029.84,3.25869,1748534399999,352161.7311952,539,2.56736,278035.8555616,0.0
2025-05-29 16:00:00+00:00,107085.82,107183.66,105702.68,105821.75,4.0614,1748548799999,432383.4226806,518,0.65378,69584.8705793,0.0
2025-05-29 20:00:00+00:00,106028.7,106489.3,105413.06,105703.38,2.94718,1748563199999,312626.8071337,276,0.47485,50401.3778035,0.0
2025-05-30 00:00:00+00:00,105702.53,106195.34,104691.04,105998.0,1.76051,1748577599999,185605.3509646,562,0.68406,72221.1955648,0.0
2025-05-30 04:00:00+00:00,105998.0,106211.6,104750.49,105035.26,1.33443,1748591999999,141230.3292196,216,0.72826,77099.4627931,0.0
2025-05-30 08:00:00+00:00,105102.08,105921.82,104642.07,105857.92,2.23176,1748606399999,234177.9512357,195,1.23879,129971.4156977,0.0
2025-05-30 12:00:00+00:00,105767.76,105933.09,105093.23,105610.76,1.99574,1748620799999,210849.6589215,256,1.15604,122150.2854468,0.0
2025-05-30 16:00:00+00:00,105598.8,105598.81,103665.04,104700.0,4.06245,1748635199999,423582.3084096,832,0.98868,103169.7601311,0.0
2025-05-30 20:00:00+00:00,104664.5,104893.43,103697.46,104071.8,5.52802,1748649599999,575355.5132171,363,2.75985,287267.4917167,0.0
2025-05-31 00:00:00+00:00,104179.86,104318.57,102906.0,103635.79,9.12225,1748663999999,945662.3505316,583,0.91327,94818.1283306,0.0
2025-05-31 04:00:00+00:00,103649.99,103853.14,103443.7,103817.06,1.69577,1748678399999,175655.5973106,198,1.18882,123135.6618475,0.0
2025-05-31 08:00:00+00:00,103831.18,103831.18,103277.29,103493.79,0.03291,1748692799999,3407.8563104,45,0.02762,2860.8873678,0.0
2025-05-31 12:00:00+00:00,103507.17,104778.28,103468.21,104531.51,1.31272,1748707199999,136895.4788689,257,1.09434,114133.8891172,0.0
2025-05-31 16:00:00+00:00,104590.49,104796.5,104295.98,104725.0,0.45024,1748721599999,47084.0515276,211,0.21926,22950.4476914,0.0
2025-05-31 20:00:00+00:00,104725.0,104877.45,104500.0,104612.5,0.47042,1748735999999,49261.9545173,198,0.18241,19106.1766193,0.0
2025-06-01 00:00:00+00:00,104662.05,104662.05,103959.31,104315.78,1.03806,1748750399999,108322.6717474,413,0.92828,96882.1586539,0.0
2025-06-01 04:00:00+00:00,104445.96,104738.07,104158.46,104317.6,0.49197,1748764799999,51383.7832728,283,0.42619,44515.8128058,0.0
2025-06-01 08:00:00+00:00,104326.58,104361.44,103751.93,104030.12,0.14315,1748779199999,14893.2449973,145,0.08656,9006.1718705,0.0
2025-06-01 12:00:00+00:00,104143.8,104803.12,103800.03,104696.26,0.57781,1748793599999,60420.4450681,126,0.12402,12969.1237599,0.0
2025-06-01 16:00:00+00:00,104696.26,105246.95,104371.8,105007.23,1.50201,1748807999999,157544.9377868,335,1.20361,126217.2673338,0.0
2025-06-01 20:00:00+00:00,105103.1,105813.97,104868.75,105571.94,1.01982,1748822399999,107553.309155,293,0.44147,46568.2343215,0.0
2025-06-02 00:00:00+00:00,105609.6,105723.18,104583.06,104915.89,0.95734,1748836799999,100819.19164,370,0.51722,54601.7118801,0.0
2025-06-02 04:00:00+00:00,104751.67,105398.87,104672.36,105328.13,0.66549,1748851199999,69832.2319899,187,0.59596,62534.8064953,0.0
2025-06-02 08:00:00+00:00,105433.65,105883.31,103919.84,103919.84,1.90814,1748865599999,200002.8558456,440,0.57361,60230.6795235,0.0
2025-06-02 12:00:00+00:00,104000.0,104583.06,103673.88,104418.39,1.9154,1748879999999,199520.2937375,330,0.80931,84354.7599846,0.0
2025-06-02 16:00:00+00:00,104376.12,104678.48,103985.09,104427.72,0.63065,1748894399999,65783.6774463,225,0.42141,43977.8193989,0.0
2025-06-02 20:00:00+00:00,104482.09,105917.06,104405.29,105860.43,1.07486,1748908799999,113226.9249753,542,0.72359,76247.8724823,0.0
2025-06-03 00:00:00+00:00,105768.14,106442.47,104949.0,105390.66,3.41634,1748923199999,361541.2502816,687,0.84425,89483.2618977,0.0
2025-06-03 04:00:00+00:00,105404.83,105482.89,105084.74,105260.76,0.77247,1748937599999,81345.5780056,207,0.67809,71413.4970884,0.0
2025-06-03 08:00:00+00:00,105257.83,105357.17,104909.52,105170.53,0.36633,1748951999999,38549.5568472,143,0.32668,34382.1335864,0.0
2025-06-03 12:00:00+00:00,105322.75,106761.46,105072.02,106670.28,2.14706,1748966399999,228265.1777152,359,1.03234,109757.0971071,0.0
2025-06-03 16:00:00+00:00,106637.8,106637.8,105611.15,106143.85,1.56919,1748980799999,166343.8280424,308,1.25108,132552.3593518,0.0
2025-06-03 20:00:00+00:00,106238.47,106238.47,105262.85,105317.93,0.62901,1748995199999,66473.303861,289,0.41405,43783.5419107,0.0
2025-06-04 00:00:00+00:00,105390.06,105853.16,105137.94,105604.98,0.79768,1749009599999,84201.1845995,232,0.37855,39965.1971757,0.0
2025-06-04 04:00:00+00:00,105604.15,105655.59,105259.5,105378.46,0.35608,1749023999999,37549.7020877,131,0.23101,24371.3288448,0.0
2025-06-04 08:00:00+00:00,105359.51,105973.03,105126.18,105126.18,0.77438,1749038399999,81793.0781145,133,0.63692,67277.939848,0.0
2025-06-04 12:00:00+00:00,105120.01,105551.41,104216.01,105343.17,1.52951,1749052799999,160666.186116,372,0.78772,82790.6059068,0.0
2025-06-04 16:00:00+00:00,105369.09,105451.1,104900.0,105058.88,0.71712,1749067199999,75445.4994032,222,0.18746,19725.6981586,0.0
2025-06-04 20:00:00+00:00,104900.0,105050.31,104476.25,104671.87,3.74387,1749081599999,391680.1299268,203,0.45548,47723.4909124,0.0
2025-06-05 00:00:00+00:00,104740.79,105200.0,104707.0,105021.83,0.89511,1749095999999,94031.1887001,174,0.67561,70999.6814195,0.0
2025-06-05 04:00:00+00:00,105034.96,105200.0,104408.02,104562.48,0.59488,1749110399999,62420.6697888,130,0.37156,39011.7237696,0.0
2025-06-05 08:00:00+00:00,104648.85,104894.22,104465.41,104857.61,0.66314,1749124799999,69448.691435,96,0.33371,34956.8308234,0.0
2025-06-05 12:00:00+00:00,104842.74,105932.94,103950.0,104578.4,2.86094,1749139199999,300477.8327916,442,1.12471,118338.8271115,0.0
2025-06-05 16:00:00+00:00,104515.32,104618.32,101833.98,101984.09,13.14007,1749153599999,1350100.1940593,946,4.16644,429040.9898404,0.0
2025-06-05 20:00:00+00:00,101900.02,102114.19,100425.95,101498.5,8.48376,1749167999999,859494.3419825,697,5.57098,564492.9523432,0.0
2025-06-06 00:00:00+00:00,101498.58,102535.43,101151.9,102535.19,1.89015,1749182399999,192412.7512174,330,1.03869,105749.2450718,0.0
2025-06-06 04:00:00+00:00,102534.96,103417.2,102374.96,103139.05,0.47909,1749196799999,49284.6370797,252,0.32659,33611.071156,0.0
2025-06-06 08:00:00+00:00,103272.75,103950.49,103272.75,103879.03,0.38121,1749211199999,39544.9059249,178,0.29622,30728.4075396,0.0
2025-06-06 12:00:00+00:00,103904.0,105255.62,103591.78,105097.11,1.70594,1749225599999,177978.6299445,487,1.08196,112966.8585396,0.0
2025-06-06 16:00:00+00:00,105103.61,105200.04,104054.07,104054.07,1.58431,1749239999999,165866.3235856,295,0.94153,98646.9280108,0.0
2025-06-06 20:00:00+00:00,104301.07,104597.5,104132.7,104301.01,0.68818,1749254399999,71841.7563373,134,0.53722,56091.4783386,0.0
2025-06-07 00:00:00+00:00,104364.9,104885.68,103853.14,104885.67,1.03924,1749268799999,108440.5124891,286,0.55373,57820.400371,0.0
2025-06-07 04:00:00+00:00,104789.87,105234.57,104600.54,104902.6,0.29689,1749283199999,31135.8749486,137,0.17614,18482.2362664,0.0
2025-06-07 08:00:00+00:00,104942.35,105251.76,104752.27,105141.05,0.16967,1749297599999,17819.3855827,90,0.10709,11245.6024455,0.0
2025-06-07 12:00:00+00:00,105141.04,105658.11,105089.66,105525.01,0.94388,1749311999999,99519.4722907,247,0.86492,91196.4915078,0.0
2025-06-07 16:00:00+00:00,105544.3,105824.6,105302.07,105672.87,0.92684,1749326399999,97903.3784216,220,0.31157,32888.6220042,0.0
2025-06-07 20:00:00+00:00,105753.75,105900.0,105477.87,105500.0,1.07942,1749340799999,114015.0992455,240,0.61934,65385.698185,0.0
2025-06-08 00:00:00+00:00,105500.0,105769.8,105370.12,105541.6,1.27052,1749355199999,134144.7959662,231,1.1302,119342.4630622,0.0
2025-06-08 04:00:00+00:00,105455.07,105663.12,105417.65,105417.65,0.13866,1749369599999,14634.9988109,86,0.0676,7136.4313018,0.0
2025-06-08 08:00:00+00:00,105440.97,105668.58,105034.44,105668.58,0.36407,1749383999999,38310.9940516,151,0.31955,33622.2605525,0.0
2025-06-08 12:00:00+00:00,105699.99,106067.9,105520.67,106003.06,1.15272,1749398399999,121912.5931321,235,0.47158,49888.6076326,0.0
2025-06-08 16:00:00+00:00,105945.01,106331.89,105945.01,106327.43,1.28148,1749412799999,136006.5336046,213,0.81126,86096.7143504,0.0
2025-06-08 20:00:00+00:00,106293.98,106382.5,105575.18,105790.58,0.79139,1749427199999,83805.3364992,229,0.33515,35479.2346755,0.0
2025-06-09 00:00:00+00:00,105742.83,105971.59,105359.84,105622.29,1.25674,1749441599999,132709.3741823,291,0.97171,102632.5998085,0.0
2025-06-09 04:00:00+00:00,105743.49,105743.49,105350.66,105490.64,0.42582,1749455999999,44965.4499955,133,0.21033,22222.194844,0.0
2025-06-09 08:00:00+00:00,105565.82,107582.24,105475.08,107577.99,1.89692,1749470399999,202933.1891894,674,1.44086,154110.2852667,0.0
2025-06-09 12:00:00+00:00,107582.24,107952.82,106878.99,107684.98,2.30007,1749484799999,247459.3988771,489,1.59562,171760.9270527,0.0
2025-06-09 16:00:00+00:00,107698.5,108700.0,107590.17,108544.98,2.14081,1749499199999,231999.6371344,541,1.48213,160673.5872006,0.0
2025-06-09 20:00:00+00:00,108570.71,110183.09,108382.2,110101.01,8.09458,1749513599999,887156.0995047,1246,5.8286,638785.2492729,0.0
2025-06-10 00:00:00+00:00,110101.01,110187.0,109000.0,109299.89,1.86056,1749527999999,203949.0370228,460,1.05323,115492.2845388,0.0
2025-06-10 04:00:00+00:00,109119.23,109585.73,109080.25,109251.06,0.58611,1749542399999,64106.6702389,184,0.55513,60722.9356481,0.0
2025-06-10 08:00:00+00:00,109109.74,109827.3,109039.95,109512.41,0.67089,1749556799999,73408.2420971,188,0.47599,52093.0932494,0.0
2025-06-10 12:00:00+00:00,109675.26,109840.05,108344.15,108913.54,2.53908,1749571199999,277137.9168613,418,1.463,159651.0969668,0.0
2025-06-10 16:00:00+00:00,109080.25,110141.77,108532.34,109532.95,1.27262,1749585599999,139366.306051,398,1.02181,111956.050443,0.0
2025-06-10 20:00:00+00:00,109532.32,110187.0,109286.52,110183.11,3.11949,1749599999999,342300.1190734,336,1.74837,191874.6247081,0.0
2025-06-11 00:00:00+00:00,110080.71,110200.0,109502.06,109776.02,0.39139,1749614399999,42983.8401435,186,0.23358,25666.2465687,0.0
2025-06-11 04:00:00+00:00,109775.08,110233.27,109367.33,109823.97,22.50075,1749628799999,2468562.5958031,1179,18.1972,1996675.2425886,0.0
2025-06-11 08:00:00+00:00,109647.92,109789.21,109227.74,109383.67,0.84595,1749643199999,92691.5568598,129,0.4344,47657.5197279,0.0
2025-06-11 12:00:00+00:00,109260.91,110342.38,109106.81,109677.01,0.99425,1749657599999,109205.0372039,359,0.61607,67713.9636503,0.0
2025-06-11 16:00:00+00:00,109798.53,109834.22,108500.0,108741.01,3.1021,1749671999999,337690.4291597,593,0.81209,88450.0141366,0.0
2025-06-11 20:00:00+00:00,108725.82,109222.29,108131.79,108625.0,0.84668,1749686399999,92092.2630375,361,0.29687,32306.8093022,0.0
2025-06-12 00:00:00+00:00,108688.9,108810.58,107820.4,108050.88,0.85851,1749700799999,93000.0021928,305,0.28498,30871.2302499,0.0
2025-06-12 04:00:00+00:00,107969.59,108130.95,107429.05,107685.7,1.7212,1749715199999,185421.7068396,229,0.20111,21669.1503377,0.0
2025-06-12 08:00:00+00:00,107656.57,107861.16,106968.83,107008.43,0.60178,1749729599999,64525.6372511,189,0.18412,19806.1783077,0.0
2025-06-12 12:00:00+00:00,106959.41,107782.22,106687.21,107115.03,1.22297,1749743999999,131249.7682371,310,0.92517,99360.6036784,0.0
2025-06-12 16:00:00+00:00,107115.91,108461.01,106733.16,106882.56,0.66207,1749758399999,71147.7496093,454,0.20368,21956.5770414,0.0
2025-06-12 20:00:00+00:00,106806.26,106989.89,105708.18,105708.18,5.95181,1749772799999,630294.1742852,566,4.6947,497026.6445944,0.0
2025-06-13 00:00:00+00:00,105703.2,105741.26,102711.06,104453.06,6.13927,1749787199999,638058.8603989,1239,2.00307,208062.9971012,0.0
2025-06-13 04:00:00+00:00,104319.54,104905.87,103831.08,104905.87,0.61808,1749801599999,64466.6139441,203,0.2406,25113.6639128,0.0
2025-06-13 08:00:00+00:00,104858.69,105414.33,104488.77,105033.18,0.80205,1749815999999,84220.5671989,225,0.6278,65948.1693246,0.0
2025-06-13 12:00:00+00:00,104993.9,105702.68,104198.8,105373.52,0.60949,1749830399999,63949.7179962,263,0.24537,25806.3571305,0.0
2025-06-13 16:00:00+00:00,105444.37,105908.79,104663.16,105011.53,0.71505,1749844799999,75446.604925,233,0.4208,44472.002901,0.0
2025-06-13 20:00:00+00:00,105223.17,106130.99,105033.22,106043.25,0.80307,1749859199999,84900.4082211,217,0.56374,59650.6483331,0.0
2025-06-14 00:00:00+00:00,106060.59,106189.14,105234.57,105236.75,3.5047,1749873599999,370403.097838,244,2.75846,291606.0533656,0.0
2025-06-14 04:00:00+00:00,105312.1,105449.65,104884.32,105021.33,0.36948,1749887999999,38853.7749629,139,0.13766,14492.5931829,0.0
2025-06-14 08:00:00+00:00,104874.84,105132.89,104799.7,104990.2,0.20374,1749902399999,21403.9323647,66,0.17185,18057.7663802,0.0
2025-06-14 12:00:00+00:00,104996.32,105152.55,104700.57,104863.88,0.53468,1749916799999,56089.8273031,144,0.35146,36884.911681,0.0
2025-06-14 16:00:00+00:00,104863.88,105009.59,104399.61,104647.8,0.51836,1749931199999,54267.7159783,254,0.29217,30591.5048188,0.0
2025-06-14 20:00:00+00:00,104670.18,105499.99,104347.27,105410.13,0.71687,1749945599999,75431.5149411,188,0.52129,54877.4966654,0.0
2025-06-15 00:00:00+00:00,105410.21,105672.99,105346.33,105557.24,0.60438,1749959999999,63727.9992112,185,0.2266,23912.4235197,0.0
2025-06-15 04:00:00+00:00,105402.77,106148.86,105251.8,105343.88,3.02241,1749974399999,319464.9241585,232,2.56599,271338.6441718,0.0
2025-06-15 08:00:00+00:00,105479.05,105667.0,104894.22,104982.69,3.94398,1749988799999,414933.6058935,158,3.19094,335800.1691466,0.0
2025-06-15 12:00:00+00:00,104979.15,105825.68,104979.15,105673.68,0.5529,1750003199999,58345.6819983,189,0.28611,30203.2089974,0.0
2025-06-15 16:00:00+00:00,105673.68,105763.63,105072.78,105280.51,0.82,1750017599999,86453.3509906,200,0.19411,20479.9441597,0.0
2025-06-15 20:00:00+00:00,105300.35,105569.84,104500.47,105540.14,0.32055,1750031999999,33666.1524423,236,0.16391,17222.2030058,0.0
2025-06-16 00:00:00+00:00,105520.11,106000.82,105025.92,105869.62,1.66685,1750046399999,176158.9034266,236,1.13932,120472.0196039,0.0
2025-06-16 04:00:00+00:00,105972.72,107208.55,105826.64,107051.34,1.2904,1750060799999,137503.2025789,427,0.91059,97027.3563349,0.0
2025-06-16 08:00:00+00:00,107159.9,107221.32,106641.55,106850.9,0.36198,1750075199999,38745.4360462,91,0.17517,18752.5418103,0.0
2025-06-16 12:00:00+00:00,106927.4,107742.24,106500.0,107372.89,1.03882,1750089599999,111348.398287,277,0.64785,69463.083791,0.0
2025-06-16 16:00:00+00:00,107456.89,108832.98,107397.14,108506.96,3.41813,1750103999999,369750.3452935,625,1.82374,197254.8915086,0.0
2025-06-16 20:00:00+00:00,108774.96,108833.3,106766.08,106825.99,0.92762,1750118399999,100364.7904693,380,0.64464,69809.8093795,0.0
2025-06-17 00:00:00+00:00,106766.12,107685.15,106188.39,107547.58,2.09003,1750132799999,223681.6976228,453,1.69337,181243.1473278,0.0
2025-06-17 04:00:00+00:00,107487.58,107648.32,106500.01,106817.83,0.15976,1750147199999,17103.7402555,147,0.08911,9544.380502,0.0
2025-06-17 08:00:00+00:00,106642.3,106797.57,105553.38,105653.25,0.33805,1750161599999,35835.0769533,225,0.10363,10999.9684845,0.0
2025-06-17 12:00:00+00:00,105653.23,106035.8,104149.9,104246.54,3.18337,1750175999999,333612.6905903,501,0.65607,69141.5309052,0.0
2025-06-17 16:00:00+00:00,104251.01,105374.03,103152.0,104877.09,4.0367,1750190399999,420571.9650427,574,2.65945,277790.8984079,0.0
2025-06-17 20:00:00+00:00,104713.94,104789.85,104263.16,104613.46,0.78378,1750204799999,81955.091121,204,0.23022,24064.9746547,0.0
2025-06-18 00:00:00+00:00,104644.26,105234.57,104492.69,105234.55,0.45552,1750219199999,47783.9944334,155,0.29582,31042.1149662,0.0
2025-06-18 04:00:00+00:00,105140.28,105480.47,104762.51,104995.84,3.50239,1750233599999,368866.9401732,219,2.86775,302029.9929125,0.0
2025-06-18 08:00:00+00:00,104879.55,105256.07,104198.8,104882.61,0.39868,1750247999999,41665.6871077,149,0.26948,28171.7535902,0.0
2025-06-18 12:00:00+00:00,104855.51,105251.8,103904.06,104770.79,1.217,1750262399999,127411.7268865,367,0.58115,60810.7497511,0.0
2025-06-18 16:00:00+00:00,104781.55,104856.01,103584.45,103798.36,0.73746,1750276799999,76883.4739454,435,0.52655,54941.1444055,0.0
2025-06-18 20:00:00+00:00,104001.07,105182.69,103728.11,104879.86,0.67231,1750291199999,70354.6667007,224,0.39084,40919.7168865,0.0
2025-06-19 00:00:00+00:00,104960.31,105234.56,104499.19,104924.52,0.16286,1750305599999,17078.7450261,155,0.04946,5184.3831066,0.0
2025-06-19 04:00:00+00:00,104820.38,105165.56,104605.31,104612.82,0.91544,1750319999999,95951.555537,103,0.4859,50944.9265347,0.0
2025-06-19 08:00:00+00:00,104684.34,105070.49,104661.93,104815.4,0.52749,1750334399999,55321.8930013,41,0.18594,19516.740146,0.0
2025-06-19 12:00:00+00:00,104666.01,104902.02,104130.16,104166.37,0.24984,1750348799999,26111.8612843,139,0.18453,19285.9100899,0.0
2025-06-19 16:00:00+00:00,104164.68,104818.66,104000.0,104280.29,0.89461,1750363199999,93392.9998772,216,0.58755,61348.0746123,0.0
2025-06-19 20:00:00+00:00,104302.55,104863.84,104152.32,104720.21,0.47035,1750377599999,49154.3459235,381,0.372,38871.4790849,0.0
2025-06-20 00:00:00+00:00,104685.72,104827.74,104391.61,104723.78,0.68057,1750391999999,71211.5947699,135,0.23669,24789.399587,0.0
2025-06-20 04:00:00+00:00,104537.18,105756.94,104264.07,105730.51,0.29678,1750406399999,31196.6404471,193,0.11709,12325.0783895,0.0
2025-06-20 08:00:00+00:00,105780.07,106531.74,105740.94,106070.6,1.05194,1750420799999,111572.8416743,238,0.67916,72046.9328582,0.0
2025-06-20 12:00:00+00:00,105909.55,106145.37,103876.58,104347.87,1.13836,1750435199999,119683.2297221,433,0.34072,35882.6386824,0.0
2025-06-20 16:00:00+00:00,104320.95,104320.95,102382.9,103416.43,3.85002,1750449599999,398072.7477764,638,2.01851,209206.2770763,0.0
2025-06-20 20:00:00+00:00,103395.06,103776.28,103014.5,103320.72,1.32572,1750463999999,136914.0474636,222,0.18181,18812.6328293,0.0
2025-06-21 00:00:00+00:00,103270.88,103674.15,103123.25,103635.19,0.20153,1750478399999,20840.9979259,97,0.18064,18681.1549216,0.0
2025-06-21 04:00:00+00:00,103485.69,103587.86,103274.91,103394.42,0.39369,1750492799999,40720.5418614,87,0.32615,33734.1574092,0.0
2025-06-21 08:00:00+00:00,103505.21,103950.49,103394.43,103784.7,0.1143,1750507199999,11862.4513199,89,0.04946,5134.9798296,0.0
2025-06-21 12:00:00+00:00,103807.92,103950.49,103343.19,103390.45,0.16042,1750521599999,16622.4134916,94,0.05325,5518.6500797,0.0
2025-06-21 16:00:00+00:00,103616.28,103625.34,102279.61,102291.57,0.65292,1750535999999,67112.9293538,252,0.10669,10977.7783513,0.0
2025-06-21 20:00:00+00:00,102259.51,102822.29,100935.45,101976.53,10.35829,1750550399999,1050321.1541018,759,5.74071,581501.6938387,0.0
2025-06-22 00:00:00+00:00,101976.53,103323.86,101889.63,102393.87,1.58325,1750564799999,162373.7206787,416,0.94046,96357.8830037,0.0
2025-06-22 04:00:00+00:00,102368.89,102962.32,102275.39,102516.65,0.15041,1750579199999,15441.1406153,99,0.05929,6092.6949494,0.0
2025-06-22 08:00:00+00:00,102515.76,102761.97,102133.6,102761.97,0.19451,1750593599999,19931.4398968,64,0.07975,8184.701512,0.0
2025-06-22 12:00:00+00:00,102632.58,102827.71,98900.0,99004.78,7.26611,1750607999999,723868.4176833,1021,2.26743,226060.0940773,0.0
2025-06-22 16:00:00+00:00,98984.39,100317.05,98704.13,98971.15,5.00715,1750622399999,497808.6888842,574,2.20393,218927.5746575,0.0
2025-06-22 20:00:00+00:00,98871.65,101000.0,98254.52,100900.6,2.14979,1750636799999,214341.1976882,551,1.14811,115225.5237873,0.0
2025-06-23 00:00:00+00:00,100871.62,101524.46,100564.81,101086.03,0.95416,1750651199999,96351.1467373,262,0.38413,38830.3758824,0.0
2025-06-23 04:00:00+00:00,101043.33,102019.74,100959.62,101959.71,0.72859,1750665599999,74051.3596079,168,0.36847,37514.7534102,0.0
2025-06-23 08:00:00+00:00,101927.13,101927.13,101151.9,101268.65,0.12813,1750679999999,12993.8650525,74,0.05665,5742.7588548,0.0
2025-06-23 12:00:00+00:00,101268.67,102500.0,100792.87,101380.68,2.15389,1750694399999,219262.248547,385,0.78815,80414.0659507,0.0
2025-06-23 16:00:00+00:00,101444.85,103198.84,99594.16,103198.84,6.07136,1750708799999,619836.9175502,1069,3.2217,329422.076736,0.0
2025-06-23 20:00:00+00:00,103115.09,105883.31,102915.51,105491.81,3.87154,1750723199999,405149.0854782,856,2.48662,260600.8219316,0.0
2025-06-24 00:00:00+00:00,105394.97,105421.1,104762.51,104973.69,1.18195,1750737599999,124166.3441624,337,0.95595,100452.4537819,0.0
2025-06-24 04:00:00+00:00,104974.29,105702.68,104669.6,104894.22,0.82807,1750751999999,87185.9012725,248,0.67433,71005.8523121,0.0
2025-06-24 08:00:00+00:00,104930.95,105551.41,104606.93,105073.93,0.42642,1750766399999,44818.0028653,182,0.37785,39713.3102745,0.0
2025-06-24 12:00:00+00:00,105066.14,105702.66,104884.32,105203.43,1.24512,1750780799999,131155.6550236,266,0.49606,52249.3422531,0.0
2025-06-24 16:00:00+00:00,105290.26,106156.86,105200.56,105423.62,0.9123,1750795199999,96482.7047896,316,0.51127,54018.6530789,0.0
2025-06-24 20:00:00+00:00,105550.29,106100.84,105405.98,105903.87,1.06504,1750809599999,112777.1672332,233,0.55923,59248.0012689,0.0
2025-06-25 00:00:00+00:00,106000.0,106666.66,105767.25,106258.5,1.29123,1750823999999,137363.073481,400,0.74474,79256.9846558,0.0
2025-06-25 04:00:00+00:00,106258.5,106660.59,106000.61,106610.59,0.52348,1750838399999,55608.3378217,180,0.32081,34101.469921,0.0
2025-06-25 08:00:00+00:00,106585.59,107259.15,106271.24,107213.6,0.85661,1750852799999,91610.5158392,742,0.56861,60861.5718094,0.0
2025-06-25 12:00:00+00:00,107201.08,108095.04,106803.73,106957.38,2.51812,1750867199999,270783.9130924,640,1.76442,189747.1502032,0.0
2025-06-25 16:00:00+00:00,106925.05,107849.13,106925.05,107716.84,2.34086,1750881599999,251566.9386695,334,1.65053,177332.595789,0.0
2025-06-25 20:00:00+00:00,107745.99,107939.88,107130.62,107179.03,0.91223,1750895999999,98036.6933049,226,0.45608,49055.6041215,0.0
2025-06-26 00:00:00+00:00,107286.68,108209.12,107109.77,107724.11,1.10916,1750910399999,119486.4458102,295,0.57976,62473.0012379,0.0
2025-06-26 04:00:00+00:00,107900.19,108000.0,107500.02,108000.0,0.18499,1750924799999,19963.1202268,75,0.15148,16354.5488248,0.0
2025-06-26 08:00:00+00:00,107871.24,108077.59,107155.12,107391.63,0.06458,1750939199999,6943.8138474,78,0.03167,3412.9749626,0.0
2025-06-26 12:00:00+00:00,107388.71,107701.4,106642.93,107319.61,0.50891,1750953599999,54510.1400961,530,0.38737,41502.1878054,0.0
2025-06-26 16:00:00+00:00,107291.53,107578.74,107048.31,107578.74,1.02209,1750967999999,109672.1136711,426,0.2309,24803.1745515,0.0
2025-06-26 20:00:00+00:00,107458.94,107894.3,106856.2,107013.01,0.83241,1750982399999,89379.3186796,269,0.27085,29127.8988183,0.0
2025-06-27 00:00:00+00:00,106863.96,107437.49,106486.04,107435.8,1.38257,1750996799999,147391.3050024,394,1.03794,110635.3231489,0.0
2025-06-27 04:00:00+00:00,107486.77,107648.34,106915.38,106919.34,0.35989,1751011199999,38626.6938512,165,0.26853,28829.5476342,0.0
2025-06-27 08:00:00+00:00,106845.85,107158.48,106753.21,106894.46,0.14726,1751025599999,15756.6151811,77,0.12591,13474.4222647,0.0
2025-06-27 12:00:00+00:00,106823.61,107368.43,106414.03,107368.43,0.7532,1751039999999,80342.5774462,184,0.48484,51772.6694873,0.0
2025-06-27 16:00:00+00:00,107343.73,107590.61,106442.47,106999.99,1.29555,1751054399999,138570.5018952,230,0.34697,37151.5336037,0.0
2025-06-27 20:00:00+00:00,106913.39,107305.37,106867.22,107000.01,0.78478,1751068799999,84071.694328,141,0.51631,55312.5898733,0.0
2025-06-28 00:00:00+00:00,107095.18,107312.58,106760.82,107312.58,0.66873,1751083199999,71630.242768,129,0.18335,19639.8926298,0.0
2025-06-28 04:00:00+00:00,107312.59,107495.01,107114.37,107495.01,0.21762,1751097599999,23359.6141442,87,0.19027,20423.6452045,0.0
2025-06-28 08:00:00+00:00,107445.35,107494.7,107177.13,107362.99,0.37009,1751111999999,39748.2367412,101,0.13735,14748.2099109,0.0
2025-06-28 12:00:00+00:00,107307.93,107495.01,107041.66,107453.07,0.12491,1751126399999,13396.780644,128,0.10695,11472.2785336,0.0
2025-06-28 16:00:00+00:00,107492.27,107577.07,107214.9,107214.9,0.84794,1751140799999,91078.3021697,152,0.58566,62925.1384769,0.0
2025-06-28 20:00:00+00:00,107186.73,107431.74,107116.99,107325.32,0.4845,1751155199999,51969.152548,205,0.29211,31348.2682698,0.0
2025-06-29 00:00:00+00:00,107342.78,107544.94,107152.5,107191.71,0.34997,1751169599999,37579.2810427,215,0.24777,26609.5792992,0.0
2025-06-29 04:00:00+00:00,107253.02,107350.94,107186.97,107350.94,0.23567,1751183999999,25283.5725346,166,0.14885,15972.0832696,0.0
2025-06-29 08:00:00+00:00,107350.94,108473.62,107350.94,108387.47,1.65354,1751198399999,178580.6148254,361,1.41716,153044.4446937,0.0
2025-06-29 12:00:00+00:00,108414.49,108414.49,107698.89,107792.59,0.6079,1751212799999,65716.8646016,223,0.15326,16579.1916775,0.0
2025-06-29 16:00:00+00:00,107704.89,107813.31,107337.28,107479.49,2.53995,1751227199999,272954.1699462,372,0.46064,49531.8934552,0.0
2025-06-29 20:00:00+00:00,107369.83,108428.36,107264.24,108296.9,0.51556,1751241599999,55677.2310688,211,0.25588,27625.53115,0.0
2025-06-30 00:00:00+00:00,108382.69,108746.16,108204.43,108608.36,1.97928,1751255999999,214862.9569311,420,1.32579,143936.4281138,0.0
2025-06-30 04:00:00+00:00,108603.38,108603.38,107577.97,107700.73,0.30977,1751270399999,33446.3678006,191,0.05327,5759.203722,0.0
2025-06-30 08:00:00+00:00,107687.86,107948.49,107422.75,107699.93,1.05083,1751284799999,113003.2794806,98,0.12438,13389.2902123,0.0
2025-06-30 12:00:00+00:00,107592.82,107843.61,106766.08,107631.72,0.93368,1751299199999,100272.8484444,277,0.52545,56445.2412377,0.0
2025-06-30 16:00:00+00:00,107499.31,107814.55,107140.16,107662.63,0.76551,1751313599999,82294.5222261,212,0.5943,63923.1256542,0.0
2025-06-30 20:00:00+00:00,107782.99,107800.32,106915.38,107214.96,2.11669,1751327999999,226759.5501575,247,0.20927,22487.8749064,0.0
2025-07-01 00:00:00+00:00,107067.23,107471.65,107028.26,107191.7,1.7107,1751342399999,183317.0224107,259,0.44758,47998.0723781,0.0
2025-07-01 04:00:00+00:00,107218.58,107219.57,106656.13,107124.15,0.2252,1751356799999,24073.3275692,188,0.17133,18316.1813814,0.0
2025-07-01 08:00:00+00:00,107077.16,107077.16,106299.45,106536.56,1.55698,1751371199999,165962.1608824,160,1.21364,129377.5985925,0.0
2025-07-01 12:00:00+00:00,106582.18,107140.15,105676.68,105984.54,2.74368,1751385599999,292045.639631,508,2.10417,224208.8089152,0.0
2025-07-01 16:00:00+00:00,105984.49,106271.7,105479.26,105570.34,0.97399,1751399999999,103199.1775761,280,0.63196,66981.8035682,0.0
2025-07-01 20:00:00+00:00,105450.54,106106.89,105329.35,105668.01,2.07975,1751414399999,220231.7027797,793,1.69774,179911.3516278,0.0
2025-07-02 00:00:00+00:00,105551.07,106195.34,105157.89,106195.33,0.62956,1751428799999,66539.7895357,287,0.33498,35443.2504133,0.0
2025-07-02 04:00:00+00:00,106195.34,107159.98,106125.09,107098.92,1.42691,1751443199999,152347.3964323,236,1.06446,113615.9255749,0.0
2025-07-02 08:00:00+00:00,107159.97,107818.18,107159.97,107404.46,3.80503,1751457599999,409201.4385944,289,0.40241,43295.2179326,0.0
2025-07-02 12:00:00+00:00,107496.88,108746.16,107118.08,108639.15,5.99009,1751471999999,646944.52738,568,4.32756,467380.9970459,0.0
2025-07-02 16:00:00+00:00,108651.38,109650.0,108627.05,109590.64,23.35237,1751486399999,2549911.1165594,1596,5.92184,647529.8054274,0.0
2025-07-02 20:00:00+00:00,109579.41,109597.63,108600.14,108702.81,5.65045,1751500799999,616794.3683702,360,2.91125,318005.3820438,0.0
2025-07-03 00:00:00+00:00,108688.03,109069.86,108119.95,108554.1,20.82869,1751515199999,2259373.99772,1127,5.19809,563982.5374659,0.0
2025-07-03 04:00:00+00:00,108443.51,109433.2,108443.46,109161.17,2.64451,1751529599999,289025.8322323,237,2.57978,281971.9708648,0.0
2025-07-03 08:00:00+00:00,109370.98,110283.18,108451.0,109685.2,31.74382,1751543999999,3466290.6211523,1759,13.62104,1491022.0204948,0.0
2025-07-03 12:00:00+00:00,109557.36,110493.51,108780.56,109313.29,1.97426,1751558399999,216845.9429114,641,1.53544,168761.8853941,0.0
2025-07-03 16:00:00+00:00,109292.25,109876.11,109056.29,109711.33,0.38837,1751572799999,42477.9898509,142,0.17839,19540.7995968,0.0
2025-07-03 20:00:00+00:00,109902.81,109953.8,109499.47,109628.73,0.80036,1751587199999,87849.5065128,164,0.66082,72536.3290629,0.0
2025-07-04 00:00:00+00:00,109535.81,109715.96,109098.15,109330.0,1.33395,1751601599999,145942.1176949,151,1.30496,142772.9839718,0.0
2025-07-04 04:00:00+00:00,109307.64,109436.45,108759.55,108811.0,0.79222,1751615999999,86330.9426423,170,0.27246,29716.9040572,0.0
2025-07-04 08:00:00+00:00,108768.42,109022.89,108532.3,109000.0,0.12866,1751630399999,14003.2502945,98,0.0964,10493.36099,0.0
2025-07-04 12:00:00+00:00,108812.65,108968.37,107545.13,107571.62,4.12262,1751644799999,445943.9468426,396,0.5499,59429.3220533,0.0
2025-07-04 16:00:00+00:00,107563.1,107970.76,107267.71,107439.39,2.62303,1751659199999,282686.2879385,258,0.38387,41375.4627466,0.0
2025-07-04 20:00:00+00:00,107456.54,108263.07,107456.54,107947.38,0.38141,1751673599999,41140.6508509,155,0.17728,19130.0840122,0.0
2025-07-05 00:00:00+00:00,107944.22,108270.71,107766.83,108132.35,0.17327,1751687999999,18733.4212192,113,0.07771,8406.8033832,0.0
2025-07-05 04:00:00+00:00,108201.19,108341.84,108021.9,108021.9,0.30213,1751702399999,32708.4426081,94,0.2913,31537.5346643,0.0
2025-07-05 08:00:00+00:00,108023.17,108239.26,107857.04,108128.8,0.67277,1751716799999,72706.2910113,66,0.12059,13038.1870601,0.0
2025-07-05 12:00:00+00:00,108088.55,108325.86,107951.54,108040.72,0.40986,1751731199999,44329.5638779,186,0.30861,33385.4492899,0.0
2025-07-05 16:00:00+00:00,108113.9,108183.2,107912.4,108183.19,0.33078,1751745599999,35741.3279031,154,0.22717,24548.5593392,0.0
2025-07-05 20:00:00+00:00,108183.19,108272.46,107991.99,108260.0,0.25762,1751759999999,27850.1045965,162,0.15286,16527.9961839,0.0
2025-07-06 00:00:00+00:00,108264.81,108266.87,108001.54,108008.53,0.20111,1751774399999,21749.5501596,123,0.05959,6446.6679012,0.0
2025-07-06 04:00:00+00:00,108081.06,108252.7,107948.58,108094.65,0.22934,1751788799999,24790.724856,126,0.19122,20672.8186614,0.0
2025-07-06 08:00:00+00:00,108038.71,108138.89,107837.71,108138.89,0.13308,1751803199999,14375.784072,75,0.09907,10703.91293,0.0
2025-07-06 12:00:00+00:00,108110.15,109076.98,108031.63,108939.04,0.87149,1751817599999,94775.3438196,412,0.40538,44094.8074583,0.0
2025-07-06 16:00:00+00:00,108955.68,108955.68,108341.85,108589.59,0.31993,1751831999999,34761.841805,203,0.21326,23158.1813964,0.0
2025-07-06 20:00:00+00:00,108525.79,109600.0,108525.79,109216.4,2.24884,1751846399999,245601.8978402,342,1.59412,174337.1779427,0.0
2025-07-07 00:00:00+00:00,109121.93,109656.72,108671.85,109428.94,2.21887,1751860799999,242658.4100774,280,2.10357,230071.430621,0.0
2025-07-07 04:00:00+00:00,109450.88,109591.05,108724.05,109066.14,0.34376,1751875199999,37509.2824002,228,0.27447,29957.6509821,0.0
2025-07-07 08:00:00+00:00,109016.44,109072.12,108665.52,108724.56,2.27715,1751889599999,247817.8960059,112,1.59502,173575.8539316,0.0
2025-07-07 12:00:00+00:00,108649.31,108666.93,108026.1,108402.87,0.9825,1751903999999,106409.7641809,278,0.57888,62724.811613,0.0
2025-07-07 16:00:00+00:00,108373.95,108436.23,107570.0,108110.49,2.57457,1751918399999,277881.4078144,438,1.55814,168232.8273689,0.0
2025-07-07 20:00:00+00:00,108077.02,108341.79,107800.01,108216.12,0.72776,1751932799999,78602.8966987,786,0.2478,26787.4991454,0.0
2025-07-08 00:00:00+00:00,108216.38,108532.3,107500.0,107870.07,1.00667,1751947199999,108537.1351842,677,0.27246,29385.1968401,0.0
2025-07-08 04:00:00+00:00,107993.79,108508.92,107759.85,108508.92,0.58049,1751961599999,62863.8167973,447,0.21839,23634.7050162,0.0
2025-07-08 08:00:00+00:00,108508.92,108971.6,108244.33,108822.65,1.08335,1751975999999,117676.8085926,483,0.77377,84024.5369219,0.0
2025-07-08 12:00:00+00:00,108830.26,109200.0,108204.96,108204.96,1.13394,1751990399999,123156.7233835,248,0.43206,46952.3889275,0.0
2025-07-08 16:00:00+00:00,108301.13,109123.99,108131.79,108781.57,0.64447,1752004799999,69994.4428913,250,0.38724,42027.5564976,0.0
2025-07-08 20:00:00+00:00,108799.79,108999.99,108588.27,108988.53,1.34067,1752019199999,145946.4138841,183,1.10082,119855.9185556,0.0
2025-07-09 00:00:00+00:00,108887.33,109118.56,108386.52,108450.62,2.29667,1752033599999,249678.2338312,210,2.01329,218887.3244514,0.0
2025-07-09 04:00:00+00:00,108449.42,109078.0,108343.24,108719.31,2.32872,1752047999999,253596.2253632,243,2.06086,224476.4857661,0.0
2025-07-09 08:00:00+00:00,108803.57,109300.0,108596.61,109149.28,4.63964,1752062399999,505455.3940048,204,3.49368,380846.2614452,0.0
2025-07-09 12:00:00+00:00,109058.68,109837.75,108569.34,109213.63,15.19159,1752076799999,1661564.7805773,1297,12.85106,1405806.8963768,0.0
2025-07-09 16:00:00+00:00,109213.57,111932.25,109100.0,111691.6,18.5057,1752091199999,2038115.2378991,1829,16.11177,1774689.3412258,0.0
2025-07-09 20:00:00+00:00,111900.86,111934.84,110620.54,111475.16,9.89051,1752105599999,1100864.6499286,972,7.04651,784487.1410673,0.0
2025-07-10 00:00:00+00:00,111294.24,111558.0,110941.46,111259.01,6.41877,1752119999999,714288.9869706,983,4.09982,456458.6047884,0.0
2025-07-10 04:00:00+00:00,111059.52,111399.99,110957.69,111212.02,0.694,1752134399999,77102.6220944,163,0.30526,33929.3631378,0.0
2025-07-10 08:00:00+00:00,111325.2,111559.63,110905.14,111255.6,8.52875,1752148799999,949065.4683544,801,6.83794,761081.3714962,0.0
2025-07-10 12:00:00+00:00,111076.12,111490.2,110584.71,111490.2,6.66075,1752163199999,740310.7633092,773,5.57864,620221.5602197,0.0
2025-07-10 16:00:00+00:00,111490.19,113720.64,111377.49,113400.0,14.215,1752177599999,1602969.2271812,4376,12.28771,1385067.5030151,0.0
2025-07-10 20:00:00+00:00,113392.68,116733.15,113306.27,116038.0,9.05423,1752191999999,1043762.5885621,1419,6.80088,783011.5724337,0.0
2025-07-11 00:00:00+00:00,116037.86,116900.0,115269.73,116719.47,2.72891,1752206399999,317382.1327243,582,2.24358,261150.6304418,0.0
2025-07-11 04:00:00+00:00,116898.66,118356.52,116455.91,117662.64,1.99406,1752220799999,234526.534301,755,1.66426,195705.9056054,0.0
2025-07-11 08:00:00+00:00,117533.11,118808.0,117533.11,117948.87,4.15942,1752235199999,490957.8648649,388,3.10439,366561.5392033,0.0
2025-07-11 12:00:00+00:00,117778.44,118223.71,116705.0,116905.19,1.63606,1752249599999,192022.3246247,471,0.54363,64012.6694618,0.0
2025-07-11 16:00:00+00:00,116884.04,118137.7,116548.62,118006.11,1.52331,1752263999999,178558.4728189,442,0.56961,67005.0626492,0.0
2025-07-11 20:00:00+00:00,118121.86,118121.87,117200.0,117426.49,1.09343,1752278399999,128705.4259672,265,0.64049,75410.8237015,0.0
2025-07-12 00:00:00+00:00,117607.65,117844.35,117051.94,117768.57,1.1579,1752292799999,135869.9088713,352,0.5283,62094.4143088,0.0
2025-07-12 04:00:00+00:00,117809.17,118000.0,117443.23,117846.74,0.16741,1752307199999,19706.8691646,122,0.11778,13872.8089008,0.0
2025-07-12 08:00:00+00:00,117858.53,118122.93,117696.96,117830.3,1.2562,1752321599999,148185.3211045,132,0.84127,99269.6126355,0.0
2025-07-12 12:00:00+00:00,117895.83,117895.83,116975.25,117055.91,0.56618,1752335999999,66491.0063611,219,0.44602,52394.9497887,0.0
2025-07-12 16:00:00+00:00,117100.9,117647.82,117100.9,117482.68,0.90486,1752350399999,106186.8655328,313,0.57453,67460.0859369,0.0
2025-07-12 20:00:00+00:00,117481.0,117579.62,117071.29,117393.39,0.69076,1752364799999,81068.973125,282,0.48154,56536.1282911,0.0
2025-07-13 00:00:00+00:00,117441.77,117872.09,117254.7,117868.65,0.62596,1752379199999,73528.6767775,389,0.47765,56120.6118162,0.0
2025-07-13 04:00:00+00:00,117764.06,118000.0,117669.99,117904.47,1.30832,1752393599999,154131.3530431,258,1.21159,142741.5581228,0.0
2025-07-13 08:00:00+00:00,118000.0,118069.01,117750.0,118008.9,0.34623,1752407999999,40818.5482115,116,0.2807,33100.0989774,0.0
2025-07-13 12:00:00+00:00,118039.72,119242.11,117993.39,118650.12,2.42783,1752422399999,288512.6635898,762,1.75617,208785.5472307,0.0
2025-07-13 16:00:00+00:00,118752.49,119369.0,118500.0,119073.8,2.99964,1752436799999,356604.0132836,515,1.20963,144007.6448631,0.0
2025-07-13 20:00:00+00:00,118964.57,119384.16,118278.24,119098.77,1.82996,1752451199999,217148.1708657,463,0.54115,64272.4841243,0.0
2025-07-14 00:00:00+00:00,119073.56,121005.1,118876.01,120779.84,10.37065,1752465599999,1246897.3369188,1455,6.01695,722322.6350294,0.0
2025-07-14 04:00:00+00:00,120779.86,123119.12,120621.38,122787.41,8.58159,1752479999999,1046042.8714484,1244,5.9835,728439.187001,0.0
2025-07-14 08:00:00+00:00,122800.45,122827.97,121401.78,121473.29,1.10127,1752494399999,134515.3369252,475,0.28028,34203.170833,0.0
2025-07-14 12:00:00+00:00,121660.91,122057.45,119603.79,119952.76,4.37419,1752508799999,531022.7308216,918,2.71772,330407.3699029,0.0
2025-07-14 16:00:00+00:00,119899.24,120457.31,119286.05,119957.24,2.43825,1752523199999,292326.739423,663,1.50524,180572.6333284,0.0
2025-07-14 20:00:00+00:00,119884.87,120457.31,119493.41,119878.79,1.4558,1752537599999,174732.5722664,522,1.03851,124657.6229209,0.0
2025-07-15 00:00:00+00:00,119857.16,119966.27,116915.27,117258.31,3.24664,1752551999999,383704.180853,1151,1.3598,160833.1656435,0.0
2025-07-15 04:00:00+00:00,117073.33,117741.71,116340.31,116942.79,2.73672,1752566399999,319974.7052736,801,0.66122,77518.0321295,0.0
2025-07-15 08:00:00+00:00,116771.33,117225.08,116377.35,117156.96,4.51356,1752580799999,527161.7273774,484,0.7717,90247.6244376,0.0
2025-07-15 12:00:00+00:00,117178.09,118438.99,115824.13,116498.84,5.46374,1752595199999,641028.4957656,872,2.9818,349503.0696907,0.0
2025-07-15 16:00:00+00:00,116444.15,117668.64,116086.93,116540.33,2.21193,1752609599999,259123.1849654,684,0.87777,102903.7363585,0.0
2025-07-15 20:00:00+00:00,116500.25,117989.28,116277.61,117680.43,1.38195,1752623999999,162048.4086607,444,0.46375,54365.6610459,0.0
2025-07-16 00:00:00+00:00,117737.65,118282.83,117074.83,117612.65,6.26344,1752638399999,736569.8172102,506,5.62645,661697.9778994,0.0
2025-07-16 04:00:00+00:00,117566.9,118349.99,117341.33,118182.39,9.725,1752652799999,1147390.3787249,473,7.98975,942597.6942781,0.0
2025-07-16 08:00:00+00:00,118169.37,119251.2,118155.75,118820.87,3.37566,1752667199999,401004.652894,445,3.24501,385477.2415367,0.0
2025-07-16 12:00:00+00:00,118803.54,119703.31,118243.13,118942.55,2.30675,1752681599999,274490.4741267,759,0.48652,57900.3213272,0.0
2025-07-16 16:00:00+00:00,119088.96,119799.98,118584.23,119322.13,7.44684,1752695999999,887846.2069801,521,2.04395,243969.4120773,0.0
2025-07-16 20:00:00+00:00,119275.0,120000.0,118479.72,118585.41,5.11712,1752710399999,610925.5146466,463,1.33479,159738.8496345,0.0
2025-07-17 00:00:00+00:00,118596.64,119299.73,117763.09,118171.2,1.30854,1752724799999,155187.0159125,499,0.86297,102463.8513654,0.0
2025-07-17 04:00:00+00:00,118171.17,118806.92,117915.07,118300.9,0.78634,1752739199999,92978.9336123,273,0.4032,47699.8499345,0.0
2025-07-17 08:00:00+00:00,118394.49,119107.14,118100.0,118126.48,0.70239,1752753599999,83175.4713334,256,0.16744,19859.9702611,0.0
2025-07-17 12:00:00+00:00,118125.85,119073.29,117454.83,118963.91,2.25743,1752767999999,266681.8212228,502,0.96809,114408.2804156,0.0
2025-07-17 16:00:00+00:00,118959.86,119854.37,118335.65,118929.92,3.01771,1752782399999,358978.6822951,523,2.2557,268412.6193995,0.0
2025-07-17 20:00:00+00:00,118906.4,120777.09,118371.0,119197.83,5.7813,1752796799999,693049.6392093,899,3.18536,383105.8190404,0.0
2025-07-18 00:00:00+00:00,119197.78,120674.59,119027.03,120200.01,1.86819,1752811199999,224358.4097016,707,1.05652,126885.9594471,0.0
2025-07-18 04:00:00+00:00,120200.01,120632.5,119348.48,119387.82,1.89096,1752825599999,227406.1391718,486,1.42871,171904.8641401,0.0
2025-07-18 08:00:00+00:00,119413.9,119469.22,118423.79,119164.37,2.43644,1752839999999,289222.8491906,340,0.55461,65774.9919972,0.0
2025-07-18 12:00:00+00:00,119181.26,119536.86,117430.0,118032.38,6.05183,1752854399999,714003.2540181,852,2.09223,247405.6825293,0.0
2025-07-18 16:00:00+00:00,118001.53,118140.04,117198.37,117411.59,5.46525,1752868799999,643026.1461853,765,3.44663,405337.6534515,0.0
2025-07-18 20:00:00+00:00,117322.58,117999.96,116876.18,117885.51,2.57248,1752883199999,302305.4179492,644,0.98742,116216.1089989,0.0
2025-07-19 00:00:00+00:00,117979.11,118433.55,117641.68,118347.11,0.93182,1752897599999,110046.7826034,614,0.56593,66858.090679,0.0
2025-07-19 04:00:00+00:00,118368.26,118408.94,118047.36,118196.89,0.85777,1752911999999,101391.4672295,288,0.81781,96669.9957719,0.0
2025-07-19 08:00:00+00:00,118200.95,118458.82,117996.97,118265.12,5.61892,1752926399999,664159.3152771,291,5.49968,650067.6730187,0.0
2025-07-19 12:00:00+00:00,118239.3,118349.31,117630.73,118028.17,0.76963,1752940799999,90850.1641082,304,0.38417,45392.2362219,0.0
2025-07-19 16:00:00+00:00,118028.18,118176.09,117666.93,117959.6,1.35653,1752955199999,160097.1796715,277,0.84231,99426.753519,0.0
2025-07-19 20:00:00+00:00,118059.77,118164.95,117313.28,117796.0,1.15095,1752969599999,135520.8390378,311,0.58498,68987.8979147,0.0
2025-07-20 00:00:00+00:00,117796.0,118187.79,117654.03,118019.41,0.55706,1752983999999,65692.9383282,330,0.3478,41022.4862809,0.0
2025-07-20 04:00:00+00:00,118019.32,118225.43,117799.22,117991.93,0.47045,1752998399999,55488.1095818,161,0.35719,42133.6084944,0.0
2025-07-20 08:00:00+00:00,118036.06,118282.85,117880.0,117880.0,0.3834,1753012799999,45265.3866765,176,0.17418,20588.6780229,0.0
2025-07-20 12:00:00+00:00,117911.85,118754.66,117803.46,118658.12,1.22885,1753027199999,145645.6568437,493,0.34066,40356.9137131,0.0
2025-07-20 16:00:00+00:00,118658.07,118835.18,118028.62,118225.22,1.24834,1753041599999,147726.9590606,674,0.74238,87859.5218745,0.0
2025-07-20 20:00:00+00:00,118199.86,118236.47,116544.15,117232.91,2.14014,1753055999999,251396.5473818,1182,0.5555,65378.4915661,0.0
2025-07-21 00:00:00+00:00,117145.08,118584.23,116579.16,118354.0,1.67981,1753070399999,196672.2270537,713,0.73456,86110.595193,0.0
2025-07-21 04:00:00+00:00,118354.0,119510.73,118142.57,119237.76,3.25841,1753084799999,388589.9581895,1242,2.82123,336570.9553881,0.0
2025-07-21 08:00:00+00:00,119237.77,119481.1,118176.23,118229.59,4.99008,1753099199999,591767.65718,1464,2.31867,275199.698594,0.0
2025-07-21 12:00:00+00:00,118229.59,119190.11,117901.55,118310.81,1.26749,1753113599999,150403.2518303,420,0.69904,82955.4307691,0.0
2025-07-21 16:00:00+00:00,118391.83,118402.69,116738.46,116789.34,3.92028,1753127999999,460036.2855356,1043,1.20403,141688.4644283,0.0
2025-07-21 20:00:00+00:00,116789.34,117640.81,116732.09,117480.91,1.56102,1753142399999,183008.4936725,268,0.61216,71767.8314202,0.0
2025-07-22 00:00:00+00:00,117336.01,117864.98,116178.21,117236.82,1.84065,1753156799999,215365.8429556,670,0.45253,53054.6731935,0.0
2025-07-22 04:00:00+00:00,117236.11,118525.0,116600.0,117891.63,0.99116,1753171199999,116294.8978022,411,0.51816,60899.9189308,0.0
2025-07-22 08:00:00+00:00,117810.53,119171.5,117499.64,119171.48,1.75897,1753185599999,208769.8804746,511,1.19853,142384.652955,0.0
2025-07-22 12:00:00+00:00,119171.52,119450.0,117584.21,119008.28,1.88648,1753199999999,224178.335929,519,1.17244,139462.9636045,0.0
2025-07-22 16:00:00+00:00,118993.44,119992.55,118338.46,119249.16,5.73262,1753214399999,683627.7932117,747,4.27362,509794.3938787,0.0
2025-07-22 20:00:00+00:00,119313.01,120169.05,119155.66,119999.61,1.34028,1753228799999,160639.7846053,453,1.17468,140832.9380614,0.0
2025-07-23 00:00:00+00:00,119962.95,120588.88,118609.09,118821.53,39.22851,1753243199999,4697048.3800299,2330,28.20119,3378633.0915706,0.0
2025-07-23 04:00:00+00:00,118609.31,119116.51,118333.74,118333.75,4.03188,1753257599999,478981.3959563,463,1.97234,234511.4513417,0.0
2025-07-23 08:00:00+00:00,118314.62,118667.7,117893.42,118508.27,4.2132,1753271999999,498909.3647537,329,1.92471,228052.9390168,0.0
2025-07-23 12:00:00+00:00,118512.24,118653.81,117362.0,118495.09,2.51653,1753286399999,296824.7418674,525,0.60808,71838.8237974,0.0
2025-07-23 16:00:00+00:00,118586.83,118604.1,117312.27,118462.22,1.27958,1753300799999,150776.430479,404,0.48612,57433.1454009,0.0
2025-07-23 20:00:00+00:00,118442.89,118656.87,117321.68,118620.89,1.44108,1753315199999,170241.0051529,436,0.58689,69467.0311989,0.0
2025-07-24 00:00:00+00:00,118620.89,119232.58,118454.56,118454.56,0.81076,1753329599999,96407.0926462,390,0.56457,67146.0007632,0.0
2025-07-24 04:00:00+00:00,118454.56,118459.57,117152.37,118354.82,1.54794,1753343999999,182315.5018349,449,1.06165,125062.7001102,0.0
2025-07-24 08:00:00+00:00,118454.45,118820.45,118024.89,118570.94,0.36868,1753358399999,43707.661149,187,0.2192,25998.5048138,0.0
2025-07-24 12:00:00+00:00,118517.93,119380.0,117881.16,118919.94,0.89328,1753372799999,106060.3303927,423,0.58528,69542.370664,0.0
2025-07-24 16:00:00+00:00,119196.84,119350.0,118313.56,118969.58,0.58257,1753387199999,69258.6244011,251,0.43647,51898.6404354,0.0
2025-07-24 20:00:00+00:00,119009.57,119009.57,118170.09,118322.03,0.61211,1753401599999,72592.2978471,292,0.36571,43394.4616365,0.0
2025-07-25 00:00:00+00:00,118371.13,118452.33,115377.72,115530.13,4.38434,1753415999999,511765.5985979,955,1.29413,151667.5182619,0.0
2025-07-25 04:00:00+00:00,115450.0,116096.59,114771.42,115266.58,4.3704,1753430399999,503957.0899938,610,1.64387,189840.401826,0.0
2025-07-25 08:00:00+00:00,115341.23,116749.73,115087.7,116486.43,0.62021,1753444799999,72000.7759139,256,0.30165,34957.3143226,0.0
2025-07-25 12:00:00+00:00,116553.88,116608.48,114970.07,115694.15,1.32922,1753459199999,153542.4902463,355,0.7822,90313.2895814,0.0
2025-07-25 16:00:00+00:00,115764.59,116963.85,115574.99,116665.61,1.25808,1753473599999,146437.7965344,389,0.65696,76496.7116388,0.0
2025-07-25 20:00:00+00:00,116632.93,117577.41,116632.93,117577.4,1.12047,1753487999999,131282.1878408,352,0.85367,100023.7033694,0.0
2025-07-26 00:00:00+00:00,117577.41,117697.85,117198.34,117559.57,1.01838,1753502399999,119637.4998212,302,0.26509,31170.8197268,0.0
2025-07-26 04:00:00+00:00,117558.91,117581.49,117272.75,117308.0,0.28829,1753516799999,33849.9130223,211,0.23714,27847.2454419,0.0
2025-07-26 08:00:00+00:00,117397.1,118173.75,117397.07,117821.62,0.56599,1753531199999,66616.764406,301,0.45913,54041.7327494,0.0
2025-07-26 12:00:00+00:00,117835.04,118205.39,117745.3,118037.34,0.15569,1753545599999,18370.0326728,152,0.09871,11654.2514222,0.0
2025-07-26 16:00:00+00:00,118029.86,118249.99,117895.99,118249.99,0.27754,1753559999999,32748.2601368,140,0.22721,26810.361058,0.0
2025-07-26 20:00:00+00:00,118200.01,118249.99,117776.66,117850.0,0.54212,1753574399999,63983.5809692,207,0.20355,24035.628843,0.0
2025-07-27 00:00:00+00:00,117850.0,118304.97,117797.0,118091.8,0.54763,1753588799999,64648.8532177,1287,0.27197,32108.3784442,0.0
2025-07-27 04:00:00+00:00,118091.89,118278.66,118047.65,118047.65,0.34679,1753603199999,40988.8219922,160,0.23112,27326.0536976,0.0
2025-07-27 08:00:00+00:00,118153.42,118264.05,117903.18,118000.0,0.57254,1753617599999,67609.8961597,88,0.49299,58222.6675945,0.0
2025-07-27 12:00:00+00:00,118000.0,118584.18,117799.37,118462.2,0.56288,1753631999999,66561.7427741,171,0.29945,35414.9471904,0.0
2025-07-27 16:00:00+00:00,118470.56,119395.32,118470.56,119014.79,3.14688,1753646399999,375310.3545174,574,2.55647,305034.0391363,0.0
2025-07-27 20:00:00+00:00,119003.24,119703.32,118712.16,119395.67,0.83535,1753660799999,99695.303771,366,0.66999,79980.795129,0.0
2025-07-28 00:00:00+00:00,119395.67,119744.14,118972.63,119464.28,0.80074,1753675199999,95637.763181,296,0.65805,78611.3990775,0.0
2025-07-28 04:00:00+00:00,119187.99,119627.91,118696.86,118935.85,1.01361,1753689599999,121001.4942407,305,0.38925,46444.2737871,0.0
2025-07-28 08:00:00+00:00,118918.87,119049.99,118389.0,118847.34,0.25296,1753703999999,30037.317478,116,0.08563,10180.0760389,0.0
2025-07-28 12:00:00+00:00,118847.24,118997.1,117944.54,118101.23,0.64375,1753718399999,76117.4455355,379,0.3983,47091.7504456,0.0
2025-07-28 16:00:00+00:00,118242.69,118378.34,117499.0,117925.09,2.88981,1753732799999,340298.6333304,306,0.23483,27681.0515386,0.0
2025-07-28 20:00:00+00:00,118082.39,118361.04,117547.54,118080.54,0.81873,1753747199999,96657.1710846,246,0.39443,46582.2397666,0.0
2025-07-29 00:00:00+00:00,117993.85,118698.31,117475.61,118698.31,1.98359,1753761599999,233970.6714797,427,0.99248,117293.0964833,0.0
2025-07-29 04:00:00+00:00,118777.0,119201.97,118490.48,118905.31,0.42094,1753775999999,50021.8057758,182,0.29639,35238.0686275,0.0
2025-07-29 08:00:00+00:00,118905.31,118999.99,118218.73,118610.11,0.19971,1753790399999,23702.079195,139,0.13038,15483.415335,0.0
2025-07-29 12:00:00+00:00,118620.99,119116.94,117338.63,117479.68,2.74271,1753804799999,325247.0754569,358,1.8261,216773.2924307,0.0
2025-07-29 16:00:00+00:00,117317.31,118092.31,117022.08,117675.88,2.92621,1753819199999,344489.409795,429,1.25435,147713.5805567,0.0
2025-07-29 20:00:00+00:00,117555.86,117999.99,117101.26,117875.98,1.06207,1753833599999,125046.5211334,216,0.59491,70105.6081362,0.0
2025-07-30 00:00:00+00:00,117953.73,118256.15,117443.98,118078.39,2.216,1753847999999,261164.6347563,278,1.64808,194209.0493981,0.0
2025-07-30 04:00:00+00:00,118082.59,118383.71,117807.92,118157.76,0.43782,1753862399999,51722.2799282,206,0.23706,28002.6790068,0.0
2025-07-30 08:00:00+00:00,118104.87,118460.76,117439.91,117612.09,0.44628,1753876799999,52707.9549265,181,0.20696,24458.1390833,0.0
2025-07-30 12:00:00+00:00,117521.76,118667.71,117465.07,117992.23,0.65207,1753891199999,76897.7539788,246,0.45686,53868.3878605,0.0
2025-07-30 16:00:00+00:00,117914.92,118093.91,115546.47,116929.35,3.00689,1753905599999,351190.9498265,737,0.84903,99431.2669823,0.0
2025-07-30 20:00:00+00:00,116887.05,117880.12,116819.4,117880.12,0.58258,1753919999999,68264.1119797,215,0.09627,11301.7402942,0.0
2025-07-31 00:00:00+00:00,117700.22,118537.04,117697.53,118375.0,1.30831,1753934399999,154679.1695641,342,1.2366,146202.2418289,0.0
2025-07-31 04:00:00+00:00,118375.0,118828.2,118269.07,118687.53,0.28077,1753948799999,33269.7693607,159,0.19153,22698.1038772,0.0
2025-07-31 08:00:00+00:00,118592.67,118743.62,118245.92,118374.9,0.24949,1753963199999,29584.6062403,93,0.19577,23221.9565234,0.0
2025-07-31 12:00:00+00:00,118318.15,118749.95,117894.73,118283.68,1.48644,1753977599999,175916.0592115,230,0.97864,115862.5371118,0.0
2025-07-31 16:00:00+00:00,118360.1,118830.0,116779.84,116779.84,0.97972,1753991999999,115389.1819556,449,0.34455,40653.889213,0.0
2025-07-31 20:00:00+00:00,116760.68,116924.46,115500.0,115660.09,3.1959,1754006399999,370907.0057407,478,1.29391,149977.7031475,0.0
2025-08-01 00:00:00+00:00,115603.25,116046.58,114317.5,115677.49,1.75704,1754020799999,202418.9484482,626,0.54454,62876.0606043,0.0
2025-08-01 04:00:00+00:00,115677.45,115859.93,114748.29,115007.16,0.70014,1754035199999,80715.5173819,206,0.2836,32681.9150695,0.0
2025-08-01 08:00:00+00:00,115034.05,115287.45,114135.47,115287.45,0.74798,1754049599999,85791.0397644,225,0.36695,42143.8444866,0.0
2025-08-01 12:00:00+00:00,115229.65,115869.44,114000.0,115333.12,3.24992,1754063999999,374069.6862581,580,2.08922,240550.0269956,0.0
2025-08-01 16:00:00+00:00,115403.17,115659.88,113272.27,113370.14,4.39514,1754078399999,504625.3228091,611,0.61527,70405.1820153,0.0
2025-08-01 20:00:00+00:00,113369.77,114112.77,112749.73,113343.12,1.86905,1754092799999,211846.6748703,538,1.02362,116133.6824143,0.0
2025-08-02 00:00:00+00:00,113343.12,113894.0,113180.0,113894.0,10.58431,1754107199999,1201085.08215,430,0.80382,91278.0246636,0.0
2025-08-02 04:00:00+00:00,113935.39,114050.6,113500.0,114023.4,0.67838,1754121599999,77313.7743867,150,0.59337,67645.3222624,0.0
2025-08-02 08:00:00+00:00,114023.07,114023.07,113453.12,113787.06,0.05687,1754135999999,6471.1434438,49,0.0383,4359.3698421,0.0
2025-08-02 12:00:00+00:00,113723.81,113770.83,112854.66,112875.57,1.06939,1754150399999,121099.8246394,174,0.5111,57887.2899809,0.0
2025-08-02 16:00:00+00:00,112851.3,113383.08,112000.0,112255.92,4.81226,1754164799999,541295.5783082,522,1.01613,114503.470139,0.0
2025-08-02 20:00:00+00:00,112255.93,112979.64,112083.27,112784.96,0.5818,1754179199999,65524.1454757,183,0.36642,41285.3884439,0.0
2025-08-03 00:00:00+00:00,112493.97,113744.85,111931.24,113623.87,1.8251,1754193599999,206292.4448679,391,1.32827,150406.8119054,0.0
2025-08-03 04:00:00+00:00,113735.71,113744.83,113366.69,113743.91,0.24503,1754207999999,27820.7583442,125,0.2299,26103.3978813,0.0
2025-08-03 08:00:00+00:00,113743.93,114191.54,113558.47,114090.29,0.19737,1754222399999,22481.4132401,148,0.1389,15823.0447552,0.0
2025-08-03 12:00:00+00:00,113949.84,114075.21,113658.09,113992.55,0.28565,1754236799999,32545.3360711,97,0.1941,22123.2598274,0.0
2025-08-03 16:00:00+00:00,113898.15,114754.77,113776.15,114304.04,1.3808,1754251199999,157617.4804912,316,0.87483,99851.6332793,0.0
2025-08-03 20:00:00+00:00,114300.0,114584.82,114096.15,114126.62,2.29764,1754265599999,262720.2189311,227,1.89951,217191.9716776,0.0
2025-08-04 00:00:00+00:00,114251.79,115189.0,114101.01,114651.07,10.54614,1754279999999,1210742.4949697,502,8.80839,1011315.6545889,0.0
2025-08-04 04:00:00+00:00,114877.22,114877.22,114191.54,114670.73,0.43778,1754294399999,50096.4081941,132,0.0986,11283.1125859,0.0
2025-08-04 08:00:00+00:00,114631.16,114855.6,114275.58,114417.0,0.52998,1754308799999,60654.6203242,121,0.23889,27334.7888791,0.0
2025-08-04 12:00:00+00:00,114500.57,115428.73,114191.54,114883.64,1.78544,1754323199999,205243.4694218,363,0.76398,87761.1551116,0.0
2025-08-04 16:00:00+00:00,114889.65,115643.93,114787.58,114787.59,3.53055,1754337599999,407104.5548363,546,2.83586,327134.5408358,0.0
2025-08-04 20:00:00+00:00,114787.58,115399.83,114655.26,115176.19,1.10401,1754351999999,127112.4873544,320,0.95563,110048.2793008,0.0
2025-08-05 00:00:00+00:00,115080.31,115166.98,114236.76,114236.76,0.94115,1754366399999,108103.4628143,353,0.38738,44510.8382957,0.0
2025-08-05 04:00:00+00:00,114355.24,114514.34,113745.16,113931.83,1.17958,1754380799999,134676.4799521,252,0.46795,53409.9606342,0.0
2025-08-05 08:00:00+00:00,113978.02,115087.42,113978.02,114853.86,0.22213,1754395199999,25503.7037815,150,0.15771,18108.5233513,0.0
2025-08-05 12:00:00+00:00,114789.27,114915.59,112711.29,112868.15,3.83872,1754409599999,434424.86524,556,2.2834,258203.4074926,0.0
2025-08-05 16:00:00+00:00,112953.77,113787.27,112868.15,113656.02,0.85463,1754423999999,96888.6695501,291,0.57116,64738.0822207,0.0
2025-08-05 20:00:00+00:00,113728.91,114191.49,113283.76,114191.49,0.84956,1754438399999,96734.0845387,218,0.64701,73707.4041479,0.0
2025-08-06 00:00:00+00:00,114186.13,114186.13,112750.4,113399.48,99.79835,1754452799999,11312877.4085916,3163,34.6655,3934431.5273146,0.0
2025-08-06 04:00:00+00:00,113067.36,114411.64,112755.77,114006.97,42.2688,1754467199999,4787555.8412251,1449,16.18135,1836302.3055459,0.0
2025-08-06 08:00:00+00:00,114231.47,114389.94,113718.43,114066.79,0.49341,1754481599999,56310.6302847,93,0.31035,35424.0894923,0.0
2025-08-06 12:00:00+00:00,114285.22,115429.95,113602.76,115274.93,1.01942,1754495999999,117032.4422745,315,0.61626,70713.344634,0.0
2025-08-06 16:00:00+00:00,115420.82,115675.8,114929.4,115108.06,1.5299,1754510399999,176332.147657,214,1.20351,138712.7934245,0.0
2025-08-06 20:00:00+00:00,115299.92,115299.92,114801.62,115054.66,0.49089,1754524799999,56456.326383,176,0.25137,28923.9922259,0.0
2025-08-07 00:00:00+00:00,115054.3,115193.48,114439.68,114608.45,0.21746,1754539199999,24959.4398399,191,0.14369,16495.067704,0.0
2025-08-07 04:00:00+00:00,114604.95,114963.84,114284.37,114624.61,0.20608,1754553599999,23619.9966255,136,0.19044,21831.3757864,0.0
2025-08-07 08:00:00+00:00,114626.5,116832.25,114597.27,116463.63,1.4079,1754567999999,163245.5442198,369,1.14085,132270.3433247,0.0
2025-08-07 12:00:00+00:00,116460.37,116800.25,116065.84,116770.2,0.45351,1754582399999,52826.8252531,162,0.22235,25934.324501,0.0
2025-08-07 16:00:00+00:00,116770.07,117460.53,115659.88,117460.53,0.85154,1754596799999,99324.6249366,292,0.56087,65457.6131533,0.0
2025-08-07 20:00:00+00:00,117460.48,117610.87,116998.64,117499.31,0.67222,1754611199999,78913.4603263,215,0.56686,66551.016671,0.0
2025-08-08 00:00:00+00:00,117499.31,117664.42,116577.77,116807.96,0.76402,1754625599999,89472.0962325,285,0.35381,41470.4210483,0.0
2025-08-08 04:00:00+00:00,116986.01,116986.01,116353.85,116671.09,0.35879,1754639999999,41854.3171293,179,0.14132,16505.8409915,0.0
2025-08-08 08:00:00+00:00,116671.3,116899.0,116355.07,116852.8,0.06082,1754654399999,7097.2402166,90,0.03615,4221.7732714,0.0
2025-08-08 12:00:00+00:00,116852.83,117135.89,115897.93,115911.74,0.78594,1754668799999,91495.9042765,231,0.36679,42847.0095231,0.0
2025-08-08 16:00:00+00:00,116134.45,116876.18,115917.37,116626.85,1.81971,1754683199999,212236.5051299,449,1.75729,204972.2801036,0.0
2025-08-08 20:00:00+00:00,116629.75,116999.99,116358.09,116929.14,0.46504,1754697599999,54293.2417246,219,0.37681,44015.554449,0.0
2025-08-09 00:00:00+00:00,116918.75,116918.75,116369.0,116487.37,0.74262,1754711999999,86558.2553134,262,0.14869,17332.72324,0.0
2025-08-09 04:00:00+00:00,116369.0,116999.69,116369.0,116613.99,0.76576,1754726399999,89337.8707719,273,0.62738,73217.4599382,0.0
2025-08-09 08:00:00+00:00,116620.28,117871.54,116620.28,117079.75,0.7521,1754740799999,88231.6991142,228,0.54096,63475.6958307,0.0
2025-08-09 12:00:00+00:00,117141.42,117391.15,116727.56,116780.44,0.55788,1754755199999,65255.6469616,129,0.29171,34153.6127002,0.0
2025-08-09 16:00:00+00:00,116978.87,116978.87,116515.03,116735.71,0.54863,1754769599999,64053.3748382,257,0.34085,39821.0882223,0.0
2025-08-09 20:00:00+00:00,116511.42,116999.83,116410.62,116469.0,1.21857,1754783999999,142077.1604666,258,0.72117,84166.8562871,0.0
2025-08-10 00:00:00+00:00,116469.01,118460.76,116469.01,118099.61,3.7888,1754798399999,445467.689622,523,2.84694,335260.0395717,0.0
2025-08-10 04:00:00+00:00,118434.85,118684.61,117475.62,117488.98,1.87471,1754812799999,221994.479193,362,0.73922,87379.0071548,0.0
2025-08-10 08:00:00+00:00,117943.52,118460.29,117504.04,118168.87,0.13898,1754827199999,16427.7104596,107,0.10359,12240.5743787,0.0
2025-08-10 12:00:00+00:00,118169.24,119015.65,117929.15,118970.93,1.43143,1754841599999,170025.6461247,297,1.24904,148432.834786,0.0
2025-08-10 16:00:00+00:00,118958.85,118958.85,118359.29,118722.35,0.57332,1754855999999,68038.0852674,154,0.25417,30204.0785081,0.0
2025-08-10 20:00:00+00:00,118870.82,119253.82,118075.53,118980.47,2.60248,1754870399999,309278.1999033,349,1.81125,215431.8358004,0.0
2025-08-11 00:00:00+00:00,119212.55,121776.99,118961.06,121198.53,10.82895,1754884799999,1300288.731119,2285,8.59257,1031417.4605222,0.0
2025-08-11 04:00:00+00:00,121632.84,122262.32,120598.0,121551.72,6.55548,1754899199999,796994.0497543,980,4.5377,552646.3619734,0.0
2025-08-11 08:00:00+00:00,121513.5,121858.14,120345.04,120611.56,0.56545,1754913599999,68541.2201338,263,0.12428,15071.4989776,0.0
2025-08-11 12:00:00+00:00,120611.49,120724.99,119435.16,120036.48,0.91738,1754927999999,110131.2745637,337,0.61031,73264.4920782,0.0
2025-08-11 16:00:00+00:00,120397.76,120801.16,118667.76,119049.85,0.78719,1754942399999,94516.3506139,391,0.50936,61263.9732171,0.0
2025-08-11 20:00:00+00:00,119128.49,119128.49,118156.59,118808.69,0.88257,1754956799999,104786.7346573,336,0.55698,66177.4807839,0.0
2025-08-12 00:00:00+00:00,118805.18,119499.28,118547.59,119198.98,33.20089,1754971199999,3961263.1020663,1196,30.43934,3632367.3471944,0.0
2025-08-12 04:00:00+00:00,118842.6,119499.12,118488.12,119435.1,31.23589,1754985599999,3723702.1821916,837,28.57371,3407650.0832664,0.0
2025-08-12 08:00:00+00:00,119435.07,120000.0,118306.75,118481.62,36.97964,1754999999999,4400090.6247755,1197,29.10756,3466031.4130079,0.0
2025-08-12 12:00:00+00:00,118482.35,119985.99,118315.47,119639.77,1.3769,1755014399999,164444.7540622,288,0.81846,97919.3977887,0.0
2025-08-12 16:00:00+00:00,119999.66,120117.42,119204.83,119929.75,3.48526,1755028799999,417708.1346047,356,3.1638,379231.1498008,0.0
2025-08-12 20:00:00+00:00,119928.72,120266.64,119555.55,120266.64,3.13406,1755043199999,376414.3575604,382,1.3563,162889.8242932,0.0
2025-08-13 00:00:00+00:00,120084.34,120264.86,119086.37,119688.46,1.50977,1755057599999,180610.361788,415,1.17069,140089.9677905,0.0
2025-08-13 04:00:00+00:00,119687.25,119886.47,118945.0,119627.54,0.41459,1755071999999,49531.7891328,221,0.25765,30809.1559286,0.0
2025-08-13 08:00:00+00:00,119626.92,120756.09,119301.87,120747.91,2.71174,1755086399999,326503.7283216,350,1.70745,205567.9316387,0.0
2025-08-13 12:00:00+00:00,120476.48,122084.41,120125.8,121250.59,3.3211,1755100799999,402989.7173665,903,2.28465,277731.3215528,0.0
2025-08-13 16:00:00+00:00,121242.39,122700.0,121034.97,122297.84,5.02035,1755115199999,612998.9025498,624,3.93406,480655.1967682,0.0
2025-08-13 20:00:00+00:00,122699.97,123597.0,122260.14,123109.9,3.65534,1755129599999,449890.8245638,1261,3.03745,374020.1960766,0.0
2025-08-14 00:00:00+00:00,123122.21,124366.55,123110.46,123496.53,2.22386,1755143999999,275025.3638067,794,1.51476,187496.0637666,0.0
2025-08-14 04:00:00+00:00,123495.08,123495.08,121392.43,121651.54,2.1884,1755158399999,267041.1143664,463,0.08917,10932.8533802,0.0
2025-08-14 08:00:00+00:00,122004.54,122004.54,120715.58,121057.48,1.93118,1755172799999,234563.0391944,346,0.55899,68044.8423876,0.0
2025-08-14 12:00:00+00:00,121055.85,121055.85,118177.69,118726.16,9.33071,1755187199999,1108586.8979984,1769,3.64784,434589.793233,0.0
2025-08-14 16:00:00+00:00,118724.09,118724.09,117573.21,118133.27,2.39128,1755201599999,282174.6419822,664,0.76712,90600.9138782,0.0
2025-08-14 20:00:00+00:00,118703.91,118703.91,117511.79,118094.4,1.5203,1755215999999,179697.4129226,316,0.32089,37979.948235,0.0
2025-08-15 00:00:00+00:00,118286.15,118792.23,117000.0,117958.57,55.40102,1755230399999,6533452.4643642,2583,16.5844,1961713.6930393,0.0
2025-08-15 04:00:00+00:00,118583.8,118992.51,117754.25,118610.01,87.88457,1755244799999,10396349.5357112,4913,39.54409,4685215.5128872,0.0
2025-08-15 08:00:00+00:00,118814.65,119000.0,118548.92,118999.99,1.40093,1755259199999,166520.6324181,341,1.33466,158652.0193333,0.0
2025-08-15 12:00:00+00:00,118789.3,118988.08,116865.23,117140.88,3.86784,1755273599999,453820.8551614,602,0.4798,56499.2335031,0.0
2025-08-15 16:00:00+00:00,117355.19,117780.82,116839.76,117019.54,1.40549,1755287999999,164801.0204959,347,0.83929,98507.2867829,0.0
2025-08-15 20:00:00+00:00,117019.31,117754.24,116890.0,117335.65,1.28933,1755302399999,151169.3140889,315,0.56062,65761.7879482,0.0
2025-08-16 00:00:00+00:00,117313.89,117881.15,117235.93,117555.37,0.49264,1755316799999,57953.724602,296,0.43162,50778.538485,0.0
2025-08-16 04:00:00+00:00,117553.76,117893.01,117260.71,117685.5,0.38832,1755331199999,45646.4694168,204,0.11996,14104.4264821,0.0
2025-08-16 08:00:00+00:00,117645.96,117690.27,117156.45,117325.72,0.14958,1755345599999,17556.8138445,108,0.08769,10298.0995018,0.0
2025-08-16 12:00:00+00:00,117313.98,117871.0,117270.01,117754.07,0.30668,1755359999999,36059.3738386,158,0.18887,22230.938393,0.0
2025-08-16 16:00:00+00:00,117588.68,117877.32,117530.21,117789.44,0.1705,1755374399999,20073.4153222,162,0.14078,16577.93274,0.0
2025-08-16 20:00:00+00:00,117773.74,117773.74,117250.0,117385.76,0.3154,1755388799999,37089.85751,165,0.16028,18856.5905992,0.0
2025-08-17 00:00:00+00:00,117374.02,117777.48,117214.69,117777.26,0.59166,1755403199999,69517.7423094,268,0.46892,55111.1343951,0.0
2025-08-17 04:00:00+00:00,117772.75,118170.82,117563.7,118004.43,0.48104,1755417599999,56751.861589,195,0.28364,33474.997654,0.0
2025-08-17 08:00:00+00:00,118004.43,118451.0,117854.49,118248.02,0.39581,1755431999999,46813.2505383,210,0.31086,36765.5877301,0.0
2025-08-17 12:00:00+00:00,118280.71,118500.0,118036.01,118250.0,0.30024,1755446399999,35526.4031308,158,0.27706,32786.6045427,0.0
2025-08-17 16:00:00+00:00,118250.0,118332.58,117305.02,117577.26,0.76497,1755460799999,90061.2955632,303,0.29067,34209.0921804,0.0
2025-08-17 20:00:00+00:00,117574.17,117995.98,117388.04,117444.35,0.41773,1755475199999,49190.7907054,137,0.31515,37108.7610637,0.0
2025-08-18 00:00:00+00:00,117421.21,117574.48,115340.41,115340.41,3.24745,1755489599999,377377.9027948,831,0.84096,97696.6021483,0.0
2025-08-18 04:00:00+00:00,115685.54,116017.97,115000.0,115467.27,1.30911,1755503999999,151079.558428,357,0.77603,89690.4838372,0.0
2025-08-18 08:00:00+00:00,115455.71,115601.63,114850.0,115340.79,1.84191,1755518399999,212022.1625582,2237,0.65559,75491.8237963,0.0
2025-08-18 12:00:00+00:00,115100.97,116179.13,115000.0,116179.13,0.44095,1755532799999,50940.4041254,283,0.26498,30629.6801464,0.0
2025-08-18 16:00:00+00:00,116179.13,116876.18,115950.29,116597.75,0.98344,1755547199999,114537.9428693,246,0.46813,54569.5805056,0.0
2025-08-18 20:00:00+00:00,116599.89,117057.42,116066.77,116540.82,0.35517,1755561599999,41372.7612662,296,0.10579,12354.7865673,0.0
2025-08-19 00:00:00+00:00,116214.8,116789.1,114857.58,115196.62,1.72139,1755575999999,199548.290181,420,0.75029,87188.6771911,0.0
2025-08-19 04:00:00+00:00,115000.0,115453.99,114474.02,115023.38,2.21651,1755590399999,254888.7412677,237,1.07427,123736.0003046,0.0
2025-08-19 08:00:00+00:00,115023.35,115736.08,114850.38,115735.71,0.13052,1755604799999,15071.8770135,101,0.08235,9508.3347747,0.0
2025-08-19 12:00:00+00:00,115735.94,115968.15,113777.0,114137.27,2.97631,1755619199999,341775.0597546,491,0.49108,56310.2981471,0.0
2025-08-19 16:00:00+00:00,113900.01,114268.99,113000.0,113192.19,2.17746,1755633599999,247334.9964715,605,0.62991,71657.1976778,0.0
2025-08-19 20:00:00+00:00,113180.87,113872.16,113000.0,113000.0,1.82887,1755647999999,207629.3863683,319,0.70988,80729.1133596,0.0
2025-08-20 00:00:00+00:00,113000.0,113760.83,112810.0,113428.43,2.44324,1755662399999,276600.42814,348,0.50314,57001.7750912,0.0
2025-08-20 04:00:00+00:00,113438.17,113872.12,113438.17,113535.68,0.59285,1755676799999,67440.1672309,118,0.40534,46139.6050577,0.0
2025-08-20 08:00:00+00:00,113507.0,114099.99,113200.0,113760.82,0.49828,1755691199999,56657.0150808,120,0.27694,31558.8150426,0.0
2025-08-20 12:00:00+00:00,113760.82,114427.3,112500.0,113708.94,3.32567,1755705599999,376017.3478754,464,1.23798,140438.9087164,0.0
2025-08-20 16:00:00+00:00,113346.91,114407.49,113346.91,114394.24,0.87862,1755719999999,100229.589412,273,0.74516,85022.6045158,0.0
2025-08-20 20:00:00+00:00,114394.23,114748.52,113905.02,114647.28,1.13673,1755734399999,130068.0323809,344,0.65324,74789.2607004,0.0
2025-08-21 00:00:00+00:00,114231.75,114797.48,113944.82,114005.77,0.39646,1755748799999,45359.6417355,259,0.20068,22990.3868454,0.0
2025-08-21 04:00:00+00:00,114016.86,114272.96,113627.83,113979.87,0.60344,1755763199999,68682.1138536,137,0.06106,6961.8942117,0.0
2025-08-21 08:00:00+00:00,113979.87,114138.82,113102.62,113172.73,0.34962,1755777599999,39671.9529175,109,0.10191,11581.4257294,0.0
2025-08-21 12:00:00+00:00,113403.98,113943.89,112748.87,112762.65,1.29548,1755791999999,146480.0003836,224,0.21345,24209.5998154,0.0
2025-08-21 16:00:00+00:00,113074.08,113074.08,112118.13,112389.0,1.74646,1755806399999,196435.2523709,361,0.548,61718.8424276,0.0
2025-08-21 20:00:00+00:00,112388.97,112811.71,112119.02,112356.62,0.37164,1755820799999,41837.3505706,199,0.23125,26056.4951479,0.0
2025-08-22 00:00:00+00:00,112358.02,113543.14,112358.02,112856.79,0.7029,1755835199999,79454.9936389,260,0.28009,31630.3993886,0.0
2025-08-22 04:00:00+00:00,112861.8,113427.46,112755.75,113337.39,0.15842,1755849599999,17932.2642566,123,0.11465,12988.474371,0.0
2025-08-22 08:00:00+00:00,113008.41,113340.67,112276.54,112525.78,0.23205,1755863999999,26157.9395905,91,0.04008,4520.2479647,0.0
2025-08-22 12:00:00+00:00,112523.15,117225.0,111789.0,116420.0,5.19428,1755878399999,600038.6872934,1258,3.587,415417.9775773,0.0
2025-08-22 16:00:00+00:00,116533.47,117381.23,116120.79,116630.04,3.65412,1755892799999,427053.8836426,671,2.94847,344804.5771472,0.0
2025-08-22 20:00:00+00:00,116766.62,117154.82,116569.04,116924.55,0.82895,1755907199999,96926.5120812,351,0.51435,60202.0915695,0.0
2025-08-23 00:00:00+00:00,116924.56,118000.0,115750.0,115804.56,27.95773,1755921599999,3265352.5265846,2848,22.54321,2634799.6344977,0.0
2025-08-23 04:00:00+00:00,116191.06,117475.61,115804.57,115820.95,3.11398,1755935999999,361708.8262623,336,2.57227,298934.4771726,0.0
2025-08-23 08:00:00+00:00,115824.64,117421.69,115481.61,115752.04,24.95261,1755950399999,2896022.1564849,1095,20.56447,2387927.9085081,0.0
2025-08-23 12:00:00+00:00,115601.86,118000.0,114798.62,115481.27,7.78711,1755964799999,901418.8987723,2546,6.54396,757967.3631793,0.0
2025-08-23 16:00:00+00:00,115480.44,116300.0,114970.19,115250.19,0.65277,1755979199999,75216.4108898,218,0.35917,41380.119127,0.0
2025-08-23 20:00:00+00:00,115532.24,115699.82,115102.71,115500.01,1.75245,1755993599999,202186.7654347,204,1.00759,116354.5940127,0.0
2025-08-24 00:00:00+00:00,115500.02,115699.98,114479.93,114700.68,36.8489,1756007999999,4238910.2107103,2486,8.58141,988544.9653298,0.0
2025-08-24 04:00:00+00:00,115089.74,115198.05,114631.0,115107.3,1.02225,1756022399999,117531.0936212,249,0.77328,88975.19897,0.0
2025-08-24 08:00:00+00:00,115084.45,115084.45,113973.0,114665.37,7.30057,1756036799999,835393.3792907,827,2.67805,306964.0969775,0.0
2025-08-24 12:00:00+00:00,114664.19,114754.77,113994.0,114647.49,7.81398,1756051199999,893938.8070954,447,3.31389,379750.9552283,0.0
2025-08-24 16:00:00+00:00,114182.7,114697.18,110826.45,112499.99,20.18522,1756065599999,2282455.8868313,1404,4.83444,548312.053975,0.0
2025-08-24 20:00:00+00:00,112116.3,113602.76,111415.0,113400.01,7.56792,1756079999999,849442.5291712,635,2.91926,328895.2360245,0.0
2025-08-25 00:00:00+00:00,113400.01,113543.14,112170.36,112785.28,0.88524,1756094399999,100003.4344772,414,0.42785,48410.6117271,0.0
2025-08-25 04:00:00+00:00,113075.86,113075.86,111342.88,111754.08,2.23051,1756108799999,250129.890679,384,0.66687,74796.7293335,0.0
2025-08-25 08:00:00+00:00,111749.75,111914.31,110977.64,111199.99,1.13862,1756123199999,126751.4008034,233,0.67774,75537.0966398,0.0
2025-08-25 12:00:00+00:00,111234.56,112539.67,110645.71,112160.01,2.69311,1756137599999,300145.9679136,357,1.19085,133222.1453291,0.0
2025-08-25 16:00:00+00:00,112160.09,112923.04,110679.56,110679.56,1.85904,1756151999999,208002.5113631,439,0.74842,84145.0277366,0.0
2025-08-25 20:00:00+00:00,110679.56,111054.07,109328.0,110393.58,6.98002,1756166399999,768199.0247298,986,3.80073,418680.5622876,0.0
2025-08-26 00:00:00+00:00,110088.09,110389.57,108756.91,109575.94,2.43193,1756180799999,266073.2114959,641,0.65168,71371.5164373,0.0
2025-08-26 04:00:00+00:00,109916.47,110524.63,109599.6,110390.36,0.71258,1756195199999,78472.8231889,216,0.33428,36842.7316166,0.0
2025-08-26 08:00:00+00:00,110125.34,110528.3,109669.26,109895.16,0.26307,1756209599999,28906.0852418,94,0.15983,17550.8416188,0.0
2025-08-26 12:00:00+00:00,109892.5,110750.26,109456.0,109624.89,1.3847,1756223999999,152605.292956,229,1.09051,120251.5143866,0.0
2025-08-26 16:00:00+00:00,109965.49,111193.96,109527.98,111193.95,1.2801,1756238399999,141364.9729997,392,0.81377,89880.539343,0.0
2025-08-26 20:00:00+00:00,111193.95,112315.57,110678.07,111761.32,0.91316,1756252799999,101940.9153219,269,0.74819,83535.0820763,0.0
2025-08-27 00:00:00+00:00,112075.57,112075.57,110916.81,111263.42,0.42409,1756267199999,47215.1926867,247,0.30002,33397.6797705,0.0
2025-08-27 04:00:00+00:00,111746.69,111761.11,110647.72,111003.16,0.24796,1756281599999,27607.0337604,173,0.11114,12413.315597,0.0
2025-08-27 08:00:00+00:00,110977.32,111393.77,110408.71,111072.94,0.18498,1756295999999,20539.3889103,135,0.15921,17689.1313788,0.0
2025-08-27 12:00:00+00:00,111392.22,112599.99,110926.15,112022.8,0.82783,1756310399999,92545.9685309,316,0.60679,67814.7025956,0.0
2025-08-27 16:00:00+00:00,112022.77,112587.62,111511.25,112247.48,0.9748,1756324799999,109333.363843,208,0.32727,36723.7353516,0.0
2025-08-27 20:00:00+00:00,112250.74,112539.02,111032.04,111486.86,0.72358,1756339199999,80816.8580604,242,0.19258,21563.2982261,0.0
2025-08-28 00:00:00+00:00,111486.19,112000.0,110950.82,111975.7,1.32325,1756353599999,147153.2870863,192,0.21986,24528.558017,0.0
2025-08-28 04:00:00+00:00,112022.82,113332.99,111975.7,112930.54,0.47065,1756367999999,53065.4995543,223,0.30391,34279.3119174,0.0
2025-08-28 08:00:00+00:00,113266.95,113333.0,112851.36,113133.07,0.0722,1756382399999,8162.5946905,67,0.03235,3663.3743359,0.0
2025-08-28 12:00:00+00:00,112871.18,113432.26,112440.08,112443.66,0.7612,1756396799999,85891.8960578,225,0.25836,29189.643821,0.0
2025-08-28 16:00:00+00:00,112765.52,113100.0,111930.14,112257.99,0.59192,1756411199999,66607.5262728,219,0.30079,33904.405963,0.0
2025-08-28 20:00:00+00:00,112255.36,112586.82,111874.87,112585.59,0.33251,1756425599999,37302.8082699,144,0.25352,28452.589668,0.0
2025-08-29 00:00:00+00:00,112581.77,112681.88,111253.75,111928.18,0.47003,1756439999999,52535.2285511,255,0.24484,27394.2282498,0.0
2025-08-29 04:00:00+00:00,111599.15,111902.87,109978.08,110257.63,0.56467,1756454399999,62527.793895,331,0.08081,8970.7009481,0.0
2025-08-29 08:00:00+00:00,110255.08,110442.84,109379.43,110164.33,1.00317,1756468799999,110011.7438607,238,0.20406,22446.0786815,0.0
2025-08-29 12:00:00+00:00,109906.55,111445.26,108181.83,108300.0,2.53212,1756483199999,275725.4095341,612,0.69294,75551.8592413,0.0
2025-08-29 16:00:00+00:00,108672.45,108812.59,108000.0,108568.27,1.28396,1756497599999,139359.8377028,302,0.75844,82438.566554,0.0
2025-08-29 20:00:00+00:00,108567.87,108567.87,107561.81,108401.64,0.66165,1756511999999,71538.5360472,308,0.35132,38046.5126621,0.0
2025-08-30 00:00:00+00:00,108304.0,108558.61,107443.08,108170.91,0.90155,1756526399999,97165.8378932,207,0.32576,35202.1932706,0.0
2025-08-30 04:00:00+00:00,108400.59,108695.02,108142.05,108547.74,1.8812,1756540799999,204289.9863637,191,0.66969,72710.6343412,0.0
2025-08-30 08:00:00+00:00,108546.76,108724.86,108334.1,108698.64,0.42437,1756555199999,46092.2409369,113,0.32886,35736.0277931,0.0
2025-08-30 12:00:00+00:00,108456.68,108982.28,108200.29,108860.36,2.65291,1756569599999,288307.2156776,276,2.13182,231814.6719523,0.0
2025-08-30 16:00:00+00:00,108622.89,108980.68,108511.61,108921.64,0.78663,1756583999999,85562.012719,191,0.69486,75589.4082144,0.0
2025-08-30 20:00:00+00:00,108921.22,108921.22,108511.96,108569.75,0.72206,1756598399999,78433.3250843,173,0.49819,54136.2154866,0.0
2025-08-31 00:00:00+00:00,108899.24,109502.66,108600.92,109155.73,0.31245,1756612799999,34139.0358765,249,0.22996,25138.4757625,0.0
2025-08-31 04:00:00+00:00,109019.15,109353.69,108525.93,108660.63,0.36102,1756627199999,39303.0854111,93,0.09777,10638.0906109,0.0
2025-08-31 08:00:00+00:00,108801.89,109119.16,108340.97,108558.07,0.172,1756641599999,18684.8450488,257,0.05521,6002.691952,0.0
2025-08-31 12:00:00+00:00,108557.48,108847.7,108224.15,108846.88,0.62035,1756655999999,67290.5241053,119,0.43426,47147.8431285,0.0
2025-08-31 16:00:00+00:00,108845.95,109254.57,108466.29,108865.76,0.70405,1756670399999,76681.2866358,152,0.25648,27963.8113028,0.0
2025-08-31 20:00:00+00:00,108866.38,109251.12,108131.69,108432.11,0.80546,1756684799999,87367.857792,170,0.08004,8724.3183875,0.0
2025-09-01 00:00:00+00:00,108136.0,108422.7,107350.0,107382.91,2.38353,1756699199999,256624.3472814,305,0.969,104409.8687444,0.0
2025-09-01 04:00:00+00:00,107817.38,109388.69,107313.41,109350.0,0.7294,1756713599999,78809.0149824,228,0.45941,49658.6748038,0.0
2025-09-01 08:00:00+00:00,109401.7,109894.03,108177.75,108467.34,0.76429,1756727999999,83413.4568801,263,0.41163,44877.2606884,0.0
2025-09-01 12:00:00+00:00,108846.5,109525.75,108429.79,108861.57,0.63686,1756742399999,69392.9242247,190,0.30933,33751.563004,0.0
2025-09-01 16:00:00+00:00,108859.58,109349.82,108415.47,109026.01,2.62106,1756756799999,285062.0283507,191,1.95642,212811.8248652,0.0
2025-09-01 20:00:00+00:00,109324.54,109324.54,107501.0,109061.86,2.32497,1756771199999,251913.9129814,453,1.51937,164889.5319049,0.0
2025-09-02 00:00:00+00:00,109330.91,110519.2,108847.92,110148.95,1.27915,1756785599999,140494.7197842,322,1.01589,111679.4883829,0.0
2025-09-02 04:00:00+00:00,110149.46,110635.52,110050.01,110050.35,0.7326,1756799999999,80875.5386248,99,0.6539,72205.7409851,0.0
2025-09-02 08:00:00+00:00,110374.05,110635.51,109682.95,109682.95,0.23471,1756814399999,25875.2484484,77,0.06931,7661.4162954,0.0
2025-09-02 12:00:00+00:00,109797.35,111702.41,108435.03,110609.34,3.01933,1756828799999,333086.5981518,499,1.14387,126469.9038877,0.0
2025-09-02 16:00:00+00:00,111003.19,111148.05,110274.67,110810.35,0.42388,1756843199999,46935.2308398,136,0.27963,30992.3943467,0.0
2025-09-02 20:00:00+00:00,110809.62,111500.74,110781.33,111276.18,0.4016,1756857599999,44676.0006008,139,0.32843,36550.6360473,0.0
2025-09-03 00:00:00+00:00,111283.72,111691.67,110916.77,110979.04,0.77731,1756871999999,86559.8119261,349,0.49404,55014.8412222,0.0
2025-09-03 04:00:00+00:00,110977.44,111240.24,110572.48,111054.14,0.47252,1756886399999,52416.6290534,124,0.23821,26399.3340303,0.0
2025-09-03 08:00:00+00:00,111054.14,111691.67,110877.14,111313.07,0.25464,1756900799999,28387.8710711,67,0.24525,27345.6028473,0.0
2025-09-03 12:00:00+00:00,111456.78,112392.1,111063.38,111981.11,1.39217,1756915199999,155791.7916991,215,1.13869,127494.8025645,0.0
2025-09-03 16:00:00+00:00,112387.24,112539.64,111702.42,112096.03,0.84121,1756929599999,94245.7341454,248,0.35949,40326.0135375,0.0
2025-09-03 20:00:00+00:00,112390.09,112390.09,111631.16,111960.28,0.18688,1756943999999,20945.3943862,111,0.09733,10928.3452784,0.0
2025-09-04 00:00:00+00:00,111631.15,112298.25,111134.87,111134.87,0.26194,1756958399999,29235.0323255,220,0.14869,16604.797589,0.0
2025-09-04 04:00:00+00:00,111140.07,111377.88,110321.49,110607.43,0.48259,1756972799999,53540.3914564,950,0.27672,30726.6677291,0.0
2025-09-04 08:00:00+00:00,110600.76,111050.7,110453.19,111034.32,0.10501,1756987199999,11646.9093489,55,0.10057,11156.3621763,0.0
2025-09-04 12:00:00+00:00,111000.0,111054.14,108784.0,109597.62,4.20492,1757001599999,462525.7309069,321,1.8518,204134.482252,0.0
2025-09-04 16:00:00+00:00,109597.01,110166.28,109230.41,109776.54,0.68248,1757015999999,74938.7794398,197,0.32716,35939.5533321,0.0
2025-09-04 20:00:00+00:00,110052.44,111721.41,109777.13,110609.51,1.55302,1757030399999,171732.595332,326,1.17415,129849.4462139,0.0
2025-09-05 00:00:00+00:00,110609.76,111500.72,110416.88,111250.0,0.38276,1757044799999,42465.7046482,253,0.27385,30412.3712039,0.0
2025-09-05 04:00:00+00:00,111459.58,112948.97,111075.66,112938.71,1.07127,1757059199999,120221.9318841,272,0.37217,41814.9601853,0.0
2025-09-05 08:00:00+00:00,112937.88,112937.88,112108.21,112342.8,0.1252,1757073599999,14071.7467843,147,0.06697,7530.8644221,0.0
2025-09-05 12:00:00+00:00,112515.39,113294.17,108669.97,110983.37,2.08833,1757087999999,232406.0409891,751,1.00757,112743.8300946,0.0
2025-09-05 16:00:00+00:00,110674.65,111514.87,110199.72,111224.71,0.69554,1757102399999,77073.6732761,226,0.51662,57298.4476801,0.0
2025-09-05 20:00:00+00:00,111529.94,111690.48,110550.3,110576.38,0.35993,1757116799999,39934.4053419,179,0.22424,24877.0532917,0.0
2025-09-06 00:00:00+00:00,110583.53,111227.84,110577.97,111211.34,0.30995,1757131199999,34355.7816466,190,0.28084,31135.8238931,0.0
2025-09-06 04:00:00+00:00,111185.7,111185.71,110614.77,110846.86,0.2118,1757145599999,23472.7618762,154,0.13026,14433.6336081,0.0
2025-09-06 08:00:00+00:00,110846.3,110928.38,110614.76,110861.76,0.1631,1757159999999,18072.2893201,130,0.13377,14824.4933447,0.0
2025-09-06 12:00:00+00:00,110649.37,111008.65,110345.46,110563.83,1.52389,1757174399999,168906.7247014,667,0.37262,41257.618957,0.0
2025-09-06 16:00:00+00:00,110355.56,110562.51,110023.53,110174.57,0.85106,1757188799999,93790.2772779,947,0.58833,64855.6514554,0.0
2025-09-06 20:00:00+00:00,110168.62,110298.34,109729.0,110129.22,3.0993,1757203199999,340942.0468535,227,0.69784,76906.1555124,0.0
2025-09-07 00:00:00+00:00,110231.53,110729.23,110013.17,110681.21,0.86459,1757217599999,95399.3122324,255,0.8308,91676.8975226,0.0
2025-09-07 04:00:00+00:00,110680.08,110908.03,110403.91,110558.1,0.14877,1757231999999,16459.3125754,125,0.12594,13936.2575918,0.0
2025-09-07 08:00:00+00:00,110884.46,111394.89,110601.51,111312.76,0.1353,1757246399999,15031.5566952,137,0.08327,9255.0273467,0.0
2025-09-07 12:00:00+00:00,111312.53,111405.63,110994.34,111171.74,0.23413,1757260799999,26050.8773475,125,0.17022,18948.3793168,0.0
2025-09-07 16:00:00+00:00,111172.12,111364.92,110819.27,111293.6,0.30691,1757275199999,34106.9424589,186,0.13784,15321.5496962,0.0
2025-09-07 20:00:00+00:00,111293.31,111567.87,110946.0,111489.92,1.67246,1757289599999,185938.0104484,238,0.5507,61308.1687311,0.0
2025-09-08 00:00:00+00:00,111079.43,111461.79,110708.95,111026.21,0.78264,1757303999999,86973.4991816,195,0.71588,79570.8279037,0.0
2025-09-08 04:00:00+00:00,111027.2,111515.0,110719.53,111215.15,0.0928,1757318399999,10306.915073,117,0.06159,6843.2529853,0.0
2025-09-08 08:00:00+00:00,111220.7,112168.85,111220.7,111790.54,0.38067,1757332799999,42572.3811948,156,0.29747,33287.0281928,0.0
2025-09-08 12:00:00+00:00,112166.03,112851.35,111748.14,112333.81,0.72258,1757347199999,81290.3181871,285,0.48871,55005.7389688,0.0
2025-09-08 16:00:00+00:00,112798.46,112847.05,111997.71,111997.71,0.93645,1757361599999,105211.3456626,263,0.37259,41948.2642533,0.0
2025-09-08 20:00:00+00:00,112328.34,112524.98,111884.84,111951.09,0.31148,1757375999999,34965.2722119,124,0.19815,22266.4043216,0.0
2025-09-09 00:00:00+00:00,112371.19,112371.19,111115.53,111359.5,0.60906,1757390399999,67891.0497235,281,0.31031,34633.8404812,0.0
2025-09-09 04:00:00+00:00,111821.44,113299.97,111378.89,113000.0,0.42764,1757404799999,48014.9481977,269,0.24253,27275.7255535,0.0
2025-09-09 08:00:00+00:00,113009.59,113199.96,112525.04,112525.25,0.25598,1757419199999,28851.8293538,76,0.04617,5219.0967139,0.0
2025-09-09 12:00:00+00:00,112525.25,112851.35,110780.17,111090.9,0.75863,1757433599999,84777.3785826,309,0.25915,29091.6370248,0.0
2025-09-09 16:00:00+00:00,111088.07,111409.98,110822.62,111385.06,2.25913,1757447999999,250781.1730122,166,1.3562,150580.6101647,0.0
2025-09-09 20:00:00+00:00,111383.16,111702.27,111089.14,111584.15,0.51767,1757462399999,57667.2579926,186,0.37712,42022.2960909,0.0
2025-09-10 00:00:00+00:00,111500.0,111586.3,110844.2,111435.0,1.17338,1757476799999,130413.859872,282,0.25425,28287.4899046,0.0
2025-09-10 04:00:00+00:00,111561.49,112539.67,111214.06,112022.53,0.5734,1757491199999,64044.7046976,178,0.38177,42691.7663076,0.0
2025-09-10 08:00:00+00:00,112023.44,112776.24,112023.44,112149.97,0.30482,1757505599999,34225.055188,106,0.21427,24062.7568639,0.0
2025-09-10 12:00:00+00:00,112399.87,114217.95,112395.53,113562.46,3.48419,1757519999999,395154.8875915,649,2.3962,271583.7177,0.0
2025-09-10 16:00:00+00:00,113867.91,113988.25,113111.05,113533.38,0.90441,1757534399999,102737.7572182,293,0.67247,76426.1507244,0.0
2025-09-10 20:00:00+00:00,113532.93,114000.0,113379.57,113996.01,0.5016,1757548799999,57103.1529394,139,0.48166,54839.7103985,0.0
2025-09-11 00:00:00+00:00,113999.95,115174.0,113696.23,114132.23,21.02366,1757563199999,2400802.937997,1139,17.20582,1965621.1441084,0.0
2025-09-11 04:00:00+00:00,114160.21,114675.0,114060.99,114060.99,8.93968,1757577599999,1023475.0985221,303,6.92416,792977.4724468,0.0
2025-09-11 08:00:00+00:00,114066.43,115259.57,113942.74,114218.33,19.04518,1757591999999,2180190.5519622,1070,16.27799,1864410.780435,0.0
2025-09-11 12:00:00+00:00,114627.94,114671.0,113500.01,114462.93,1.40878,1757606399999,160769.7847243,303,0.39626,45285.2938711,0.0
2025-09-11 16:00:00+00:00,114194.47,114652.36,114051.28,114516.33,1.10908,1757620799999,126951.2404455,238,0.85938,98408.6098691,0.0
2025-09-11 20:00:00+00:00,114538.91,115445.0,114157.14,115410.52,1.50573,1757635199999,173117.6229537,386,0.81718,93972.1755389,0.0
2025-09-12 00:00:00+00:00,115445.0,116239.7,115114.56,115114.78,1.67154,1757649599999,193610.902681,464,1.00433,116456.5816158,0.0
2025-09-12 04:00:00+00:00,115113.89,115699.94,115113.89,115150.01,0.39158,1757663999999,45210.254514,145,0.19115,22095.2210415,0.0
2025-09-12 08:00:00+00:00,115150.01,115365.78,114894.82,114937.83,0.4059,1757678399999,46718.824912,123,0.25395,29240.7542482,0.0
2025-09-12 12:00:00+00:00,114937.97,115500.0,114828.04,115233.03,0.54916,1757692799999,63245.9348563,166,0.31173,35951.9560567,0.0
2025-09-12 16:00:00+00:00,115232.25,116666.64,115008.81,116666.4,1.46092,1757707199999,169510.4797083,556,1.16162,134813.9497469,0.0
2025-09-12 20:00:00+00:00,116665.83,116666.65,115659.93,116186.2,0.96171,1757721599999,111650.7560508,264,0.34292,39866.633168,0.0
2025-09-13 00:00:00+00:00,116186.06,116340.47,115633.88,116035.32,1.84125,1757735999999,213683.1522172,313,0.68734,79841.8335097,0.0
2025-09-13 04:00:00+00:00,116034.5,116034.5,115601.92,115818.3,0.59325,1757750399999,68632.8130233,134,0.11383,13184.7442973,0.0
2025-09-13 08:00:00+00:00,115814.4,116181.11,115616.57,116069.38,0.33458,1757764799999,38799.1495963,170,0.2855,33108.6358638,0.0
2025-09-13 12:00:00+00:00,116067.04,116159.33,115601.01,115909.28,0.31967,1757779199999,37019.6649095,151,0.07237,8397.2632614,0.0
2025-09-13 16:00:00+00:00,115898.39,115898.39,114500.0,115722.64,0.66398,1757793599999,76643.6156753,298,0.37332,43153.2250727,0.0
2025-09-13 20:00:00+00:00,115722.63,116006.02,115443.78,115968.46,0.90082,1757807999999,104306.0998961,213,0.58024,67218.7999575,0.0
2025-09-14 00:00:00+00:00,115969.18,116025.91,115581.1,115585.55,0.9563,1757822399999,110744.868492,248,0.28367,32902.8995611,0.0
2025-09-14 04:00:00+00:00,115857.5,116022.73,115400.91,115808.16,0.05171,1757836799999,5987.167866,52,0.03776,4375.0131669,0.0
2025-09-14 08:00:00+00:00,115795.49,116126.19,115656.05,115660.01,0.29792,1757851199999,34536.0022005,108,0.20051,23258.3966918,0.0
2025-09-14 12:00:00+00:00,115978.49,115978.63,115139.05,115200.01,0.40017,1757865599999,46206.6456702,203,0.18083,20903.4319733,0.0
2025-09-14 16:00:00+00:00,115200.01,115827.96,115200.01,115358.04,1.32273,1757879999999,152839.9183592,136,0.9713,112278.9585541,0.0
2025-09-14 20:00:00+00:00,115681.09,116102.34,115113.91,115555.39,0.94639,1757894399999,109522.1777657,230,0.47941,55583.3981413,0.0
2025-09-15 00:00:00+00:00,115550.3,115601.85,114754.85,115601.81,0.63799,1757908799999,73460.8021474,253,0.40927,47130.9409975,0.0
2025-09-15 04:00:00+00:00,115596.87,116644.05,115400.0,116070.42,0.89707,1757923199999,104079.789227,254,0.53837,62514.8110516,0.0
2025-09-15 08:00:00+00:00,115701.83,115845.15,114626.4,115138.37,0.30874,1757937599999,35566.9857598,150,0.03488,4025.5580079,0.0
2025-09-15 12:00:00+00:00,115131.78,115136.0,114427.37,114787.25,0.57206,1757951999999,65664.6761627,136,0.33915,38949.9640966,0.0
2025-09-15 16:00:00+00:00,114900.9,115584.12,114562.06,115582.03,0.37855,1757966399999,43526.8348239,163,0.29263,33656.9289491,0.0
2025-09-15 20:00:00+00:00,115288.02,115633.86,115140.93,115259.04,0.46588,1757980799999,53765.3769917,202,0.30631,35375.1838863,0.0
2025-09-16 00:00:00+00:00,115481.78,115491.53,114927.79,115378.81,0.35076,1757995199999,40428.6666603,205,0.20481,23625.9437647,0.0
2025-09-16 04:00:00+00:00,115365.83,116000.0,114997.57,115999.89,0.16091,1758009599999,18597.676036,156,0.11711,13535.0853435,0.0
2025-09-16 08:00:00+00:00,115605.84,115990.85,115195.81,115514.78,0.17468,1758023999999,20188.6195457,68,0.04821,5581.6779463,0.0
2025-09-16 12:00:00+00:00,115504.56,115801.33,114847.53,115800.02,0.56433,1758038399999,65049.1169276,309,0.32301,37277.3893405,0.0
2025-09-16 16:00:00+00:00,115800.94,116747.11,115621.61,116694.32,2.51069,1758052799999,292563.0224258,370,1.75339,204381.1693028,0.0
2025-09-16 20:00:00+00:00,116694.32,116962.99,116672.88,116860.6,1.23078,1758067199999,143777.8970455,413,0.77241,90280.4204794,0.0
2025-09-17 00:00:00+00:00,116860.59,116869.96,115804.61,115826.38,14.34406,1758081599999,1668471.5254571,710,3.54806,413507.8916802,0.0
2025-09-17 04:00:00+00:00,115827.67,117278.52,115827.67,117100.13,12.50832,1758095999999,1461059.327906,542,12.13445,1417351.9466599,0.0
2025-09-17 08:00:00+00:00,117105.11,117258.49,116181.43,116455.42,0.31635,1758110399999,36980.5253975,144,0.16454,19237.286716,0.0
2025-09-17 12:00:00+00:00,116453.85,116602.19,115507.47,115596.44,2.88797,1758124799999,334620.6145744,355,0.84058,97574.5329481,0.0
2025-09-17 16:00:00+00:00,115987.08,116339.29,114754.79,115589.47,1.32383,1758139199999,152937.7994784,457,0.44445,51428.2962572,0.0
2025-09-17 20:00:00+00:00,115964.69,116975.24,115433.31,116571.74,1.30041,1758153599999,151173.0919934,393,0.97737,113711.6144859,0.0
2025-09-18 00:00:00+00:00,116570.2,117750.0,116179.16,117503.59,2.86183,1758167999999,334824.5653389,787,2.17025,253793.5710179,0.0
2025-09-18 04:00:00+00:00,117737.0,117737.01,116931.95,117195.28,2.67867,1758182399999,314546.4881523,242,1.23633,145413.8888649,0.0
2025-09-18 08:00:00+00:00,117186.43,117378.7,116932.0,116934.32,0.39108,1758196799999,45826.7536365,195,0.17195,20159.8682318,0.0
2025-09-18 12:00:00+00:00,116934.76,117769.65,115500.0,117676.94,1.29014,1758211199999,150940.8872153,563,0.57796,67895.97583,0.0
2025-09-18 16:00:00+00:00,117241.06,117800.0,117118.02,117511.78,1.08292,1758225599999,127281.841946,473,0.6577,77381.7187167,0.0
2025-09-18 20:00:00+00:00,117509.84,117692.87,116565.03,116906.28,0.65801,1758239999999,77137.8793553,223,0.39036,45864.3867046,0.0
2025-09-19 00:00:00+00:00,117287.53,117472.66,116719.37,117064.27,0.74849,1758254399999,87753.4676121,324,0.53372,62594.4067026,0.0
2025-09-19 04:00:00+00:00,116739.84,117071.15,116584.97,116975.0,0.39617,1758268799999,46271.3989731,174,0.24947,29156.8094869,0.0
2025-09-19 08:00:00+00:00,117046.3,117071.16,116339.3,116559.68,0.1547,1758283199999,18066.0452641,148,0.0823,9623.9838472,0.0
2025-09-19 12:00:00+00:00,116558.52,116558.57,115555.99,115999.7,1.96404,1758297599999,227427.9194551,343,0.41098,47698.7644028,0.0
2025-09-19 16:00:00+00:00,115790.05,116194.99,115149.99,115149.99,0.61302,1758311999999,70860.4548269,310,0.41933,48472.095682,0.0
2025-09-19 20:00:00+00:00,115149.96,115751.61,115136.99,115623.64,1.72268,1758326399999,198556.7289071,262,1.14331,131767.7823264,0.0
2025-09-20 00:00:00+00:00,115404.8,115799.93,115404.8,115612.39,0.44624,1758340799999,51588.1653617,240,0.25922,29991.0691257,0.0
2025-09-20 04:00:00+00:00,115608.39,115961.63,115352.0,115961.63,1.14224,1758355199999,131973.3223023,133,0.18355,21239.4195809,0.0
2025-09-20 08:00:00+00:00,115960.08,115983.46,115600.01,115941.7,0.07275,1758369599999,8432.2360727,95,0.06818,7903.6341723,0.0
2025-09-20 12:00:00+00:00,115998.77,116123.15,115724.02,115824.86,0.57632,1758383999999,66837.2496765,160,0.5562,64505.0723991,0.0
2025-09-20 16:00:00+00:00,116083.9,116083.9,115687.39,115687.39,0.15867,1758398399999,18387.4886414,179,0.08762,10158.8491482,0.0
2025-09-20 20:00:00+00:00,115687.4,115964.08,115641.95,115814.94,0.41344,1758412799999,47906.0381378,196,0.326,37787.86593,0.0
2025-09-21 00:00:00+00:00,115804.86,115805.63,115398.99,115729.55,0.29947,1758427199999,34622.0399656,364,0.14809,17131.3763884,0.0
2025-09-21 04:00:00+00:00,115560.99,115963.67,115487.16,115963.67,0.4337,1758441599999,50188.1250679,144,0.38809,44916.3129282,0.0
2025-09-21 08:00:00+00:00,115961.29,115961.31,115397.27,115696.82,0.12165,1758455999999,14062.8299108,108,0.05522,6387.8066131,0.0
2025-09-21 12:00:00+00:00,115696.76,115825.0,115317.2,115657.7,0.12571,1758470399999,14534.4809152,144,0.06039,6985.9133397,0.0
2025-09-21 16:00:00+00:00,115433.89,115840.76,115266.71,115415.49,0.49514,1758484799999,57200.2513186,182,0.36078,41698.8687294,0.0
2025-09-21 20:00:00+00:00,115596.2,115622.47,115229.33,115459.7,0.33506,1758499199999,38687.0742616,197,0.219,25305.575023,0.0
2025-09-22 00:00:00+00:00,115250.83,115449.99,114178.7,114609.66,1.31394,1758513599999,150566.8245221,406,0.23473,26917.6786354,0.0
2025-09-22 04:00:00+00:00,114609.85,114677.59,112095.24,112592.08,3.84918,1758527999999,434979.0640274,1925,0.37096,41987.725044,0.0
2025-09-22 08:00:00+00:00,112525.01,112999.68,112102.11,112630.45,2.70782,1758542399999,304938.4750269,1371,0.66027,74445.8709754,0.0
2025-09-22 12:00:00+00:00,112642.41,113263.14,112497.48,112954.02,1.69629,1758556799999,191548.8415976,324,1.2409,140188.4222589,0.0
2025-09-22 16:00:00+00:00,112616.65,112948.2,112003.37,112006.23,1.10192,1758571199999,124021.2938498,312,0.57961,65305.6114987,0.0
2025-09-22 20:00:00+00:00,112392.23,112925.17,111925.96,112805.24,0.50134,1758585599999,56361.072473,195,0.21355,24067.1041098,0.0
2025-09-23 00:00:00+00:00,112645.69,112798.92,111079.46,112051.14,28.48774,1758599999999,3186270.5923572,1107,5.68606,636600.3102997,0.0
2025-09-23 04:00:00+00:00,112049.62,112999.99,111480.0,112999.99,32.99351,1758614399999,3701098.4003834,1437,15.31146,1721662.8393069,0.0
2025-09-23 08:00:00+00:00,112999.98,113119.57,112452.49,112691.38,0.68335,1758628799999,77134.1228926,125,0.40358,45600.246554,0.0
2025-09-23 12:00:00+00:00,112991.75,113055.15,112407.71,112924.52,1.03837,1758643199999,117206.8840927,217,0.58127,65641.7931982,0.0
2025-09-23 16:00:00+00:00,112912.5,112954.98,111563.13,111563.14,1.75983,1758657599999,197029.7990377,316,1.14908,128618.6909454,0.0
2025-09-23 20:00:00+00:00,111735.43,112216.58,111515.0,111917.91,0.57887,1758671999999,64783.7401712,229,0.40504,45339.966175,0.0
2025-09-24 00:00:00+00:00,111918.38,112454.33,111606.83,111947.24,1.03186,1758686399999,115665.5900892,386,0.24342,27329.3791546,0.0
2025-09-24 04:00:00+00:00,111640.85,112682.15,111079.47,112643.13,0.73866,1758700799999,82731.8551017,270,0.40974,45954.7365263,0.0
2025-09-24 08:00:00+00:00,112629.0,113120.29,112306.01,113088.26,0.47483,1758715199999,53566.2226623,127,0.3532,39837.7934483,0.0
2025-09-24 12:00:00+00:00,113086.79,113882.3,112852.11,113305.4,1.96624,1758729599999,222559.8910935,352,1.49472,169214.3964187,0.0
2025-09-24 16:00:00+00:00,113305.29,113882.07,113183.25,113499.67,1.03681,1758743999999,117676.5687107,335,0.4004,45489.6009036,0.0
2025-09-24 20:00:00+00:00,113394.35,113676.1,113094.04,113223.27,1.34764,1758758399999,152922.7560567,366,0.77857,88392.0471991,0.0
2025-09-25 00:00:00+00:00,113337.87,113556.84,112309.38,113029.91,29.94694,1758772799999,3384658.5204305,949,27.89323,3153028.4385864,0.0
2025-09-25 04:00:00+00:00,113029.3,113029.34,111599.02,112136.48,29.53941,1758787199999,3314180.9480581,1161,25.38585,2848859.1658627,0.0
2025-09-25 08:00:00+00:00,112136.48,112276.39,111490.21,111615.8,1.49325,1758801599999,166765.2970294,145,0.0568,6354.9498889,0.0
2025-09-25 12:00:00+00:00,111615.74,111690.13,109757.0,111414.79,13.943,1758815999999,1547490.890924,1041,9.84377,1094105.1089876,0.0
2025-09-25 16:00:00+00:00,111414.79,111509.21,108221.0,109414.94,15.18472,1758830399999,1667802.9878711,1754,6.16475,675719.320145,0.0
2025-09-25 20:00:00+00:00,109413.41,109592.05,108847.89,108906.81,2.69095,1758844799999,293967.823728,541,1.96111,214287.1075848,0.0
2025-09-26 00:00:00+00:00,108847.85,109698.07,108500.0,109324.64,24.79747,1758859199999,2712183.0525573,679,5.06684,554881.6079711,0.0
2025-09-26 04:00:00+00:00,109324.06,109494.82,108228.0,109155.98,52.37831,1758873599999,5702458.4061721,1737,19.12738,2087671.9249793,0.0
2025-09-26 08:00:00+00:00,109315.68,109525.96,108579.1,109113.28,0.50469,1758887999999,55082.7773526,174,0.32143,35102.6486224,0.0
2025-09-26 12:00:00+00:00,109111.24,109698.09,108659.13,108904.32,0.78304,1758902399999,85541.3530329,292,0.60047,65618.1500431,0.0
2025-09-26 16:00:00+00:00,109277.79,110350.0,109002.02,109004.25,1.95064,1758916799999,214667.8176668,276,1.63779,180236.5884763,0.0
2025-09-26 20:00:00+00:00,109263.84,109725.04,109025.72,109725.04,0.56804,1758931199999,62201.6345024,124,0.51576,56476.6509114,0.0
2025-09-27 00:00:00+00:00,109723.92,109725.0,109327.22,109586.79,0.14916,1758945599999,16344.5974821,129,0.09746,10687.1501685,0.0
2025-09-27 04:00:00+00:00,109586.74,109799.92,109407.16,109466.32,0.14199,1758959999999,15566.5114448,138,0.06018,6598.2572891,0.0
2025-09-27 08:00:00+00:00,109407.16,109497.02,109067.06,109390.01,0.08089,1758974399999,8846.598458,99,0.0693,7579.4758768,0.0
2025-09-27 12:00:00+00:00,109249.73,109598.87,109083.68,109403.31,0.7162,1758988799999,78320.910188,179,0.55049,60218.9270255,0.0
2025-09-27 16:00:00+00:00,109403.31,109499.97,109187.49,109362.75,0.50889,1759003199999,55646.2653395,168,0.26356,28852.7119906,0.0
2025-09-27 20:00:00+00:00,109584.93,109804.76,109324.93,109558.06,0.32432,1759017599999,35542.6005485,241,0.26872,29453.7523707,0.0
2025-09-28 00:00:00+00:00,109753.16,109848.86,109325.11,109463.58,0.45322,1759031999999,49623.3763776,196,0.16776,18366.5314277,0.0
2025-09-28 04:00:00+00:00,109463.58,109463.58,109206.01,109463.57,1.33951,1759046399999,146399.6726655,118,0.53558,58514.3797155,0.0
2025-09-28 08:00:00+00:00,109463.58,109463.58,109211.83,109315.72,0.24217,1759060799999,26505.5212339,96,0.21831,23895.9254445,0.0
2025-09-28 12:00:00+00:00,109373.21,109966.56,109200.0,109738.9,1.35641,1759075199999,148586.5882826,133,1.23895,135713.9156985,0.0
2025-09-28 16:00:00+00:00,109964.79,110393.12,109745.29,110135.21,0.25911,1759089599999,28542.0715949,203,0.16368,18040.7018998,0.0
2025-09-28 20:00:00+00:00,110345.16,112226.72,110182.59,112083.01,1.90237,1759103999999,211601.7285024,448,1.51411,168494.4846846,0.0
2025-09-29 00:00:00+00:00,111958.17,112226.67,111490.24,111782.21,1.3975,1759118399999,156125.2811406,293,1.15176,128661.2056457,0.0
2025-09-29 04:00:00+00:00,111796.36,111835.87,111491.41,111680.0,0.16904,1759132799999,18872.5309785,78,0.03298,3684.1857888,0.0
2025-09-29 08:00:00+00:00,111835.86,112282.79,111744.04,112039.78,0.20152,1759147199999,22555.2054591,84,0.16316,18260.129365,0.0
2025-09-29 12:00:00+00:00,112169.27,114250.5,111768.31,113557.25,4.6661,1759161599999,529431.799366,458,2.61753,296787.895952,0.0
2025-09-29 16:00:00+00:00,114039.04,114235.82,113535.0,114235.82,2.2701,1759175999999,258698.9362697,268,1.40392,160096.4300153,0.0
2025-09-29 20:00:00+00:00,114235.82,114349.99,113893.73,114332.5,0.42961,1759190399999,49068.84366,252,0.30853,35249.589961,0.0
2025-09-30 00:00:00+00:00,114349.97,115519.99,113917.04,114873.54,56.62424,1759204799999,6499160.2362357,1740,47.76833,5485152.642357,0.0
2025-09-30 04:00:00+00:00,114873.04,115519.99,113671.7,113671.7,4.88185,1759219199999,559550.7989103,418,2.84641,326720.1990837,0.0
2025-09-30 08:00:00+00:00,113775.5,113775.5,112747.16,113231.95,0.33683,1759233599999,38122.8937325,182,0.07975,9021.1891301,0.0
2025-09-30 12:00:00+00:00,113228.96,113690.98,112877.61,113294.99,1.10762,1759247999999,125774.3666257,89,1.03702,117797.6069446,0.0
2025-09-30 16:00:00+00:00,113294.98,114588.55,112684.53,114211.1,2.41604,1759262399999,274508.8816946,222,0.90589,102518.4948087,0.0
2025-09-30 20:00:00+00:00,114174.27,114797.47,113810.25,114149.05,0.5291,1759276799999,60461.2879616,122,0.19851,22738.4095236,0.0
2025-10-01 00:00:00+00:00,114149.04,114544.96,113500.0,113660.2,57.80035,1759291199999,6587661.3216423,1465,18.90582,2159307.1492672,0.0
2025-10-01 04:00:00+00:00,113661.17,114498.67,113543.38,114498.47,21.62795,1759305599999,2465184.6317409,740,9.9577,1137405.0872272,0.0
2025-10-01 08:00:00+00:00,114495.39,116666.66,114493.78,116375.51,2.18298,1759319999999,253079.07599,614,1.77784,206177.3119984,0.0
2025-10-01 12:00:00+00:00,116375.52,117477.87,116270.06,117134.51,2.08246,1759334399999,243863.6110849,385,1.718,201352.2545031,0.0
2025-10-01 16:00:00+00:00,117399.96,118000.0,116638.32,117400.0,3.10954,1759348799999,364690.438391,597,1.91149,224098.530447,0.0
2025-10-01 20:00:00+00:00,117474.32,118498.89,117012.55,118482.95,3.45997,1759363199999,407898.4664021,701,2.91933,344160.1597901,0.0
2025-10-02 00:00:00+00:00,118477.94,120000.0,118298.1,118831.27,55.5978,1759377599999,6617802.1808408,2536,44.94121,5351706.5243859,0.0
2025-10-02 04:00:00+00:00,118833.34,120000.0,118315.15,118469.64,45.18459,1759391999999,5377984.8678587,2246,33.48002,3988761.6059591,0.0
2025-10-02 08:00:00+00:00,118469.79,118881.99,118383.08,118815.97,0.15692,1759406399999,18614.3010674,120,0.05603,6651.0274802,0.0
2025-10-02 12:00:00+00:00,118815.98,119769.23,118481.52,119769.22,2.71506,1759420799999,324070.2607097,514,1.69599,202376.4993069,0.0
2025-10-02 16:00:00+00:00,119769.22,121000.0,119396.28,120868.83,8.11551,1759435199999,975284.5347591,1383,5.49025,660138.2577748,0.0
2025-10-02 20:00:00+00:00,120543.06,120866.99,120120.0,120559.88,1.51051,1759449599999,181863.8695966,463,1.10052,132572.3120795,0.0
2025-10-03 00:00:00+00:00,120559.85,120559.87,119816.36,120381.49,3.98631,1759463999999,479314.6852273,400,1.25034,150458.8457553,0.0
2025-10-03 04:00:00+00:00,120130.76,120358.98,119681.55,119681.55,1.16188,1759478399999,139473.4091916,170,0.23692,28444.8732342,0.0
2025-10-03 08:00:00+00:00,119953.15,120381.49,119320.59,120380.59,0.60371,1759492799999,72475.1005226,193,0.49387,59326.0509443,0.0
2025-10-03 12:00:00+00:00,120151.19,122021.43,120142.23,122021.43,4.75984,1759507199999,577143.3552158,776,4.38194,531492.7847607,0.0
2025-10-03 16:00:00+00:00,122021.43,123703.93,121550.01,122794.89,11.85476,1759521599999,1453408.1293806,2163,7.88438,967460.964905,0.0
2025-10-03 20:00:00+00:00,122511.29,122752.32,121973.27,122288.94,3.35616,1759535999999,410697.9034385,474,1.85151,226745.6605581,0.0
2025-10-04 00:00:00+00:00,122288.42,122421.12,121640.52,122281.04,0.82225,1759550399999,100283.1275359,321,0.59027,72030.4841416,0.0
2025-10-04 04:00:00+00:00,122279.59,122655.94,122046.09,122244.87,0.99556,1759564799999,121837.6257104,267,0.78026,95488.8450001,0.0
2025-10-04 08:00:00+00:00,122490.43,122490.43,121973.28,121978.72,0.11717,1759579199999,14332.6481212,84,0.07424,9089.1842739,0.0
2025-10-04 12:00:00+00:00,122217.37,122469.07,121509.06,122007.1,0.96379,1759593599999,117624.6416386,220,0.74363,90799.2330049,0.0
2025-10-04 16:00:00+00:00,122004.71,122004.71,121510.86,121975.59,0.30401,1759607999999,37016.1060391,123,0.16301,19870.1970612,0.0
2025-10-04 20:00:00+00:00,121963.59,122375.88,121763.73,122375.0,0.46636,1759622399999,56983.6879109,150,0.42512,51952.9575084,0.0
2025-10-05 00:00:00+00:00,122380.23,124303.33,122008.95,123802.27,4.47636,1759636799999,553134.8944929,1425,4.08121,504353.4588212,0.0
2025-10-05 04:00:00+00:00,123996.17,125493.63,123778.1,124905.99,7.89306,1759651199999,985335.6888153,1510,5.10081,637057.3038785,0.0
2025-10-05 08:00:00+00:00,124903.46,124903.46,122605.26,123452.8,1.03718,1759665599999,128302.8758165,491,0.51049,63333.8470414,0.0
2025-10-05 12:00:00+00:00,123451.8,123451.8,122703.25,123005.38,1.17869,1759679999999,145276.4247612,135,0.69315,85495.4179342,0.0
2025-10-05 16:00:00+00:00,122995.77,123467.1,122420.48,122665.06,2.38843,1759694399999,293244.500792,378,1.75338,215333.93661,0.0
2025-10-05 20:00:00+00:00,122534.19,123538.18,122509.49,123294.13,2.04587,1759708799999,251845.9771467,357,1.85431,228265.9609593,0.0
2025-10-06 00:00:00+00:00,123530.38,124245.28,123126.55,123725.69,1.19769,1759723199999,148175.0100938,362,0.77327,95710.7057727,0.0
2025-10-06 04:00:00+00:00,123963.63,124073.9,123268.72,123268.72,0.53031,1759737599999,65581.5480861,217,0.38098,47120.2172223,0.0
2025-10-06 08:00:00+00:00,123724.8,124380.01,123545.84,124294.54,0.33482,1759751999999,41578.162756,118,0.31074,38595.4492025,0.0
2025-10-06 12:00:00+00:00,124292.86,125263.59,124000.06,125201.61,3.38258,1759766399999,422315.5972489,551,2.00609,250562.5469141,0.0
2025-10-06 16:00:00+00:00,125197.45,125999.0,124701.35,125413.98,5.92646,1759780799999,744146.9479269,932,4.89887,615241.2659372,0.0
2025-10-06 20:00:00+00:00,125499.37,125499.37,124615.04,124797.86,3.70803,1759795199999,462878.4615048,618,2.4386,304368.4650286,0.0
2025-10-07 00:00:00+00:00,124620.35,125079.21,124184.43,124474.1,1.0476,1759809599999,130422.4363089,355,0.45056,56177.6114666,0.0
2025-10-07 04:00:00+00:00,124470.6,124747.86,123634.64,123982.51,3.64674,1759823999999,454058.4379009,545,3.33685,415665.173826,0.0
2025-10-07 08:00:00+00:00,123970.91,124609.94,123423.35,124077.38,0.65688,1759838399999,81380.7265477,194,0.46368,57506.6668776,0.0
2025-10-07 12:00:00+00:00,124581.43,124991.29,121272.71,121879.22,4.49606,1759852799999,551745.642822,711,1.09148,134016.1604012,0.0
2025-10-07 16:00:00+00:00,121895.39,122057.45,120663.78,121965.6,4.25286,1759867199999,516266.7916639,448,2.10144,255184.1954154,0.0
2025-10-07 20:00:00+00:00,121973.21,122350.62,121329.48,121329.51,0.962,1759881599999,117384.7555051,222,0.52602,64264.3101811,0.0
2025-10-08 00:00:00+00:00,121329.48,122283.2,121274.19,121733.12,10.73777,1759895999999,1311481.1976676,402,9.9092,1210631.3145632,0.0
2025-10-08 04:00:00+00:00,121730.86,121941.79,121132.18,121500.0,0.78502,1759910399999,95465.1839399,123,0.51469,62643.2784436,0.0
2025-10-08 08:00:00+00:00,121913.03,123225.49,121912.79,123217.67,0.48978,1759924799999,59984.3978327,145,0.35333,43278.3206093,0.0
2025-10-08 12:00:00+00:00,122768.07,123256.49,121760.0,122057.45,0.51046,1759939199999,62568.2300379,250,0.21801,26724.9028839,0.0
2025-10-08 16:00:00+00:00,122422.68,124126.6,122422.3,123165.91,1.00328,1759953599999,123934.1163009,306,0.64482,79742.9634673,0.0
2025-10-08 20:00:00+00:00,123741.98,123741.99,122796.32,123455.27,1.38032,1759967999999,170623.8530143,173,0.19518,24097.7467497,0.0
2025-10-09 00:00:00+00:00,123455.15,123455.15,121502.41,122145.4,1.05944,1759982399999,129443.9362253,315,0.17435,21351.3094367,0.0
2025-10-09 04:00:00+00:00,121724.86,122279.15,121724.86,122095.74,0.76207,1759996799999,93081.2775693,120,0.71653,87534.3051985,0.0
2025-10-09 08:00:00+00:00,122096.82,122884.97,121200.0,122432.01,1.21591,1760011199999,148132.6622395,252,0.51277,62690.703725,0.0
2025-10-09 12:00:00+00:00,122884.41,123677.67,120756.71,121260.42,2.90032,1760025599999,353288.4267343,490,0.52797,64646.33927,0.0
2025-10-09 16:00:00+00:00,121261.25,121473.33,119788.83,120665.92,3.30127,1760039999999,397664.7897494,529,0.9428,113715.8653312,0.0
2025-10-09 20:00:00+00:00,120668.77,121729.71,120668.77,121658.66,1.47526,1760054399999,179143.9000181,190,0.74287,90094.3227012,0.0
2025-10-10 00:00:00+00:00,121658.58,121873.13,120895.83,121128.56,0.48698,1760068799999,59183.5755019,226,0.31307,38051.1489573,0.0
2025-10-10 04:00:00+00:00,121471.35,121759.81,120888.27,120888.27,0.11935,1760083199999,14475.2475271,103,0.06001,7289.9451404,0.0
2025-10-10 08:00:00+00:00,120983.5,121704.92,120893.65,121369.23,0.19529,1760097599999,23693.1633617,70,0.11201,13611.1022803,0.0
2025-10-10 12:00:00+00:00,121652.39,122478.31,118700.0,119285.05,3.78768,1760111999999,455213.7441056,721,1.01534,123520.5227803,0.0
2025-10-10 16:00:00+00:00,119280.07,119526.91,116075.78,117499.98,5.8008,1760126399999,681137.233316,1015,1.86769,219224.0721528,0.0
2025-10-10 20:00:00+00:00,117354.93,118589.0,110621.07,113189.88,21.35594,1760140799999,2424576.4630267,3327,6.33705,719843.5175355,0.0
2025-10-11 00:00:00+00:00,113189.97,113423.82,110500.0,111936.14,52.36092,1760155199999,5853264.7821766,1765,10.14986,1140607.8596523,0.0
2025-10-11 04:00:00+00:00,112178.17,112682.43,109500.0,110071.12,44.37458,1760169599999,4953509.5981725,1301,10.27707,1152464.1971827,0.0
2025-10-11 08:00:00+00:00,110183.09,112309.13,109278.0,112293.64,16.55137,1760183999999,1827981.0891479,643,4.06846,451259.0353984,0.0
2025-10-11 12:00:00+00:00,112278.29,112412.88,111622.15,112185.75,1.72145,1760198399999,193146.7381552,249,1.32032,148187.5935731,0.0
2025-10-11 16:00:00+00:00,112178.85,112178.85,110916.74,111307.39,1.82399,1760212799999,203529.9588351,381,1.10974,123987.3391027,0.0
2025-10-11 20:00:00+00:00,111307.39,111515.85,109597.65,110519.44,4.67175,1760227199999,516540.731275,385,1.20255,133014.6494582,0.0
2025-10-12 00:00:00+00:00,110519.52,111293.25,109597.64,110519.36,2.11395,1760241599999,232883.3605871,429,1.04181,114969.0911992,0.0
2025-10-12 04:00:00+00:00,110988.11,112075.52,110520.19,111347.94,1.046,1760255999999,116889.2296483,254,0.82473,92248.3750484,0.0
2025-10-12 08:00:00+00:00,111321.72,112076.46,111190.13,112072.88,0.39774,1760270399999,44445.3054896,182,0.29214,32669.3339408,0.0
2025-10-12 12:00:00+00:00,112072.7,113684.95,111190.15,113316.24,4.95568,1760284799999,557806.4901991,487,3.32797,374996.7952373,0.0
2025-10-12 16:00:00+00:00,113316.08,114663.12,113316.08,113990.7,3.13642,1760299199999,357367.8583141,446,2.14232,244301.3812846,0.0
2025-10-12 20:00:00+00:00,114426.63,115685.35,113992.93,115252.21,2.11634,1760313599999,243668.1301044,421,1.55343,178968.658583,0.0
2025-10-13 00:00:00+00:00,114910.0,115876.47,114705.19,114705.19,2.21841,1760327999999,255186.1665606,311,0.2745,31703.960025,0.0
2025-10-13 04:00:00+00:00,115056.65,115582.88,114427.79,115429.07,0.89493,1760342399999,102940.4427598,157,0.59778,68893.9765934,0.0
2025-10-13 08:00:00+00:00,115421.84,115559.37,113843.34,114376.31,0.50684,1760356799999,58091.1080253,221,0.29288,33558.9994265,0.0
2025-10-13 12:00:00+00:00,114375.89,115486.24,113866.01,114664.21,6.15011,1760371199999,706461.4851823,534,5.70736,655777.5398193,0.0
2025-10-13 16:00:00+00:00,114178.97,115804.89,114178.97,115804.88,0.7962,1760385599999,91420.9550946,283,0.39405,45389.8619921,0.0
2025-10-13 20:00:00+00:00,115804.66,115851.85,115061.42,115290.6,0.42992,1760399999999,49683.0442262,244,0.28199,32606.2244454,0.0
2025-10-14 00:00:00+00:00,115285.38,115300.0,113246.01,113324.49,1.8847,1760414399999,214467.8357744,422,0.65446,74545.9226306,0.0
2025-10-14 04:00:00+00:00,113596.85,113641.65,111414.81,111884.95,3.78824,1760428799999,426604.0770349,567,1.50924,169739.1394248,0.0
2025-10-14 08:00:00+00:00,111416.19,112175.29,110125.0,111240.16,1.34291,1760443199999,149251.3257136,316,0.44748,49766.6753171,0.0
2025-10-14 12:00:00+00:00,111240.26,112820.68,109843.95,112820.68,3.00482,1760457599999,332830.6688186,466,1.02173,113879.9665913,0.0
2025-10-14 16:00:00+00:00,112837.13,113428.15,111735.6,112386.38,0.91925,1760471999999,103672.1388648,405,0.52814,59635.1981903,0.0
2025-10-14 20:00:00+00:00,112388.91,113500.0,112309.14,113055.15,0.81524,1760486399999,92125.5592921,256,0.58706,66382.9885789,0.0
2025-10-15 00:00:00+00:00,113355.98,114174.16,111936.14,112545.16,14.04414,1760500799999,1587320.6740219,1050,11.89495,1344989.3014183,0.0
2025-10-15 04:00:00+00:00,112637.54,114144.37,112000.05,113055.15,6.54821,1760515199999,738503.100958,797,5.09429,575169.431447,0.0
2025-10-15 08:00:00+00:00,113054.53,115000.0,111960.0,111960.41,7.8321,1760529599999,885446.1826011,1646,5.02739,569312.987282,0.0
2025-10-15 12:00:00+00:00,112429.01,112920.57,110720.32,111187.47,9.06462,1760543999999,1013221.8723023,1169,5.54406,620734.1151576,0.0
2025-10-15 16:00:00+00:00,111186.9,112199.49,110192.0,111936.11,9.04318,1760558399999,1006339.4090132,664,7.46166,831103.6922136,0.0
2025-10-15 20:00:00+00:00,111931.75,112547.76,110706.12,111188.73,10.0323,1760572799999,1116842.8347635,905,8.22733,916566.8227821,0.0
2025-10-16 00:00:00+00:00,111188.68,111849.93,110373.0,111127.96,195.54638,1760587199999,21749161.7529482,1149,86.9668,9693130.8000535,0.0
2025-10-16 04:00:00+00:00,111128.04,111701.62,110626.66,110626.66,22.8246,1760601599999,2535831.961537,486,2.43765,271230.4730186,0.0
2025-10-16 08:00:00+00:00,110932.52,111578.85,109687.6,111234.56,2.21624,1760615999999,244958.5850195,356,0.91442,101526.2233214,0.0
2025-10-16 12:00:00+00:00,111449.26,111935.62,108421.01,108806.15,3.61261,1760630399999,395933.8627017,621,1.15143,126670.274945,0.0
2025-10-16 16:00:00+00:00,108805.25,109250.35,107659.69,108574.68,6.79758,1760644799999,735315.6990049,646,1.48901,161452.3229289,0.0
2025-10-16 20:00:00+00:00,108505.65,108572.59,107518.4,107998.02,4.14254,1760659199999,447188.3781691,293,1.52696,165070.6680791,0.0
2025-10-17 00:00:00+00:00,108288.43,109167.93,107911.15,109102.74,1.85708,1760673599999,202006.0627856,291,1.06876,116334.3203846,0.0
2025-10-17 04:00:00+00:00,109123.45,109215.88,105623.0,105623.0,5.46376,1760687999999,584650.3192904,584,0.27954,30145.7628738,0.0
2025-10-17 08:00:00+00:00,105623.0,106651.28,103800.0,105573.0,5.61917,1760702399999,589373.2869692,784,0.69385,73053.4829799,0.0
2025-10-17 12:00:00+00:00,105849.1,106734.82,104678.08,106734.82,8.04483,1760716799999,849110.8917579,512,5.19141,548042.9496096,0.0
2025-10-17 16:00:00+00:00,106745.38,107486.53,106108.76,106622.99,2.30279,1760731199999,245947.5989929,345,1.5578,166557.5771198,0.0
2025-10-17 20:00:00+00:00,106620.04,107458.91,106330.68,106721.75,1.11694,1760745599999,119520.207791,226,0.87026,93133.7325118,0.0
2025-10-18 00:00:00+00:00,106715.43,107312.48,106368.11,106870.41,0.28487,1760759999999,30438.2592542,204,0.18468,19729.6757053,0.0
2025-10-18 04:00:00+00:00,106877.63,107385.82,106440.02,106520.04,0.67683,1760774399999,72461.8084303,127,0.485,51957.3150128,0.0
2025-10-18 08:00:00+00:00,107056.89,107087.08,106581.0,107087.08,0.14859,1760788799999,15880.7144866,68,0.10145,10849.9388276,0.0
2025-10-18 12:00:00+00:00,107225.43,107336.41,106758.0,107102.51,1.47957,1760803199999,158612.0645984,138,1.42036,152281.361954,0.0
2025-10-18 16:00:00+00:00,107100.69,107100.69,106501.2,106950.0,1.69071,1760817599999,180641.268923,194,0.57464,61425.0041952,0.0
2025-10-18 20:00:00+00:00,106847.39,107309.95,106753.93,106959.99,0.51567,1760831999999,55286.1675807,208,0.43229,46353.8469798,0.0
2025-10-19 00:00:00+00:00,107207.1,107234.09,106714.08,107229.99,1.20966,1760846399999,129411.7670043,220,0.79956,85554.8079547,0.0
2025-10-19 04:00:00+00:00,107233.77,107332.98,106620.0,106915.34,1.02421,1760860799999,109495.1410523,120,0.16266,17438.0346484,0.0
2025-10-19 08:00:00+00:00,106914.09,108206.08,106108.0,107598.76,2.61617,1760875199999,279399.1088717,372,0.75583,81217.0713017,0.0
2025-10-19 12:00:00+00:00,107787.21,108579.06,107386.67,108568.16,0.32439,1760889599999,35015.2619929,228,0.17161,18555.6406749,0.0
2025-10-19 16:00:00+00:00,108566.68,109412.23,108258.8,108753.47,1.88048,1760903999999,205109.7448099,264,1.58464,172946.1670515,0.0
2025-10-19 20:00:00+00:00,109155.2,109311.31,108452.65,108455.55,0.74312,1760918399999,80869.8562888,179,0.39291,42825.4988057,0.0
2025-10-20 00:00:00+00:00,108820.95,110342.37,107466.61,110339.24,2.26491,1760932799999,246439.2691897,542,0.93027,101429.5032753,0.0
2025-10-20 04:00:00+00:00,110335.03,111296.28,110000.03,111096.13,0.70789,1760947199999,78380.8751852,312,0.51321,56892.8491881,0.0
2025-10-20 08:00:00+00:00,111286.41,111514.87,110626.66,110652.89,0.27067,1760961599999,30046.5352833,91,0.15142,16826.2661853,0.0
2025-10-20 12:00:00+00:00,111010.17,111631.1,110626.67,111117.08,2.6783,1760975999999,297454.8377772,337,1.15048,127897.2120807,0.0
2025-10-20 16:00:00+00:00,111117.09,111320.36,109806.85,110932.24,2.0485,1760990399999,226861.3287831,443,0.82004,90838.6443958,0.0
2025-10-20 20:00:00+00:00,110928.9,111234.53,110444.12,110519.56,2.44061,1761004799999,270828.0196313,209,0.62729,69702.9807992,0.0
2025-10-21 00:00:00+00:00,110475.46,110784.68,109141.39,109141.39,0.62892,1761019199999,69072.3829794,324,0.17708,19434.4381352,0.0
2025-10-21 04:00:00+00:00,109117.46,109304.63,107519.26,108203.54,2.13337,1761033599999,229980.4100821,284,0.51288,55376.8027559,0.0
2025-10-21 08:00:00+00:00,107835.89,108780.55,107519.06,108659.77,0.16918,1761047999999,18292.3525652,112,0.11307,12234.8549631,0.0
2025-10-21 12:00:00+00:00,108658.57,113494.63,108000.0,113426.55,3.1797,1761062399999,351987.3635416,812,2.14229,237779.8096851,0.0
2025-10-21 16:00:00+00:00,113473.03,113893.72,111375.43,111998.85,2.42079,1761076799999,273569.5457778,422,1.57232,178201.6739595,0.0
2025-10-21 20:00:00+00:00,111643.37,111993.14,108130.0,108594.71,2.94802,1761091199999,321003.6753863,547,0.84767,92287.3091105,0.0
2025-10-22 00:00:00+00:00,108329.95,108780.54,107770.34,108342.66,30.63774,1761105599999,3323292.8913747,724,27.91874,3029278.4302634,0.0
2025-10-22 04:00:00+00:00,108342.66,108780.56,107689.83,108763.36,25.11689,1761119999999,2724581.9247387,669,22.05353,2393590.4519377,0.0
2025-10-22 08:00:00+00:00,108708.26,108708.31,107072.1,108151.34,23.09837,1761134399999,2504857.0282341,741,21.1067,2289713.3396912,0.0
2025-10-22 12:00:00+00:00,108150.4,109631.42,107578.98,108714.26,14.94595,1761148799999,1623369.8822869,812,11.77821,1279689.0191991,0.0
2025-10-22 16:00:00+00:00,108714.22,108943.98,107519.06,107701.51,7.97219,1761163199999,865184.1176973,404,6.15785,668958.2828508,0.0
2025-10-22 20:00:00+00:00,107702.98,108205.21,106745.4,107586.53,3.84677,1761177599999,412743.378669,294,1.83074,196433.8388359,0.0
2025-10-23 00:00:00+00:00,107586.56,108645.07,107486.95,108285.49,78.0192,1761191999999,8421517.132875,1066,4.55488,493346.6132207,0.0
2025-10-23 04:00:00+00:00,108281.58,110183.09,107857.31,109529.19,16.61192,1761206399999,1800278.6456836,612,2.73738,297899.1237125,0.0
2025-10-23 08:00:00+00:00,109144.24,109924.6,109080.51,109080.51,0.42018,1761220799999,46037.366972,153,0.31737,34785.6590462,0.0
2025-10-23 12:00:00+00:00,109454.36,110036.25,108716.1,109668.85,0.67894,1761235199999,74224.2938348,342,0.4545,49727.103006,0.0
2025-10-23 16:00:00+00:00,109999.93,111266.46,109698.14,110200.0,2.50798,1761249599999,277181.4776643,390,1.06375,117297.6891694,0.0
2025-10-23 20:00:00+00:00,110351.69,110351.69,109360.0,110070.09,0.48,1761263999999,52695.8677677,225,0.29323,32195.2663361,0.0
2025-10-24 00:00:00+00:00,110069.99,110756.79,110013.03,110615.57,0.30521,1761278399999,33686.3932009,244,0.22443,24782.0823017,0.0
2025-10-24 04:00:00+00:00,110613.16,111400.0,110283.16,110668.73,3.81529,1761292799999,423719.9891792,240,2.93005,325647.8685837,0.0
2025-10-24 08:00:00+00:00,110715.02,111399.34,110476.38,111026.21,0.48156,1761307199999,53354.6776616,113,0.0936,10394.0770269,0.0
2025-10-24 12:00:00+00:00,110659.63,111935.97,109698.11,109922.83,0.72721,1761321599999,80385.2397839,321,0.26967,29818.0714562,0.0
2025-10-24 16:00:00+00:00,110277.17,110887.47,109734.72,110859.5,0.5535,1761335999999,61129.1738779,219,0.36697,40529.8318276,0.0
2025-10-24 20:00:00+00:00,110851.23,111036.19,110469.73,111030.0,0.80474,1761350399999,89130.8436492,216,0.65858,72942.6361731,0.0
2025-10-25 00:00:00+00:00,110942.07,111089.09,110500.8,111084.22,0.54052,1761364799999,59920.9909265,246,0.07312,8114.897859,0.0
2025-10-25 04:00:00+00:00,111079.29,111642.19,110907.07,111411.72,0.42776,1761379199999,47617.8076175,146,0.19674,21914.8003353,0.0
2025-10-25 08:00:00+00:00,111643.65,111714.29,111250.03,111344.38,0.06213,1761393599999,6926.3267014,72,0.03136,3499.4365182,0.0
2025-10-25 12:00:00+00:00,111346.17,111882.18,111251.56,111637.92,0.15314,1761407999999,17101.4146172,169,0.07681,8587.5655771,0.0
2025-10-25 16:00:00+00:00,111252.96,111877.33,111133.49,111666.34,0.37246,1761422399999,41502.4513756,134,0.32967,36741.7869037,0.0
2025-10-25 20:00:00+00:00,111667.44,111692.35,111205.39,111683.45,0.06799,1761436799999,7581.7261099,135,0.05369,5989.2484751,0.0
2025-10-26 00:00:00+00:00,111370.5,111880.67,111190.14,111190.14,0.30116,1761451199999,33560.6610313,197,0.13167,14712.3049228,0.0
2025-10-26 04:00:00+00:00,111190.13,111704.67,111190.13,111529.83,0.16872,1761465599999,18792.951578,78,0.14376,16015.7466625,0.0
2025-10-26 08:00:00+00:00,111696.35,113375.44,111565.1,113049.31,0.73274,1761479999999,82375.4140189,241,0.65136,73227.5104707,0.0
2025-10-26 12:00:00+00:00,113261.54,113893.73,113120.52,113699.67,0.55651,1761494399999,63225.1664475,249,0.36227,41180.5944074,0.0
2025-10-26 16:00:00+00:00,113699.67,113738.23,113137.56,113459.26,0.71629,1761508799999,81382.8382689,160,0.63168,71784.2347586,0.0
2025-10-26 20:00:00+00:00,113462.18,115281.19,112952.39,114687.19,2.50256,1761523199999,286641.4550358,469,2.00638,229942.0264154,0.0
2025-10-27 00:00:00+00:00,114686.07,115447.51,114686.07,115122.6,0.90455,1761537599999,104103.7221672,321,0.734,84501.6095643,0.0
2025-10-27 04:00:00+00:00,115116.78,116266.27,114839.76,115609.59,1.60288,1761551999999,185515.275073,259,1.46799,169913.6061793,0.0
2025-10-27 08:00:00+00:00,115664.55,115664.55,114797.48,115529.65,0.50307,1761566399999,57956.4742289,132,0.1623,18731.4921586,0.0
2025-10-27 12:00:00+00:00,115412.6,115527.15,114547.19,115023.55,1.06785,1761580799999,122690.855613,211,0.55885,64311.4910694,0.0
2025-10-27 16:00:00+00:00,114813.61,115784.49,114810.19,115075.47,0.74867,1761595199999,86467.5181938,226,0.49686,57428.3878221,0.0
2025-10-27 20:00:00+00:00,114810.25,115071.37,113876.19,114210.0,0.73815,1761609599999,84366.6522015,260,0.24226,27717.8743921,0.0
2025-10-28 00:00:00+00:00,113923.68,114544.99,113642.05,114055.11,1.05889,1761623999999,120919.8611273,301,0.72214,82507.5482901,0.0
2025-10-28 04:00:00+00:00,114054.07,114260.86,113544.46,114075.7,0.20856,1761638399999,23779.3457662,149,0.1818,20735.5447839,0.0
2025-10-28 08:00:00+00:00,114260.95,114585.0,114010.75,114568.32,0.18409,1761652799999,21071.5420533,97,0.09761,11177.9728131,0.0
2025-10-28 12:00:00+00:00,114559.98,116000.0,114090.58,114822.9,3.68395,1761667199999,423491.8294323,442,2.29121,263833.9745007,0.0
2025-10-28 16:00:00+00:00,114810.64,115584.12,113588.32,113588.34,0.76614,1761681599999,87755.3438727,290,0.45861,52563.7422765,0.0
2025-10-28 20:00:00+00:00,113722.87,113722.87,112251.72,112858.98,2.08663,1761695999999,235892.5278603,413,1.00499,113430.8346213,0.0
2025-10-29 00:00:00+00:00,112858.99,113090.77,112018.1,112606.76,1.20831,1761710399999,135793.496323,273,0.43796,49381.3350319,0.0
2025-10-29 04:00:00+00:00,112607.69,113447.07,112524.47,113447.07,0.45775,1761724799999,51809.0528387,180,0.4399,49793.1110355,0.0
2025-10-29 08:00:00+00:00,113447.07,113539.57,112826.53,112899.7,0.12264,1761739199999,13863.9731075,97,0.04224,4780.8261786,0.0
2025-10-29 12:00:00+00:00,113241.67,113616.07,111400.0,111599.45,2.18905,1761753599999,245279.4503333,374,0.32862,37014.1506885,0.0
2025-10-29 16:00:00+00:00,111400.23,111892.87,109357.82,110813.98,8.06329,1761767999999,891946.8485578,644,3.11976,343986.3941213,0.0
2025-10-29 20:00:00+00:00,110813.85,111783.94,109756.55,110145.05,0.61884,1761782399999,68628.6724353,325,0.30208,33530.3976799,0.0
2025-10-30 00:00:00+00:00,110143.82,111000.0,109751.92,110575.97,0.5081,1761796799999,56133.7689753,280,0.24667,27258.9051832,0.0
2025-10-30 04:00:00+00:00,110937.01,111544.84,108030.97,111321.41,1.79404,1761811199999,195820.2562269,565,0.4507,49413.7248953,0.0
2025-10-30 08:00:00+00:00,111358.5,111358.53,109867.35,109983.76,0.221,1761825599999,24434.3203193,129,0.04644,5136.5437756,0.0
2025-10-30 12:00:00+00:00,110090.6,110090.6,107400.85,107749.59,2.98882,1761839999999,322649.6315283,562,0.63873,69228.6492645,0.0
2025-10-30 16:00:00+00:00,107503.16,108223.41,106451.01,106737.91,3.62696,1761854399999,388993.4111158,446,0.71767,76981.8561438,0.0
2025-10-30 20:00:00+00:00,106737.45,108333.28,106306.83,108301.73,1.74233,1761868799999,186305.2848315,375,0.5347,57547.2995352,0.0
2025-10-31 00:00:00+00:00,108333.27,109985.94,108297.24,108989.28,0.91469,1761883199999,99878.417726,413,0.50916,55607.6747419,0.0
2025-10-31 04:00:00+00:00,109197.26,110182.35,109197.26,109311.64,0.23941,1761897599999,26252.5983466,167,0.1411,15480.5348802,0.0
2025-10-31 08:00:00+00:00,109667.93,110444.12,109311.33,110444.12,0.34895,1761911999999,38368.5016211,158,0.25436,27988.0699582,0.0
2025-10-31 12:00:00+00:00,110443.9,111113.46,109433.66,110183.11,0.84638,1761926399999,93322.8558555,317,0.49951,55110.7921223,0.0
2025-10-31 16:00:00+00:00,110183.1,110280.35,108609.42,109986.48,2.13173,1761940799999,234083.8329402,304,0.35475,38883.7398707,0.0
2025-10-31 20:00:00+00:00,110014.72,110014.72,109330.42,109740.02,0.31401,1761955199999,34420.5526371,168,0.17247,18921.6171523,0.0
2025-11-01 00:00:00+00:00,109739.4,110193.84,109368.37,109913.37,0.44316,1761969599999,48665.0503836,214,0.3541,38888.502089,0.0
2025-11-01 04:00:00+00:00,109923.44,110511.48,109923.44,109951.23,0.11897,1761983999999,13116.8733581,111,0.1042,11491.3476498,0.0
2025-11-01 08:00:00+00:00,110235.62,110376.86,109857.93,110227.74,0.06113,1761998399999,6730.9119487,61,0.03309,3647.6126782,0.0
2025-11-01 12:00:00+00:00,110219.11,110305.4,109734.79,110221.57,0.89731,1762012799999,98636.714691,216,0.32459,35777.540625,0.0
2025-11-01 16:00:00+00:00,110008.52,110571.05,110008.49,110327.77,0.55142,1762027199999,60771.9573484,178,0.25102,27719.1541928,0.0
2025-11-01 20:00:00+00:00,110325.6,110484.49,109876.62,110000.17,0.50883,1762041599999,56077.8476217,179,0.35186,38789.0819542,0.0
2025-11-02 00:00:00+00:00,110180.35,110225.9,109857.69,109875.83,0.14456,1762055999999,15906.3754776,166,0.09599,10568.8884852,0.0
2025-11-02 04:00:00+00:00,110093.3,110996.79,109880.92,110995.64,0.19459,1762070399999,21510.2676892,139,0.13693,15145.5167296,0.0
2025-11-02 08:00:00+00:00,110995.15,111222.67,110282.56,111222.67,0.26953,1762084799999,29904.8796112,186,0.23817,26438.9687889,0.0
2025-11-02 12:00:00+00:00,111222.36,111234.51,110183.1,110183.1,0.13978,1762099199999,15428.7384272,170,0.03568,3947.900738,0.0
2025-11-02 16:00:00+00:00,110198.25,110422.0,109748.18,110236.59,0.15648,1762113599999,17221.8605775,130,0.0719,7923.8048932,0.0
2025-11-02 20:00:00+00:00,109903.25,110675.77,109500.0,110675.77,0.4338,1762127999999,47625.1104886,168,0.14252,15692.5561295,0.0
2025-11-03 00:00:00+00:00,110719.97,110750.32,107991.3,108219.71,1.94814,1762142399999,212295.8282447,425,1.06865,116574.2401071,0.0
2025-11-03 04:00:00+00:00,107949.66,108209.77,107098.19,107472.43,0.8837,1762156799999,95062.5804199,258,0.33075,35615.9433184,0.0
2025-11-03 08:00:00+00:00,107472.49,107979.89,106845.2,107833.33,1.45284,1762171199999,156146.184445,207,1.07357,115468.8238645,0.0
2025-11-03 12:00:00+00:00,107931.27,108270.8,105721.52,105757.41,7.54478,1762185599999,805298.4791378,573,1.60262,172971.4368983,0.0
2025-11-03 16:00:00+00:00,105756.95,107699.9,105352.99,107385.2,3.26574,1762199999999,347237.84727,352,2.47941,263732.3031808,0.0
2025-11-03 20:00:00+00:00,107062.18,107364.28,105847.53,106350.88,7.06799,1762214399999,752518.7683246,340,3.35484,356850.543211,0.0
2025-11-04 00:00:00+00:00,106352.22,107278.39,105866.1,107178.8,0.95158,1762228799999,101500.3695528,311,0.63379,67663.7133443,0.0
2025-11-04 04:00:00+00:00,107254.42,107254.42,104244.54,104620.99,1.54755,1762243199999,162788.115862,394,0.20926,22006.1749633,0.0
2025-11-04 08:00:00+00:00,104611.61,104680.77,103649.88,104402.52,3.26115,1762257599999,339379.6321461,262,0.43333,45176.18931,0.0
2025-11-04 12:00:00+00:00,104669.61,104791.96,102989.7,103256.4,2.14347,1762271999999,222412.51076,407,0.97224,101193.3759376,0.0
2025-11-04 16:00:00+00:00,103527.18,103554.7,100000.02,100426.87,22.41475,1762286399999,2279604.2693266,964,10.31153,1049079.8148369,0.0
2025-11-04 20:00:00+00:00,100427.9,101800.35,99000.03,101752.18,8.23716,1762300799999,823761.6396952,787,5.18871,518328.3475281,0.0
2025-11-05 00:00:00+00:00,101380.85,102240.71,99000.0,102238.9,5.6323,1762315199999,563300.628041,527,3.36563,337213.8947022,0.0
2025-11-05 04:00:00+00:00,102238.64,102313.07,101532.81,102174.44,1.45591,1762329599999,148378.8449741,151,0.50802,51910.7978363,0.0
2025-11-05 08:00:00+00:00,102092.62,102133.6,101245.68,102114.79,0.45133,1762343999999,45897.0859698,123,0.25661,26124.8797017,0.0
2025-11-05 12:00:00+00:00,102114.35,103802.14,101794.47,103486.18,6.45322,1762358399999,664595.2536924,372,4.54167,467158.4481254,0.0
2025-11-05 16:00:00+00:00,103802.05,104476.05,103088.5,104013.58,2.7473,1762372799999,285790.3375909,317,0.69005,71786.465652,0.0
2025-11-05 20:00:00+00:00,104060.37,104500.0,103262.82,104097.61,1.0127,1762387199999,105209.6822831,253,0.62523,65047.1287875,0.0
2025-11-06 00:00:00+00:00,103816.47,104096.36,102732.44,103857.95,0.87032,1762401599999,89907.8337102,273,0.26749,27685.6707192,0.0
2025-11-06 04:00:00+00:00,103831.03,104126.07,102981.97,103303.21,3.68011,1762415999999,381632.6544864,209,3.39184,351845.7664502,0.0
2025-11-06 08:00:00+00:00,103297.45,103454.49,102692.93,103270.0,0.21082,1762430399999,21716.7043176,108,0.13163,13573.4935801,0.0
2025-11-06 12:00:00+00:00,103324.76,103582.53,101578.78,102050.0,3.43531,1762444799999,352610.3866738,403,2.06455,212532.5336885,0.0
2025-11-06 16:00:00+00:00,102050.0,102363.85,100380.68,101510.91,2.38983,1762459199999,242113.8955429,451,0.91915,93167.1286965,0.0
2025-11-06 20:00:00+00:00,101672.28,101672.28,100511.85,101449.54,1.53527,1762473599999,154691.0677042,227,0.78774,79400.0764437,0.0
2025-11-07 00:00:00+00:00,101444.75,102344.33,100727.55,101918.96,1.08457,1762487999999,109985.4522467,442,0.56061,56945.9347851,0.0
2025-11-07 04:00:00+00:00,101885.43,102464.22,101525.18,102088.44,1.11714,1762502399999,113703.0024573,336,0.30743,31334.3312007,0.0
2025-11-07 08:00:00+00:00,102082.24,102082.24,99809.76,100574.91,1.31289,1762516799999,131777.0597455,817,0.34074,34236.8174253,0.0
2025-11-07 12:00:00+00:00,100570.63,101156.46,99301.26,101142.82,6.10123,1762531199999,610880.4285838,420,5.03362,504101.5297235,0.0
2025-11-07 16:00:00+00:00,100831.84,103344.84,100592.28,103344.84,3.55382,1762545599999,363119.6045891,361,2.3845,243692.3269665,0.0
2025-11-07 20:00:00+00:00,103115.99,104037.99,102915.68,103700.0,0.86934,1762559999999,90041.0224483,264,0.47311,49059.8958377,0.0
2025-11-08 00:00:00+00:00,103364.1,103595.71,102618.04,102618.11,1.15654,1762574399999,119190.7589802,229,0.68213,70359.2700329,0.0
2025-11-08 04:00:00+00:00,102963.4,102963.4,101939.8,102398.17,0.80146,1762588799999,82207.5937734,134,0.48614,49941.443492,0.0
2025-11-08 08:00:00+00:00,102095.34,102640.47,101757.24,102168.71,0.24361,1762603199999,24935.9301207,82,0.13419,13764.8902314,0.0
2025-11-08 12:00:00+00:00,102166.03,102255.18,101512.3,101858.6,0.61297,1762617599999,62442.4357814,183,0.21405,21834.4433273,0.0
2025-11-08 16:00:00+00:00,101857.72,102245.64,101548.12,102163.82,0.74148,1762631999999,75557.4931767,117,0.42854,43710.2622336,0.0
2025-11-08 20:00:00+00:00,102160.52,102494.56,101822.78,102473.99,0.32788,1762646399999,33520.3088061,200,0.25177,25745.7059628,0.0
2025-11-09 00:00:00+00:00,102472.89,102472.89,101419.94,101769.55,0.61906,1762660799999,63070.4971824,239,0.16577,16925.1319184,0.0
2025-11-09 04:00:00+00:00,101501.07,102115.74,101501.07,101750.0,0.28252,1762675199999,28777.0493638,131,0.16462,16771.4131389,0.0
2025-11-09 08:00:00+00:00,102010.36,102335.37,101526.28,102322.17,0.36343,1762689599999,37123.2257797,84,0.33667,34402.5921026,0.0
2025-11-09 12:00:00+00:00,102340.54,104102.52,101935.31,103812.12,0.6748,1762703999999,69632.7236486,299,0.36454,37609.9160971,0.0
2025-11-09 16:00:00+00:00,103681.16,104760.54,103350.13,104760.54,1.50326,1762718399999,156536.6247388,267,0.90277,94048.3570043,0.0
2025-11-09 20:00:00+00:00,104760.54,105499.99,104126.44,104904.38,1.4205,1762732799999,149087.971064,270,0.96185,101130.9862211,0.0
2025-11-10 00:00:00+00:00,104900.18,106633.78,104371.8,106182.88,4.00395,1762747199999,424766.9628837,492,2.57758,273529.212274,0.0
2025-11-10 04:00:00+00:00,105901.77,106603.55,105809.87,106339.6,2.95053,1762761599999,313506.8350983,270,2.7511,292343.5061409,0.0
2025-11-10 08:00:00+00:00,106599.52,106632.09,105866.98,106301.75,0.22353,1762775999999,23740.528636,120,0.11175,11883.0943576,0.0
2025-11-10 12:00:00+00:00,106336.41,106594.39,104606.94,104719.04,2.75719,1762790399999,290586.3630876,377,0.66653,70340.8588809,0.0
2025-11-10 16:00:00+00:00,105101.63,106108.68,104776.82,105968.07,1.98401,1762804799999,209729.1641792,198,0.36712,38757.2793235,0.0
2025-11-10 20:00:00+00:00,106024.85,106291.76,105311.0,106194.85,0.39963,1762819199999,42269.0173978,222,0.22463,23771.4663237,0.0
2025-11-11 00:00:00+00:00,105934.44,107428.72,105596.29,106512.08,1.63036,1762833599999,173645.9242931,435,0.83868,89368.8223655,0.0
2025-11-11 04:00:00+00:00,106636.92,106636.92,104811.33,105106.29,0.51929,1762847999999,54740.839712,223,0.11758,12392.674626,0.0
2025-11-11 08:00:00+00:00,104760.69,105475.34,104760.69,105201.12,0.28136,1762862399999,29593.1900042,69,0.18926,19908.0495175,0.0
2025-11-11 12:00:00+00:00,105462.36,105475.86,103250.0,103648.0,1.87483,1762876799999,195249.8752585,355,0.30093,31342.4541616,0.0
2025-11-11 16:00:00+00:00,103460.39,103728.87,102926.52,103204.48,2.101,1762891199999,216799.3220779,262,0.26288,27234.3549176,0.0
2025-11-11 20:00:00+00:00,103416.69,103416.69,102500.04,103208.79,1.34714,1762905599999,138740.5136944,281,0.79621,82074.476761,0.0
2025-11-12 00:00:00+00:00,103204.83,103456.65,102864.74,103438.1,0.36386,1762919999999,37561.1817064,203,0.21219,21918.1612217,0.0
2025-11-12 04:00:00+00:00,103434.49,103610.87,103053.04,103225.0,0.68016,1762934399999,70278.8273269,115,0.08684,8991.2573902,0.0
2025-11-12 08:00:00+00:00,103390.25,105176.61,103118.99,105036.35,0.73752,1762948799999,76777.2005065,166,0.65729,68433.5842121,0.0
2025-11-12 12:00:00+00:00,105075.42,105311.48,102000.0,102349.83,1.28493,1762963199999,132968.5907408,344,0.45871,47594.92387,0.0
2025-11-12 16:00:00+00:00,102348.06,102348.06,100850.0,101475.6,1.77094,1762977599999,180193.1444016,319,0.99555,101467.4135971,0.0
2025-11-12 20:00:00+00:00,101468.53,102005.88,101119.15,101783.24,0.40088,1762991999999,40746.1865689,148,0.25939,26387.3586495,0.0
2025-11-13 00:00:00+00:00,101680.01,102571.33,101010.95,102255.67,1.10165,1763006399999,112258.0886762,315,0.42343,43183.1068037,0.0
2025-11-13 04:00:00+00:00,102155.25,104022.2,101757.22,103322.7,1.46077,1763020799999,150101.6490508,336,1.16421,119655.6966774,0.0
2025-11-13 08:00:00+00:00,103570.46,103813.87,102571.53,103141.75,0.56428,1763035199999,58163.5925138,126,0.25243,26060.8684047,0.0
2025-11-13 12:00:00+00:00,103140.9,103362.87,101262.26,101262.26,1.80339,1763049599999,184597.3066179,350,0.58453,59996.9183912,0.0
2025-11-13 16:00:00+00:00,101507.12,101508.57,98250.0,98768.47,13.72511,1763063999999,1362895.7122897,937,3.4617,344624.2731149,0.0
2025-11-13 20:00:00+00:00,98929.33,100546.95,98066.09,99943.75,2.88949,1763078399999,285757.7254762,466,1.87787,185714.7096044,0.0
2025-11-14 00:00:00+00:00,99943.16,99943.16,98758.69,99164.86,1.89747,1763092799999,188362.1691439,305,0.5499,54734.4810507,0.0
2025-11-14 04:00:00+00:00,99164.68,99274.05,96064.55,97305.48,7.31339,1763107199999,711244.4291733,741,3.67762,357650.1067854,0.0
2025-11-14 08:00:00+00:00,97249.81,97580.28,95848.52,96237.91,1.17989,1763121599999,114243.3979783,243,0.58942,57122.9887773,0.0
2025-11-14 12:00:00+00:00,96095.38,97260.65,94647.07,96681.04,4.16386,1763135999999,398838.9484073,711,1.13075,108461.7841125,0.0
2025-11-14 16:00:00+00:00,97048.36,97428.43,94904.21,95522.16,7.20713,1763150399999,692849.3676057,528,2.45812,237630.535795,0.0
2025-11-14 20:00:00+00:00,95837.81,95938.98,94106.25,94740.41,3.35408,1763164799999,318144.3404079,488,2.33152,221340.6712505,0.0
2025-11-15 00:00:00+00:00,94395.35,96763.37,94395.35,96445.76,1.13298,1763179199999,108289.3346829,396,0.75745,72416.4886848,0.0
2025-11-15 04:00:00+00:00,96445.54,96568.32,95939.04,96365.21,0.90432,1763193599999,87106.5689524,189,0.65782,63407.1915563,0.0
2025-11-15 08:00:00+00:00,96082.16,96380.44,95673.09,95673.09,0.38346,1763207999999,36793.7088431,89,0.12818,12316.5379234,0.0
2025-11-15 12:00:00+00:00,95636.58,96512.94,95544.68,96439.13,0.80532,1763222399999,77455.4469827,267,0.24114,23196.2402927,0.0
2025-11-15 16:00:00+00:00,96437.16,96438.62,95698.32,96156.85,0.71786,1763236799999,68999.86812,243,0.36986,35601.4098655,0.0
2025-11-15 20:00:00+00:00,96156.3,96156.3,95200.0,95519.21,0.59911,1763251199999,57269.6616573,312,0.21763,20810.9080406,0.0
2025-11-16 00:00:00+00:00,95530.85,95983.28,94969.48,95903.38,0.85525,1763265599999,81599.5116465,272,0.27902,26650.450001,0.0
2025-11-16 04:00:00+00:00,95860.15,96185.96,95602.77,96173.57,0.32712,1763279999999,31399.2578307,154,0.17057,16374.9167927,0.0
2025-11-16 08:00:00+00:00,96186.21,96715.83,95630.64,95630.64,0.32047,1763294399999,30823.15138,152,0.15466,14897.6723073,0.0
2025-11-16 12:00:00+00:00,95799.98,96022.73,94499.44,94773.08,2.45769,1763308799999,234704.0342478,213,0.56745,54069.2781843,0.0
2025-11-16 16:00:00+00:00,94773.25,95529.47,93854.38,94288.16,2.53234,1763323199999,238698.5727934,402,1.82972,172478.2124984,0.0
2025-11-16 20:00:00+00:00,94276.89,94796.65,93000.01,94299.99,2.32302,1763337599999,217787.363717,500,0.84022,78962.573996,0.0
2025-11-17 00:00:00+00:00,94290.56,95530.43,93831.63,95217.82,1.22283,1763351999999,115934.8666122,403,0.9134,86590.9661595,0.0
2025-11-17 04:00:00+00:00,95526.44,95848.36,94878.4,95847.13,0.55144,1763366399999,52498.5112149,222,0.2972,28322.061619,0.0
2025-11-17 08:00:00+00:00,95839.01,95948.9,95276.95,95341.67,0.367,1763380799999,35113.6218946,181,0.19905,19055.2334253,0.0
2025-11-17 12:00:00+00:00,95680.56,95948.96,93582.41,94181.03,4.45298,1763395199999,421782.8220987,493,2.23844,212764.2578967,0.0
2025-11-17 16:00:00+00:00,94000.0,94373.92,91647.35,91933.46,8.44922,1763409599999,783193.9069115,612,4.05615,375670.4703364,0.0
2025-11-17 20:00:00+00:00,91933.41,92449.23,91325.11,92271.38,6.11726,1763423999999,562483.2299574,574,4.9188,452615.9190205,0.0
2025-11-18 00:00:00+00:00,92015.16,92345.5,89489.6,90876.36,15.55922,1763438399999,1408907.3441658,1078,4.34301,393909.5844977,0.0
2025-11-18 04:00:00+00:00,90597.97,90874.44,89365.82,90528.03,2.72329,1763452799999,245351.0495862,372,1.70385,153535.1460446,0.0
2025-11-18 08:00:00+00:00,90525.35,91587.13,90479.23,91327.5,0.90626,1763467199999,82670.9297729,198,0.49239,44914.062065,0.0
2025-11-18 12:00:00+00:00,91566.2,92999.99,90987.51,92979.78,2.43383,1763481599999,223477.3720991,385,1.41408,129959.6167594,0.0
2025-11-18 16:00:00+00:00,92949.71,93790.0,92555.25,93024.28,3.2087,1763495999999,300029.3442975,299,2.64808,247681.3752385,0.0
2025-11-18 20:00:00+00:00,93261.87,93455.08,92469.29,92944.17,3.68599,1763510399999,341840.7562898,254,1.37449,127778.9522493,0.0
2025-11-19 00:00:00+00:00,92730.02,92939.17,91726.03,91964.44,1.42814,1763524799999,131751.554176,301,0.63595,58812.1050588,0.0
2025-11-19 04:00:00+00:00,92102.12,92102.12,90000.03,91969.6,2.80311,1763539199999,254602.4724816,337,2.12674,193359.9363608,0.0
2025-11-19 08:00:00+00:00,91964.96,91964.96,91144.65,91582.09,0.3527,1763553599999,32294.405754,103,0.26342,24141.1002886,0.0
2025-11-19 12:00:00+00:00,91575.47,92360.9,89915.86,90147.98,1.10181,1763567999999,100667.4451442,326,0.42489,38924.2435995,0.0
2025-11-19 16:00:00+00:00,90148.31,90362.3,88677.12,88840.51,6.30572,1763582399999,562651.3707549,422,1.47161,131952.617627,0.0
2025-11-19 20:00:00+00:00,88840.67,91524.86,88622.68,91240.41,4.84268,1763596799999,437337.0895166,403,3.98081,360198.7164241,0.0
2025-11-20 00:00:00+00:00,91533.42,92794.96,91299.93,92429.59,2.70276,1763611199999,249127.0957263,350,2.58266,238057.3907052,0.0
2025-11-20 04:00:00+00:00,92429.12,93102.64,91707.55,92466.21,1.64862,1763625599999,152337.1004633,280,1.09691,101420.3193127,0.0
2025-11-20 08:00:00+00:00,92457.58,92457.58,91457.0,91997.91,0.50988,1763639999999,46777.1861702,104,0.13195,12125.0101123,0.0
2025-11-20 12:00:00+00:00,91996.58,92360.9,89892.53,89892.53,1.17811,1763654399999,107371.2076873,335,0.55495,50699.0471242,0.0
2025-11-20 16:00:00+00:00,89892.53,90087.81,86146.12,86801.95,12.39534,1763668799999,1088218.2447743,1156,3.68774,324835.4351468,0.0
2025-11-20 20:00:00+00:00,87097.48,88348.69,86441.18,87062.01,11.54057,1763683199999,1013002.3542595,666,1.73337,151539.2099959,0.0
2025-11-21 00:00:00+00:00,86808.65,87622.16,85501.0,85888.83,5.84565,1763697599999,504496.9803637,638,0.33103,28775.9514029,0.0
2025-11-21 04:00:00+00:00,86090.75,86465.97,84035.97,84276.29,8.5325,1763711999999,725528.9800133,801,0.34347,29294.9538326,0.0
2025-11-21 08:00:00+00:00,84294.97,84683.78,81781.21,82507.56,4.48932,1763726399999,372453.8500556,531,3.05882,254003.8177973,0.0
2025-11-21 12:00:00+00:00,82507.86,85500.0,80811.38,83118.16,6.60752,1763740799999,546996.2058441,810,3.28607,272716.7203223,0.0
2025-11-21 16:00:00+00:00,82784.38,85549.67,82325.14,84389.21,2.44331,1763755199999,205365.0235269,465,1.20907,101558.4557028,0.0
2025-11-21 20:00:00+00:00,84387.54,85517.71,83652.11,85003.21,18.79887,1763769599999,1598376.4663062,1038,0.96441,82080.5807771,0.0
2025-11-22 00:00:00+00:00,85004.36,85572.35,84185.11,84609.32,2.06176,1763783999999,174739.4857656,287,0.2362,20044.5131239,0.0
2025-11-22 04:00:00+00:00,84608.16,84795.49,83919.79,84722.86,1.28737,1763798399999,108382.8183772,178,0.60883,51282.9570054,0.0
2025-11-22 08:00:00+00:00,84725.87,84725.87,83571.96,84122.86,0.21872,1763812799999,18389.8861871,107,0.08167,6877.6721401,0.0
2025-11-22 12:00:00+00:00,84304.83,84729.88,83573.73,84241.8,1.61366,1763827199999,136110.8835131,190,1.32802,112038.7809291,0.0
2025-11-22 16:00:00+00:00,84455.07,84874.64,84311.42,84545.44,0.38635,1763841599999,32708.6220199,174,0.23914,20264.673945,0.0
2025-11-22 20:00:00+00:00,84778.09,85251.54,84176.33,84670.71,1.09419,1763855999999,92690.4157019,227,0.65635,55656.9010271,0.0
2025-11-23 00:00:00+00:00,84890.99,86347.0,84636.8,86259.99,2.04099,1763870399999,175311.2968791,298,1.47654,126969.4911325,0.0
2025-11-23 04:00:00+00:00,86320.1,86860.74,85500.0,85726.66,2.87722,1763884799999,248491.5274911,314,1.53159,132672.9497627,0.0
2025-11-23 08:00:00+00:00,85871.4,86500.0,85596.09,86130.57,0.6587,1763899199999,56757.2983599,94,0.54614,47067.0322619,0.0
2025-11-23 12:00:00+00:00,86435.95,87198.11,86328.43,87155.48,1.41783,1763913599999,123041.9038404,241,0.45309,39354.4326505,0.0
2025-11-23 16:00:00+00:00,87155.48,87662.43,86580.6,87314.51,1.99039,1763927999999,173534.6222597,338,1.01184,88294.4320129,0.0
2025-11-23 20:00:00+00:00,87551.53,88141.12,86767.06,86982.78,3.36384,1763942399999,294887.0873975,444,1.47183,129075.5661562,0.0
2025-11-24 00:00:00+00:00,86983.02,88087.04,85980.21,87487.59,3.46795,1763956799999,301653.8630347,427,1.32351,114937.8920065,0.0
2025-11-24 04:00:00+00:00,87556.65,87785.68,86432.49,86977.5,0.91572,1763971199999,79662.5914182,293,0.67793,58912.8301207,0.0
2025-11-24 08:00:00+00:00,86954.51,87133.94,85715.68,86475.93,1.09743,1763985599999,94658.3700726,433,0.72099,62207.7743315,0.0
2025-11-24 12:00:00+00:00,86219.48,86719.5,85352.71,86647.74,3.03387,1763999999999,262124.789797,309,1.02668,88591.0680871,0.0
2025-11-24 16:00:00+00:00,86677.84,88887.96,86677.84,88608.95,5.53015,1764014399999,487727.9692978,559,1.88787,165888.6581767,0.0
2025-11-24 20:00:00+00:00,88608.57,89239.96,88312.49,88512.08,2.35904,1764028799999,209871.9926542,340,1.36445,121482.3606849,0.0
2025-11-25 00:00:00+00:00,88312.39,88510.85,87427.43,87960.08,1.652,1764043199999,144641.4075964,198,0.33394,29347.2229189,0.0
2025-11-25 04:00:00+00:00,87560.1,88492.15,87361.52,87361.97,0.31969,1764057599999,28169.1010135,154,0.16378,14456.5597977,0.0
2025-11-25 08:00:00+00:00,87598.74,87664.1,86627.54,87548.07,0.31682,1764071999999,27565.04527,125,0.11457,10001.1359894,0.0
2025-11-25 12:00:00+00:00,87535.49,87777.24,86212.12,87077.44,5.86783,1764086399999,510665.0691308,244,4.32883,377033.2653538,0.0
2025-11-25 16:00:00+00:00,87077.44,88199.4,86212.12,86825.24,0.88075,1764100799999,77029.357857,277,0.55232,48389.6524913,0.0
2025-11-25 20:00:00+00:00,86884.15,87891.21,86580.82,87573.26,3.85891,1764115199999,334804.2566296,229,0.38403,33564.1774645,0.0
2025-11-26 00:00:00+00:00,87331.92,88220.64,87068.61,87068.61,0.57125,1764129599999,50038.1730484,212,0.29153,25611.3552173,0.0
2025-11-26 04:00:00+00:00,87290.03,87952.88,86915.21,87952.88,0.46766,1764143999999,40890.478068,144,0.17749,15567.7802309,0.0
2025-11-26 08:00:00+00:00,87990.29,87990.29,86716.78,87153.26,0.07018,1764158399999,6118.4558838,67,0.00779,680.7123243,0.0
2025-11-26 12:00:00+00:00,87258.0,87645.36,86354.66,87000.0,1.16633,1764172799999,101552.5796728,167,0.46409,40418.1946266,0.0
2025-11-26 16:00:00+00:00,87157.8,90436.9,87156.97,90125.41,5.03484,1764187199999,448930.4054911,565,1.885,168743.1350182,0.0
2025-11-26 20:00:00+00:00,90123.36,90600.57,89480.71,90577.72,4.55179,1764201599999,408978.2693347,274,1.27463,114378.9734504,0.0
2025-11-27 00:00:00+00:00,90574.6,91945.46,90144.7,91139.75,3.63807,1764215999999,331874.2478055,458,2.92397,266909.2021608,0.0
2025-11-27 04:00:00+00:00,91302.59,91599.63,90910.53,91405.89,1.04941,1764230399999,95792.7459447,212,0.73427,67040.2063743,0.0
2025-11-27 08:00:00+00:00,91346.13,91917.72,91231.35,91562.82,1.58302,1764244799999,144975.0400564,129,0.1251,11468.2301429,0.0
2025-11-27 12:00:00+00:00,91543.06,91543.06,90490.59,91029.64,0.51341,1764259199999,46709.6593745,225,0.34512,31427.1907599,0.0
2025-11-27 16:00:00+00:00,90890.62,91816.88,90820.97,91749.37,0.48247,1764273599999,44118.5643041,218,0.15659,14297.7597873,0.0
2025-11-27 20:00:00+00:00,91505.04,91746.86,91192.54,91452.2,0.52822,1764287999999,48295.5485458,162,0.08998,8245.4923341,0.0
2025-11-28 00:00:00+00:00,91268.49,91513.8,90729.47,91148.67,0.44914,1764302399999,40952.620968,204,0.39636,36150.8915179,0.0
2025-11-28 04:00:00+00:00,91327.01,91749.87,90910.52,90910.52,0.2104,1764316799999,19238.1643492,172,0.10323,9445.887547,0.0
2025-11-28 08:00:00+00:00,91188.21,91981.87,90914.7,91420.65,1.54391,1764331199999,141570.79863,177,1.34997,123818.1245659,0.0
2025-11-28 12:00:00+00:00,91436.51,93068.58,91387.31,92547.79,1.65797,1764345599999,152865.1339931,439,0.91278,84238.6835573,0.0
2025-11-28 16:00:00+00:00,92546.4,92546.4,90242.93,91224.99,2.48582,1764359999999,226498.1124638,408,1.94043,176906.9660694,0.0
2025-11-28 20:00:00+00:00,91221.17,91234.55,90729.52,90921.52,0.79573,1764374399999,72435.6576793,246,0.28107,25620.6493765,0.0
2025-11-29 00:00:00+00:00,90804.65,91110.44,90572.1,90664.88,1.52013,1764388799999,137873.8438009,179,0.62046,56351.4711951,0.0
2025-11-29 04:00:00+00:00,90834.85,90993.51,90368.49,90602.93,0.60373,1764403199999,54697.1178141,152,0.10044,9124.8971699,0.0
2025-11-29 08:00:00+00:00,90670.14,90770.15,90368.32,90475.91,0.10278,1764417599999,9314.0725127,48,0.08094,7338.7505306,0.0
2025-11-29 12:00:00+00:00,90736.61,91134.74,90482.12,90875.33,0.2202,1764431999999,20007.905753,117,0.15772,14338.2860395,0.0
2025-11-29 16:00:00+00:00,90888.69,91158.03,90211.71,90786.12,1.20571,1764446399999,109379.9228212,250,0.58917,53468.6687919,0.0
2025-11-29 20:00:00+00:00,90781.72,91061.13,90335.44,90878.9,1.47607,1764460799999,134033.8217097,183,0.5535,50324.3755454,0.0
2025-11-30 00:00:00+00:00,90868.68,91065.8,90445.28,90668.77,0.41164,1764475199999,37427.3154852,215,0.30132,27410.2787325,0.0
2025-11-30 04:00:00+00:00,90972.99,91020.35,90631.69,91016.33,0.4639,1764489599999,42127.39886,176,0.11797,10729.795184,0.0
2025-11-30 08:00:00+00:00,91018.13,91579.55,90871.98,91022.64,0.39866,1764503999999,36364.1166309,118,0.1994,18196.7447479,0.0
2025-11-30 12:00:00+00:00,91023.61,91970.37,91023.61,91629.63,0.46169,1764518399999,42224.1820814,172,0.13732,12566.9701696,0.0
2025-11-30 16:00:00+00:00,91352.08,91884.73,91192.54,91300.65,0.88848,1764532799999,81368.2991669,177,0.78769,72153.050324,0.0
2025-11-30 20:00:00+00:00,91466.78,91611.0,90419.25,90589.87,0.93211,1764547199999,84963.1302134,248,0.47985,43875.2069059,0.0
2025-12-01 00:00:00+00:00,90368.32,90586.46,86207.82,86507.52,7.41609,1764561599999,658703.649253,770,1.59302,141662.0318176,0.0
2025-12-01 04:00:00+00:00,86505.56,86578.07,85678.82,86575.45,2.11249,1764575999999,181385.5796704,228,0.45747,39332.6803575,0.0
2025-12-01 08:00:00+00:00,86579.5,86919.16,86205.53,86205.53,0.21986,1764590399999,19039.8802733,106,0.07691,6673.4631671,0.0
2025-12-01 12:00:00+00:00,86105.8,86647.98,83876.63,84807.87,6.01973,1764604799999,511989.3572087,506,2.46559,211821.6258585,0.0
2025-12-01 16:00:00+00:00,84502.32,85540.9,84030.65,85058.13,4.52785,1764619199999,383870.4683787,417,3.52249,298981.8311813,0.0
2025-12-01 20:00:00+00:00,85059.09,86884.14,85059.09,86249.78,1.48082,1764633599999,127968.4156721,367,1.28676,111247.9175694,0.0
2025-12-02 00:00:00+00:00,86499.16,87309.8,86205.75,87001.0,2.07602,1764647999999,179762.1273903,255,0.96223,83562.1265722,0.0
2025-12-02 04:00:00+00:00,87052.08,87258.23,86846.53,86962.84,0.37832,1764662399999,32952.83684,108,0.2781,24239.7756843,0.0
2025-12-02 08:00:00+00:00,87097.62,87574.46,86386.76,87229.49,0.46845,1764676799999,40738.1740978,128,0.22951,19987.524868,0.0
2025-12-02 12:00:00+00:00,87565.39,91150.11,87120.61,90962.2,3.11159,1764691199999,274493.5547859,617,1.11314,99437.3206411,0.0
2025-12-02 16:00:00+00:00,91106.24,92211.29,90269.18,92172.84,4.5168,1764705599999,414505.5001308,550,4.20688,386210.1944091,0.0
2025-12-02 20:00:00+00:00,92086.37,92086.37,90748.67,91550.01,0.75075,1764719999999,68744.3502731,395,0.40054,36686.6598065,0.0
2025-12-03 00:00:00+00:00,91264.68,93024.11,91037.58,92659.99,6.28435,1764734399999,579665.0268877,682,3.31465,306499.5280614,0.0
2025-12-03 04:00:00+00:00,92816.52,93928.41,92730.21,93126.26,2.15005,1764748799999,200826.3960955,449,1.4489,135247.9866646,0.0
2025-12-03 08:00:00+00:00,93117.34,93368.21,92641.7,93111.97,1.45644,1764763199999,135403.3418454,131,0.34184,31775.4247815,0.0
2025-12-03 12:00:00+00:00,93109.52,93599.65,91748.29,92394.65,1.53357,1764777599999,141713.1117042,373,0.42599,39417.0378665,0.0
2025-12-03 16:00:00+00:00,92639.23,93543.21,91917.79,93068.47,0.99736,1764791999999,92506.5157807,376,0.50719,47059.278012,0.0
2025-12-03 20:00:00+00:00,92818.22,94093.38,92797.21,93747.41,1.03975,1764806399999,97248.7101428,320,0.64885,60706.757831,0.0
2025-12-04 00:00:00+00:00,93414.85,94068.87,92695.39,93759.54,3.02763,1764820799999,283393.6239403,462,0.4578,42844.435172,0.0
2025-12-04 04:00:00+00:00,93419.86,93751.39,92743.55,93441.73,0.34205,1764835199999,31879.7663708,253,0.1375,12824.2352118,0.0
2025-12-04 08:00:00+00:00,93440.57,93669.61,92811.54,92812.94,0.14312,1764849599999,13358.6503531,101,0.06558,6132.1523994,0.0
2025-12-04 12:00:00+00:00,93027.48,93255.36,91809.52,93062.5,2.60339,1764863999999,241316.4865475,353,0.46698,43167.8708394,0.0
2025-12-04 16:00:00+00:00,93060.44,93190.31,90932.86,91769.32,3.86589,1764878399999,354314.4511038,456,1.50961,138754.4788949,0.0
2025-12-04 20:00:00+00:00,92082.42,92679.84,91731.4,92125.79,0.55374,1764892799999,51095.7633172,266,0.39056,36067.7048025,0.0
2025-12-05 00:00:00+00:00,92291.3,92669.99,92005.81,92005.81,0.36673,1764907199999,33880.1915237,238,0.1678,15520.8386891,0.0
2025-12-05 04:00:00+00:00,92042.4,92467.6,91854.64,92101.13,1.05858,1764921599999,97481.121626,198,0.91517,84292.1904741,0.0
2025-12-05 08:00:00+00:00,92415.78,92415.78,90963.37,91408.4,0.58872,1764935999999,53806.6017537,186,0.3343,30476.3382937,0.0
2025-12-05 12:00:00+00:00,91405.47,91533.64,89970.27,90283.24,2.01034,1764950399999,182353.0416484,465,1.16265,105489.3711745,0.0
2025-12-05 16:00:00+00:00,90285.23,90580.64,88148.23,89803.12,3.44958,1764964799999,307644.1478061,532,1.91087,170138.8793148,0.0
2025-12-05 20:00:00+00:00,89796.6,89796.6,88907.25,89094.11,0.59238,1764979199999,52862.3352929,267,0.1456,13002.8442194,0.0
2025-12-06 00:00:00+00:00,89395.49,89805.01,88979.68,89532.22,0.97634,1764993599999,87265.2768524,209,0.68516,61275.9160672,0.0
2025-12-06 04:00:00+00:00,89755.88,89806.02,89500.04,89685.26,0.09892,1765007999999,8870.9939453,137,0.06594,5916.8827552,0.0
2025-12-06 08:00:00+00:00,89682.18,89748.45,89213.59,89734.18,0.13788,1765022399999,12348.1745181,104,0.09168,8213.8529232,0.0
2025-12-06 12:00:00+00:00,89730.0,90234.24,89459.42,89938.95,0.62866,1765036799999,56469.9887144,207,0.24554,22061.603343,0.0
2025-12-06 16:00:00+00:00,89934.27,90067.69,89265.27,89288.34,0.30167,1765051199999,27035.407553,242,0.06188,5557.8510341,0.0
2025-12-06 20:00:00+00:00,89528.3,89635.38,88939.05,89422.79,1.89951,1765065599999,170067.1106776,316,1.00444,89987.6451639,0.0
2025-12-07 00:00:00+00:00,89416.57,89744.44,89047.52,89559.07,0.14323,1765079999999,12819.8902751,218,0.09171,8213.2688358,0.0
2025-12-07 04:00:00+00:00,89744.43,89810.22,89214.96,89504.97,0.09348,1765094399999,8372.1224622,122,0.02529,2268.8103426,0.0
2025-12-07 08:00:00+00:00,89489.52,89548.5,89091.59,89104.97,0.0835,1765108799999,7455.1927615,97,0.02892,2587.6325155,0.0
2025-12-07 12:00:00+00:00,89335.86,89699.28,87784.33,89699.28,1.1745,1765123199999,104092.4329867,295,0.32713,29124.4007438,0.0
2025-12-07 16:00:00+00:00,89687.47,91707.55,89170.07,91506.1,1.92946,1765137599999,175736.0988983,241,0.30871,27998.4231337,0.0
2025-12-07 20:00:00+00:00,91538.82,91565.37,89106.03,90419.25,1.91981,1765151999999,173215.5473514,282,1.69584,152946.3463762,0.0
2025-12-08 00:00:00+00:00,90233.88,91691.52,89880.18,91233.09,0.79394,1765166399999,72055.6374728,243,0.28629,26028.6721788,0.0
2025-12-08 04:00:00+00:00,91230.6,91805.32,90911.14,91747.95,0.23142,1765180799999,21155.1249033,103,0.17035,15577.5534613,0.0
2025-12-08 08:00:00+00:00,91704.09,92257.78,91617.57,91979.6,0.30988,1765195199999,28518.521869,123,0.2023,18631.4862328,0.0
2025-12-08 12:00:00+00:00,91999.39,92217.03,89675.81,90267.19,2.45431,1765209599999,221758.5930092,364,0.47848,43521.3675512,0.0
2025-12-08 16:00:00+00:00,90192.36,90509.99,89676.62,90110.16,0.92985,1765223999999,83835.6812348,244,0.41616,37551.3475486,0.0
2025-12-08 20:00:00+00:00,90347.57,91436.79,90118.26,90817.84,2.34497,1765238399999,213658.8708933,228,0.2535,23022.0493019,0.0
2025-12-09 00:00:00+00:00,90551.18,90898.54,89886.91,90419.25,0.1806,1765252799999,16314.754006,357,0.04563,4125.975081,0.0
2025-12-09 04:00:00+00:00,90498.46,90580.47,89510.8,90505.45,2.23335,1765267199999,200114.1327357,141,0.18941,17078.4893683,0.0
2025-12-09 08:00:00+00:00,90631.29,90631.29,90000.0,90385.46,0.0781,1765281599999,7060.9127248,51,0.02729,2467.1790046,0.0
2025-12-09 12:00:00+00:00,90488.49,92817.36,90079.58,92549.41,25.04776,1765295999999,2277164.3196284,605,12.76048,1160377.6732673,0.0
2025-12-09 16:00:00+00:00,92817.36,94629.02,92744.87,94044.33,7.29211,1765310399999,683419.8559349,588,5.35388,501604.4785584,0.0
2025-12-09 20:00:00+00:00,93948.35,93948.35,92360.9,92974.58,0.98031,1765324799999,90983.0709131,280,0.73547,68243.1719244,0.0
2025-12-10 00:00:00+00:00,92572.99,92874.44,92004.69,92400.0,0.49651,1765339199999,45852.6377615,259,0.37636,34765.4806672,0.0
2025-12-10 04:00:00+00:00,92444.78,92754.49,92350.25,92754.49,0.46979,1765353599999,43495.8684662,106,0.36148,33475.0498264,0.0
2025-12-10 08:00:00+00:00,92792.28,93213.63,91809.46,92128.48,1.91423,1765367999999,177118.4968804,159,0.70778,65703.1215106,0.0
2025-12-10 12:00:00+00:00,91895.19,92232.84,91599.99,92078.23,0.84823,1765382399999,77988.6616383,168,0.63794,58707.180941,0.0
2025-12-10 16:00:00+00:00,92112.98,93190.42,91820.15,93092.92,3.58176,1765396799999,332119.3017185,406,0.9284,86073.1448677,0.0
2025-12-10 20:00:00+00:00,93086.36,94491.53,91917.79,91946.89,6.51181,1765411199999,606962.7289893,568,4.18837,391241.5330146,0.0
2025-12-11 00:00:00+00:00,91951.14,92191.29,89457.24,89800.29,2.00572,1765425599999,181321.5934313,470,0.57237,51770.3977384,0.0
2025-12-11 04:00:00+00:00,89800.0,90553.74,89669.79,90310.14,0.45462,1765439999999,41035.2391909,115,0.38116,34413.3626168,0.0
2025-12-11 08:00:00+00:00,90302.87,90522.35,89939.89,90369.67,0.03635,1765454399999,3279.6350465,51,0.03326,3001.2879872,0.0
2025-12-11 12:00:00+00:00,90128.84,90552.31,89339.11,89971.66,1.78587,1765468799999,161077.3151093,313,1.36093,122847.572584,0.0
2025-12-11 16:00:00+00:00,89968.73,91455.96,89363.37,90748.61,4.14696,1765483199999,375024.5076402,409,1.25039,113150.229837,0.0
2025-12-11 20:00:00+00:00,91050.13,93496.9,90750.46,92596.49,1.83854,1765497599999,170050.4284692,612,1.35673,125530.5883654,0.0
2025-12-12 00:00:00+00:00,92593.75,92715.7,91500.41,92391.12,2.3472,1765511999999,216893.7690609,352,0.63781,59043.2223907,0.0
2025-12-12 04:00:00+00:00,92378.65,92694.99,92085.35,92511.82,0.37357,1765526399999,34489.5111626,530,0.19911,18400.0347067,0.0
2025-12-12 08:00:00+00:00,92506.49,92657.1,92120.34,92440.78,0.25227,1765540799999,23297.80016,72,0.1049,9703.5161608,0.0
2025-12-12 12:00:00+00:00,92437.87,92623.51,89744.45,89744.49,2.05882,1765555199999,187904.3526343,387,0.39409,36303.2940154,0.0
2025-12-12 16:00:00+00:00,89746.86,90631.83,89521.4,90077.53,4.66726,1765569599999,420664.1124244,315,2.53873,229091.0364463,0.0
2025-12-12 20:00:00+00:00,90315.43,90461.36,89942.78,90294.75,0.92383,1765583999999,83314.567674,140,0.64106,57839.1004821,0.0
2025-12-13 00:00:00+00:00,90366.99,90463.41,90127.77,90448.56,2.5609,1765598399999,231458.1508303,214,2.35037,212475.2169197,0.0
2025-12-13 04:00:00+00:00,90269.74,90446.92,90217.71,90333.05,0.18707,1765612799999,16901.6485835,161,0.09248,8361.5061624,0.0
2025-12-13 08:00:00+00:00,90403.41,90681.45,90339.05,90387.01,0.07576,1765627199999,6851.8869954,63,0.0341,3085.7266852,0.0
2025-12-13 12:00:00+00:00,90525.96,90677.81,89985.12,90242.05,0.32134,1765641599999,28974.8711233,124,0.06989,6310.1114009,0.0
2025-12-13 16:00:00+00:00,90236.31,90316.88,89951.17,90278.53,1.6105,1765655999999,145051.1349225,134,0.26175,23607.1199278,0.0
2025-12-13 20:00:00+00:00,90277.68,90319.58,89822.51,90298.85,0.83024,1765670399999,74790.9840379,165,0.20205,18223.0036665,0.0
2025-12-14 00:00:00+00:00,90298.72,90463.27,89947.14,90317.46,0.71984,1765684799999,64998.3194541,163,0.4517,40819.5928138,0.0
2025-12-14 04:00:00+00:00,90317.46,90381.89,89975.04,90066.24,0.10169,1765699199999,9176.1379466,77,0.0468,4227.7882624,0.0
2025-12-14 08:00:00+00:00,90343.44,90343.44,88784.97,89487.74,0.57592,1765713599999,51533.9312163,188,0.0658,5901.619141,0.0
2025-12-14 12:00:00+00:00,89423.63,89654.96,88908.91,88942.4,3.7964,1765727999999,338793.935169,211,0.21533,19230.826021,0.0
2025-12-14 16:00:00+00:00,88950.25,89444.97,88537.08,88735.49,5.52431,1765742399999,490929.3345259,260,3.58714,319032.2840186,0.0
2025-12-14 20:00:00+00:00,88541.28,88892.51,87645.64,88314.15,3.25558,1765756799999,286734.200519,263,0.3004,26553.4659903,0.0
2025-12-15 00:00:00+00:00,88310.63,89998.24,88073.3,89215.55,3.7589,1765771199999,333514.8939726,279,2.84046,252255.7993918,0.0
2025-12-15 04:00:00+00:00,89222.72,89888.43,89222.72,89577.23,0.92689,1765785599999,83079.7756621,170,0.8214,73633.0899409,0.0
2025-12-15 08:00:00+00:00,89854.84,89999.85,89545.49,89620.0,0.32692,1765799999999,29348.265484,81,0.08012,7204.264738,0.0
2025-12-15 12:00:00+00:00,89775.57,89810.37,86627.45,87119.32,4.16828,1765814399999,365928.5095488,408,0.44751,39564.3723809,0.0
2025-12-15 16:00:00+00:00,87117.31,87322.22,85111.26,86313.76,5.18336,1765828799999,445505.6547506,604,3.77062,324001.3190248,0.0
2025-12-15 20:00:00+00:00,86284.57,86543.55,85555.6,86486.12,2.27344,1765843199999,195852.6249525,254,1.74159,150149.8591988,0.0
2025-12-16 00:00:00+00:00,86379.42,86579.12,85357.64,85899.91,1.18693,1765857599999,101950.5429222,252,0.33263,28577.155211,0.0
2025-12-16 04:00:00+00:00,85899.32,86575.36,85248.37,86085.09,1.01046,1765871999999,86896.2248785,182,0.67607,58193.1406503,0.0
2025-12-16 08:00:00+00:00,85957.54,87312.34,85957.52,87312.34,0.43854,1765886399999,38014.8755052,195,0.28088,24346.8482074,0.0
2025-12-16 12:00:00+00:00,87312.37,88111.1,86064.08,87773.01,1.51084,1765900799999,131496.6320044,313,0.92583,80562.8562715,0.0
2025-12-16 16:00:00+00:00,87639.21,88011.11,87000.01,87753.53,0.55191,1765915199999,48371.3445328,143,0.32707,28691.6131947,0.0
2025-12-16 20:00:00+00:00,87747.99,87946.35,87305.02,87630.85,1.86435,1765929599999,163504.8827967,195,0.16312,14327.8544711,0.0
2025-12-17 00:00:00+00:00,87877.6,87952.83,87174.99,87232.66,1.84584,1765943999999,161723.7595886,347,1.54822,135713.2766737,0.0
2025-12-17 04:00:00+00:00,87388.95,87388.95,86212.22,87074.38,0.54444,1765958399999,47221.3779501,140,0.25641,22261.4791418,0.0
2025-12-17 08:00:00+00:00,86877.26,87093.55,86205.72,87086.05,0.66449,1765972799999,57459.3433872,98,0.13992,12118.4241092,0.0
2025-12-17 12:00:00+00:00,87099.85,90268.05,86865.69,87469.85,7.40833,1765987199999,657694.6662238,674,4.1257,365720.2731912,0.0
2025-12-17 16:00:00+00:00,87222.79,87778.38,85336.0,86128.11,6.79462,1766001599999,585763.479873,431,4.18935,360923.6857547,0.0
2025-12-17 20:00:00+00:00,86127.31,86499.14,85630.63,86283.3,0.99688,1766015999999,85726.9350162,170,0.20878,17979.8589263,0.0
2025-12-18 00:00:00+00:00,86283.19,86859.05,85846.53,86743.88,1.86541,1766030399999,160967.8858098,206,0.19095,16495.7482826,0.0
2025-12-18 04:00:00+00:00,86738.82,86883.6,86389.81,86834.12,0.17786,1766044799999,15437.234274,99,0.14386,12492.0166793,0.0
2025-12-18 08:00:00+00:00,86851.0,87416.88,86538.24,87287.47,0.1907,1766059199999,16606.5714714,66,0.17444,15188.8223481,0.0
2025-12-18 12:00:00+00:00,87410.02,89494.76,87029.86,88603.57,5.55706,1766073599999,492237.0053834,552,1.90612,168558.8395316,0.0
2025-12-18 16:00:00+00:00,88492.17,88602.32,84608.01,84608.02,6.58658,1766087999999,570117.6638775,463,2.19513,189742.3473521,0.0
2025-12-18 20:00:00+00:00,84608.01,85828.17,84583.57,85300.0,1.15181,1766102399999,98208.1604556,278,0.55236,47136.668668,0.0
2025-12-19 00:00:00+00:00,85563.43,87512.22,85185.26,86747.24,0.99227,1766116799999,85336.240651,337,0.58499,50309.3894401,0.0
2025-12-19 04:00:00+00:00,87025.7,88448.85,86636.93,87988.92,1.09023,1766131199999,95242.1768864,225,0.8511,74386.3541752,0.0
2025-12-19 08:00:00+00:00,87986.57,88393.52,87700.73,88345.69,0.20138,1766145599999,17729.4337594,73,0.145,12775.6959585,0.0
2025-12-19 12:00:00+00:00,88329.17,89337.52,87672.23,87790.64,3.56635,1766159999999,314761.9853168,428,0.9094,80511.9838436,0.0
2025-12-19 16:00:00+00:00,87793.84,88838.68,86915.84,87774.23,0.90706,1766174399999,79619.460042,286,0.42269,37079.1767528,0.0
2025-12-19 20:00:00+00:00,88060.44,88378.47,87774.59,88196.84,0.82088,1766188799999,72382.3478516,177,0.75905,66939.6257201,0.0
2025-12-20 00:00:00+00:00,88199.54,88376.54,87928.67,88329.17,0.27894,1766203199999,24572.151194,160,0.09723,8576.183095,0.0
2025-12-20 04:00:00+00:00,88324.17,88548.26,88070.12,88383.31,0.08827,1766217599999,7800.1630726,90,0.0612,5411.7255859,0.0
2025-12-20 08:00:00+00:00,88370.27,88441.03,88064.35,88404.48,0.02223,1766231999999,1962.9908141,36,0.01059,935.8568653,0.0
2025-12-20 12:00:00+00:00,88394.76,88402.86,87902.99,87995.21,0.1966,1766246399999,17320.3534935,81,0.02765,2440.8474323,0.0
2025-12-20 16:00:00+00:00,88254.14,88398.04,87937.69,88247.24,0.75554,1766260799999,66675.9642516,313,0.52416,46286.1020741,0.0
2025-12-20 20:00:00+00:00,88246.54,88437.48,88098.32,88394.5,0.26795,1766275199999,23665.2676199,125,0.19603,17319.4192617,0.0
2025-12-21 00:00:00+00:00,88394.22,88394.26,87872.82,88122.53,0.97584,1766289599999,86106.2890483,298,0.39982,35314.4061554,0.0
2025-12-21 04:00:00+00:00,88120.85,88248.78,87948.04,88151.07,0.51625,1766303999999,45460.9963525,91,0.20989,18500.3311919,0.0
2025-12-21 08:00:00+00:00,88210.7,89044.73,88206.05,88667.62,0.20536,1766318399999,18215.3539171,91,0.11603,10297.141631,0.0
2025-12-21 12:00:00+00:00,88659.93,88903.49,87650.0,88276.05,0.50197,1766332799999,44264.038317,175,0.17493,15438.1158841,0.0
2025-12-21 16:00:00+00:00,88255.88,88619.04,87937.19,88464.63,0.37477,1766347199999,33078.7166799,172,0.26138,23082.7784506,0.0
2025-12-21 20:00:00+00:00,88607.32,88774.76,88090.21,88656.95,0.47489,1766361599999,41945.2089439,322,0.21163,18705.1928017,0.0
2025-12-22 00:00:00+00:00,88657.31,89590.01,87988.94,88829.88,6.98281,1766375999999,624302.7394683,530,6.57322,587934.8973922,0.0
2025-12-22 04:00:00+00:00,88829.88,89215.98,88701.3,89201.87,0.18978,1766390399999,16877.270647,132,0.11674,10391.2150858,0.0
2025-12-22 08:00:00+00:00,89264.53,90000.0,89176.24,90000.0,4.6448,1766404799999,417838.2257095,259,4.38928,394944.8610424,0.0
2025-12-22 12:00:00+00:00,89989.51,90500.0,89208.55,89758.46,7.96547,1766419199999,717132.1801262,437,7.50066,675339.060212,0.0
2025-12-22 16:00:00+00:00,89810.37,90135.32,88000.02,88000.02,1.91635,1766433599999,171656.8050928,225,1.16764,105057.8089092,0.0
2025-12-22 20:00:00+00:00,88121.84,88827.42,87955.14,88304.51,1.3112,1766447999999,115631.0658543,158,1.06788,94156.4473233,0.0
2025-12-23 00:00:00+00:00,88601.69,88900.57,87824.85,88275.0,0.43099,1766462399999,38154.8388104,140,0.24374,21615.1228856,0.0
2025-12-23 04:00:00+00:00,88345.16,88346.57,87079.46,87652.55,1.26886,1766476799999,111413.0916509,205,0.31562,27731.768916,0.0
2025-12-23 08:00:00+00:00,87528.0,87907.23,87258.74,87857.08,0.17194,1766491199999,15050.0479851,278,0.05662,4962.4354665,0.0
2025-12-23 12:00:00+00:00,87871.46,87926.94,86611.31,87263.11,2.70778,1766505599999,236012.0279672,245,1.33789,116411.3811401,0.0
2025-12-23 16:00:00+00:00,87544.83,88281.13,87190.87,87614.08,1.61014,1766519999999,141326.687728,290,0.28551,25058.5778567,0.0
2025-12-23 20:00:00+00:00,87915.3,88323.46,87150.43,87328.71,1.31041,1766534399999,115031.8694744,259,0.94168,82735.9463599,0.0
2025-12-24 00:00:00+00:00,87600.71,87873.03,86916.67,87431.25,1.21242,1766548799999,106007.0821977,201,0.83566,73162.8907758,0.0
2025-12-24 04:00:00+00:00,87427.05,87480.51,86824.76,87257.65,0.18291,1766563199999,15919.6141381,95,0.06352,5538.7254734,0.0
2025-12-24 08:00:00+00:00,87138.48,87318.97,86773.99,87119.21,0.03988,1766577599999,3469.1264582,48,0.01527,1330.1494378,0.0
2025-12-24 12:00:00+00:00,87124.63,87444.3,86499.44,87154.34,2.07215,1766591999999,180652.0541094,221,1.5829,138091.2243448,0.0
2025-12-24 16:00:00+00:00,86854.09,87639.64,86854.09,87569.6,0.41839,1766606399999,36568.8235551,148,0.22171,19390.9418049,0.0
2025-12-24 20:00:00+00:00,87569.61,88137.63,87418.93,87826.28,2.38778,1766620799999,209442.013304,176,0.71768,62992.1662205,0.0
2025-12-25 00:00:00+00:00,87652.01,88072.88,87603.9,87991.37,3.09095,1766635199999,270966.631555,159,0.26747,23488.216016,0.0
2025-12-25 04:00:00+00:00,87979.65,87979.65,87676.31,87901.55,0.59671,1766649599999,52430.4759508,97,0.41233,36260.4036701,0.0
2025-12-25 08:00:00+00:00,87935.48,87937.55,87279.26,87604.09,0.05151,1766663999999,4513.1315344,58,0.01602,1403.8783992,0.0
2025-12-25 12:00:00+00:00,87602.54,88591.99,87384.91,88301.87,0.43634,1766678399999,38344.4723503,178,0.26533,23353.644265,0.0
2025-12-25 16:00:00+00:00,88503.5,88578.06,88000.08,88267.16,0.29506,1766692799999,26043.7920057,144,0.14668,12966.8406541,0.0
2025-12-25 20:00:00+00:00,88098.87,88267.1,87020.76,87460.82,0.76781,1766707199999,67330.714951,219,0.32774,28810.9556334,0.0
2025-12-26 00:00:00+00:00,87080.44,89410.9,86968.67,88946.76,1.40583,1766721599999,124656.4548444,307,0.91532,81169.9997445,0.0
2025-12-26 04:00:00+00:00,88941.03,89512.3,88313.88,88630.11,0.78022,1766735999999,69424.9848402,227,0.38929,34667.6496685,0.0
2025-12-26 08:00:00+00:00,88624.35,88900.51,88319.37,88767.22,0.06771,1766750399999,6008.7467945,48,0.04774,4240.1256852,0.0
2025-12-26 12:00:00+00:00,88633.98,89062.5,86748.15,87252.08,0.9056,1766764799999,79500.5075686,338,0.3308,29091.8053002,0.0
2025-12-26 16:00:00+00:00,87155.85,87542.68,86900.01,87542.07,0.56176,1766779199999,48990.0387488,154,0.26186,22846.314217,0.0
2025-12-26 20:00:00+00:00,87540.19,87928.78,87273.71,87338.29,0.33911,1766793599999,29690.4973851,152,0.16672,14600.0462252,0.0
2025-12-27 00:00:00+00:00,87488.46,87560.5,87274.76,87560.5,0.7626,1766807999999,66721.0789084,216,0.72402,63350.4621897,0.0
2025-12-27 04:00:00+00:00,87560.49,87775.43,87420.96,87681.33,0.64828,1766822399999,56740.3517331,132,0.21483,18826.8113139,0.0
2025-12-27 08:00:00+00:00,87666.73,87757.64,87350.83,87453.17,0.13622,1766836799999,11932.5570404,63,0.03174,2782.1404971,0.0
2025-12-27 12:00:00+00:00,87698.72,87700.31,87333.68,87642.78,0.28199,1766851199999,24684.1126344,120,0.20934,18335.7551673,0.0
2025-12-27 16:00:00+00:00,87642.15,87651.11,87407.37,87541.51,0.58213,1766865599999,50960.9133951,165,0.23597,20671.1982106,0.0
2025-12-27 20:00:00+00:00,87634.88,87931.94,87499.41,87931.94,0.45423,1766879999999,39832.2439518,156,0.38792,34021.9014444,0.0
2025-12-28 00:00:00+00:00,87708.15,87963.3,87705.92,87818.05,1.13941,1766894399999,100080.4727786,170,0.46709,41062.8090855,0.0
2025-12-28 04:00:00+00:00,87720.91,87885.82,87527.18,87768.35,0.23194,1766908799999,20329.6462834,83,0.11681,10237.817139,0.0
2025-12-28 08:00:00+00:00,87768.24,87990.36,87658.58,87907.8,0.26764,1766923199999,23520.2983883,57,0.24114,21195.2504264,0.0
2025-12-28 12:00:00+00:00,87907.43,88067.4,87721.82,87986.3,0.17303,1766937599999,15213.1345485,95,0.08715,7668.0446553,0.0
2025-12-28 16:00:00+00:00,87961.23,88012.67,87498.03,87505.52,0.78635,1766951999999,68981.5005176,191,0.19235,16878.3580321,0.0
2025-12-28 20:00:00+00:00,87635.83,88046.09,87483.78,87724.87,0.37127,1766966399999,32551.1968716,149,0.19538,17153.8734167,0.0
2025-12-29 00:00:00+00:00,87971.99,90087.54,87745.07,90087.48,5.19827,1766980799999,463436.8822064,511,4.66235,415698.539389,0.0
2025-12-29 04:00:00+00:00,90123.33,90340.42,89414.34,89646.99,2.85954,1766995199999,257610.948428,271,2.03305,183243.9727942,0.0
2025-12-29 08:00:00+00:00,89501.76,89820.69,87600.01,87825.36,0.6558,1767009599999,58101.857756,186,0.36989,32768.4049778,0.0
2025-12-29 12:00:00+00:00,87604.88,88215.74,86809.06,87596.32,3.50451,1767023999999,306105.9880869,282,0.35761,31321.1491702,0.0
2025-12-29 16:00:00+00:00,87770.13,87950.36,87378.01,87378.01,0.77154,1767038399999,67643.1344287,347,0.37087,32577.0076818,0.0
2025-12-29 20:00:00+00:00,87378.01,87727.32,87082.8,87200.26,0.77151,1767052799999,67327.3214497,195,0.13769,12041.3503218,0.0
2025-12-30 00:00:00+00:00,87341.49,87470.28,86842.37,87416.87,0.37838,1767067199999,32951.8146901,191,0.20688,18047.1057791,0.0
2025-12-30 04:00:00+00:00,87331.82,87594.38,87124.75,87524.75,0.33495,1767081599999,29265.772706,151,0.09978,8731.0522206,0.0
2025-12-30 08:00:00+00:00,87605.57,88192.3,87393.78,87874.64,0.35146,1767095999999,30882.8671561,116,0.20808,18296.7086586,0.0
2025-12-30 12:00:00+00:00,88022.51,89108.11,87690.8,89108.11,2.09196,1767110399999,184840.9885445,230,0.5454,48244.4980047,0.0
2025-12-30 16:00:00+00:00,88792.14,89337.52,88015.76,88187.55,10.65555,1767124799999,948314.3678051,301,9.81498,873960.2114521,0.0
2025-12-30 20:00:00+00:00,88377.51,88582.23,87900.02,88432.11,0.89062,1767139199999,78759.5293002,186,0.76029,67272.1812281,0.0
2025-12-31 00:00:00+00:00,88544.43,88824.13,88175.99,88623.24,4.52456,1767153599999,400537.0877466,282,2.45114,217035.1156961,0.0
2025-12-31 04:00:00+00:00,88605.14,88633.38,88323.76,88633.32,1.4125,1767167999999,124870.02373,190,0.35764,31632.9034564,0.0
2025-12-31 08:00:00+00:00,88635.52,88915.38,88401.0,88915.38,1.18181,1767182399999,104764.5707588,118,1.16823,103562.7387294,0.0
2025-12-31 12:00:00+00:00,89000.0,89111.76,87820.29,88044.68,2.82406,1767196799999,249023.9594373,239,1.98104,174673.6906758,0.0
2025-12-31 16:00:00+00:00,88041.04,88041.04,87444.31,87852.98,3.80516,1767211199999,333410.2038442,254,1.43834,126225.2306084,0.0
2025-12-31 20:00:00+00:00,87574.01,87925.96,87324.16,87709.88,3.43527,1767225599999,300788.4679783,216,2.09148,183219.3816712,0.0
2026-01-01 00:00:00+00:00,87699.89,88002.07,87510.74,87945.23,1.87551,1767239999999,164823.6833267,268,1.57178,138153.0488709,0.0
2026-01-01 04:00:00+00:00,87938.21,87938.21,87496.63,87676.75,3.05785,1767254399999,268061.0350627,298,0.52225,45784.5720408,0.0
2026-01-01 08:00:00+00:00,87676.42,87979.76,87510.46,87970.98,0.36719,1767268799999,32237.7583253,154,0.26818,23558.5238955,0.0
2026-01-01 12:00:00+00:00,87717.24,88068.44,87717.24,87840.25,0.59575,1767283199999,52377.3684222,331,0.32094,28238.1514522,0.0
2026-01-01 16:00:00+00:00,88048.78,88492.06,87763.51,88377.56,1.76154,1767297599999,155182.7017774,336,1.12865,99487.5883118,0.0
2026-01-01 20:00:00+00:00,88374.12,88879.31,88023.81,88872.33,0.67149,1767311999999,59461.6603412,217,0.65559,58059.5174554,0.0
2026-01-02 00:00:00+00:00,88878.3,89650.0,88422.7,89532.69,41.65047,1767326399999,3697986.8896462,1076,24.30126,2161139.89257,0.0
2026-01-02 04:00:00+00:00,89115.04,89840.0,88507.73,88756.83,189.35629,1767340799999,16843234.3755049,1845,95.70223,8528856.0459098,0.0
2026-01-02 08:00:00+00:00,88762.79,90240.0,88700.5,89828.44,224.13018,1767355199999,20048626.8010605,1467,118.3181,10605032.9885881,0.0
2026-01-02 12:00:00+00:00,89445.9,90500.0,88839.09,89623.35,75.01727,1767369599999,6728144.4694454,1072,59.20972,5314623.8600737,0.0
2026-01-02 16:00:00+00:00,89331.68,91000.0,89251.86,90028.18,38.53883,1767383999999,3478081.8123674,782,32.38591,2922180.9425572,0.0
2026-01-02 20:00:00+00:00,90206.75,90374.99,89791.56,89945.17,3.33934,1767398399999,300588.2000994,222,1.47009,132377.9353394,0.0
2026-01-03 00:00:00+00:00,90154.24,90364.93,89691.83,90023.86,62.38703,1767412799999,5616291.4597558,612,2.67612,241501.0490086,0.0
2026-01-03 04:00:00+00:00,90294.53,90374.48,89312.01,89558.82,30.40739,1767427199999,2731958.2576954,511,2.66376,239875.2524987,0.0
2026-01-03 08:00:00+00:00,89558.38,89996.82,89442.65,89798.13,1.49643,1767441599999,134136.4747675,99,1.43661,128777.3354706,0.0
2026-01-03 12:00:00+00:00,89794.91,90213.06,89583.24,90128.69,0.59259,1767455999999,53369.4073944,125,0.22967,20675.4775114,0.0
2026-01-03 16:00:00+00:00,90126.27,90215.1,89932.56,90161.61,1.73063,1767470399999,155787.8342455,132,1.70433,153422.1292697,0.0
2026-01-03 20:00:00+00:00,90158.87,90729.46,90005.75,90711.43,2.85165,1767484799999,258577.8193117,178,2.77584,251723.9412982,0.0
2026-01-04 00:00:00+00:00,90489.46,91500.0,90488.98,91020.87,11.42176,1767499199999,1042559.4191473,319,11.22675,1024853.5708052,0.0
2026-01-04 04:00:00+00:00,91319.29,91766.74,91032.08,91579.45,10.89435,1767513599999,996665.1504896,211,10.82711,990529.9841446,0.0
2026-01-04 08:00:00+00:00,91577.87,91678.45,91203.6,91312.01,1.2251,1767527999999,112112.206664,102,0.35285,32305.9160322,0.0
2026-01-04 12:00:00+00:00,91482.2,91604.94,91069.35,91345.29,0.25756,1767542399999,23532.7982876,102,0.21098,19287.5324761,0.0
2026-01-04 16:00:00+00:00,91159.98,91499.94,90875.28,91206.63,1.8592,1767556799999,169614.312371,195,1.67426,152769.1553757,0.0
2026-01-04 20:00:00+00:00,91203.75,91524.35,90946.37,91500.0,1.42251,1767571199999,129906.4067297,201,1.21154,110651.3956244,0.0
2026-01-05 00:00:00+00:00,91524.4,93880.0,91524.4,93317.39,44.27597,1767585599999,4107903.7350062,1206,39.52888,3666520.9891631,0.0
2026-01-05 04:00:00+00:00,92968.46,94400.0,92241.67,92853.4,23.54333,1767599999999,2187278.2054091,2323,18.40961,1711596.011724,0.0
2026-01-05 08:00:00+00:00,92850.92,94400.0,92494.43,93446.82,23.4711,1767614399999,2186029.3472961,1011,19.16062,1785438.2850349,0.0
2026-01-05 12:00:00+00:00,93442.08,94775.63,92695.38,94507.45,20.84536,1767628799999,1951450.7853845,1313,15.79662,1479917.1919176,0.0
2026-01-05 16:00:00+00:00,94384.93,95500.0,93584.96,94608.15,11.00763,1767643199999,1040855.1989158,809,8.10754,767254.836856,0.0
2026-01-05 20:00:00+00:00,94607.9,94882.51,93833.49,94114.96,5.00319,1767657599999,471315.3200244,396,2.12105,199820.3039957,0.0
2026-01-06 00:00:00+00:00,94114.41,94150.31,93579.53,93952.14,1.08664,1767671999999,101953.5285762,363,0.76554,71844.642269,0.0
2026-01-06 04:00:00+00:00,93942.46,93988.22,93191.75,93433.15,0.8672,1767686399999,81305.009837,162,0.1652,15520.1301595,0.0
2026-01-06 08:00:00+00:00,93182.52,93902.54,93182.51,93902.54,0.10077,1767700799999,9429.7519405,69,0.09232,8641.8370118,0.0
2026-01-06 12:00:00+00:00,93901.85,94405.82,93389.85,93605.38,1.28162,1767715199999,120423.7329699,301,0.53449,50233.6514704,0.0
2026-01-06 16:00:00+00:00,93666.12,93734.5,91337.32,92100.0,2.87695,1767729599999,265709.3968632,439,1.72114,159142.2449946,0.0
2026-01-06 20:00:00+00:00,92352.91,93811.03,92105.56,93794.39,1.37534,1767743999999,128301.3880597,307,1.20993,112864.3734012,0.0
2026-01-07 00:00:00+00:00,93798.25,93798.26,92257.86,92514.67,27.62758,1767758399999,2557272.523174,575,2.42342,225029.1903309,0.0
2026-01-07 04:00:00+00:00,92514.73,92964.58,92397.3,92536.4,46.26509,1767772799999,4280016.447808,491,1.86478,172973.5311455,0.0
2026-01-07 08:00:00+00:00,92805.52,92961.88,91582.86,92231.23,17.93182,1767787199999,1657013.4738067,376,1.96445,181451.5895688,0.0
2026-01-07 12:00:00+00:00,92092.32,92256.42,91144.72,91473.0,3.05325,1767801599999,280755.94293,217,0.5887,54092.5972926,0.0
2026-01-07 16:00:00+00:00,91279.76,91707.55,90800.0,91310.02,1.68056,1767815999999,153269.872673,200,0.7994,73110.3241892,0.0
2026-01-07 20:00:00+00:00,91308.1,91448.97,90808.15,91400.76,0.48172,1767830399999,43887.5896532,137,0.2288,20869.4875091,0.0
2026-01-08 00:00:00+00:00,91397.11,91669.94,90748.67,90748.67,0.6989,1767844799999,63759.2061861,214,0.4626,42274.0812809,0.0
2026-01-08 04:00:00+00:00,90891.18,91156.85,89781.52,90492.28,1.33771,1767859199999,120614.9049979,278,0.26161,23733.9647007,0.0
2026-01-08 08:00:00+00:00,90590.87,90737.6,89810.38,90414.5,1.47163,1767873599999,133465.2306821,671,1.37954,125144.6541068,0.0
2026-01-08 12:00:00+00:00,90412.89,90758.89,89313.46,90758.89,2.40643,1767887999999,216681.0110535,245,1.31173,117820.1525487,0.0
2026-01-08 16:00:00+00:00,90807.12,91427.5,90279.77,90762.94,0.51771,1767902399999,47045.4984787,260,0.28209,25667.5418267,0.0
2026-01-08 20:00:00+00:00,91047.77,91436.8,90523.73,91110.36,1.88145,1767916799999,171428.2477134,269,1.67026,152238.2198018,0.0
2026-01-09 00:00:00+00:00,91110.39,91567.25,90841.75,91283.57,1.2427,1767931199999,113199.1331091,197,1.06615,97120.3512171,0.0
2026-01-09 04:00:00+00:00,91271.84,91271.84,90758.89,90800.15,0.1189,1767945599999,10830.9207759,91,0.04964,4526.8481479,0.0
2026-01-09 08:00:00+00:00,90758.89,91032.8,89774.33,90422.32,0.95276,1767959999999,86195.5248249,186,0.22284,20136.6320322,0.0
2026-01-09 12:00:00+00:00,90589.6,91981.87,89900.0,90912.56,1.54891,1767974399999,140836.7968157,313,1.22621,111567.4500296,0.0
2026-01-09 16:00:00+00:00,91188.57,91749.99,90218.36,90580.86,0.74066,1767988799999,67414.9942077,259,0.33743,30767.2474616,0.0
2026-01-09 20:00:00+00:00,90555.6,90758.88,90190.02,90498.43,0.69866,1768003199999,63195.8102404,188,0.54018,48887.8847918,0.0
2026-01-10 00:00:00+00:00,90726.52,90848.34,90415.77,90661.04,0.93997,1768017599999,85165.1672204,235,0.44946,40763.3410421,0.0
2026-01-10 04:00:00+00:00,90660.36,90759.95,90367.3,90597.85,0.82182,1768031999999,74338.7071822,128,0.10604,9611.3448337,0.0
2026-01-10 08:00:00+00:00,90719.69,90819.99,90491.35,90798.56,0.22004,1768046399999,19961.9861296,57,0.17146,15555.266701,0.0
2026-01-10 12:00:00+00:00,90791.14,90791.14,90501.28,90555.99,0.76502,1768060799999,69375.1206891,109,0.58006,52618.63627,0.0
2026-01-10 16:00:00+00:00,90564.55,90787.38,90417.73,90635.57,0.49354,1768075199999,44717.6008891,161,0.19674,17834.1604287,0.0
2026-01-10 20:00:00+00:00,90576.8,90667.98,90357.62,90433.54,0.21817,1768089599999,19761.7216979,142,0.08398,7609.3533871,0.0
2026-01-11 00:00:00+00:00,90444.88,90787.21,90444.88,90751.88,0.37845,1768103999999,34303.3939891,146,0.34201,31004.7444721,0.0
2026-01-11 04:00:00+00:00,90751.6,90858.86,90611.81,90818.98,0.65504,1768118399999,59392.0171753,124,0.07595,6895.6056447,0.0
2026-01-11 08:00:00+00:00,90688.34,90908.27,90654.03,90783.69,0.07198,1768132799999,6529.2415913,36,0.01232,1118.5640779,0.0
2026-01-11 12:00:00+00:00,90810.55,91192.47,90729.34,90840.3,0.25048,1768147199999,22781.1434192,132,0.11786,10728.3573625,0.0
2026-01-11 16:00:00+00:00,91012.69,91302.06,90685.87,90685.87,0.35529,1768161599999,32335.7436282,159,0.19811,18050.1803014,0.0
2026-01-11 20:00:00+00:00,90687.27,91023.45,90396.56,90982.41,0.36355,1768175999999,32987.9478594,195,0.2113,19198.8222181,0.0
2026-01-12 00:00:00+00:00,90982.41,92470.88,90704.31,92043.85,2.22386,1768190399999,204328.950543,416,1.65696,152155.7412694,0.0
2026-01-12 04:00:00+00:00,92036.52,92370.17,91592.96,91716.86,0.4003,1768204799999,36865.8846632,149,0.18427,17008.0954679,0.0
2026-01-12 08:00:00+00:00,91544.75,91644.37,90500.0,90541.09,0.21728,1768219199999,19771.0054866,128,0.10764,9812.9280582,0.0
2026-01-12 12:00:00+00:00,90767.3,91625.07,90229.12,91625.07,1.16645,1768233599999,105693.4337986,254,0.9539,86451.3827105,0.0
2026-01-12 16:00:00+00:00,91657.98,92330.63,91046.69,91847.37,5.1964,1768247999999,476879.6508248,519,2.68482,245643.2782382,0.0
2026-01-12 20:00:00+00:00,91898.46,92004.69,90945.96,91258.72,3.70994,1768262399999,339965.8047371,454,0.27096,24774.8392927,0.0
2026-01-13 00:00:00+00:00,91306.98,91562.83,91057.81,91407.46,0.44084,1768276799999,40262.5965482,299,0.23379,21367.967425,0.0
2026-01-13 04:00:00+00:00,91402.69,92241.23,91351.03,92090.5,0.88587,1768291199999,81395.0627094,436,0.52048,47821.878075,0.0
2026-01-13 08:00:00+00:00,91943.61,92627.91,91930.0,91976.62,2.36311,1768305599999,217887.6679428,218,2.20619,203426.1563679,0.0
2026-01-13 12:00:00+00:00,92000.65,93440.26,91768.3,93440.26,6.83875,1768319999999,632878.0212668,618,5.18405,479567.071068,0.0
2026-01-13 16:00:00+00:00,93456.78,94223.77,93158.5,94219.9,8.58133,1768334399999,802313.357618,884,4.52849,423975.8415798,0.0
2026-01-13 20:00:00+00:00,94142.53,96052.22,94052.59,95389.66,8.31287,1768348799999,791566.0617844,1086,3.85559,366619.5675513,0.0
2026-01-14 00:00:00+00:00,95511.29,95647.37,95089.77,95647.37,1.2296,1768363199999,117365.4828346,558,0.63773,60883.5483689,0.0
2026-01-14 04:00:00+00:00,95686.39,95780.14,94595.26,95227.4,0.81433,1768377599999,77429.7995053,343,0.33113,31497.5920386,0.0
2026-01-14 08:00:00+00:00,95227.39,95286.55,94744.03,94802.3,0.59726,1768391999999,56817.688088,159,0.0571,5427.7006584,0.0
2026-01-14 12:00:00+00:00,94987.35,97093.73,94705.72,96660.97,9.05105,1768406399999,871367.0491835,799,4.23472,407023.5804042,0.0
2026-01-14 16:00:00+00:00,96547.01,97744.22,96298.37,97548.44,11.93536,1768420799999,1159450.9281904,1095,9.05282,879543.9502855,0.0
2026-01-14 20:00:00+00:00,97544.81,97891.41,96713.99,97013.66,3.04359,1768435199999,295767.2038545,462,0.90041,87524.4140309,0.0
2026-01-15 00:00:00+00:00,96970.71,96988.67,95069.0,95857.97,7.93962,1768449599999,763066.1803799,852,3.2948,316936.2997921,0.0
2026-01-15 04:00:00+00:00,95938.94,96680.55,95858.51,96635.56,2.17897,1768463999999,209208.0746364,245,1.92519,184750.8766168,0.0
2026-01-15 08:00:00+00:00,96600.97,97130.24,96323.54,96645.33,0.39845,1768478399999,38575.5964486,222,0.33514,32455.7039059,0.0
2026-01-15 12:00:00+00:00,96645.32,97162.69,95514.48,96713.99,3.96676,1768492799999,380731.8814235,487,0.2943,28393.974768,0.0
2026-01-15 16:00:00+00:00,96739.82,97091.08,95236.21,95583.31,4.45407,1768507199999,428839.9463776,509,3.97092,382565.2400259,0.0
2026-01-15 20:00:00+00:00,95451.58,95801.99,95146.42,95583.08,2.99859,1768521599999,286111.5404928,413,0.90331,86290.9347625,0.0
2026-01-16 00:00:00+00:00,95586.35,95774.77,95335.03,95410.61,0.94041,1768535999999,89806.8207433,269,0.33581,32109.1625485,0.0
2026-01-16 04:00:00+00:00,95409.72,95828.83,95123.01,95711.17,0.86029,1768550399999,82139.4321257,269,0.22835,21823.1790741,0.0
2026-01-16 08:00:00+00:00,95655.92,95859.81,95259.98,95449.84,0.17424,1768564799999,16641.0127024,128,0.07047,6733.5601456,0.0
2026-01-16 12:00:00+00:00,95417.61,95739.73,94281.12,94586.35,1.07389,1768579199999,102032.7069604,394,0.26589,25329.5274626,0.0
2026-01-16 16:00:00+00:00,94724.57,95227.39,94483.95,95006.92,1.00976,1768593599999,95988.9746453,298,0.82358,78339.2010108,0.0
2026-01-16 20:00:00+00:00,94978.46,95588.77,94676.42,95571.68,5.38473,1768607999999,513860.226955,354,2.68622,256370.4762187,0.0
2026-01-17 00:00:00+00:00,95562.89,95573.46,95224.4,95379.46,2.09586,1768622399999,199930.4102733,237,1.06854,101927.1985064,0.0
2026-01-17 04:00:00+00:00,95361.7,95383.38,95060.97,95077.62,3.16803,1768636799999,301822.2259653,159,1.17418,111849.7491688,0.0
2026-01-17 08:00:00+00:00,95088.68,95298.61,95044.61,95294.6,0.91536,1768651199999,87137.949831,74,0.39963,38038.2500771,0.0
2026-01-17 12:00:00+00:00,95307.97,95642.81,95190.58,95580.08,3.62522,1768665599999,346100.2653849,188,2.15712,205967.6859158,0.0
2026-01-17 16:00:00+00:00,95572.44,95572.44,95216.09,95317.99,5.44189,1768679999999,519196.5312333,231,3.52747,336567.755912,0.0
2026-01-17 20:00:00+00:00,95296.68,95387.03,95050.0,95139.13,3.36198,1768694399999,320272.4328002,205,1.4183,135062.1239842,0.0
2026-01-18 00:00:00+00:00,95143.44,95248.49,94800.04,95191.42,2.56463,1768708799999,243690.2528857,218,1.49538,142107.5327235,0.0
2026-01-18 04:00:00+00:00,95155.53,95220.05,95035.02,95043.2,0.91007,1768723199999,86565.2637929,114,0.4773,45400.8729955,0.0
2026-01-18 08:00:00+00:00,95038.26,95292.44,95019.99,95242.89,0.66334,1768737599999,63147.1850863,67,0.33021,31425.3381655,0.0
2026-01-18 12:00:00+00:00,95241.4,95338.11,94898.87,95062.58,4.08019,1768751999999,388088.5361782,162,3.26783,310888.5868191,0.0
2026-01-18 16:00:00+00:00,95105.63,95514.46,95066.28,95377.13,2.94532,1768766399999,280582.9977709,247,1.00479,95776.164964,0.0
2026-01-18 20:00:00+00:00,95359.76,95529.16,93591.22,93752.57,4.9985,1768780799999,472757.7172984,440,2.58939,244563.0578287,0.0
2026-01-19 00:00:00+00:00,93675.57,93675.57,92000.0,92678.77,7.56946,1768795199999,702106.6516371,643,4.20891,390072.8736237,0.0
2026-01-19 04:00:00+00:00,92613.58,92838.86,92499.25,92838.86,1.36623,1768809599999,126550.721753,215,0.46279,42869.2966258,0.0
2026-01-19 08:00:00+00:00,92811.86,93351.89,92718.41,93194.87,2.77952,1768823999999,258697.4148957,144,1.43559,133635.3140478,0.0
2026-01-19 12:00:00+00:00,93160.03,93215.73,92715.71,93061.4,4.08723,1768838399999,380080.466445,215,2.19706,204286.6156813,0.0
2026-01-19 16:00:00+00:00,93064.57,93406.11,92942.74,93106.92,1.89509,1768852799999,176518.2235804,190,0.89053,82931.7206381,0.0
2026-01-19 20:00:00+00:00,93186.59,93336.89,92162.73,92628.77,4.03168,1768867199999,373320.5805274,288,2.64797,245079.3273014,0.0
2026-01-20 00:00:00+00:00,92628.77,92862.51,92298.48,92428.3,4.56923,1768881599999,423002.7279391,302,1.7493,161972.6584969,0.0
2026-01-20 04:00:00+00:00,92385.83,92475.14,90811.69,91193.46,15.21067,1768895999999,1389207.3415201,476,8.72823,796824.4120462,0.0
2026-01-20 08:00:00+00:00,91149.28,91455.92,90699.0,91220.24,9.10818,1768910399999,829181.6547355,197,3.1626,288091.1096738,0.0
2026-01-20 12:00:00+00:00,91231.1,91328.8,89878.6,90614.82,32.25048,1768924799999,2923903.8126079,643,15.1259,1372308.9279594,0.0
2026-01-20 16:00:00+00:00,90767.82,90970.0,89296.43,89728.27,15.99214,1768939199999,1437232.4354392,453,4.81984,433240.9985706,0.0
2026-01-20 20:00:00+00:00,89614.46,89853.49,87952.88,88416.88,8.32774,1768953599999,741855.0441472,446,2.30261,206280.3859249,0.0
2026-01-21 00:00:00+00:00,88431.3,89602.51,88282.78,89429.68,8.41117,1768967999999,749628.5229612,329,5.98534,533518.4878577,0.0
2026-01-21 04:00:00+00:00,89422.82,90097.06,89116.84,89170.95,8.57808,1768982399999,769511.8104297,263,3.52328,315164.9220814,0.0
2026-01-21 08:00:00+00:00,89216.49,89469.84,88752.8,88799.03,7.9689,1768996799999,710097.9575856,208,2.26351,201974.4557223,0.0
2026-01-21 12:00:00+00:00,88775.38,90525.35,88213.91,90218.28,40.18068,1769011199999,3593175.4413525,690,23.44984,2101561.6560115,0.0
2026-01-21 16:00:00+00:00,90381.21,90452.05,87270.38,90354.73,16.65045,1769025599999,1465455.8655195,701,7.68904,675604.831982,0.0
2026-01-21 20:00:00+00:00,90244.01,90418.82,89307.09,89615.97,2.77142,1769039999999,249249.2616874,252,1.68613,151710.8206638,0.0
2026-01-22 00:00:00+00:00,89611.29,90412.12,89336.25,89955.55,0.80585,1769054399999,72586.0062216,256,0.57815,52102.2306365,0.0
2026-01-22 04:00:00+00:00,90138.15,90266.85,89752.62,90039.87,0.64661,1769068799999,58191.0765588,118,0.24649,22223.7013291,0.0
2026-01-22 08:00:00+00:00,90033.33,90265.1,89762.01,89900.03,0.67019,1769083199999,60373.6223787,47,0.16548,14909.1273663,0.0
2026-01-22 12:00:00+00:00,89900.01,90302.19,88537.08,89021.06,2.98086,1769097599999,266215.0154827,239,1.14743,102425.5376375,0.0
2026-01-22 16:00:00+00:00,89101.58,89917.73,88752.85,89853.06,2.03478,1769111999999,181499.9571129,234,0.48442,43303.9060374,0.0
2026-01-22 20:00:00+00:00,89684.95,89956.82,89174.48,89579.27,1.74408,1769126399999,155999.8594831,196,1.09964,98393.9482711,0.0
2026-01-23 00:00:00+00:00,89580.02,89987.1,89450.57,89893.95,1.33724,1769140799999,119906.1319558,202,0.77799,69784.4397901,0.0
2026-01-23 04:00:00+00:00,89923.78,90073.02,89400.0,89621.5,1.07861,1769155199999,96759.0058172,163,0.68156,61175.4524823,0.0
2026-01-23 08:00:00+00:00,89563.56,89639.61,88900.0,89198.93,2.55841,1769169599999,228195.1601865,155,0.94777,84558.0405275,0.0
2026-01-23 12:00:00+00:00,89233.96,89857.98,88603.57,89657.07,9.41851,1769183999999,841963.7795152,311,4.34298,388535.641785,0.0
2026-01-23 16:00:00+00:00,89715.46,91237.15,89527.13,90003.57,8.98135,1769198399999,810360.5689931,470,4.83279,435606.0681438,0.0
2026-01-23 20:00:00+00:00,89961.43,90199.96,89250.0,89626.83,2.17034,1769212799999,194530.6995881,205,1.0814,97000.0284847,0.0
2026-01-24 00:00:00+00:00,89589.59,89932.85,89427.24,89792.0,0.65447,1769227199999,58698.9380842,199,0.40209,36079.2965171,0.0
2026-01-24 04:00:00+00:00,89782.64,89851.86,89564.25,89630.81,3.14618,1769241599999,282194.5433719,131,0.62547,56119.2532348,0.0
2026-01-24 08:00:00+00:00,89643.48,89687.09,89561.22,89616.37,0.15435,1769255999999,13839.0471864,59,0.03546,3178.7398229,0.0
2026-01-24 12:00:00+00:00,89579.66,89610.2,89209.44,89290.48,0.96935,1769270399999,86668.3644966,143,0.35037,31342.1700455,0.0
2026-01-24 16:00:00+00:00,89310.31,89458.9,89176.0,89349.55,0.9563,1769284799999,85419.1041637,151,0.64039,57191.4787177,0.0
2026-01-24 20:00:00+00:00,89349.0,89484.21,89272.04,89272.04,0.75018,1769299199999,67037.2379073,122,0.49485,44224.3662292,0.0
2026-01-25 00:00:00+00:00,89248.83,89334.27,88873.31,88955.36,1.4316,1769313599999,127604.9274183,371,0.87983,78412.385617,0.0
2026-01-25 04:00:00+00:00,88957.68,89107.45,88645.22,88666.59,0.9554,1769327999999,84923.6741777,141,0.66495,59108.9665493,0.0
2026-01-25 08:00:00+00:00,88645.23,88748.03,88136.75,88565.18,0.80569,1769342399999,71331.7200378,113,0.58052,51401.0897957,0.0
2026-01-25 12:00:00+00:00,88579.15,88999.64,88406.54,88406.54,2.53897,1769356799999,225220.9284892,209,0.92056,81719.361522,0.0
2026-01-25 16:00:00+00:00,88456.31,88456.31,86207.42,86584.69,15.01087,1769371199999,1311488.1028789,602,6.2775,550009.8909943,0.0
2026-01-25 20:00:00+00:00,86529.66,87000.0,86094.07,86649.27,8.15314,1769385599999,705204.4390253,423,4.44038,384327.9139865,0.0
2026-01-26 00:00:00+00:00,86656.43,87952.88,86526.88,87136.51,8.84861,1769399999999,773663.3987163,443,5.07714,443852.3071046,0.0
2026-01-26 04:00:00+00:00,87306.27,88134.55,87225.68,88040.35,1.73254,1769414399999,152181.5076316,228,1.0252,90093.678852,0.0
2026-01-26 08:00:00+00:00,88035.57,88382.23,87600.0,87837.5,1.51697,1769428799999,133460.7974031,158,0.64567,56821.6133504,0.0
2026-01-26 12:00:00+00:00,87917.41,88883.79,87341.47,87655.24,10.07297,1769443199999,887100.4954179,342,3.49432,307695.5327439,0.0
2026-01-26 16:00:00+00:00,87713.42,88521.83,87098.75,88023.71,5.30271,1769457599999,465461.2012832,342,3.64236,319892.6042266,0.0
2026-01-26 20:00:00+00:00,88034.96,88660.07,87543.62,88357.77,3.42961,1769471999999,302033.8068974,251,2.14125,188503.6159306,0.0
2026-01-27 00:00:00+00:00,88368.81,88892.0,88174.48,88790.85,1.202,1769486399999,106497.9970598,227,0.6995,61988.2570007,0.0
2026-01-27 04:00:00+00:00,88768.54,88988.0,88311.46,88366.18,0.88258,1769500799999,78155.5947349,140,0.65961,58408.3031565,0.0
2026-01-27 08:00:00+00:00,88369.06,88393.61,87781.02,88014.87,0.37986,1769515199999,33410.8356622,82,0.28894,25414.5540272,0.0
2026-01-27 12:00:00+00:00,87948.18,88449.14,87603.0,87931.96,4.05849,1769529599999,356597.7592357,188,0.99329,87422.0359597,0.0
2026-01-27 16:00:00+00:00,88074.36,88800.0,87320.26,88424.77,5.50451,1769543999999,485673.6843421,327,3.67003,323986.5801661,0.0
2026-01-27 20:00:00+00:00,88422.64,89535.66,88422.64,89260.5,6.21014,1769558399999,553929.0417032,396,3.13099,279420.8235763,0.0
2026-01-28 00:00:00+00:00,89226.8,89505.04,89000.0,89135.1,1.92828,1769572799999,172129.1245639,271,1.00738,89910.9713746,0.0
2026-01-28 04:00:00+00:00,89032.09,89388.89,88860.19,89170.07,1.79634,1769587199999,160108.4662697,185,1.0335,92121.0100098,0.0
2026-01-28 08:00:00+00:00,89125.19,90142.86,88881.85,90095.7,3.00596,1769601599999,269619.4442978,211,1.79088,160804.9692745,0.0
2026-01-28 12:00:00+00:00,90028.92,90468.35,88938.78,89534.61,4.7071,1769615999999,423660.7461886,401,2.65258,238927.3536449,0.0
2026-01-28 16:00:00+00:00,89532.5,90561.14,89018.4,89435.81,11.07245,1769630399999,994484.0549954,487,5.1802,464933.6354617,0.0
2026-01-28 20:00:00+00:00,89350.0,89846.56,88881.9,89249.46,4.11071,1769644799999,366705.234487,294,1.30944,116950.7429745,0.0
2026-01-29 00:00:00+00:00,89283.05,89285.78,87705.28,88034.24,5.08909,1769659199999,449913.3452468,441,3.11611,275596.2231069,0.0
2026-01-29 04:00:00+00:00,88071.89,88426.62,87942.48,88328.31,1.65089,1769673599999,145606.8213527,178,0.83558,73732.0716235,0.0
2026-01-29 08:00:00+00:00,88298.79,88449.14,87748.58,87763.22,1.2056,1769687999999,106034.1268095,109,0.45467,40008.3593668,0.0
2026-01-29 12:00:00+00:00,87854.97,89000.0,84382.0,84885.56,17.56102,1769702399999,1528313.8027006,790,4.56021,399905.478946,0.0
2026-01-29 16:00:00+00:00,84770.71,85648.03,83386.1,83999.39,14.17882,1769716799999,1195192.184936,696,4.15345,350951.9942802,0.0
2026-01-29 20:00:00+00:00,84035.67,84746.51,83680.4,84684.39,12.85205,1769731199999,1080139.9492492,392,3.52703,297166.722652,0.0
2026-01-30 00:00:00+00:00,84719.4,84737.88,81143.63,82726.09,10.80257,1769745599999,894091.7264689,757,3.07927,255447.6085383,0.0
2026-01-30 04:00:00+00:00,82737.52,83330.15,82030.09,82936.12,1.80341,1769759999999,149392.1840037,286,0.43316,35949.1128082,0.0
2026-01-30 08:00:00+00:00,82823.13,83273.13,82191.08,83206.93,3.2549,1769774399999,268490.0707442,187,0.42118,34805.8607148,0.0
2026-01-30 12:00:00+00:00,83247.32,83796.03,82428.91,83059.34,3.93556,1769788799999,326586.9876542,295,0.48972,40652.1716456,0.0
2026-01-30 16:00:00+00:00,82872.38,84587.98,81928.83,84360.89,4.1311,1769803199999,345238.4379386,508,2.17189,182112.8717954,0.0
2026-01-30 20:00:00+00:00,84208.18,84500.0,83544.16,84240.31,6.53775,1769817599999,549051.9113104,315,1.22873,103394.1368888,0.0
2026-01-31 00:00:00+00:00,84200.0,84259.18,83855.36,84052.18,1.87945,1769831999999,158024.694832,233,0.871,73277.470338,0.0
2026-01-31 04:00:00+00:00,84053.87,84166.43,83420.0,83519.39,1.75522,1769846399999,147186.9343069,217,0.43533,36539.6867459,0.0
2026-01-31 08:00:00+00:00,83527.89,83614.57,82580.8,82906.07,1.54756,1769860799999,128574.5084865,156,0.3798,31558.6810659,0.0
2026-01-31 12:00:00+00:00,83025.16,83151.04,80845.65,81317.82,5.963,1769875199999,485941.6328024,496,3.20933,261448.222418,0.0
2026-01-31 16:00:00+00:00,81315.49,82193.3,75700.64,77805.78,27.01899,1769889599999,2138327.2831615,1458,11.10587,876754.257255,0.0
2026-01-31 20:00:00+00:00,77745.09,79273.6,77095.23,78805.8,6.79632,1769903999999,529817.9103631,466,2.92141,227898.6387348,0.0
2026-02-01 00:00:00+00:00,78757.93,79392.0,78329.05,78901.16,2.62634,1769918399999,207339.8499446,308,1.05126,82950.2191386,0.0
2026-02-01 04:00:00+00:00,78866.46,79102.33,77999.55,78366.76,1.81636,1769932799999,142680.4555795,247,0.92911,72997.9114818,0.0
2026-02-01 08:00:00+00:00,78484.65,79225.04,78182.25,78831.53,1.90774,1769947199999,150225.6101115,155,1.17812,92776.6380419,0.0
2026-02-01 12:00:00+00:00,78747.37,78750.9,76789.16,77869.07,4.6636,1769961599999,363573.4538636,409,1.85099,144113.9133457,0.0
2026-02-01 16:00:00+00:00,77555.58,78407.08,77000.0,77200.12,9.41682,1769975999999,729647.1528012,454,6.09594,471843.3241145,0.0
2026-02-01 20:00:00+00:00,77123.39,77750.65,75753.24,76934.4,22.84252,1769990399999,1758045.8647859,647,11.10687,854954.59952,0.0
2026-02-02 00:00:00+00:00,77040.76,78127.8,74619.83,76258.14,15.075,1770004799999,1145518.6477498,856,4.66683,355573.2783746,0.0
2026-02-02 04:00:00+00:00,76181.05,76943.5,74944.76,76705.11,6.6608,1770019199999,505772.7619235,392,3.01939,229278.0140872,0.0
2026-02-02 08:00:00+00:00,76682.17,77950.0,76672.11,77733.94,6.15572,1770033599999,476418.5939978,220,3.48315,269826.7184389,0.0
2026-02-02 12:00:00+00:00,77765.8,79358.24,77636.39,78916.77,17.10142,1770047999999,1338562.0547732,746,8.09206,634212.4325122,0.0
2026-02-02 16:00:00+00:00,78931.84,79258.39,78304.82,78353.7,9.26256,1770062399999,728790.9074552,352,2.96815,233406.1409167,0.0
2026-02-02 20:00:00+00:00,78278.82,78956.6,77914.53,78794.56,12.44735,1770076799999,974615.6798823,389,4.72736,370369.56204,0.0
2026-02-03 00:00:00+00:00,78684.71,79163.46,77647.55,78858.39,4.30361,1770091199999,337727.5752365,430,1.31001,102941.1360215,0.0
2026-02-03 04:00:00+00:00,78768.59,79012.41,77966.48,78793.64,2.46931,1770105599999,194033.6132404,205,0.54909,43112.05305,0.0
2026-02-03 08:00:00+00:00,78866.22,79066.0,77958.03,78198.51,1.4065,1770119999999,110193.0241623,161,0.72911,57098.4627455,0.0
2026-02-03 12:00:00+00:00,78103.24,78430.4,77048.41,78126.73,2.47787,1770134399999,193129.448814,346,1.44382,112667.9079169,0.0
2026-02-03 16:00:00+00:00,77981.24,77981.24,72979.63,75051.43,21.59741,1770148799999,1612633.2695786,1354,8.81153,656538.4406669,0.0
2026-02-03 20:00:00+00:00,75144.5,76925.98,74614.33,75751.88,10.46574,1770163199999,792959.5855456,469,6.09369,462703.0884912,0.0
2026-02-04 00:00:00+00:00,75640.66,76952.65,75457.53,76753.66,3.54319,1770177599999,270321.0436337,324,2.54081,193891.8937607,0.0
2026-02-04 04:00:00+00:00,76697.18,76841.66,76116.34,76525.29,1.19295,1770191999999,91329.9311512,192,0.48042,36792.6662601,0.0
2026-02-04 08:00:00+00:00,76480.45,76600.46,75684.31,76038.3,1.20491,1770206399999,91859.6508654,184,0.74392,56737.7455694,0.0
2026-02-04 12:00:00+00:00,76051.27,76268.06,73827.6,74157.14,8.55443,1770220799999,640276.847779,720,2.34117,175479.8724679,0.0
2026-02-04 16:00:00+00:00,74182.43,74258.21,72209.96,73894.73,20.97453,1770235199999,1536680.092174,766,2.91987,214240.9058857,0.0
2026-02-04 20:00:00+00:00,73903.65,74127.39,71863.74,73160.68,18.91734,1770249599999,1385887.8931099,621,2.26203,165096.294103,0.0
2026-02-05 00:00:00+00:00,73152.73,73317.57,71190.41,71237.36,6.70606,1770263999999,482350.5205701,570,2.7516,197854.4039066,0.0
2026-02-05 04:00:00+00:00,71256.5,71636.72,70155.45,70677.4,10.24299,1770278399999,725635.9889001,1091,3.77993,268069.4400092,0.0
2026-02-05 08:00:00+00:00,70807.0,71955.87,69912.52,70352.02,4.13295,1770292799999,293299.701486,552,1.5,106921.2964737,0.0
2026-02-05 12:00:00+00:00,70363.35,70842.76,66749.05,67495.94,24.74619,1770307199999,1690611.6329671,1631,8.33661,574025.8587258,0.0
2026-02-05 16:00:00+00:00,67444.1,68639.35,65222.4,65297.1,22.47147,1770321599999,1506171.8553541,1840,11.4404,765726.8137972,0.0
2026-02-05 20:00:00+00:00,65312.65,65668.71,62345.0,62754.09,29.26107,1770335999999,1866346.9089563,1776,14.24539,910982.3532835,0.0
2026-02-06 00:00:00+00:00,63049.1,66044.93,60075.49,64211.94,22.41254,1770350399999,1408349.3288607,1932,12.49398,786420.9061369,0.0
2026-02-06 04:00:00+00:00,64185.28,66805.95,63935.9,64845.34,8.45745,1770364799999,555014.9378431,831,2.91111,191476.1920419,0.0
2026-02-06 08:00:00+00:00,64729.88,66747.27,64517.95,66583.24,2.76833,1770379199999,182595.5237719,327,2.1749,143684.9993081,0.0
2026-02-06 12:00:00+00:00,66566.22,69140.77,66229.78,68618.71,11.92157,1770393599999,810066.8040073,1111,5.11875,347322.455793,0.0
2026-02-06 16:00:00+00:00,68639.2,71500.0,68415.59,70789.35,12.54774,1770407999999,879320.3424122,1370,5.88339,412639.8782539,0.0
2026-02-06 20:00:00+00:00,70715.25,71679.58,69858.1,70588.22,12.28023,1770422399999,866494.2117971,704,5.49889,387777.3246868,0.0
2026-02-07 00:00:00+00:00,70581.27,70926.67,69720.0,70926.67,2.66441,1770436799999,186940.4901247,436,2.10134,147297.8409598,0.0
2026-02-07 04:00:00+00:00,70863.6,71904.0,67382.95,68150.33,9.17673,1770451199999,638869.4942549,883,5.89101,410746.7001478,0.0
2026-02-07 08:00:00+00:00,68040.27,68803.38,67698.13,67988.25,4.22152,1770465599999,288184.4880647,226,2.15754,147457.2849326,0.0
2026-02-07 12:00:00+00:00,67916.12,69967.26,67916.12,69123.8,3.65212,1770479999999,252370.8736102,506,3.06472,211763.2497549,0.0
2026-02-07 16:00:00+00:00,69201.14,69952.69,68615.6,69342.73,3.86827,1770494399999,268619.5266179,401,2.91095,202198.7591178,0.0
2026-02-07 20:00:00+00:00,69377.89,69701.4,68861.93,69310.38,2.99156,1770508799999,207651.831498,286,1.18891,82557.0611896,0.0
2026-02-08 00:00:00+00:00,69313.99,69679.74,68900.0,69076.27,2.04189,1770523199999,141291.0893955,238,1.92234,133013.8835972,0.0
2026-02-08 04:00:00+00:00,69117.05,69700.0,69000.0,69700.0,0.67381,1770537599999,46701.7634572,165,0.52352,36282.1133565,0.0
2026-02-08 08:00:00+00:00,69650.41,71171.45,69577.1,70978.1,2.62357,1770551999999,185314.7729948,317,1.24422,87724.7633831,0.0
2026-02-08 12:00:00+00:00,70955.72,71570.17,70746.33,71141.2,2.83176,1770566399999,201560.6222829,283,1.97255,140344.5239441,0.0
2026-02-08 16:00:00+00:00,71134.97,71525.39,70277.25,71427.09,1.7916,1770580799999,127331.8654017,265,1.07146,76088.6085816,0.0
2026-02-08 20:00:00+00:00,71310.08,72250.87,70000.01,70315.68,4.91865,1770595199999,350018.9933488,442,2.7079,193316.8559785,0.0
2026-02-09 00:00:00+00:00,70394.02,71468.47,70063.4,71232.02,1.61718,1770609599999,114139.4531285,325,1.31074,92465.8089772,0.0
2026-02-09 04:00:00+00:00,71298.61,71298.61,70350.87,70481.38,1.40825,1770623999999,99807.3481738,209,0.91119,64631.5217553,0.0
2026-02-09 08:00:00+00:00,70434.29,70581.71,68452.45,68879.81,1.94543,1770638399999,135345.9006429,284,0.75173,52228.5789622,0.0
2026-02-09 12:00:00+00:00,68904.52,69940.25,68327.96,69569.44,3.4248,1770652799999,236484.5898073,277,2.75625,190359.2951807,0.0
2026-02-09 16:00:00+00:00,69569.44,71050.84,69171.45,70894.77,2.86856,1770667199999,201794.3868687,491,2.47439,174067.4569552,0.0
2026-02-09 20:00:00+00:00,70843.91,71081.77,69858.1,70120.2,2.55664,1770681599999,180395.3883081,204,1.92494,135979.7807151,0.0
2026-02-10 00:00:00+00:00,70176.91,70500.24,69247.61,69515.31,2.18463,1770695999999,152407.1848621,308,1.84009,128369.8091006,0.0
2026-02-10 04:00:00+00:00,69549.39,69859.07,68685.13,68932.99,1.11611,1770710399999,77415.2013898,311,0.38425,26739.820062,0.0
2026-02-10 08:00:00+00:00,68969.93,69375.0,68489.87,68558.8,1.04263,1770724799999,71888.5029227,155,0.25084,17290.4378609,0.0
2026-02-10 12:00:00+00:00,68663.23,69627.2,67932.62,69312.6,1.33348,1770739199999,91718.3915201,372,1.02488,70534.0256874,0.0
2026-02-10 16:00:00+00:00,69312.6,69991.5,68677.36,69052.61,2.01195,1770753599999,139619.9911063,449,1.0146,70241.8160603,0.0
2026-02-10 20:00:00+00:00,69090.4,69116.49,68390.01,68837.86,1.15539,1770767999999,79423.4856579,224,0.95469,65631.1739098,0.0
2026-02-11 00:00:00+00:00,68853.63,69292.1,68035.18,68162.83,1.39185,1770782399999,95568.9374919,318,0.80076,55017.2615657,0.0
2026-02-11 04:00:00+00:00,68202.83,68295.71,66581.67,67044.71,3.28835,1770796799999,221142.540769,400,1.59711,107551.5038806,0.0
2026-02-11 08:00:00+00:00,67050.43,67086.89,66396.66,67054.41,0.87353,1770811199999,58319.9332212,169,0.53452,35716.7304252,0.0
2026-02-11 12:00:00+00:00,67055.12,68811.12,65760.38,66626.03,6.45097,1770825599999,430723.4278622,660,3.08564,207018.8124131,0.0
2026-02-11 16:00:00+00:00,66510.11,67851.89,65892.43,67540.12,3.40986,1770839999999,227419.869126,571,2.04527,136460.1601597,0.0
2026-02-11 20:00:00+00:00,67560.04,68298.9,66799.59,67087.89,4.85369,1770854399999,328302.1213532,657,2.61591,177417.7672042,0.0
2026-02-12 00:00:00+00:00,67060.2,68051.53,67057.89,67574.83,2.77082,1770868799999,187159.7145188,551,2.00528,135401.017683,0.0
2026-02-12 04:00:00+00:00,67524.67,67723.11,66673.97,67142.89,0.9253,1770883199999,62200.8500949,298,0.54116,36356.9608781,0.0
2026-02-12 08:00:00+00:00,67227.39,68269.68,66889.23,68170.59,0.58715,1770897599999,39704.7977961,250,0.30848,20855.6541002,0.0
2026-02-12 12:00:00+00:00,68069.73,68405.77,67053.72,67098.64,3.41077,1770911999999,230921.9932984,795,1.32543,89940.7437018,0.0
2026-02-12 16:00:00+00:00,67138.42,67224.96,65134.18,65781.58,7.04094,1770926399999,465151.0585454,780,3.73919,246900.3428594,0.0
2026-02-12 20:00:00+00:00,65755.39,66487.11,65204.54,66252.28,3.86308,1770940799999,254403.7504236,546,2.95756,194737.3211749,0.0
2026-02-13 00:00:00+00:00,66253.16,66804.08,65867.89,66477.52,2.30491,1770955199999,152943.0009663,462,1.5844,105099.505727,0.0
2026-02-13 04:00:00+00:00,66576.59,66685.6,66038.45,66176.76,1.07659,1770969599999,71405.6605369,378,0.68001,45098.878991,0.0
2026-02-13 08:00:00+00:00,66238.3,67188.93,66222.56,67165.21,0.64063,1770983999999,42778.0908743,193,0.38711,25831.5760454,0.0
2026-02-13 12:00:00+00:00,67167.6,69278.83,66877.68,68636.76,8.31738,1770998399999,562044.9258408,722,3.97319,269279.3901113,0.0
2026-02-13 16:00:00+00:00,68717.18,69441.45,68607.54,68931.86,4.93575,1771012799999,340941.3033209,634,2.24654,155213.8825804,0.0
2026-02-13 20:00:00+00:00,68899.04,69061.02,68690.52,68866.62,2.59333,1771027199999,178686.9240729,398,1.45985,100538.801149,0.0
2026-02-14 00:00:00+00:00,68872.16,69132.45,68801.73,68993.96,0.69111,1771041599999,47662.4945868,233,0.56092,38681.1740833,0.0
2026-02-14 04:00:00+00:00,68958.76,69327.41,68755.06,69227.92,0.52741,1771055999999,36398.6060572,186,0.28633,19753.8327437,0.0
2026-02-14 08:00:00+00:00,69197.53,70543.95,69197.53,70479.93,1.80535,1771070399999,126616.4525029,350,0.53641,37554.3680716,0.0
2026-02-14 12:00:00+00:00,70473.8,70532.94,69266.16,69789.59,1.17272,1771084799999,81653.7889607,374,0.69764,48585.416465,0.0
2026-02-14 16:00:00+00:00,69783.87,69901.54,69317.34,69840.48,6.68331,1771099199999,464490.6257476,275,5.95288,413675.8252594,0.0
2026-02-14 20:00:00+00:00,69855.36,70251.8,69679.21,69840.4,2.46624,1771113599999,172607.5691115,273,0.92371,64634.9482732,0.0
2026-02-15 00:00:00+00:00,69850.29,69963.67,69284.35,69918.42,1.34741,1771127999999,93839.2356951,295,0.9062,63105.752049,0.0
2026-02-15 04:00:00+00:00,69999.56,70897.97,69856.08,70768.9,2.06982,1771142399999,145638.9530644,304,1.14661,80750.9433281,0.0
2026-02-15 08:00:00+00:00,70809.85,70968.62,70215.73,70282.4,2.70631,1771156799999,190657.8673415,153,0.54951,38789.7206225,0.0
2026-02-15 12:00:00+00:00,70313.92,70374.54,68800.0,69108.09,2.49184,1771171199999,172709.1705531,348,1.03567,71681.6137766,0.0
2026-02-15 16:00:00+00:00,69090.55,69090.55,68074.56,68314.51,3.59786,1771185599999,246613.5531787,428,1.81627,124561.9978704,0.0
2026-02-15 20:00:00+00:00,68278.28,69070.85,68176.72,68817.98,1.7795,1771199999999,121973.9701626,381,1.03635,70978.5583574,0.0
2026-02-16 00:00:00+00:00,68779.35,69031.57,68182.18,68407.74,0.61968,1771214399999,42581.5435865,237,0.51238,35228.7854781,0.0
2026-02-16 04:00:00+00:00,68454.88,68881.9,68239.91,68582.97,0.25357,1771228799999,17400.0609847,138,0.20244,13889.1635969,0.0
2026-02-16 08:00:00+00:00,68638.37,69049.59,68378.96,68837.21,0.29266,1771243199999,20104.289896,116,0.20898,14349.0377345,0.0
2026-02-16 12:00:00+00:00,68848.57,70061.79,67338.32,67572.5,1.62914,1771257599999,111740.8850687,481,0.83945,57631.2220537,0.0
2026-02-16 16:00:00+00:00,67565.85,68234.43,67539.83,67903.02,1.27719,1771271999999,86763.0070049,243,0.99395,67515.9005622,0.0
2026-02-16 20:00:00+00:00,67940.78,68978.75,67856.42,68833.27,1.3004,1771286399999,89234.379659,293,0.80202,55020.0271276,0.0
2026-02-17 00:00:00+00:00,68861.26,69207.84,68398.15,68455.72,0.56336,1771300799999,38795.4110177,260,0.42589,29326.4553461,0.0
2026-02-17 04:00:00+00:00,68472.56,68649.38,67932.61,68405.78,0.62526,1771315199999,42753.299429,171,0.37634,25744.4934495,0.0
2026-02-17 08:00:00+00:00,68487.69,68487.69,67722.59,67846.69,0.25781,1771329599999,17516.8013393,78,0.15753,10702.6259954,0.0
2026-02-17 12:00:00+00:00,67856.19,68342.45,66600.0,67306.19,1.95131,1771343999999,131321.4908011,425,1.22855,82645.8373173,0.0
2026-02-17 16:00:00+00:00,67416.72,68249.99,66904.75,67827.89,2.41497,1771358399999,163480.7973025,550,1.62794,110161.4375622,0.0
2026-02-17 20:00:00+00:00,67788.62,67895.82,67395.22,67498.2,2.16297,1771372799999,146331.4088724,334,1.35749,91829.4450295,0.0
2026-02-18 00:00:00+00:00,67506.5,67709.11,66859.12,67693.03,1.60076,1771387199999,107705.9860565,395,1.14834,77261.4170299,0.0
2026-02-18 04:00:00+00:00,67649.95,68206.36,67479.44,68152.25,1.23196,1771401599999,83460.1588942,210,0.68195,46233.1245214,0.0
2026-02-18 08:00:00+00:00,68128.97,68446.92,67154.36,67519.83,0.76791,1771415999999,52134.536787,175,0.57479,39045.1784767,0.0
2026-02-18 12:00:00+00:00,67378.64,68302.16,66716.26,67684.62,3.80872,1771430399999,256812.3878246,365,1.75006,118054.6525198,0.0
2026-02-18 16:00:00+00:00,67661.73,67690.09,65863.27,66187.45,24.43258,1771444799999,1625867.2169144,901,8.15724,543459.5474802,0.0
2026-02-18 20:00:00+00:00,66187.45,66537.0,66049.42,66445.59,9.22086,1771459199999,611823.7071196,428,3.58748,237999.1421526,0.0
2026-02-19 00:00:00+00:00,66461.31,66999.79,66359.33,66999.79,2.48576,1771473599999,165796.9210196,246,1.66722,111197.8066118,0.0
2026-02-19 04:00:00+00:00,66967.64,67300.0,66673.2,67186.31,2.34777,1771487999999,157321.7748032,175,1.19354,79988.9483515,0.0
2026-02-19 08:00:00+00:00,67170.07,67170.07,66504.01,66504.01,2.18727,1771502399999,146260.9830004,176,0.72993,48824.6967638,0.0
2026-02-19 12:00:00+00:00,66509.08,66710.77,65649.99,66424.5,14.79107,1771516799999,978972.0030213,468,7.68627,508504.1803699,0.0
2026-02-19 16:00:00+00:00,66296.7,67162.88,65903.02,67033.06,2.25477,1771531199999,150215.3498932,304,1.09211,72745.8053275,0.0
2026-02-19 20:00:00+00:00,67039.05,67189.81,66666.31,66970.73,3.66247,1771545599999,245056.8619541,208,2.70922,181260.7937052,0.0
2026-02-20 00:00:00+00:00,66948.19,67498.34,66944.55,67350.66,2.26906,1771559999999,152695.0090601,301,1.27187,85594.2434146,0.0
2026-02-20 04:00:00+00:00,67398.0,68016.2,67154.5,67798.6,1.99062,1771574399999,134724.7902377,239,1.16041,78558.8425866,0.0
2026-02-20 08:00:00+00:00,67874.28,68300.0,67299.41,67299.41,2.92457,1771588799999,198571.4143102,248,1.41556,96164.4448704,0.0
2026-02-20 12:00:00+00:00,67352.84,68055.2,66483.69,67577.91,12.73365,1771603199999,855129.729716,574,7.10604,477773.8769829,0.0
2026-02-20 16:00:00+00:00,67577.95,68000.6,66962.15,67633.92,7.47887,1771617599999,505067.1475161,649,3.60745,243649.7552539,0.0
2026-02-20 20:00:00+00:00,67696.78,68217.46,67576.07,68022.85,5.00913,1771631999999,339770.3401498,393,2.89926,196663.2178186,0.0
2026-02-21 00:00:00+00:00,68026.06,68082.0,67519.63,67659.76,3.45345,1771646399999,234228.5968345,242,1.28047,86960.3299337,0.0
2026-02-21 04:00:00+00:00,67640.36,67933.07,67609.37,67866.59,2.45826,1771660799999,166668.8226312,136,1.82696,123861.9289757,0.0
2026-02-21 08:00:00+00:00,67863.67,68286.62,67863.67,68124.61,1.93548,1771675199999,131909.9022143,112,0.8505,57950.8841241,0.0
2026-02-21 12:00:00+00:00,68130.57,68696.22,67910.31,68662.52,5.01545,1771689599999,343042.7705849,240,1.82806,125144.4037702,0.0
2026-02-21 16:00:00+00:00,68554.87,68654.57,68086.59,68560.62,2.81837,1771703999999,192755.9919359,244,1.43595,98221.5198174,0.0
2026-02-21 20:00:00+00:00,68529.03,68598.06,67904.39,68023.17,2.83479,1771718399999,193519.8921996,207,1.04311,71227.0149656,0.0
2026-02-22 00:00:00+00:00,67984.38,68234.25,67764.61,68019.7,2.37218,1771732799999,161346.2795353,228,1.21877,82958.5920981,0.0
2026-02-22 04:00:00+00:00,68057.16,68170.64,67900.3,68024.08,1.12317,1771747199999,76447.9694876,127,0.80931,55089.9109952,0.0
2026-02-22 08:00:00+00:00,68008.44,68290.47,67941.05,68223.91,0.79479,1771761599999,54128.6938342,94,0.42283,28798.3284582,0.0
2026-02-22 12:00:00+00:00,68241.84,68241.84,67323.09,67758.21,3.74296,1771775999999,253142.5547618,302,1.67806,113505.2543934,0.0
2026-02-22 16:00:00+00:00,67670.45,67687.67,67190.1,67433.18,2.10018,1771790399999,141645.5901359,220,1.04927,70774.1614066,0.0
2026-02-22 20:00:00+00:00,67433.18,67750.0,67345.97,67637.42,4.1608,1771804799999,281120.3665951,194,2.26422,152965.6165987,0.0
2026-02-23 00:00:00+00:00,67669.83,67678.51,64318.68,64950.77,14.07192,1771819199999,922688.252691,860,5.34626,349936.6463466,0.0
2026-02-23 04:00:00+00:00,64963.44,66006.28,64672.23,65953.67,2.40104,1771833599999,156775.4232037,288,1.32385,86542.1542221,0.0
2026-02-23 08:00:00+00:00,65862.8,66593.67,65585.82,66228.64,2.21894,1771847999999,146576.7700348,166,1.23481,81592.7470695,0.0
2026-02-23 12:00:00+00:00,66230.04,66500.0,65529.99,65713.78,7.63063,1771862399999,503860.1731221,347,3.35683,221578.879723,0.0
2026-02-23 16:00:00+00:00,65672.8,65672.8,64117.22,64289.13,11.98563,1771876799999,777358.7776057,590,5.82388,377883.012185,0.0
2026-02-23 20:00:00+00:00,64278.73,65016.6,63909.62,64665.99,8.11115,1771891199999,523615.4801132,440,4.3497,280906.7761166,0.0
2026-02-24 00:00:00+00:00,64643.74,64990.56,63387.14,63580.6,10.40474,1771905599999,666431.4141896,777,4.94896,317248.6322548,0.0
2026-02-24 04:00:00+00:00,63579.7,63608.6,62726.8,63050.31,11.97819,1771919999999,756705.2863784,617,5.4765,346010.6725725,0.0
2026-02-24 08:00:00+00:00,63133.67,63416.2,62942.83,63200.79,3.56755,1771934399999,225442.1258533,194,1.97053,124520.5283447,0.0
2026-02-24 12:00:00+00:00,63201.92,64013.24,62550.79,64013.24,11.28901,1771948799999,712418.7738588,543,6.61217,417012.203898,0.0
2026-02-24 16:00:00+00:00,63978.11,64726.32,63730.0,64471.14,7.35963,1771963199999,472919.1579292,457,4.39726,282673.9201532,0.0
2026-02-24 20:00:00+00:00,64448.4,64581.0,63848.6,64024.6,5.32486,1771977599999,341166.2389605,281,3.84739,246401.2838821,0.0
2026-02-25 00:00:00+00:00,64072.62,66310.29,63910.91,65389.59,16.30062,1771991999999,1070016.1807666,874,8.81324,578300.1550946,0.0
2026-02-25 04:00:00+00:00,65386.14,65637.11,64754.91,65057.74,6.50048,1772006399999,423843.2443767,352,3.3082,215871.8495367,0.0
2026-02-25 08:00:00+00:00,65041.89,65691.93,64974.62,65431.17,5.2546,1772020799999,344023.0555509,183,3.73822,244707.5704389,0.0
2026-02-25 12:00:00+00:00,65436.02,67578.04,65401.96,67410.09,10.83494,1772035199999,720323.8518679,749,6.24366,415155.7792322,0.0
2026-02-25 16:00:00+00:00,67440.14,69545.31,67425.14,69040.24,17.618,1772049599999,1209726.1272113,973,13.98028,959533.3881953,0.0
2026-02-25 20:00:00+00:00,69063.5,70100.0,67601.64,67957.93,19.99576,1772063999999,1375163.7152716,1077,14.30201,983780.1964438,0.0
2026-02-26 00:00:00+00:00,67991.86,68687.3,67725.28,68230.0,10.93106,1772078399999,745416.0455021,928,7.35468,501475.7246003,0.0
2026-02-26 04:00:00+00:00,68176.11,68859.67,67832.23,67867.49,5.17481,1772092799999,354075.0410486,239,3.38279,231666.2836607,0.0
2026-02-26 08:00:00+00:00,67876.96,68680.34,67815.38,68041.22,11.07591,1772107199999,756615.4771916,245,6.57926,449279.3925879,0.0
2026-02-26 12:00:00+00:00,68141.42,68264.01,66759.4,67365.38,11.19336,1772121599999,756309.3952621,910,5.91387,399975.8159279,0.0
2026-02-26 16:00:00+00:00,67355.07,68828.0,66535.11,67675.82,15.25336,1772135999999,1023752.1743977,802,10.44277,701035.7251092,0.0
2026-02-26 20:00:00+00:00,67639.2,67826.96,67142.27,67481.4,4.79562,1772150399999,323594.8577449,269,2.46906,166594.3227507,0.0
2026-02-27 00:00:00+00:00,67468.08,67702.86,66890.14,67666.86,4.10834,1772164799999,276326.8583738,296,2.06501,138982.530967,0.0
2026-02-27 04:00:00+00:00,67612.5,68206.36,67459.52,67650.89,2.59918,1772179199999,176156.0857476,235,1.33922,90767.6267061,0.0
2026-02-27 08:00:00+00:00,67863.69,68158.45,65982.2,66125.66,12.19296,1772193599999,813595.492352,506,7.5807,505683.0552315,0.0
2026-02-27 12:00:00+00:00,66115.97,66321.68,65683.25,66135.91,9.35381,1772207999999,617693.0927427,627,5.70441,376742.1022443,0.0
2026-02-27 16:00:00+00:00,66040.37,66121.67,65113.44,65406.83,18.60394,1772222399999,1218957.9443224,560,3.99595,261680.2949544,0.0
2026-02-27 20:00:00+00:00,65407.18,65952.75,64979.52,65882.98,8.61472,1772236799999,563921.5809485,341,3.9403,258023.4346506,0.0
2026-02-28 00:00:00+00:00,65848.73,66010.61,65741.89,65815.33,1.97929,1772251199999,130391.9774859,253,0.70878,46712.0600248,0.0
2026-02-28 04:00:00+00:00,65814.38,65826.99,63047.83,63841.86,18.07131,1772265599999,1160389.958507,855,7.90629,506838.4223869,0.0
2026-02-28 08:00:00+00:00,63812.28,64267.57,63383.86,63795.87,5.55497,1772279999999,354467.7689039,274,2.91311,185927.8887872,0.0
2026-02-28 12:00:00+00:00,63895.72,65340.68,63820.31,64831.12,14.89884,1772294399999,962292.3253646,738,7.72728,498456.7274099,0.0
2026-02-28 16:00:00+00:00,64829.53,66676.57,64690.8,66384.42,12.12817,1772308799999,796765.5628033,556,8.03374,528132.7834676,0.0
2026-02-28 20:00:00+00:00,66338.15,67729.87,66196.49,66954.13,18.94252,1772323199999,1269612.2482757,523,10.61125,713220.2514971,0.0
2026-03-01 00:00:00+00:00,66990.4,68200.0,66010.36,67501.9,15.42436,1772337599999,1040408.2652588,903,8.76412,591634.1033083,0.0
2026-03-01 04:00:00+00:00,67510.66,67615.36,66799.41,67104.63,5.27443,1772351999999,354529.3048894,383,2.71848,182678.6688342,0.0
2026-03-01 08:00:00+00:00,67156.05,67275.08,66231.29,66478.96,6.89058,1772366399999,458858.6413408,383,3.66372,243846.5082039,0.0
2026-03-01 12:00:00+00:00,66476.93,67323.07,66136.1,66870.52,8.85693,1772380799999,592658.0443633,657,5.55901,371790.4801261,0.0
2026-03-01 16:00:00+00:00,66899.0,67108.45,65718.24,65964.39,15.53142,1772395199999,1029181.8464168,854,9.32187,617444.6646684,0.0
2026-03-01 20:00:00+00:00,65959.16,66467.17,65050.37,65721.17,12.29355,1772409599999,806381.3031441,767,6.33298,415475.7927092,0.0
2026-03-02 00:00:00+00:00,65792.28,67061.8,65792.28,66818.83,7.27426,1772423999999,483564.9593404,542,3.9501,262649.2889759,0.0
2026-03-02 04:00:00+00:00,66830.27,66999.99,65579.72,65982.5,8.08549,1772438399999,537844.9446327,341,5.52053,367503.7180932,0.0
2026-03-02 08:00:00+00:00,65980.53,66694.42,65675.02,66356.72,9.20865,1772452799999,607412.683434,470,6.42306,423459.1225927,0.0
2026-03-02 12:00:00+00:00,66349.09,69609.25,65280.48,69121.3,17.63213,1772467199999,1197516.4418706,885,11.33994,773291.9733889,0.0
2026-03-02 16:00:00+00:00,69114.39,70100.0,68573.13,68952.33,10.81463,1772481599999,748545.3199627,620,5.96975,413729.8675607,0.0
2026-03-02 20:00:00+00:00,68938.11,69537.86,68588.18,68811.43,6.06892,1772495999999,420025.4913082,423,3.57852,247727.8725143,0.0
2026-03-03 00:00:00+00:00,68881.13,69247.84,68232.19,68337.73,17.20689,1772510399999,1180674.3656785,447,3.04751,209819.205066,0.0
2026-03-03 04:00:00+00:00,68390.58,68530.01,67824.59,68195.33,3.84112,1772524799999,261862.3894378,271,2.14232,146086.5500012,0.0
2026-03-03 08:00:00+00:00,68173.5,68301.89,66361.33,67034.2,28.12118,1772539199999,1877072.3728869,679,7.65153,511702.1022861,0.0
2026-03-03 12:00:00+00:00,67073.65,67948.07,66171.2,67673.3,15.50531,1772553599999,1041653.2280507,924,5.48686,368445.325001,0.0
2026-03-03 16:00:00+00:00,67688.36,68991.95,67520.0,68452.59,12.0061,1772567999999,820341.4746109,818,6.12548,418848.9533738,0.0
2026-03-03 20:00:00+00:00,68454.55,68755.31,67842.13,68263.23,6.03893,1772582399999,412304.7909361,288,3.4221,233674.3111454,0.0
2026-03-04 00:00:00+00:00,68244.81,68898.0,67416.72,67640.89,8.1617,1772596799999,557220.3625217,421,4.75181,324515.5120455,0.0
2026-03-04 04:00:00+00:00,67797.86,69626.62,67508.64,69508.72,7.94836,1772611199999,544445.3290627,498,5.2451,359826.7976259,0.0
2026-03-04 08:00:00+00:00,69543.7,71868.11,69139.24,71119.46,32.32444,1772625599999,2300287.0694447,958,24.92962,1776069.1924395,0.0
2026-03-04 12:00:00+00:00,71112.35,73475.87,70585.01,73377.1,23.32606,1772639999999,1679543.4200315,1346,17.81533,1284109.0251725,0.0
2026-03-04 16:00:00+00:00,73382.72,74038.22,72558.36,73710.05,16.8903,1772654399999,1240003.0741444,827,10.59676,778361.4399325,0.0
2026-03-04 20:00:00+00:00,73675.62,73715.01,72339.57,72747.38,9.72232,1772668799999,709029.3211935,455,6.03001,439640.2892273,0.0
2026-03-05 00:00:00+00:00,72701.61,73282.55,72348.07,72493.5,6.64029,1772683199999,482660.1921689,525,3.65029,265314.9657981,0.0
2026-03-05 04:00:00+00:00,72532.0,73057.54,71812.23,72056.07,8.62585,1772697599999,625537.3267443,434,4.49351,326200.3639288,0.0
2026-03-05 08:00:00+00:00,72067.61,73565.0,71765.53,72861.78,8.1402,1772711999999,593768.9256149,387,5.11194,372662.4167797,0.0
2026-03-05 12:00:00+00:00,72932.2,73043.35,71192.9,71510.56,9.44136,1772726399999,681765.4167222,684,5.03511,364063.3563888,0.0
2026-03-05 16:00:00+00:00,71574.74,71622.21,70644.77,70962.59,10.67848,1772740799999,759047.5684525,515,5.88735,418525.6615896,0.0
2026-03-05 20:00:00+00:00,70961.42,71549.85,70778.4,70858.6,4.02253,1772755199999,286199.9636819,352,2.236,159043.2429095,0.0
2026-03-06 00:00:00+00:00,70894.73,71397.25,70408.42,71089.96,5.53892,1772769599999,392742.1740404,593,3.57029,252989.8420384,0.0
2026-03-06 04:00:00+00:00,71060.73,71153.37,70122.07,71109.69,2.39738,1772783999999,169304.7143698,233,1.34011,94647.4524875,0.0
2026-03-06 08:00:00+00:00,70984.63,70993.33,70200.0,70227.8,3.05869,1772798399999,215743.4522708,149,1.32584,93527.6064789,0.0
2026-03-06 12:00:00+00:00,70207.68,70277.25,68189.23,68506.2,8.1472,1772812799999,562446.0612328,635,3.40097,234786.8168148,0.0
2026-03-06 16:00:00+00:00,68517.11,68779.8,67763.0,68117.97,26.54666,1772827199999,1810733.2816433,419,4.51718,308351.0218083,0.0
2026-03-06 20:00:00+00:00,68173.84,68433.75,67799.56,68118.25,10.93122,1772841599999,744158.2228639,282,1.73833,118588.6439116,0.0
2026-03-07 00:00:00+00:00,68127.77,68550.69,68067.71,68144.77,5.43706,1772855999999,371039.936448,302,2.81656,192226.7565435,0.0
2026-03-07 04:00:00+00:00,68111.81,68141.57,67481.8,67839.12,2.50244,1772870399999,169816.520898,243,1.15332,78296.7180108,0.0
2026-03-07 08:00:00+00:00,67850.1,68218.2,67790.6,68026.46,1.01438,1772884799999,69020.1790766,102,0.65809,44782.9165728,0.0
2026-03-07 12:00:00+00:00,68015.63,68087.84,67611.52,67882.48,0.93372,1772899199999,63420.1861721,181,0.45401,30844.3887984,0.0
2026-03-07 16:00:00+00:00,67868.65,67931.51,66933.55,67111.02,3.02634,1772913599999,203916.593158,267,1.5448,104024.7755801,0.0
2026-03-07 20:00:00+00:00,67110.99,67482.06,67110.99,67264.19,1.61307,1772927999999,108575.4344126,176,0.60669,40818.0448068,0.0
2026-03-08 00:00:00+00:00,67289.13,67473.4,66863.64,67005.8,2.86085,1772942399999,192228.5647889,274,1.72673,116092.1554228,0.0
2026-03-08 04:00:00+00:00,67017.59,67421.03,66581.67,67321.41,2.21386,1772956799999,148302.7194699,227,0.86403,57908.8902879,0.0
2026-03-08 08:00:00+00:00,67276.85,68189.23,67183.48,67506.41,3.68823,1772971199999,249726.9036259,235,2.29842,155695.3960686,0.0
2026-03-08 12:00:00+00:00,67498.53,67631.5,66821.04,67194.42,3.34889,1772985599999,224989.542287,351,1.19287,80195.2367874,0.0
2026-03-08 16:00:00+00:00,67173.3,67459.79,66763.61,67324.35,2.39987,1772999999999,160976.5452196,227,1.16067,77860.717466,0.0
2026-03-08 20:00:00+00:00,67279.17,67508.89,65627.02,66007.38,5.58747,1773014399999,371638.250398,440,2.15514,143374.8403246,0.0
2026-03-09 00:00:00+00:00,65992.98,67660.0,65889.08,67166.04,5.70623,1773028799999,380301.2734138,503,3.38127,225467.3259017,0.0
2026-03-09 04:00:00+00:00,67209.45,68116.02,66904.75,67562.98,3.60752,1773043199999,243462.4891297,308,2.08794,141070.1876915,0.0
2026-03-09 08:00:00+00:00,67562.97,68453.34,67350.81,67762.25,3.55294,1773057599999,240823.5169878,236,1.89636,128541.2642221,0.0
2026-03-09 12:00:00+00:00,67779.73,69471.92,67754.5,69024.16,6.20789,1773071999999,426492.7425938,808,3.44468,236905.6707428,0.0
2026-03-09 16:00:00+00:00,68851.03,69519.89,68240.84,69007.67,3.3293,1773086399999,229145.8196487,317,2.26295,155821.8382594,0.0
2026-03-09 20:00:00+00:00,69006.03,69155.86,68374.92,68374.92,2.03005,1773100799999,139667.8865247,213,1.07738,74152.2541024,0.0
2026-03-10 00:00:00+00:00,68404.53,70569.36,68404.53,69539.25,8.32905,1773115199999,581312.217868,563,3.4812,243027.025949,0.0
2026-03-10 04:00:00+00:00,69453.26,70523.9,69453.26,70341.76,1.60918,1773129599999,112730.2722158,295,1.01914,71419.7783588,0.0
2026-03-10 08:00:00+00:00,70495.0,71294.05,70414.2,70600.52,5.18775,1773143999999,367351.2673479,736,3.7865,268190.7089339,0.0
2026-03-10 12:00:00+00:00,70614.29,71774.18,69292.31,71366.62,19.52766,1773158399999,1377709.4326761,917,15.49284,1093003.2168935,0.0
2026-03-10 16:00:00+00:00,71333.3,71658.61,69759.49,70061.03,6.20337,1773172799999,439409.0701613,450,4.107,291190.6167826,0.0
2026-03-10 20:00:00+00:00,70024.36,70416.67,69471.79,69937.15,4.68931,1773187199999,327638.2278027,433,2.75846,192773.5737739,0.0
2026-03-11 00:00:00+00:00,69900.7,70153.66,69500.42,69553.72,1.97947,1773201599999,138191.9429534,286,1.32458,92468.3676129,0.0
2026-03-11 04:00:00+00:00,69568.9,70247.65,69441.45,69676.92,1.8714,1773215999999,130491.4525681,197,1.55722,108545.5338138,0.0
2026-03-11 08:00:00+00:00,69737.08,69754.02,69171.45,69171.45,1.15634,1773230399999,80436.0618842,118,0.49872,34720.6857548,0.0
2026-03-11 12:00:00+00:00,69185.7,71094.72,68976.27,70270.7,5.68423,1773244799999,399678.0036604,1705,2.88891,203512.5052064,0.0
2026-03-11 16:00:00+00:00,70325.57,71294.05,70249.95,70574.89,4.10943,1773259199999,290576.8508521,691,2.17306,153898.2153395,0.0
2026-03-11 20:00:00+00:00,70610.21,70912.34,70153.66,70192.65,0.85028,1773273599999,60012.0659141,271,0.57992,40939.0510864,0.0
2026-03-12 00:00:00+00:00,70207.97,70321.27,69247.24,69409.02,1.16606,1773287999999,81355.2262933,340,0.89339,62318.1082294,0.0
2026-03-12 04:00:00+00:00,69458.7,69799.13,69222.5,69795.06,0.65742,1773302399999,45713.0795077,123,0.45092,31368.2400768,0.0
2026-03-12 08:00:00+00:00,69858.1,70773.27,69606.68,70434.02,0.78031,1773316799999,54845.3250202,164,0.5127,36065.9165098,0.0
2026-03-12 12:00:00+00:00,70421.68,70638.54,69404.59,70343.47,1.8176,1773331199999,127727.0400887,318,0.4589,32231.696603,0.0
2026-03-12 16:00:00+00:00,70322.55,70562.38,69779.75,70485.82,3.00771,1773345599999,211208.3253955,283,2.21392,155525.861128,0.0
2026-03-12 20:00:00+00:00,70490.55,70699.06,70040.72,70489.42,1.15711,1773359999999,81500.1003151,184,0.92493,65160.7537296,0.0
2026-03-13 00:00:00+00:00,70457.74,71988.42,70434.09,71428.42,7.44606,1773374399999,532023.2067663,572,4.86237,347402.3118784,0.0
2026-03-13 04:00:00+00:00,71401.37,71658.61,71212.5,71578.0,0.62556,1773388799999,44656.6003883,163,0.42656,30457.5120268,0.0
2026-03-13 08:00:00+00:00,71649.97,72567.48,71486.72,72287.49,20.8863,1773403199999,1505990.6389173,1224,20.16381,1453832.243542,0.0
2026-03-13 12:00:00+00:00,72229.87,73895.52,71750.0,71750.0,10.19633,1773417599999,744296.179804,705,6.0451,440662.6613492,0.0
2026-03-13 16:00:00+00:00,71911.1,72153.15,70879.23,71240.26,2.42349,1773431999999,172956.5206188,346,1.73067,123541.7865499,0.0
2026-03-13 20:00:00+00:00,71172.84,71499.16,70564.5,70968.63,1.13881,1773446399999,80930.0968423,205,0.87273,62035.0598838,0.0
2026-03-14 00:00:00+00:00,70877.84,71153.37,70496.18,71081.31,0.63702,1773460799999,45145.5303205,214,0.31822,22558.4873176,0.0
2026-03-14 04:00:00+00:00,71094.86,71296.8,70355.0,70581.97,0.6439,1773475199999,45574.1470282,168,0.26069,18492.4034846,0.0
2026-03-14 08:00:00+00:00,70666.46,70763.57,70438.83,70689.07,0.26151,1773489599999,18470.0700234,102,0.16488,11644.6869183,0.0
2026-03-14 12:00:00+00:00,70780.31,70955.7,70500.0,70572.53,0.46373,1773503999999,32824.8781513,181,0.26189,18550.493475,0.0
2026-03-14 16:00:00+00:00,70563.11,70729.22,70509.88,70704.43,0.23153,1773518399999,16353.4060033,136,0.16909,11942.5662936,0.0
2026-03-14 20:00:00+00:00,70710.0,71258.56,70636.86,71211.28,0.62899,1773532799999,44600.4964139,177,0.35553,25222.7926446,0.0
2026-03-15 00:00:00+00:00,71188.82,71591.59,70893.99,71343.52,3.10422,1773547199999,220802.3464143,259,1.81382,129060.3358317,0.0
2026-03-15 04:00:00+00:00,71339.25,71787.4,71339.25,71461.8,0.78617,1773561599999,56261.7695924,171,0.46488,33269.4911121,0.0
2026-03-15 08:00:00+00:00,71519.06,71930.66,71475.64,71856.93,0.37781,1773575999999,27106.5762433,125,0.29541,21197.732212,0.0
2026-03-15 12:00:00+00:00,71838.08,71838.08,71300.0,71471.39,0.97144,1773590399999,69437.6975955,249,0.73677,52667.49942,0.0
2026-03-15 16:00:00+00:00,71472.31,71987.17,71301.64,71548.63,0.65446,1773604799999,46829.4274633,335,0.46011,32932.7708191,0.0
2026-03-15 20:00:00+00:00,71535.15,73181.72,71430.82,72741.88,5.53017,1773619199999,401130.6493738,566,4.22793,306660.0180491,0.0
2026-03-16 00:00:00+00:00,72879.1,74286.69,72307.49,73600.0,3.52865,1773633599999,257830.3122667,503,2.05062,150129.7582378,0.0
2026-03-16 04:00:00+00:00,73634.06,74425.53,73417.09,73417.09,1.48919,1773647999999,110031.9659297,330,0.76596,56604.5663145,0.0
2026-03-16 08:00:00+00:00,73651.98,73817.48,72895.55,73547.97,3.03896,1773662399999,223261.1847984,203,0.41945,30854.417416,0.0
2026-03-16 12:00:00+00:00,73569.7,74477.93,73024.87,73203.48,4.75263,1773676799999,351157.0579413,554,1.94332,143777.9611735,0.0
2026-03-16 16:00:00+00:00,73266.86,74400.0,73241.19,73981.0,2.95107,1773691199999,218823.5917684,281,2.15927,160203.8367739,0.0
2026-03-16 20:00:00+00:00,73995.22,74900.0,73904.3,74879.98,3.13962,1773705599999,234104.5996506,449,1.24326,92571.6875103,0.0
2026-03-17 00:00:00+00:00,74821.7,76100.0,74285.71,74494.9,41.69032,1773719999999,3138624.0652965,2007,37.78624,2845013.9442354,0.0
2026-03-17 04:00:00+00:00,74514.52,74768.73,73806.9,74332.13,23.82742,1773734399999,1770081.807771,2168,21.33518,1585291.3570888,0.0
2026-03-17 08:00:00+00:00,74331.95,74618.91,73586.6,74021.71,3.03469,1773748799999,224804.3391328,822,2.58192,191318.8358159,0.0
2026-03-17 12:00:00+00:00,74018.15,74864.86,73555.0,73941.77,12.65206,1773763199999,932895.0991716,947,2.12008,156534.5257866,0.0
2026-03-17 16:00:00+00:00,73926.92,74782.69,73903.44,74506.64,3.09173,1773777599999,230297.1964889,270,0.81853,60985.5844613,0.0
2026-03-17 20:00:00+00:00,74504.05,74796.65,73897.96,73908.83,0.97201,1773791999999,72169.9802125,194,0.34161,25397.2472097,0.0
2026-03-18 00:00:00+00:00,73928.58,74609.55,73568.01,74483.18,3.44072,1773806399999,255154.4554654,286,2.91609,216315.8863456,0.0
2026-03-18 04:00:00+00:00,74462.45,74495.75,73600.4,73796.25,3.82449,1773820799999,282360.0176123,173,0.15503,11480.8636259,0.0
2026-03-18 08:00:00+00:00,73933.03,74251.57,72721.74,72905.6,25.51805,1773835199999,1884756.0067442,532,0.48872,36064.1240128,0.0
2026-03-18 12:00:00+00:00,72902.37,72957.94,70852.87,71494.61,20.184,1773849599999,1451457.569868,838,1.62485,116553.6430631,0.0
2026-03-18 16:00:00+00:00,71442.95,71979.14,70955.97,71022.69,5.05565,1773863999999,360646.6716686,564,1.68665,120458.4736558,0.0
2026-03-18 20:00:00+00:00,71033.39,71450.0,70500.01,71256.1,4.49831,1773878399999,320353.1033234,309,3.10058,220802.6084313,0.0
2026-03-19 00:00:00+00:00,71206.97,71621.51,70927.31,71250.0,1.09386,1773892799999,77865.8427633,227,0.65549,46659.4204796,0.0
2026-03-19 04:00:00+00:00,71181.57,71199.4,69669.0,70194.36,14.37665,1773907199999,1013341.4171682,712,2.07371,145471.8962897,0.0
2026-03-19 08:00:00+00:00,70258.08,70518.64,69927.98,69927.98,1.49266,1773921599999,104755.0284443,102,0.19848,13925.9268681,0.0
2026-03-19 12:00:00+00:00,69914.46,70223.01,68791.95,69524.7,3.27442,1773935999999,227555.7095908,438,1.87451,130444.9397488,0.0
2026-03-19 16:00:00+00:00,69401.2,70583.87,69131.81,70239.67,4.44525,1773950399999,311110.3602709,292,3.76039,263183.485495,0.0
2026-03-19 20:00:00+00:00,70249.37,70699.06,69745.43,69977.88,2.22822,1773964799999,157018.0957301,208,1.38173,97380.1578384,0.0
2026-03-20 00:00:00+00:00,69934.16,70789.12,69862.75,70738.28,2.28395,1773979199999,160141.0482385,253,0.63922,44908.0726745,0.0
2026-03-20 04:00:00+00:00,70778.95,70959.46,70202.43,70899.96,0.51827,1773993599999,36607.2649471,144,0.27492,19430.2340024,0.0
2026-03-20 08:00:00+00:00,70818.92,71347.2,70244.89,70428.94,1.34794,1774007999999,95225.1812143,150,0.99868,70515.2542348,0.0
2026-03-20 12:00:00+00:00,70490.87,70682.04,69500.0,69880.18,1.54916,1774022399999,108510.8958466,365,0.83762,58647.9933484,0.0
2026-03-20 16:00:00+00:00,69847.41,70155.95,69408.43,70155.95,1.36563,1774036799999,95417.5890831,289,1.02467,71614.0586602,0.0
2026-03-20 20:00:00+00:00,70112.93,70885.22,69759.49,70494.62,7.33127,1774051199999,518131.405706,367,6.63955,469345.5558733,0.0
2026-03-21 00:00:00+00:00,70549.42,70820.44,70436.31,70712.75,0.52121,1774065599999,36834.334803,204,0.33564,23718.7002376,0.0
2026-03-21 04:00:00+00:00,70679.85,70823.35,70629.86,70707.6,1.81439,1774079999999,128407.9477057,119,0.95868,67840.512229,0.0
2026-03-21 08:00:00+00:00,70718.65,70737.74,70500.62,70622.73,0.0553,1774094399999,3907.014955,45,0.02932,2072.3903788,0.0
2026-03-21 12:00:00+00:00,70687.8,71086.48,70466.94,70677.46,1.56486,1774108799999,110947.8831053,141,0.53501,37911.7223168,0.0
2026-03-21 16:00:00+00:00,70677.14,70677.14,70233.72,70388.2,0.59537,1774123199999,41899.9647606,206,0.44368,31219.9003462,0.0
2026-03-21 20:00:00+00:00,70403.18,70493.78,68571.95,68747.47,2.11395,1774137599999,147133.4573758,350,0.7155,49766.826213,0.0
2026-03-22 00:00:00+00:00,68803.76,69559.98,68330.43,69335.78,7.3774,1774151999999,507124.4276568,307,0.81717,56191.6824906,0.0
2026-03-22 04:00:00+00:00,69368.44,69512.44,68910.64,68910.64,0.80637,1774166399999,55795.2850691,107,0.19855,13754.6596647,0.0
2026-03-22 08:00:00+00:00,68900.0,68929.67,68136.17,68266.11,0.63989,1774180799999,43893.855455,121,0.20159,13847.8937896,0.0
2026-03-22 12:00:00+00:00,68293.8,69004.88,68204.7,68827.7,0.40396,1774195199999,27795.5129892,119,0.29025,19965.3888169,0.0
2026-03-22 16:00:00+00:00,68861.86,68885.45,68187.5,68230.38,2.43246,1774209599999,167217.9355886,165,1.46489,100699.2587988,0.0
2026-03-22 20:00:00+00:00,68324.9,68469.71,67377.05,67865.47,3.15944,1774223999999,214232.3888235,270,2.15419,146022.4580735,0.0
2026-03-23 00:00:00+00:00,67973.97,68604.7,67462.39,68079.78,1.9987,1774238399999,136074.7315687,241,0.54873,37357.6286092,0.0
2026-03-23 04:00:00+00:00,68138.58,68853.0,67559.75,68428.57,0.97316,1774252799999,66492.5599652,181,0.57398,39233.6630472,0.0
2026-03-23 08:00:00+00:00,68438.6,71499.98,68033.47,70186.91,4.66395,1774267199999,327643.0650125,538,2.77533,194799.6633922,0.0
2026-03-23 12:00:00+00:00,70157.94,71791.26,69720.61,70119.61,4.03856,1774281599999,286795.1293329,523,1.83548,130671.9575088,0.0
2026-03-23 16:00:00+00:00,70139.78,71233.88,70099.95,70668.85,2.25688,1774295999999,159237.9605883,321,1.36917,96735.0133943,0.0
2026-03-23 20:00:00+00:00,70689.77,71045.91,70411.03,70910.84,0.77882,1774310399999,55180.5895151,206,0.33098,23449.4044391,0.0
2026-03-24 00:00:00+00:00,70905.56,71080.01,70327.6,70465.23,1.07824,1774324799999,76168.792604,251,0.51431,36362.795647,0.0
2026-03-24 04:00:00+00:00,70550.46,71391.3,70136.36,71288.53,1.04597,1774339199999,74058.4706141,237,0.55159,39138.0161087,0.0
2026-03-24 08:00:00+00:00,71285.09,71349.86,70863.21,71162.21,0.97401,1774353599999,69288.3737534,135,0.53658,38181.3731834,0.0
2026-03-24 12:00:00+00:00,71168.88,71168.88,69555.83,69878.58,2.38242,1774367999999,168173.8823167,366,1.54572,109221.1884532,0.0
2026-03-24 16:00:00+00:00,69847.0,69990.09,68939.16,69362.5,3.58766,1774382399999,249132.8133498,309,1.9863,137889.0449559,0.0
2026-03-24 20:00:00+00:00,69364.99,70823.35,69311.14,70601.73,2.72611,1774396799999,191290.7837623,393,1.43036,100326.0691085,0.0
2026-03-25 00:00:00+00:00,70585.02,71031.89,70416.68,70784.55,0.57252,1774411199999,40502.503086,213,0.43329,30648.7363164,0.0
2026-03-25 04:00:00+00:00,70727.29,71338.8,70689.0,70922.62,1.3733,1774425599999,97604.9540172,179,1.0171,72298.3364033,0.0
2026-03-25 08:00:00+00:00,70953.68,72000.0,70816.47,71664.48,3.55886,1774439999999,254915.3043938,304,2.46757,176722.8878036,0.0
2026-03-25 12:00:00+00:00,71711.87,71936.36,70603.72,70847.7,1.9555,1774454399999,139473.6512987,310,1.13491,81025.1439242,0.0
2026-03-25 16:00:00+00:00,70814.35,71735.77,70734.26,70871.53,1.83525,1774468799999,130342.7920664,449,1.56307,110965.7895999,0.0
2026-03-25 20:00:00+00:00,70850.75,71541.59,70668.62,71334.09,1.08372,1774483199999,77135.3469225,272,0.8378,59627.5180834,0.0
2026-03-26 00:00:00+00:00,71354.83,71442.33,70666.97,70884.83,1.75199,1774497599999,124571.071086,300,1.11714,79477.5571692,0.0
2026-03-26 04:00:00+00:00,70891.84,70891.84,69840.94,70108.98,0.55569,1774511999999,39013.3836882,170,0.28542,20027.0952405,0.0
2026-03-26 08:00:00+00:00,70137.75,70148.17,69219.87,69295.7,1.99952,1774526399999,139108.9316708,166,0.57058,39691.8766208,0.0
2026-03-26 12:00:00+00:00,69261.29,69859.89,68800.0,69143.01,5.48194,1774540799999,379156.2312332,341,1.58423,109754.9444628,0.0
2026-03-26 16:00:00+00:00,69024.21,69163.0,68176.03,68557.73,13.72586,1774555199999,943630.3861257,454,3.03136,208047.0854113,0.0
2026-03-26 20:00:00+00:00,68559.56,69441.45,68460.0,68807.52,4.05148,1774569599999,278752.2680539,276,1.2868,88728.7412226,0.0
2026-03-27 00:00:00+00:00,68811.34,69147.69,68550.0,68800.62,1.6161,1774583999999,111189.4734411,205,0.42845,29503.448053,0.0
2026-03-27 04:00:00+00:00,68769.17,68910.64,68330.43,68470.65,0.76401,1774598399999,52438.2036504,112,0.44516,30554.9052562,0.0
2026-03-27 08:00:00+00:00,68606.11,68606.11,66289.87,66720.3,2.3741,1774612799999,160019.2490621,274,0.62982,42491.4884979,0.0
2026-03-27 12:00:00+00:00,66730.0,66730.0,65756.67,66112.7,5.75743,1774627199999,381275.0292468,603,2.50519,166148.1745103,0.0
2026-03-27 16:00:00+00:00,66084.41,66273.81,65575.53,66068.25,1.66858,1774641599999,110002.1159399,329,0.69996,46137.3439395,0.0
2026-03-27 20:00:00+00:00,66030.64,66428.47,65832.51,66428.47,0.78935,1774655999999,52166.7948424,193,0.26061,17236.6919966,0.0
2026-03-28 00:00:00+00:00,66397.35,66503.5,65942.22,66221.55,0.78695,1774670399999,52087.4509315,190,0.54272,35941.1406176,0.0
2026-03-28 04:00:00+00:00,66175.42,66547.34,66115.67,66547.34,0.60775,1774684799999,40334.8085647,85,0.14329,9502.0553898,0.0
2026-03-28 08:00:00+00:00,66522.21,66556.39,66165.23,66326.99,0.33403,1774699199999,22186.2472516,47,0.10088,6698.1826677,0.0
2026-03-28 12:00:00+00:00,66347.4,67270.06,66312.15,66974.92,1.54188,1774713599999,103172.0381548,195,1.15356,77170.8201014,0.0
2026-03-28 16:00:00+00:00,67033.07,67087.09,66652.9,66866.67,0.79339,1774727999999,53102.9235254,133,0.54855,36727.8392683,0.0
2026-03-28 20:00:00+00:00,66991.8,67026.37,66300.79,66393.38,0.62655,1774742399999,41801.9523358,312,0.22523,15053.6477648,0.0
2026-03-29 00:00:00+00:00,66392.25,67076.91,66317.7,66902.52,1.28097,1774756799999,85405.8219483,924,0.48895,32599.0350502,0.0
2026-03-29 04:00:00+00:00,66943.44,66943.44,66546.97,66706.73,0.96469,1774771199999,64358.2074643,130,0.41645,27821.4495117,0.0
2026-03-29 08:00:00+00:00,66676.11,66953.54,66430.94,66852.69,1.33561,1774785599999,89160.0001387,74,0.1142,7614.808546,0.0
2026-03-29 12:00:00+00:00,66848.58,66874.22,66362.25,66555.08,0.84121,1774799999999,56049.0672439,129,0.135,8993.5008791,0.0
2026-03-29 16:00:00+00:00,66525.49,66644.67,66196.15,66323.6,0.57072,1774814399999,37921.8708026,294,0.25108,16680.4250221,0.0
2026-03-29 20:00:00+00:00,66387.16,66750.0,65019.11,66070.33,4.02799,1774828799999,265805.604814,374,2.06063,135999.2189378,0.0
2026-03-30 00:00:00+00:00,66059.67,67491.64,65813.42,67163.48,3.34288,1774843199999,223486.4713277,335,1.92318,128572.7875441,0.0
2026-03-30 04:00:00+00:00,67175.9,67812.24,67175.9,67591.37,0.70739,1774857599999,47748.6164639,176,0.44822,30257.651405,0.0
2026-03-30 08:00:00+00:00,67650.39,67954.55,67375.11,67581.11,1.17542,1774871999999,79592.2250037,113,0.41816,28348.1934261,0.0
2026-03-30 12:00:00+00:00,67697.41,68133.88,67105.24,67619.05,4.13723,1774886399999,279624.297705,392,1.9208,130054.68221,0.0
2026-03-30 16:00:00+00:00,67647.25,67647.25,66276.98,66489.0,2.02264,1774900799999,135214.6201769,286,0.69453,46458.9082694,0.0
2026-03-30 20:00:00+00:00,66551.97,66986.04,66430.94,66794.15,0.81314,1774915199999,54343.5560488,190,0.45836,30647.9870916,0.0
2026-03-31 00:00:00+00:00,66794.14,68400.0,66559.34,67732.58,2.62183,1774929599999,177544.5128145,398,2.20888,149531.9915042,0.0
2026-03-31 04:00:00+00:00,67757.01,67928.57,67101.17,67346.38,1.09097,1774943999999,73687.950043,194,0.41017,27684.6554067,0.0
2026-03-31 08:00:00+00:00,67437.48,67437.48,66000.0,66626.42,2.21503,1774958399999,147548.3895982,200,0.3492,23228.3190262,0.0
2026-03-31 12:00:00+00:00,66741.92,67780.71,66454.39,66724.76,2.15372,1774972799999,144389.6867851,247,1.17081,78497.8866408,0.0
2026-03-31 16:00:00+00:00,66788.64,68578.3,66788.64,67909.59,2.23138,1774987199999,151181.3252454,339,1.27377,86357.8061664,0.0
2026-03-31 20:00:00+00:00,67910.39,68395.7,67899.0,68297.52,2.27241,1775001599999,155093.9001976,249,1.99348,136084.1087772,0.0
2026-04-01 00:00:00+00:00,68245.47,68371.62,67599.08,68126.61,0.94065,1775015999999,63969.6502753,279,0.56449,38407.7741331,0.0
2026-04-01 04:00:00+00:00,68198.92,69279.48,68054.51,68688.95,2.31591,1775030399999,159326.7459152,410,1.85964,127929.9929446,0.0
2026-04-01 08:00:00+00:00,68731.85,68808.57,68433.0,68690.63,1.85076,1775044799999,126733.964085,161,1.34057,91770.8249962,0.0
2026-04-01 12:00:00+00:00,68680.36,68939.44,67954.55,68933.73,4.66101,1775059199999,319160.9734243,312,1.58317,108162.2408485,0.0
2026-04-01 16:00:00+00:00,68890.18,69147.69,67954.55,68188.42,0.99241,1775073599999,67971.6372323,289,0.53644,36805.3651651,0.0
2026-04-01 20:00:00+00:00,68165.12,68502.0,68014.67,68106.86,0.88182,1775087999999,60155.6750055,305,0.52866,36062.7888641,0.0
2026-04-02 00:00:00+00:00,68114.37,68643.48,66525.25,66590.02,16.50074,1775102399999,1105950.4529757,1166,14.53102,973466.1100728,0.0
2026-04-02 04:00:00+00:00,66563.75,67122.59,66258.81,66962.4,31.43367,1775116799999,2094641.4096574,2449,30.70229,2045947.2332308,0.0
2026-04-02 08:00:00+00:00,66960.0,67036.55,66191.4,66217.5,1.39421,1775131199999,92619.2983951,709,0.12305,8164.2092548,0.0
2026-04-02 12:00:00+00:00,66201.43,67025.33,65722.83,66789.12,4.83616,1775145599999,320886.9853313,421,0.91616,60872.1507935,0.0
2026-04-02 16:00:00+00:00,66835.86,67395.19,66639.41,66997.36,2.26965,1775159999999,151970.7881477,222,1.28915,86249.1472361,0.0
2026-04-02 20:00:00+00:00,66830.96,67100.0,66766.78,66887.48,0.15422,1775174399999,10323.8016197,112,0.11463,7672.6217171,0.0
2026-04-03 00:00:00+00:00,66960.28,67078.6,66302.08,66639.5,15.03735,1775188799999,1004009.2350708,1043,14.60289,975062.6405078,0.0
2026-04-03 04:00:00+00:00,66602.42,67335.67,66444.14,67024.43,18.95173,1775203199999,1265342.3957728,2513,18.09208,1207967.3671149,0.0
2026-04-03 08:00:00+00:00,67043.46,67262.75,66617.21,67017.42,32.48656,1775217599999,2172682.2960874,776,0.75438,50507.833851,0.0
2026-04-03 12:00:00+00:00,67029.03,67336.72,66540.66,66863.2,2.55887,1775231999999,170802.2408342,407,0.25055,16740.3392564,0.0
2026-04-03 16:00:00+00:00,66840.39,67075.0,66779.97,66888.18,0.63804,1775246399999,42683.8034289,205,0.36541,24441.1993974,0.0
2026-04-03 20:00:00+00:00,66888.1,66974.93,66825.26,66939.09,1.1868,1775260799999,79425.558255,230,0.13391,8957.3977297,0.0
2026-04-04 00:00:00+00:00,66951.36,66977.54,66638.02,66827.26,47.87379,1775275199999,3198572.4963818,564,0.45013,30095.8741574,0.0
2026-04-04 04:00:00+00:00,66839.78,67047.88,66625.78,67028.56,14.89964,1775289599999,995209.8394109,342,0.38204,25558.3619697,0.0
2026-04-04 08:00:00+00:00,66996.9,67201.9,66946.54,67127.78,0.45825,1775303999999,30743.1095569,67,0.22437,15037.2725224,0.0
2026-04-04 12:00:00+00:00,67179.38,67522.82,67048.68,67311.14,0.29494,1775318399999,19846.9608561,147,0.16854,11343.4964792,0.0
2026-04-04 16:00:00+00:00,67404.75,67540.0,67277.84,67323.84,0.79147,1775332799999,53311.8815673,169,0.56457,38036.3484898,0.0
2026-04-04 20:00:00+00:00,67294.02,67448.36,67217.39,67303.95,0.4601,1775347199999,30990.9363449,165,0.34554,23275.5225594,0.0
2026-04-05 00:00:00+00:00,67306.28,67306.28,66967.61,67132.81,0.56517,1775361599999,37961.6685708,165,0.33095,22240.7919067,0.0
2026-04-05 04:00:00+00:00,67147.68,67197.5,66642.35,66776.9,1.00618,1775375999999,67356.4363708,125,0.18441,12341.7485856,0.0
2026-04-05 08:00:00+00:00,66827.19,67122.6,66827.19,67003.65,0.24612,1775390399999,16464.7607659,110,0.2301,15391.9956339,0.0
2026-04-05 12:00:00+00:00,67001.17,67820.38,66683.92,67266.78,2.06978,1775404799999,138814.6035868,256,1.4955,100329.9829272,0.0
2026-04-05 16:00:00+00:00,67329.06,67545.22,67191.35,67321.52,0.43362,1775419199999,29242.4258246,163,0.34528,23292.6092123,0.0
2026-04-05 20:00:00+00:00,67363.83,69123.42,67360.3,69007.23,2.50444,1775433599999,170358.8534784,493,1.63363,110914.1858275,0.0
2026-04-06 00:00:00+00:00,69047.2,69573.27,68785.58,69100.4,18.98139,1775447999999,1312540.5264206,1091,17.54519,1213288.786086,0.0
2026-04-06 04:00:00+00:00,69182.2,69448.98,68834.0,69129.37,37.10628,1775462399999,2566071.9524562,2282,35.5956,2461681.2011958,0.0
2026-04-06 08:00:00+00:00,69170.6,70358.65,69088.55,69624.23,24.77088,1775476799999,1728059.7944033,3083,23.2683,1623406.1527881,0.0
2026-04-06 12:00:00+00:00,69629.64,70150.1,69211.05,69990.9,23.34821,1775491199999,1624356.1267139,2174,21.56678,1500478.1710435,0.0
2026-04-06 16:00:00+00:00,69995.82,70358.47,69303.91,69753.41,16.56634,1775505599999,1156849.762621,1337,12.14399,847559.7467302,0.0
2026-04-06 20:00:00+00:00,69707.5,70127.09,68332.71,68878.64,14.23649,1775519999999,990717.1066768,1021,10.84302,755411.4695844,0.0
2026-04-07 00:00:00+00:00,68828.55,69115.66,68303.5,68829.3,12.68457,1775534399999,872155.2934221,1472,11.40941,784577.6186596,0.0
2026-04-07 04:00:00+00:00,68829.3,68916.67,68470.65,68658.3,0.68181,1775548799999,46796.3146365,279,0.27869,19156.0018578,0.0
2026-04-07 08:00:00+00:00,68644.9,69230.33,68088.52,68349.02,0.96061,1775563199999,65930.6512988,364,0.31047,21237.3062268,0.0
2026-04-07 12:00:00+00:00,68350.15,68641.12,67755.5,68249.38,2.07516,1775577599999,141342.1397151,413,0.57231,39069.3581622,0.0
2026-04-07 16:00:00+00:00,68172.33,69076.57,68095.09,69010.81,1.19183,1775591999999,81495.6173823,391,0.44565,30510.0931725,0.0
2026-04-07 20:00:00+00:00,69035.82,72745.83,69035.82,71964.45,13.76675,1775606399999,977223.3126923,1254,8.73895,619730.2573745,0.0
2026-04-08 00:00:00+00:00,71956.27,72150.37,71276.19,71290.52,4.79179,1775620799999,343060.6987012,430,2.08504,149410.0073078,0.0
2026-04-08 04:00:00+00:00,71311.0,71951.84,71311.0,71624.46,0.86762,1775635199999,62199.8114933,206,0.39512,28328.5750503,0.0
2026-04-08 08:00:00+00:00,71654.27,71919.87,71486.3,71697.02,6.30794,1775649599999,451519.7059608,302,6.00232,429629.6419333,0.0
2026-04-08 12:00:00+00:00,71729.83,72845.48,70723.97,71347.95,4.06942,1775663999999,292017.2346423,512,2.39683,172098.7056222,0.0
2026-04-08 16:00:00+00:00,71305.01,71979.14,71007.69,71318.77,1.41386,1775678399999,101285.760927,393,0.50614,36190.3944033,0.0
2026-04-08 20:00:00+00:00,71353.09,71741.97,70922.1,71078.16,8.43798,1775692799999,601561.7597497,378,7.80447,556382.1923095,0.0
2026-04-09 00:00:00+00:00,71028.7,71153.37,70491.91,71030.25,1.11719,1775707199999,79212.1447501,292,0.71408,50660.0175294,0.0
2026-04-09 04:00:00+00:00,70999.88,71108.65,70715.06,71005.0,0.48999,1775721599999,34774.2907309,124,0.09327,6614.3446152,0.0
2026-04-09 08:00:00+00:00,71010.94,71549.85,70900.45,71198.92,1.55894,1775735999999,111137.6383805,144,0.39852,28410.4959515,0.0
2026-04-09 12:00:00+00:00,71197.09,72343.06,70550.0,72128.51,11.73409,1775750399999,844873.2824108,448,10.45965,753476.754913,0.0
2026-04-09 16:00:00+00:00,72291.83,72538.94,71743.75,72075.97,7.51697,1775764799999,542506.5459142,350,6.69144,482923.6829843,0.0
2026-04-09 20:00:00+00:00,72144.64,73131.98,71610.6,71831.7,2.37482,1775779199999,172171.8440925,464,1.49077,108108.3744038,0.0
2026-04-10 00:00:00+00:00,71795.56,72395.55,71645.47,71846.29,1.1192,1775793599999,80670.8459056,308,0.7528,54279.9890018,0.0
2026-04-10 04:00:00+00:00,71915.79,72229.45,71451.38,71451.38,0.45774,1775807999999,32912.5331183,167,0.10482,7543.3738718,0.0
2026-04-10 08:00:00+00:00,71455.37,72249.28,71455.37,72160.0,3.70947,1775822399999,267188.8528364,155,3.41437,245947.7641947,0.0
2026-04-10 12:00:00+00:00,72131.23,73299.92,71930.35,72375.65,14.37281,1775836799999,1046219.9675519,457,12.13271,883696.0948646,0.0
2026-04-10 16:00:00+00:00,72448.22,73236.91,72448.22,73134.56,4.13676,1775851199999,301790.38229,262,3.09142,225473.6064013,0.0
2026-04-10 20:00:00+00:00,73225.23,73444.64,72748.19,72959.51,4.18537,1775865599999,305297.8839005,285,3.46968,253031.0224125,0.0
2026-04-11 00:00:00+00:00,72914.22,73099.7,72684.59,72853.31,2.11331,1775879999999,154049.3011134,295,1.64226,119707.9628333,0.0
2026-04-11 04:00:00+00:00,72845.7,72960.81,72632.63,72708.28,0.63358,1775894399999,46102.8370516,228,0.3718,27056.7059224,0.0
2026-04-11 08:00:00+00:00,72735.27,72918.83,72647.15,72882.6,0.44818,1775908799999,32640.0577888,193,0.40437,29449.1969466,0.0
2026-04-11 12:00:00+00:00,72919.01,72937.73,72533.9,72822.43,0.56824,1775923199999,41307.0996458,171,0.39092,28412.4650676,0.0
2026-04-11 16:00:00+00:00,72847.56,73799.95,72838.24,73682.09,2.27044,1775937599999,166897.1277224,452,1.8495,135952.8741942,0.0
2026-04-11 20:00:00+00:00,73686.49,73693.12,72942.28,73052.08,2.2943,1775951999999,167719.5407295,350,1.62293,118548.7357161,0.0
2026-04-12 00:00:00+00:00,73026.13,73143.07,71317.23,71651.75,3.39584,1775966399999,244007.953917,418,2.33143,167348.248908,0.0
2026-04-12 04:00:00+00:00,71602.52,71761.6,71443.28,71685.05,1.72508,1775980799999,123388.0123143,160,0.54609,39082.9278377,0.0
2026-04-12 08:00:00+00:00,71714.2,71721.53,71430.98,71480.69,0.26617,1775995199999,19048.9867316,72,0.09295,6652.9420562,0.0
2026-04-12 12:00:00+00:00,71455.47,71461.44,70615.56,70902.71,1.11389,1776009599999,79155.3636383,214,0.27797,19744.3952336,0.0
2026-04-12 16:00:00+00:00,70872.69,71217.92,70830.71,71113.74,1.11185,1776023999999,78934.8455595,167,0.85543,60712.7206188,0.0
2026-04-12 20:00:00+00:00,71064.16,71436.9,70537.99,70726.65,0.91473,1776038399999,64998.4932884,236,0.43353,30799.3436713,0.0
2026-04-13 00:00:00+00:00,70693.47,71268.37,70625.21,70991.06,1.90818,1776052799999,135329.6010524,306,0.22233,15800.978535,0.0
2026-04-13 04:00:00+00:00,71000.79,71141.26,70698.91,70830.61,0.32364,1776067199999,22975.7966288,200,0.09688,6870.4638821,0.0
2026-04-13 08:00:00+00:00,70846.09,70982.32,70534.21,70930.03,0.70359,1776081599999,49755.3910546,74,0.54682,38665.7039811,0.0
2026-04-13 12:00:00+00:00,70915.69,72468.19,70761.74,71859.49,14.33536,1776095999999,1029747.4999516,926,2.69342,192348.3173091,0.0
2026-04-13 16:00:00+00:00,71869.36,73469.09,71716.14,73340.07,17.87143,1776110399999,1298639.8839902,859,14.66893,1067035.8819515,0.0
2026-04-13 20:00:00+00:00,73305.42,74892.0,73031.33,74496.7,10.66184,1776124799999,788631.748595,818,7.90556,585095.5974011,0.0
2026-04-14 00:00:00+00:00,74421.25,74546.4,74012.65,74448.88,6.623,1776139199999,492034.5940595,506,5.47313,406586.8458187,0.0
2026-04-14 04:00:00+00:00,74400.6,74900.0,74188.36,74530.38,1.04962,1776153599999,78416.7132034,350,0.65881,49270.3087354,0.0
2026-04-14 08:00:00+00:00,74542.61,74891.72,74307.11,74395.36,1.22155,1776167999999,91085.4379456,340,0.35177,26267.4323972,0.0
2026-04-14 12:00:00+00:00,74374.81,76039.16,74297.09,75324.43,10.45292,1776182399999,783817.1055172,919,7.10797,532847.8797861,0.0
2026-04-14 16:00:00+00:00,75331.57,75705.74,73847.99,74210.86,13.14542,1776196799999,977692.7646858,454,1.89735,141706.8998997,0.0
2026-04-14 20:00:00+00:00,74253.3,74416.34,73847.99,74158.73,2.10141,1776211199999,155792.9247755,225,1.27254,94333.9293231,0.0
2026-04-15 00:00:00+00:00,74151.75,74769.01,74136.87,74354.48,2.03901,1776225599999,151762.9736716,367,1.39371,103713.9479094,0.0
2026-04-15 04:00:00+00:00,74321.77,74436.89,73550.5,73776.0,2.14953,1776239999999,158898.9675221,342,0.75483,55831.9661747,0.0
2026-04-15 08:00:00+00:00,73720.28,74239.34,73720.28,74183.68,2.34453,1776254399999,173365.4794435,152,0.49707,36760.3473557,0.0
2026-04-15 12:00:00+00:00,74172.29,74500.0,73604.14,73848.4,4.36095,1776268799999,323539.4484824,457,2.31428,171724.3614362,0.0
2026-04-15 16:00:00+00:00,73791.91,75263.91,73791.91,75000.0,8.091,1776283199999,601806.0788849,569,4.97383,369641.7099449,0.0
2026-04-15 20:00:00+00:00,75042.38,75400.0,74558.2,74806.49,4.79776,1776297599999,359128.2837162,380,4.00248,299635.0297188,0.0
2026-04-16 00:00:00+00:00,74821.0,75254.27,74476.2,74876.92,11.35507,1776311999999,848343.5574349,366,9.00295,672305.4748364,0.0
2026-04-16 04:00:00+00:00,74851.9,75154.6,74635.9,74676.7,2.20333,1776326399999,164933.5792583,406,0.71958,53926.2496889,0.0
2026-04-16 08:00:00+00:00,74736.4,74869.44,74269.8,74559.58,3.12183,1776340799999,232489.2813869,232,1.88556,140427.6373245,0.0
2026-04-16 12:00:00+00:00,74578.77,75000.0,73322.57,74731.95,5.10854,1776355199999,379775.9233053,562,2.8936,215266.3662221,0.0
2026-04-16 16:00:00+00:00,74711.5,75401.0,73931.77,75398.41,6.14908,1776369599999,460752.4807871,417,3.85121,289078.4369519,0.0
2026-04-16 20:00:00+00:00,75397.87,75507.54,74831.5,75099.58,3.70659,1776383999999,278307.6204947,389,2.58279,193904.4212277,0.0
2026-04-17 00:00:00+00:00,75122.22,75150.1,74573.63,74629.44,1.32167,1776398399999,98931.5977764,432,0.70554,52814.0303436,0.0
2026-04-17 04:00:00+00:00,74642.16,75094.36,74568.28,75033.69,0.69738,1776412799999,52173.458521,189,0.35006,26212.0275646,0.0
2026-04-17 08:00:00+00:00,75046.6,76360.05,75046.6,75578.98,6.90302,1776427199999,522285.624036,540,3.27205,247519.1282231,0.0
2026-04-17 12:00:00+00:00,75590.08,78042.87,75590.08,77782.4,27.02767,1776441599999,2081010.695279,1159,9.30545,717032.7064078,0.0
2026-04-17 16:00:00+00:00,77743.54,78304.82,77029.17,77410.64,4.18309,1776455999999,324633.3710938,450,2.25316,174913.4090455,0.0
2026-04-17 20:00:00+00:00,77449.05,77590.0,76921.16,77097.65,2.90515,1776470399999,224631.5617466,271,1.96034,151538.0791717,0.0
2026-04-18 00:00:00+00:00,77054.77,77381.47,76985.12,76999.47,1.87349,1776484799999,144484.7204384,227,0.62505,48234.4933059,0.0
2026-04-18 04:00:00+00:00,76994.39,77251.62,76897.67,76903.97,1.4661,1776499199999,112880.6981038,190,0.38502,29677.3223794,0.0
2026-04-18 08:00:00+00:00,77006.29,77037.84,75789.68,76062.32,1.38545,1776513599999,105490.3644256,197,0.4203,32111.9255459,0.0
2026-04-18 12:00:00+00:00,76058.52,76347.63,75894.52,76196.72,0.52315,1776527999999,39835.2260905,142,0.25738,19603.3601257,0.0
2026-04-18 16:00:00+00:00,76128.95,76225.23,75437.68,75657.64,1.66471,1776542399999,126134.8346909,198,1.306,98917.7513209,0.0
2026-04-18 20:00:00+00:00,75624.0,75866.93,75623.66,75714.23,0.86967,1776556799999,65901.9267601,124,0.69344,52557.9015169,0.0
2026-04-19 00:00:00+00:00,75752.54,75826.91,75375.8,75600.01,0.43078,1776571199999,32558.8182496,143,0.25635,19370.9868193,0.0
2026-04-19 04:00:00+00:00,75577.07,75767.21,74958.56,75171.71,0.38015,1776585599999,28693.4931278,132,0.13004,9821.3828993,0.0
2026-04-19 08:00:00+00:00,75200.0,75587.02,74956.98,75587.02,0.66489,1776599999999,50089.9675531,111,0.37359,28185.4377349,0.0
2026-04-19 12:00:00+00:00,75624.07,76197.96,75427.95,75711.81,1.17089,1776614399999,88916.0599516,193,0.52253,39685.6290225,0.0
2026-04-19 16:00:00+00:00,75859.21,75859.21,74668.47,74971.03,0.63711,1776628799999,47768.8369225,200,0.39337,29468.0022128,0.0
2026-04-19 20:00:00+00:00,74848.55,74874.32,73756.7,73793.74,2.07573,1776643199999,153922.1927426,323,0.63131,46921.9870413,0.0
2026-04-20 00:00:00+00:00,73756.7,74731.34,73740.31,74648.68,3.47047,1776657599999,257816.6962479,330,2.6236,194940.9427641,0.0
2026-04-20 04:00:00+00:00,74644.57,75555.84,74115.74,74818.98,1.23054,1776671999999,92264.6533725,301,0.81745,61308.1406107,0.0
2026-04-20 08:00:00+00:00,74834.2,75401.45,74698.66,75155.48,1.08349,1776686399999,81535.1163651,113,0.76756,57807.2151561,0.0
2026-04-20 12:00:00+00:00,75188.27,75756.1,74737.65,75696.79,5.07441,1776700799999,382113.7354899,491,2.21875,167371.2835484,0.0
2026-04-20 16:00:00+00:00,75703.86,76491.44,75311.39,76325.0,1.6831,1776715199999,127845.4900753,391,0.85943,65298.7208254,0.0
2026-04-20 20:00:00+00:00,76226.83,76538.06,75636.11,75853.48,0.80805,1776729599999,61480.0739129,279,0.50248,38234.2759548,0.0
2026-04-21 00:00:00+00:00,75844.93,76268.81,75500.0,75692.36,0.80416,1776743999999,60947.2446097,310,0.45237,34300.7364495,0.0
2026-04-21 04:00:00+00:00,75711.93,76291.38,75609.45,76102.27,0.64859,1776758399999,49175.9817035,192,0.55465,42052.5551442,0.0
2026-04-21 08:00:00+00:00,76138.27,76925.97,76104.39,76488.59,3.88653,1776772799999,297503.2662194,310,3.01995,231205.7720068,0.0
2026-04-21 12:00:00+00:00,76476.69,76592.57,75468.37,75721.17,2.23033,1776787199999,169507.6235879,341,1.37206,104316.6504863,0.0
2026-04-21 16:00:00+00:00,75850.94,76176.45,74828.7,75037.24,1.58756,1776801599999,119857.8989169,561,0.99567,75260.7734435,0.0
2026-04-21 20:00:00+00:00,75020.3,76423.66,74961.72,76305.28,1.08628,1776815999999,82068.834837,384,0.74677,56422.1358033,0.0
2026-04-22 00:00:00+00:00,76373.03,77702.11,76141.92,77547.31,3.24595,1776830399999,250037.2332057,853,2.25119,173322.4205005,0.0
2026-04-22 04:00:00+00:00,77542.04,78432.34,77379.23,78017.79,3.07326,1776844799999,239647.4252962,565,2.20357,171848.7294438,0.0
2026-04-22 08:00:00+00:00,78052.28,78378.33,77913.03,78277.69,1.57807,1776859199999,123274.2586958,270,1.23057,96135.2383181,0.0
2026-04-22 12:00:00+00:00,78296.77,79382.76,78152.41,79304.77,3.29898,1776873599999,260210.3692268,775,2.20531,174153.5168457,0.0
2026-04-22 16:00:00+00:00,79304.77,79452.89,78649.01,78934.47,2.40761,1776887999999,190205.0823341,422,1.63583,129291.5819,0.0
2026-04-22 20:00:00+00:00,78878.8,78897.14,78172.17,78208.89,1.817,1776902399999,142894.7065959,334,1.50294,118241.4180908,0.0
2026-04-23 00:00:00+00:00,78193.38,78571.2,77493.13,77721.09,1.32947,1776916799999,103663.4221435,462,0.56304,43905.5582037,0.0
2026-04-23 04:00:00+00:00,77697.1,78325.6,77694.83,78052.52,0.7839,1776931199999,61137.4006955,202,0.49581,38716.1141083,0.0
2026-04-23 08:00:00+00:00,78031.73,78146.52,77199.49,77724.02,2.34065,1776945599999,181639.8418563,413,0.27177,21081.5125081,0.0
2026-04-23 12:00:00+00:00,77739.46,78651.8,77419.19,78324.63,1.23515,1776959999999,96196.9666108,335,0.8014,62340.5211381,0.0
2026-04-23 16:00:00+00:00,78412.08,78500.0,76965.05,77744.8,3.78541,1776974399999,296104.8488494,428,2.09659,163979.511517,0.0
2026-04-23 20:00:00+00:00,77705.93,78314.78,77677.72,78254.34,0.68664,1776988799999,53522.4241627,198,0.51385,40044.8348883,0.0
2026-04-24 00:00:00+00:00,78265.13,78563.95,77555.95,77744.57,0.95997,1777003199999,75005.3314624,405,0.4571,35739.7209116,0.0
2026-04-24 04:00:00+00:00,77712.87,78011.37,77475.17,77626.07,0.38369,1777017599999,29849.8673812,189,0.25665,19972.9020457,0.0
2026-04-24 08:00:00+00:00,77634.5,78358.72,77431.12,78228.01,1.1369,1777031999999,88411.497494,253,0.72452,56383.7819192,0.0
2026-04-24 12:00:00+00:00,78242.73,78434.72,77628.68,77987.95,0.76445,1777046399999,59697.6617384,229,0.29012,22649.7128429,0.0
2026-04-24 16:00:00+00:00,78064.41,78064.41,77375.17,77629.4,1.08228,1777060799999,84049.8618813,216,0.70929,55072.1014754,0.0
2026-04-24 20:00:00+00:00,77609.3,77750.24,77234.23,77438.57,1.15474,1777075199999,89537.3436042,242,0.78283,60708.7118468,0.0
2026-04-25 00:00:00+00:00,77411.22,77693.09,77296.54,77682.37,0.44878,1777089599999,34783.0761756,213,0.36806,28523.143315,0.0
2026-04-25 04:00:00+00:00,77668.37,77699.98,77442.47,77525.71,0.17203,1777103999999,13349.3030371,89,0.08274,6422.9962373,0.0
2026-04-25 08:00:00+00:00,77564.47,77870.13,77564.47,77673.32,0.23823,1777118399999,18502.5352672,73,0.18364,14263.3945974,0.0
2026-04-25 12:00:00+00:00,77665.63,77745.17,77321.82,77321.82,1.18152,1777132799999,91775.9506427,112,0.46032,35743.2886734,0.0
2026-04-25 16:00:00+00:00,77324.77,77460.15,77165.67,77311.22,0.44212,1777147199999,34188.0716273,164,0.31603,24434.6947063,0.0
2026-04-25 20:00:00+00:00,77345.03,77629.17,77339.76,77610.68,1.94434,1777161599999,150835.2675057,173,1.7831,138338.6929313,0.0
2026-04-26 00:00:00+00:00,77631.64,77631.64,77340.15,77390.17,0.43229,1777175999999,33502.2250867,221,0.16062,12448.0150091,0.0
2026-04-26 04:00:00+00:00,77392.5,78175.08,77392.5,78106.39,0.55162,1777190399999,43026.3868814,169,0.35918,28024.4268417,0.0
2026-04-26 08:00:00+00:00,78102.51,78200.0,77932.15,78102.16,0.08622,1777204799999,6729.5605433,65,0.0442,3451.0036925,0.0
2026-04-26 12:00:00+00:00,78133.23,78176.07,77790.24,78009.55,2.46157,1777219199999,191914.565206,171,0.19178,14958.1445952,0.0
2026-04-26 16:00:00+00:00,78038.57,78478.22,77836.32,78271.69,2.23386,1777233599999,174607.9731361,261,1.8884,147626.8306294,0.0
2026-04-26 20:00:00+00:00,78233.3,78920.0,77866.33,78626.16,1.80785,1777247999999,141668.8892362,471,0.83213,65300.0201155,0.0
2026-04-27 00:00:00+00:00,78658.01,79448.45,78414.7,79089.79,2.59907,1777262399999,205452.8939012,547,1.26915,100409.543647,0.0
2026-04-27 04:00:00+00:00,79089.79,79151.86,77487.01,77693.1,1.73901,1777276799999,136144.0634657,279,0.55752,43755.2098759,0.0
2026-04-27 08:00:00+00:00,77578.25,77948.21,77578.25,77837.73,2.11121,1777291199999,164036.6962327,95,0.89368,69484.0031325,0.0
2026-04-27 12:00:00+00:00,77838.1,78237.39,76583.72,76771.37,3.2207,1777305599999,248921.3621073,706,1.21173,93326.4006653,0.0
2026-04-27 16:00:00+00:00,76734.26,76926.56,76491.06,76853.03,4.8897,1777319999999,375285.6515659,363,3.84225,294979.6782256,0.0
2026-04-27 20:00:00+00:00,76858.8,77503.72,76761.58,77373.7,3.2227,1777334399999,248813.6729789,297,2.75488,212763.9800446,0.0
2026-04-28 00:00:00+00:00,77326.95,77479.58,76688.81,76826.97,0.73211,1777348799999,56504.9574496,313,0.21045,16221.9834936,0.0
2026-04-28 04:00:00+00:00,76827.11,77105.69,76442.6,76921.14,0.43765,1777363199999,33635.7889646,160,0.23701,18220.8620448,0.0
2026-04-28 08:00:00+00:00,76900.92,76964.86,76157.67,76162.09,0.53308,1777377599999,40753.9981338,142,0.14482,11110.406303,0.0
2026-04-28 12:00:00+00:00,76269.21,76404.78,75674.97,76039.77,1.37268,1777391999999,104383.3286375,275,0.45914,34941.5223448,0.0
2026-04-28 16:00:00+00:00,76078.56,76354.82,75906.4,76348.24,0.78719,1777406399999,59904.3659045,203,0.44961,34234.2584235,0.0
2026-04-28 20:00:00+00:00,76331.45,76492.24,76219.99,76332.32,0.80524,1777420799999,61496.4222488,169,0.40435,30899.0682201,0.0
2026-04-29 00:00:00+00:00,76350.43,77110.01,76220.0,76984.91,1.02621,1777435199999,78744.0723142,264,0.86418,66314.9394909,0.0
2026-04-29 04:00:00+00:00,76990.0,77427.69,76921.85,77030.0,1.02725,1777449599999,79153.6337963,162,0.62075,47831.8973132,0.0
2026-04-29 08:00:00+00:00,77078.31,77857.1,76979.88,77602.18,0.45771,1777463999999,35525.5946959,156,0.35199,27323.3920504,0.0
2026-04-29 12:00:00+00:00,77554.06,77554.06,75726.48,75907.64,2.14588,1777478399999,164772.3906961,717,0.71717,55190.8931579,0.0
2026-04-29 16:00:00+00:00,75926.02,76220.0,74916.16,75487.54,3.50933,1777492799999,264776.3303439,553,0.86278,65286.6514514,0.0
2026-04-29 20:00:00+00:00,75582.29,76046.95,75523.3,75792.81,0.77632,1777507199999,58893.9091887,458,0.32921,24977.322419,0.0
2026-04-30 00:00:00+00:00,75800.33,76447.74,75494.51,75968.49,1.64289,1777521599999,124886.0461594,334,1.23158,93617.1767831,0.0
2026-04-30 04:00:00+00:00,75931.97,76170.47,75316.36,76116.36,0.47318,1777535999999,35838.1013822,307,0.31878,24170.1620726,0.0
2026-04-30 08:00:00+00:00,76172.57,76339.83,75893.1,76070.89,0.1832,1777550399999,13940.316508,165,0.08526,6487.2911001,0.0
2026-04-30 12:00:00+00:00,76071.9,76641.13,76071.9,76506.44,3.37131,1777564799999,257396.7483785,384,2.00226,152798.9820736,0.0
2026-04-30 16:00:00+00:00,76484.49,76517.07,76113.02,76422.39,0.84497,1777579199999,64515.3580062,163,0.41369,31580.6274445,0.0
2026-04-30 20:00:00+00:00,76428.7,76564.47,76222.67,76327.21,1.72252,1777593599999,131652.4626434,223,0.63728,48706.8764079,0.0
2026-05-01 00:00:00+00:00,76354.39,77393.41,76354.39,77107.34,2.11541,1777607999999,162749.5183359,380,1.89253,145633.6409832,0.0
2026-05-01 04:00:00+00:00,77165.6,77213.68,76875.01,77116.47,2.00626,1777622399999,154553.6758509,186,1.1985,92332.6403961,0.0
2026-05-01 08:00:00+00:00,77128.69,77581.68,77056.68,77465.08,1.45431,1777636799999,112668.4729686,203,0.34849,26974.2893993,0.0
2026-05-01 12:00:00+00:00,77471.9,78920.7,77426.22,78469.0,6.92759,1777651199999,541607.6219239,630,5.12244,400256.8864722,0.0
2026-05-01 16:00:00+00:00,78514.85,78699.49,78149.08,78428.65,2.0567,1777665599999,161360.1870471,241,1.81226,142197.5058686,0.0
2026-05-01 20:00:00+00:00,78431.69,78431.69,77775.72,78235.09,1.7421,1777679999999,136102.9230256,327,0.78626,61492.8310729,0.0
2026-05-02 00:00:00+00:00,78235.09,78502.95,78204.06,78458.46,0.80434,1777694399999,63049.100402,344,0.50811,39830.1881847,0.0
2026-05-02 04:00:00+00:00,78406.86,78443.76,78043.73,78224.96,0.50584,1777708799999,39578.7306172,139,0.13803,10798.1900678,0.0
2026-05-02 08:00:00+00:00,78209.79,78347.28,78127.85,78129.19,0.07569,1777723199999,5920.2533287,54,0.01991,1557.9049936,0.0
2026-05-02 12:00:00+00:00,78135.06,78471.15,78122.94,78456.49,1.79375,1777737599999,140377.4451399,141,0.49863,39044.8161306,0.0
2026-05-02 16:00:00+00:00,78471.15,78575.07,78334.41,78465.79,0.38434,1777751999999,30160.3041264,311,0.28037,22001.0217129,0.0
2026-05-02 20:00:00+00:00,78478.72,79143.4,78411.23,78674.91,1.17925,1777766399999,92827.5037553,458,0.63302,49818.8660169,0.0
2026-05-03 00:00:00+00:00,78702.31,78732.69,78098.1,78203.8,0.75886,1777780799999,59346.140435,550,0.35934,28099.1530585,0.0
2026-05-03 04:00:00+00:00,78193.27,78424.63,78090.04,78350.5,0.4791,1777795199999,37448.7703304,116,0.06825,5340.4682714,0.0
2026-05-03 08:00:00+00:00,78387.81,78817.62,78367.99,78728.78,0.34381,1777809599999,27037.0143937,98,0.2453,19298.4860963,0.0
2026-05-03 12:00:00+00:00,78695.64,78860.94,78610.29,78657.02,0.80604,1777823999999,63462.0301277,544,0.48922,38518.3853591,0.0
2026-05-03 16:00:00+00:00,78681.31,78843.99,78591.94,78790.38,0.78555,1777838399999,61866.4950073,692,0.69741,54927.8988217,0.0
2026-05-03 20:00:00+00:00,78750.46,79427.87,78510.85,78565.73,5.73155,1777852799999,453135.0784144,1306,1.92127,151759.4227212,0.0
2026-05-04 00:00:00+00:00,78500.0,80468.1,78311.31,80300.38,6.96445,1777867199999,555949.5372848,824,4.34807,347154.7291437,0.0
2026-05-04 04:00:00+00:00,80322.86,80633.1,79500.0,79803.59,2.36719,1777881599999,190104.8021459,300,1.10897,88958.177092,0.0
2026-05-04 08:00:00+00:00,79716.66,79935.29,78230.48,78836.44,3.35193,1777895999999,264898.2949131,281,0.76973,60800.926037,0.0
2026-05-04 12:00:00+00:00,78787.22,80529.97,78526.86,80034.51,5.01573,1777910399999,398802.9330638,572,3.65581,290585.3133721,0.0
2026-05-04 16:00:00+00:00,80024.9,80739.02,79625.81,80088.58,16.55284,1777924799999,1330662.4627639,682,12.36359,994490.5216105,0.0
2026-05-04 20:00:00+00:00,80009.83,80405.48,79749.15,79858.72,2.08452,1777939199999,166937.6218148,234,1.46177,117112.5035304,0.0
2026-05-05 00:00:00+00:00,79856.96,81079.47,79798.03,80903.04,2.09355,1777953599999,168631.86241,420,1.74439,140602.0638091,0.0
2026-05-05 04:00:00+00:00,80877.19,81297.97,80736.52,80831.75,3.68356,1777967999999,298337.0513204,347,2.94975,238887.2805157,0.0
2026-05-05 08:00:00+00:00,80851.51,81086.0,80540.91,80973.67,1.99894,1777982399999,161822.3783072,166,1.05817,85591.7441027,0.0
2026-05-05 12:00:00+00:00,81005.92,81682.29,80974.34,81553.38,5.85407,1777996799999,476411.559574,509,3.24774,264598.3526392,0.0
2026-05-05 16:00:00+00:00,81553.38,81682.28,81079.03,81576.46,1.9979,1778011199999,162661.4087475,314,1.45012,118045.5186307,0.0
2026-05-05 20:00:00+00:00,81588.19,81770.35,80813.62,80933.1,2.91652,1778025599999,236933.2078694,505,1.83862,149512.3873874,0.0
2026-05-06 00:00:00+00:00,80870.12,81729.56,80767.49,81579.54,7.69274,1778039999999,625340.8751363,601,2.65279,215430.5299112,0.0
2026-05-06 04:00:00+00:00,81588.47,81613.51,81074.22,81339.39,22.47782,1778054399999,1828741.9827732,510,1.80024,146655.8237302,0.0
2026-05-06 08:00:00+00:00,81326.7,82807.0,81326.7,82516.83,17.63599,1778068799999,1445431.3196785,876,8.60211,704887.8629127,0.0
2026-05-06 12:00:00+00:00,82508.3,82529.89,81152.85,81698.05,19.42369,1778083199999,1589535.4186383,1139,1.20221,98338.4034404,0.0
2026-05-06 16:00:00+00:00,81731.46,81866.17,81205.31,81502.4,13.79708,1778097599999,1123961.8690545,1176,0.64601,52642.99799,0.0
2026-05-06 20:00:00+00:00,81459.94,81668.64,81008.73,81444.83,4.44486,1778111999999,361962.1198219,900,0.43638,35515.998289,0.0
2026-05-07 00:00:00+00:00,81434.94,81494.32,80841.11,80841.11,3.83726,1778126399999,310957.9771086,465,2.61716,212082.3364123,0.0
2026-05-07 04:00:00+00:00,80855.19,81696.49,80750.1,81502.36,2.04126,1778140799999,165698.2538509,314,0.97175,78882.7412176,0.0
2026-05-07 08:00:00+00:00,81498.17,81589.69,80589.08,80892.2,2.18659,1778155199999,177081.1592152,194,1.17376,95046.9634657,0.0
2026-05-07 12:00:00+00:00,80835.37,81158.51,79731.14,79863.12,4.12751,1778169599999,332391.776331,521,0.96496,77736.1985559,0.0
2026-05-07 16:00:00+00:00,79851.42,80283.0,79500.01,80116.11,14.33056,1778183999999,1146419.8888955,459,4.07758,326266.8439734,0.0
2026-05-07 20:00:00+00:00,80168.36,80361.85,79625.18,80034.95,2.88844,1778198399999,230825.4342505,301,0.3672,29351.4921922,0.0
2026-05-08 00:00:00+00:00,80038.55,80134.49,79244.31,79579.66,2.87808,1778212799999,228862.9775675,280,0.40212,32027.8222842,0.0
2026-05-08 04:00:00+00:00,79579.66,79755.98,79308.46,79718.8,0.46649,1778227199999,37135.3689021,185,0.19382,15434.4243902,0.0
2026-05-08 08:00:00+00:00,79695.85,80312.96,79665.39,80179.71,0.23229,1778241599999,18582.4550611,195,0.10827,8660.9950512,0.0
2026-05-08 12:00:00+00:00,80258.77,80466.11,79566.09,80124.99,4.53208,1778255999999,362865.6354302,408,0.96872,77549.2256167,0.0
2026-05-08 16:00:00+00:00,80182.97,80281.98,79756.28,80129.64,3.03238,1778270399999,242362.939671,308,0.5638,45146.1795716,0.0
2026-05-08 20:00:00+00:00,80167.39,80411.52,80073.63,80205.47,3.87846,1778284799999,311214.7784723,286,3.55212,285023.088386,0.0
2026-05-09 00:00:00+00:00,80180.3,80532.4,80077.2,80404.9,6.1552,1778299199999,494653.916298,487,1.97635,158853.5596535,0.0
2026-05-09 04:00:00+00:00,80400.3,80635.44,80158.26,80224.27,0.17014,1778313599999,13678.1479977,164,0.09907,7967.7286341,0.0
2026-05-09 08:00:00+00:00,80224.27,80454.32,80000.0,80348.61,2.61291,1778327999999,209379.6631676,219,1.39186,111454.7156389,0.0
2026-05-09 12:00:00+00:00,80345.2,80578.75,80219.7,80530.27,1.05907,1778342399999,85094.7959728,242,0.53366,42882.4104027,0.0
2026-05-09 16:00:00+00:00,80526.5,81069.59,80485.83,80909.6,8.04209,1778356799999,649727.4704359,305,5.11159,412809.8912447,0.0
2026-05-09 20:00:00+00:00,80951.8,80951.8,80654.44,80697.78,0.75829,1778371199999,61250.9779861,160,0.22089,17840.9623201,0.0
2026-05-10 00:00:00+00:00,80698.89,80878.24,79537.17,80806.56,3.5586,1778385599999,286689.0007707,340,1.164,93651.999715,0.0
2026-05-10 04:00:00+00:00,80775.36,80826.53,80654.0,80752.55,0.24133,1778399999999,19485.7388446,84,0.04778,3857.7513005,0.0
2026-05-10 08:00:00+00:00,80736.49,80959.03,80704.67,80846.9,2.28469,1778414399999,184919.4632795,219,0.58938,47696.3609721,0.0
2026-05-10 12:00:00+00:00,80839.3,81428.57,80800.95,81387.75,1.07418,1778428799999,87058.9536639,216,0.69294,56181.4917709,0.0
2026-05-10 16:00:00+00:00,81428.57,81562.5,81144.72,81445.0,4.97678,1778443199999,405084.6643004,376,4.53761,369369.6238023,0.0
2026-05-10 20:00:00+00:00,81430.4,82447.41,80292.99,82154.4,13.91524,1778457599999,1142852.9027927,777,10.70962,880004.9402381,0.0
2026-05-11 00:00:00+00:00,82262.15,82288.4,80548.13,80723.15,4.68862,1778471999999,382329.9236669,519,0.70281,57114.6773383,0.0
2026-05-11 04:00:00+00:00,80703.81,81025.93,80662.47,80800.71,1.88573,1778486399999,152404.0030229,212,0.75359,60904.7026497,0.0
2026-05-11 08:00:00+00:00,80779.77,81192.72,80650.0,81182.24,0.25574,1778500799999,20728.3315701,169,0.04411,3574.1785264,0.0
2026-05-11 12:00:00+00:00,81192.72,81447.1,80489.51,81438.09,2.91492,1778515199999,236351.8966078,351,2.0299,164798.4537424,0.0
2026-05-11 16:00:00+00:00,81420.3,82118.28,81374.58,81955.09,6.66341,1778529599999,546225.4805371,643,4.27033,349878.7389487,0.0
2026-05-11 20:00:00+00:00,82015.06,82093.72,81606.87,81774.05,0.66292,1778543999999,54246.1801728,325,0.33339,27283.7442244,0.0
2026-05-12 00:00:00+00:00,81730.0,81801.36,80707.92,81059.76,0.99702,1778558399999,80961.4545567,504,0.4319,35089.2974012,0.0
2026-05-12 04:00:00+00:00,81038.39,81304.76,80842.35,80967.1,2.25952,1778572799999,182939.1969813,543,0.46191,37448.6436708,0.0
2026-05-12 08:00:00+00:00,80860.7,80966.69,80516.86,80759.46,0.45113,1778587199999,36419.6016036,188,0.29335,23678.4990654,0.0
2026-05-12 12:00:00+00:00,80793.0,81011.21,80191.37,80375.85,3.46161,1778601599999,279168.0706233,486,1.59576,128747.3291294,0.0
2026-05-12 16:00:00+00:00,80272.28,80878.24,79865.3,80827.75,5.80028,1778615999999,465002.0997067,538,3.70306,296658.9146128,0.0
2026-05-12 20:00:00+00:00,80827.75,80899.82,80464.2,80483.2,0.76734,1778630399999,61883.4509515,414,0.25358,20449.9740038,0.0
2026-05-13 00:00:00+00:00,80490.16,81299.99,80462.54,81208.97,20.02858,1778644799999,1623711.1969264,808,5.01946,407341.1386458,0.0
2026-05-13 04:00:00+00:00,81273.63,81273.63,80865.25,81011.55,32.44086,1778659199999,2631264.315201,638,5.79113,470222.645342,0.0
2026-05-13 08:00:00+00:00,81033.0,81309.42,80522.92,80522.92,21.57046,1778673599999,1747395.4650878,516,2.86806,231687.5645547,0.0
2026-05-13 12:00:00+00:00,80494.16,80602.62,78831.9,78834.3,9.79141,1778687999999,783308.1673076,680,2.4131,192512.6305399,0.0
2026-05-13 16:00:00+00:00,78843.19,79822.62,78776.88,79643.15,12.2946,1778702399999,978223.9314954,531,6.30119,501127.0969064,0.0
2026-05-13 20:00:00+00:00,79652.81,79748.13,79245.79,79329.71,7.42209,1778716799999,590303.2134614,509,3.37074,267753.7728613,0.0
2026-05-14 00:00:00+00:00,79335.34,79688.69,78954.14,79031.64,5.89938,1778731199999,468057.4009128,399,1.0768,85533.4465661,0.0
2026-05-14 04:00:00+00:00,79029.52,79979.48,79013.0,79854.0,0.57243,1778745599999,45408.2189494,198,0.36586,29017.3392601,0.0
2026-05-14 08:00:00+00:00,79743.75,79945.59,79245.79,79270.44,1.84629,1778759999999,147083.9731477,113,1.61626,128808.8245992,0.0
2026-05-14 12:00:00+00:00,79306.6,81320.27,79302.34,81307.3,15.42474,1778774399999,1240806.1435224,634,8.3318,670578.2378069,0.0
2026-05-14 16:00:00+00:00,81340.0,82030.33,81127.04,81432.49,23.31918,1778788799999,1902524.9528777,891,10.78081,879094.4497125,0.0
2026-05-14 20:00:00+00:00,81487.87,81607.31,81069.81,81077.62,2.60381,1778803199999,211652.1309945,508,1.50082,122032.4187905,0.0
2026-05-15 00:00:00+00:00,81106.4,81721.21,80776.68,81108.63,20.29888,1778817599999,1649413.1452224,695,10.3583,841952.3894543,0.0
2026-05-15 04:00:00+00:00,81070.97,81104.6,80313.77,80838.13,1.47161,1778831999999,118833.0988753,305,0.36923,29783.3195714,0.0
2026-05-15 08:00:00+00:00,80807.32,80807.32,80377.17,80678.73,0.86782,1778846399999,69987.4693291,148,0.36963,29789.35484,0.0
2026-05-15 12:00:00+00:00,80546.64,80607.81,78670.4,79202.32,11.15792,1778860799999,887661.076597,708,4.36919,348139.1390298,0.0
2026-05-15 16:00:00+00:00,79144.78,79546.52,79085.85,79172.99,2.20689,1778875199999,174936.6260362,339,0.87364,69248.6546321,0.0
2026-05-15 20:00:00+00:00,79203.24,79208.99,78965.94,79112.25,1.37611,1778889599999,108875.6413434,307,0.70292,55618.9991226,0.0
2026-05-16 00:00:00+00:00,79094.24,79236.97,79021.89,79118.88,1.62801,1778903999999,128858.5258547,235,1.22853,97254.5966189,0.0
2026-05-16 04:00:00+00:00,79084.8,79117.45,78100.39,78356.82,3.86972,1778918399999,303829.2220885,307,1.54667,121380.0834138,0.0
2026-05-16 08:00:00+00:00,78378.6,78519.82,77634.48,78165.49,11.77285,1778932799999,919194.2543374,271,4.11577,320811.2562051,0.0
2026-05-16 12:00:00+00:00,78096.08,78329.03,77864.99,78230.57,11.65237,1778947199999,910099.7121983,274,6.77932,529240.9783069,0.0
2026-05-16 16:00:00+00:00,78230.57,78359.28,78155.53,78263.39,13.84492,1778961599999,1083457.7386178,333,9.43407,738014.5400299,0.0
2026-05-16 20:00:00+00:00,78279.38,78329.73,78154.97,78154.97,0.47796,1778975999999,37402.2755718,153,0.20026,15669.6276316,0.0
2026-05-17 00:00:00+00:00,78210.51,78244.07,77750.0,78010.38,0.83472,1778990399999,65055.4356835,241,0.54003,42085.8735526,0.0
2026-05-17 04:00:00+00:00,78067.18,78310.0,78048.32,78180.55,0.9907,1779004799999,77393.9793095,160,0.89519,69929.18985,0.0
2026-05-17 08:00:00+00:00,78188.55,78575.36,78042.24,78398.0,6.90452,1779019199999,541258.3708376,181,3.09179,242227.247842,0.0
2026-05-17 12:00:00+00:00,78424.26,78529.82,77896.05,78052.68,7.88881,1779033599999,617184.238053,268,3.42327,267879.5212743,0.0
2026-05-17 16:00:00+00:00,78084.46,78473.17,77898.93,78396.02,6.7184,1779047999999,525824.2113603,303,2.71607,212553.4510016,0.0
2026-05-17 20:00:00+00:00,78414.23,78474.5,76750.23,77436.87,16.51446,1779062399999,1283544.0561108,840,7.72906,600459.2186517,0.0
2026-05-18 00:00:00+00:00,77451.16,77451.16,76733.99,76909.62,32.62119,1779076799999,2511888.8664401,732,18.90253,1455207.3819439,0.0
2026-05-18 04:00:00+00:00,76928.47,77079.32,76608.0,77067.72,9.20277,1779091199999,707958.297706,378,5.49293,422399.0231928,0.0
2026-05-18 08:00:00+00:00,77102.27,77407.25,76700.0,77268.19,4.41025,1779105599999,339361.9523188,202,1.73177,133709.5416099,0.0
2026-05-18 12:00:00+00:00,77300.92,77778.11,76067.0,76411.18,4.4974,1779119999999,345558.6755123,589,1.61143,123634.8668255,0.0
2026-05-18 16:00:00+00:00,76348.04,76977.02,76172.57,76887.84,2.26787,1779134399999,173730.4002133,403,0.85751,65694.1012085,0.0
2026-05-18 20:00:00+00:00,76965.11,77219.87,76832.83,77006.42,12.87581,1779148799999,991908.7705389,466,7.29531,562000.817008,0.0
2026-05-19 00:00:00+00:00,77006.42,77367.62,76500.0,76790.67,5.5672,1779163199999,429110.7683314,355,2.859,220618.2689743,0.0
2026-05-19 04:00:00+00:00,76766.96,77282.81,76651.58,77218.91,0.32349,1779177599999,24881.5321242,202,0.16359,12591.9921837,0.0
2026-05-19 08:00:00+00:00,77255.76,77282.81,76670.49,76726.62,1.42587,1779191999999,109633.0289249,144,0.12678,9750.7812494,0.0
2026-05-19 12:00:00+00:00,76689.86,77050.15,76153.56,76481.58,6.07857,1779206399999,465781.7389784,371,2.0671,158222.3281931,0.0
2026-05-19 16:00:00+00:00,76513.07,77066.3,76439.89,76880.0,14.04216,1779220799999,1079416.1282552,689,5.79544,445364.2946744,0.0
2026-05-19 20:00:00+00:00,76833.91,77045.17,76656.12,76833.85,3.01242,1779235199999,231898.7723951,243,0.22209,17084.7949034,0.0
2026-05-20 00:00:00+00:00,76901.97,76919.92,76527.01,76740.99,3.29496,1779249599999,252425.3243013,731,2.69529,206440.8120119,0.0
2026-05-20 04:00:00+00:00,76804.52,77486.66,76741.78,77278.8,2.21104,1779263999999,170691.1037816,234,0.93476,72071.4686813,0.0
2026-05-20 08:00:00+00:00,77299.39,77664.93,77266.14,77409.68,0.79204,1779278399999,61369.31581,124,0.3544,27461.2501811,0.0
2026-05-20 12:00:00+00:00,77488.61,77835.07,76876.27,77432.58,13.18763,1779292799999,1020809.5696865,2344,4.30755,333040.987614,0.0
2026-05-20 16:00:00+00:00,77467.47,77705.84,77025.07,77665.58,2.9108,1779307199999,225286.6813033,1173,1.54774,119790.2161177,0.0
2026-05-20 20:00:00+00:00,77682.09,77750.0,77231.19,77542.46,6.21299,1779321599999,482051.1771452,490,3.09791,240649.0779531,0.0
2026-05-21 00:00:00+00:00,77575.77,78157.45,77554.46,78090.95,5.89957,1779335999999,459793.2552378,854,5.04085,392834.2127522,0.0
2026-05-21 04:00:00+00:00,78076.97,78160.84,77515.46,77905.21,2.91,1779350399999,226946.9738085,302,0.5311,41349.5367144,0.0
2026-05-21 08:00:00+00:00,77902.39,78175.08,77143.5,77185.28,5.20966,1779364799999,405589.8919288,394,2.45348,191257.3938008,0.0
2026-05-21 12:00:00+00:00,77236.22,77377.59,76750.0,77271.73,1.76848,1779379199999,136364.2991205,388,0.76863,59283.2205575,0.0
2026-05-21 16:00:00+00:00,77294.08,78075.26,77046.29,77750.42,7.81114,1779393599999,606507.3747967,654,3.75859,291681.3254887,0.0
2026-05-21 20:00:00+00:00,77703.07,77813.03,77556.12,77609.93,5.3846,1779407999999,418432.2744853,437,2.48507,193069.9506372,0.0
2026-05-22 00:00:00+00:00,77638.44,77818.19,77317.95,77782.1,1.13765,1779422399999,88239.3357346,313,0.54734,42451.4158802,0.0
2026-05-22 04:00:00+00:00,77790.72,77891.23,77295.94,77430.48,5.73603,1779436799999,445935.1584794,310,4.82146,374945.1604987,0.0
2026-05-22 08:00:00+00:00,77449.79,77539.54,77187.92,77410.08,3.13355,1779451199999,242796.1379463,231,1.01588,78683.0472557,0.0
2026-05-22 12:00:00+00:00,77436.78,77574.97,76592.57,76823.75,14.21422,1779465599999,1095475.1330483,1181,7.21296,556025.5705803,0.0
2026-05-22 16:00:00+00:00,76805.16,77098.16,75701.1,75861.38,26.72246,1779479999999,2045512.606157,1687,13.49492,1032183.273734,0.0
2026-05-22 20:00:00+00:00,75861.38,76103.49,75354.82,75555.7,10.09118,1779494399999,766068.9938534,547,4.50543,342206.3135645,0.0
2026-05-23 00:00:00+00:00,75543.03,75666.42,75239.33,75646.71,1.67006,1779508799999,126035.7208099,345,0.83485,63037.1829012,0.0
2026-05-23 04:00:00+00:00,75646.71,75651.67,74320.0,74585.23,5.0158,1779523199999,377399.4347006,320,3.16309,238329.210047,0.0
2026-05-23 08:00:00+00:00,74620.31,74843.87,74364.94,74815.35,3.58731,1779537599999,268102.1059665,163,1.92793,143986.8898972,0.0
2026-05-23 12:00:00+00:00,74809.99,75674.8,74679.0,75504.58,7.70966,1779551999999,581224.6826277,338,3.68856,277935.7635113,0.0
2026-05-23 16:00:00+00:00,75537.0,75985.0,75407.78,75964.64,8.89771,1779566399999,674272.8732985,325,4.51447,342215.7276013,0.0
2026-05-23 20:00:00+00:00,76000.0,77393.4,75986.83,76772.08,9.99106,1779580799999,763930.5623756,698,6.1462,470235.1417442,0.0
2026-05-24 00:00:00+00:00,76775.63,76995.1,76633.14,76770.0,5.97936,1779595199999,459476.6620958,361,3.73135,286758.0308077,0.0
2026-05-24 04:00:00+00:00,76812.04,77051.49,76644.62,76801.43,6.10681,1779609599999,469047.9195323,230,1.5191,116635.3744304,0.0
2026-05-24 08:00:00+00:00,76814.8,77516.96,76748.26,77310.29,11.12385,1779623999999,859199.1941674,496,6.87065,530797.1480114,0.0
2026-05-24 12:00:00+00:00,77291.18,77308.07,76188.19,76394.04,11.9333,1779638399999,914068.2073155,621,2.82074,215831.3363441,0.0
2026-05-24 16:00:00+00:00,76388.66,76792.79,76369.39,76780.91,14.22891,1779652799999,1090626.281003,304,7.43387,569871.5369769,0.0
2026-05-24 20:00:00+00:00,76793.61,77205.18,76103.72,77098.76,3.74952,1779667199999,288360.7259457,331,0.46254,35433.4827723,0.0
2026-05-25 00:00:00+00:00,77127.41,77445.91,76906.95,77039.89,9.59262,1779681599999,739712.9142504,516,7.00123,539798.3964957,0.0
2026-05-25 04:00:00+00:00,77030.58,77621.14,76984.64,77376.24,2.08999,1779695999999,161705.7310682,465,1.3219,102327.5912927,0.0
2026-05-25 08:00:00+00:00,77421.38,77698.62,77291.92,77368.43,6.5609,1779710399999,508329.3783354,307,2.80452,217309.6094959,0.0
2026-05-25 12:00:00+00:00,77364.95,77875.41,77300.94,77651.1,9.47217,1779724799999,734332.4896389,560,5.80902,450410.952182,0.0
2026-05-25 16:00:00+00:00,77641.0,77827.6,77362.52,77442.09,1.00874,1779739199999,78265.3689677,301,0.39497,30643.2415837,0.0
2026-05-25 20:00:00+00:00,77413.57,77500.35,77050.0,77347.56,3.22288,1779753599999,249183.9561713,274,0.32703,25278.7510791,0.0
2026-05-26 00:00:00+00:00,77299.39,77310.5,76458.84,76660.1,5.1816,1779767999999,397892.1221514,344,2.8577,219681.4192606,0.0
2026-05-26 04:00:00+00:00,76641.96,77029.17,76607.64,76738.19,0.6023,1779782399999,46248.9236068,176,0.37212,28590.9505577,0.0
2026-05-26 08:00:00+00:00,76726.94,77613.96,76600.0,77236.38,4.3565,1779796799999,336488.3634835,295,0.11065,8548.9176398,0.0
2026-05-26 12:00:00+00:00,77199.82,78064.22,76270.88,76533.91,15.65351,1779811199999,1204928.8802288,838,5.17724,398615.1437601,0.0
2026-05-26 16:00:00+00:00,76537.75,76686.14,75807.28,76027.27,4.37393,1779825599999,333340.3281742,564,0.88668,67521.7101785,0.0
2026-05-26 20:00:00+00:00,76068.47,76192.91,75692.44,75924.57,1.97231,1779839999999,149799.3642088,337,0.80032,60800.2755535,0.0
2026-05-27 00:00:00+00:00,75976.17,76092.34,75645.26,75677.3,0.83417,1779854399999,63262.3588234,279,0.5501,41716.2348435,0.0
2026-05-27 04:00:00+00:00,75665.38,75969.62,75328.59,75969.62,3.06535,1779868799999,231503.1162878,249,1.45983,110099.1240125,0.0
2026-05-27 08:00:00+00:00,75974.33,76050.64,75710.69,75784.89,3.04499,1779883199999,231071.8882109,149,2.4947,189305.9959239,0.0
2026-05-27 12:00:00+00:00,75767.14,76150.08,74779.16,75284.04,5.98716,1779897599999,450911.9801223,421,1.6282,122656.6983551,0.0
2026-05-27 16:00:00+00:00,75342.6,75351.65,74681.82,75077.26,15.11714,1779911999999,1134581.0922838,580,10.30976,773213.9167113,0.0
2026-05-27 20:00:00+00:00,75061.98,75424.2,74251.16,74467.65,2.31091,1779926399999,172561.0189997,555,1.09323,81716.156128,0.0
2026-05-28 00:00:00+00:00,74447.63,74592.59,73086.86,73268.0,10.47212,1779940799999,773607.2062577,925,4.32279,318528.6608056,0.0
2026-05-28 04:00:00+00:00,73266.04,73505.97,72769.33,73461.46,6.79865,1779955199999,496658.0012618,462,2.99292,218724.9571913,0.0
2026-05-28 08:00:00+00:00,73435.23,73600.07,73239.82,73493.84,0.32181,1779969599999,23641.0225006,109,0.12022,8831.2084374,0.0
2026-05-28 12:00:00+00:00,73514.73,73572.85,72609.2,72904.89,2.26941,1779983999999,165715.9858888,649,1.02108,74563.3019008,0.0
2026-05-28 16:00:00+00:00,72893.72,73731.29,72763.71,73378.53,10.15286,1779998399999,746954.4155951,445,4.13595,304136.9380806,0.0
2026-05-28 20:00:00+00:00,73443.53,73941.2,73275.55,73622.27,3.74364,1780012799999,275713.2332779,334,0.58304,42915.8072452,0.0
2026-05-29 00:00:00+00:00,73682.44,73872.4,73185.92,73314.67,2.26952,1780027199999,166602.000809,361,0.4944,36309.8340396,0.0
2026-05-29 04:00:00+00:00,73311.44,73927.83,73230.63,73497.64,3.18035,1780041599999,234635.2623638,273,3.0404,224343.1581226,0.0
2026-05-29 08:00:00+00:00,73645.49,73888.86,73407.39,73461.71,4.41701,1780055999999,326063.14837,199,0.74396,54937.009825,0.0
2026-05-29 12:00:00+00:00,73463.07,74200.0,72533.9,73825.11,8.17142,1780070399999,599411.2356706,727,5.45234,399623.6906368,0.0
2026-05-29 16:00:00+00:00,73837.36,74368.12,73217.2,73513.41,14.53021,1780084799999,1072905.0146586,926,9.5262,703484.8543349,0.0
2026-05-29 20:00:00+00:00,73538.52,73829.72,73345.89,73481.41,9.63444,1780099199999,709242.8348049,402,4.04773,297633.8430215,0.0
2026-05-30 00:00:00+00:00,73490.03,73800.0,73414.47,73533.27,7.67745,1780113599999,564730.591237,548,4.38381,322334.6217014,0.0
2026-05-30 04:00:00+00:00,73532.26,73696.28,73230.63,73540.97,4.19889,1780127999999,308883.6952429,384,1.20708,88770.5463651,0.0
2026-05-30 08:00:00+00:00,73556.63,73665.86,73522.4,73601.3,3.11465,1780142399999,229023.266592,239,2.89701,213006.7041027,0.0
2026-05-30 12:00:00+00:00,73609.21,74088.32,73591.25,73936.0,12.99507,1780156799999,960967.479799,816,6.98975,516792.1966692,0.0
2026-05-30 16:00:00+00:00,73933.03,74224.3,73814.51,74005.52,16.96125,1780171199999,1255085.7136738,623,9.15705,678133.1793395,0.0
2026-05-30 20:00:00+00:00,74015.09,74113.36,73612.67,73850.05,6.11214,1780185599999,451599.1858576,477,3.09418,229052.8366524,0.0
2026-05-31 00:00:00+00:00,73878.76,74404.68,73793.72,74177.04,14.48308,1780199999999,1072112.8722445,598,5.15881,382476.2211884,0.0
2026-05-31 04:00:00+00:00,74159.67,74229.28,73851.96,73897.22,1.87398,1780214399999,138997.7424065,180,0.14004,10377.8370335,0.0
2026-05-31 08:00:00+00:00,73910.04,74022.61,73749.95,73984.95,2.15769,1780228799999,159323.7827014,164,2.07631,153311.3368702,0.0
2026-05-31 12:00:00+00:00,73942.15,74009.82,73516.67,73663.0,1.02024,1780243199999,75231.2578577,261,0.44701,32960.1914806,0.0
2026-05-31 16:00:00+00:00,73655.64,73739.38,73381.32,73542.69,1.45758,1780257599999,107329.5762604,186,0.88223,64970.401921,0.0
2026-05-31 20:00:00+00:00,73586.55,74179.35,73516.67,73672.19,0.65523,1780271999999,48412.4588607,404,0.2349,17359.1002097,0.0
2026-06-01 00:00:00+00:00,73689.31,74082.52,73250.64,73769.91,0.72772,1780286399999,53621.5703511,543,0.37543,27679.8104965,0.0
2026-06-01 04:00:00+00:00,73777.24,73847.73,72698.32,72833.67,0.62895,1780300799999,45990.7433363,400,0.20747,15224.7732478,0.0
2026-06-01 08:00:00+00:00,72828.38,73082.0,72300.15,72478.3,3.55527,1780315199999,258727.4181703,430,0.3074,22366.1578026,0.0
2026-06-01 12:00:00+00:00,72495.49,72605.94,71069.89,71087.93,18.42898,1780329599999,1320417.7024621,1347,6.05844,434103.1102267,0.0
2026-06-01 16:00:00+00:00,71104.0,71784.59,70698.91,71576.25,8.8496,1780343999999,631807.3912955,629,2.2803,162561.8195985,0.0
2026-06-01 20:00:00+00:00,71567.31,71700.36,70853.65,71419.55,3.28606,1780358399999,234301.2003511,478,1.45053,103300.0816435,0.0
2026-06-02 00:00:00+00:00,71423.27,71423.27,70100.0,70935.28,14.58762,1780372799999,1027872.6777772,1021,4.86844,343683.1401869,0.0
2026-06-02 04:00:00+00:00,70984.62,71050.9,69762.39,70120.64,6.46479,1780387199999,456260.8240593,411,3.23015,228172.6640086,0.0
2026-06-02 08:00:00+00:00,70102.08,70131.59,69375.0,69496.08,0.86393,1780401599999,60205.3563813,281,0.42586,29652.4698181,0.0
2026-06-02 12:00:00+00:00,69450.01,69520.81,67100.07,67310.19,25.25416,1780415999999,1732304.6217903,1262,6.9714,479288.7350153,0.0
2026-06-02 16:00:00+00:00,67263.33,68126.7,66435.12,67282.87,13.73587,1780430399999,927954.1427884,769,3.40082,229785.9592137,0.0
2026-06-02 20:00:00+00:00,67300.63,68056.87,66200.0,66764.81,46.31553,1780444799999,3119881.2719749,935,26.21391,1769562.1107212,0.0
2026-06-03 00:00:00+00:00,66749.69,67147.08,65467.58,65827.38,14.69183,1780459199999,975921.2013425,723,3.92889,260707.3817024,0.0
2026-06-03 04:00:00+00:00,65861.8,67500.0,65861.8,67228.09,4.728,1780473599999,316752.5321697,474,3.63069,243150.2912975,0.0
2026-06-03 08:00:00+00:00,67233.48,67457.72,66682.42,67075.87,4.68984,1780487999999,314331.7390482,380,3.48643,233654.0905739,0.0
2026-06-03 12:00:00+00:00,67053.0,67258.22,66100.0,66100.0,8.68701,1780502399999,580632.4120482,815,5.10581,341993.1498016,0.0
2026-06-03 16:00:00+00:00,66113.92,66341.2,65278.61,65492.64,15.87246,1780516799999,1045322.8277616,794,9.59464,632077.5216855,0.0
2026-06-03 20:00:00+00:00,65463.43,65858.53,64106.48,64151.82,21.51114,1780531199999,1400876.388389,1041,6.23502,404203.0643413,0.0
2026-06-04 00:00:00+00:00,64119.11,64530.64,61392.86,64371.57,34.66072,1780545599999,2179780.1844727,1623,16.09578,1011091.998853,0.0
2026-06-04 04:00:00+00:00,64372.28,64747.52,63512.89,63664.35,6.2887,1780559999999,403122.8925868,506,3.02964,195075.1096313,0.0
2026-06-04 08:00:00+00:00,63616.11,63821.03,62241.69,62559.18,16.33367,1780574399999,1023956.0965799,701,6.38334,399414.2036138,0.0
2026-06-04 12:00:00+00:00,62559.19,64481.93,62434.65,63954.14,9.24735,1780588799999,591087.0630232,744,3.33885,213173.7754458,0.0
2026-06-04 16:00:00+00:00,63849.93,64141.83,62966.48,63634.7,13.21467,1780603199999,843941.394806,567,6.84788,437662.0570462,0.0
2026-06-04 20:00:00+00:00,63605.04,63919.09,63135.13,63892.97,13.93645,1780617599999,884698.873469,599,8.93801,567381.0874555,0.0
2026-06-05 00:00:00+00:00,63842.16,63971.29,62346.2,62723.99,9.43792,1780631999999,595988.8366806,729,3.54874,224182.2697285,0.0
2026-06-05 04:00:00+00:00,62742.47,63697.84,61145.12,63007.38,23.95567,1780646399999,1493407.8825977,975,10.26467,640928.9920168,0.0
2026-06-05 08:00:00+00:00,63103.16,63263.3,61980.8,61980.8,18.70203,1780660799999,1171007.5215853,367,2.86313,179436.3760807,0.0
2026-06-05 12:00:00+00:00,61968.33,62472.22,60082.0,60487.63,42.09849,1780675199999,2573997.0780822,1220,17.38855,1066653.1468156,0.0
2026-06-05 16:00:00+00:00,60448.02,61505.86,59137.18,60374.39,62.97829,1780689599999,3796053.0517338,1633,25.11462,1514530.9206839,0.0
2026-06-05 20:00:00+00:00,60324.56,61980.8,59957.31,61106.88,8.81213,1780703999999,540279.800024,651,4.79747,294339.9201869,0.0
2026-06-06 00:00:00+00:00,61110.57,61510.96,60515.32,60665.12,5.69962,1780718399999,348233.3757328,401,1.48333,90455.6115825,0.0
2026-06-06 04:00:00+00:00,60690.94,61253.31,59500.0,61014.19,17.66673,1780732799999,1073598.179005,838,8.26878,501850.4667835,0.0
2026-06-06 08:00:00+00:00,60984.29,61479.2,60069.54,60800.02,21.92416,1780747199999,1328222.4722836,534,15.99618,970161.3197731,0.0
2026-06-06 12:00:00+00:00,60814.99,61182.78,60402.68,60814.4,3.65513,1780761599999,222457.2488251,390,1.78565,108728.3175954,0.0
2026-06-06 16:00:00+00:00,60721.56,60933.02,60411.19,60674.07,2.69789,1780775999999,163710.1051225,269,0.91879,55744.7720321,0.0
2026-06-06 20:00:00+00:00,60627.19,61002.91,60439.81,60908.45,1.9579,1780790399999,118964.092345,229,0.85938,52173.5116548,0.0
2026-06-07 00:00:00+00:00,60865.45,61752.36,60760.3,61653.74,8.64887,1780804799999,530787.9438465,421,4.1601,254989.9617823,0.0
2026-06-07 04:00:00+00:00,61685.23,62400.0,61511.2,62400.0,4.50078,1780819199999,279073.4094121,298,2.76355,171489.5275202,0.0
2026-06-07 08:00:00+00:00,62390.05,62919.58,62280.2,62626.23,6.70275,1780833599999,420000.8193218,304,4.76366,298417.0097282,0.0
2026-06-07 12:00:00+00:00,62629.38,62637.75,61599.47,62062.71,10.75973,1780847999999,666448.5559428,511,5.97006,370220.1313259,0.0
2026-06-07 16:00:00+00:00,62091.63,62318.7,61199.43,61292.03,17.75582,1780862399999,1101068.8438234,447,9.53771,592912.3625823,0.0
2026-06-07 20:00:00+00:00,61312.21,64210.49,61286.21,63303.49,26.30394,1780876799999,1655668.5118093,1030,17.42245,1094798.6158137,0.0
2026-06-08 00:00:00+00:00,63303.49,63822.48,62731.23,63140.84,9.94435,1780891199999,630655.8137554,565,3.35743,212623.9525192,0.0
2026-06-08 04:00:00+00:00,63165.49,63344.1,62434.41,63335.64,5.70394,1780905599999,357788.7661843,335,1.24226,78080.5949201,0.0
2026-06-08 08:00:00+00:00,63260.57,63862.67,62994.75,63465.86,18.80134,1780919999999,1194002.4756485,510,12.26983,779697.8136975,0.0
2026-06-08 12:00:00+00:00,63489.05,64210.53,62715.41,63817.94,11.80277,1780934399999,751972.6646643,822,4.51017,287554.1208045,0.0
2026-06-08 16:00:00+00:00,63703.49,64040.92,63300.0,63368.06,23.08816,1780948799999,1469334.0133327,1134,10.70952,682646.3126557,0.0
2026-06-08 20:00:00+00:00,63410.01,63850.66,62957.99,63107.85,5.64302,1780963199999,358722.6222078,423,1.30266,82479.4396838,0.0
2026-06-09 00:00:00+00:00,63072.57,63178.0,62430.66,62881.29,5.13058,1780977599999,321927.847112,537,3.06627,192385.8146255,0.0
2026-06-09 04:00:00+00:00,62874.84,63506.75,62739.74,63180.19,6.45386,1780991999999,407316.3139466,371,2.09955,132831.7413999,0.0
2026-06-09 08:00:00+00:00,63204.24,63204.24,62494.04,62731.66,2.34805,1781006399999,147395.5405427,296,1.00371,63004.698989,0.0
2026-06-09 12:00:00+00:00,62712.7,62878.51,61066.92,61069.67,22.0335,1781020799999,1368259.0163854,726,6.02076,374057.7370351,0.0
2026-06-09 16:00:00+00:00,61113.05,62082.44,60794.57,62082.44,18.08075,1781035199999,1113436.2671335,640,9.6922,596640.609555,0.0
2026-06-09 20:00:00+00:00,62094.05,62270.76,61563.0,61712.86,6.00026,1781049599999,371934.7799704,350,2.40389,148984.8148822,0.0
2026-06-10 00:00:00+00:00,61715.85,61953.73,61247.52,61567.04,9.18678,1781063999999,567527.8108352,332,4.72169,291397.270311,0.0
2026-06-10 04:00:00+00:00,61537.27,61773.28,61076.72,61688.67,1.25371,1781078399999,76867.5202685,317,0.96067,58876.6437693,0.0
2026-06-10 08:00:00+00:00,61639.86,61711.64,60795.01,61037.19,1.38644,1781092799999,84749.6504962,267,0.77235,47254.6399016,0.0
2026-06-10 12:00:00+00:00,61011.12,62850.0,60976.25,62620.06,21.1732,1781107199999,1314377.9765045,818,10.60356,657748.1775146,0.0
2026-06-10 16:00:00+00:00,62616.4,62616.4,61654.45,62000.33,13.71259,1781121599999,850111.0710209,603,10.21467,633216.4604536,0.0
2026-06-10 20:00:00+00:00,61938.95,61938.95,61132.58,61519.3,10.78877,1781135999999,661655.6640164,397,8.47242,519355.8604474,0.0
2026-06-11 00:00:00+00:00,61526.15,62823.68,61526.15,62710.96,14.16321,1781150399999,880719.3560369,567,11.30817,703467.8923807,0.0
2026-06-11 04:00:00+00:00,62675.27,62999.9,62567.44,62712.29,1.97874,1781164799999,124220.6101607,241,1.2725,79917.8188888,0.0
2026-06-11 08:00:00+00:00,62779.23,63263.87,62749.18,63119.17,1.51517,1781179199999,95526.4643307,244,1.25537,79156.7773878,0.0
2026-06-11 12:00:00+00:00,63121.19,63250.58,62534.97,62737.78,8.33566,1781193599999,523931.97997,493,3.79518,238798.8524169,0.0
2026-06-11 16:00:00+00:00,62775.62,63908.87,62360.87,63610.56,17.98463,1781207999999,1138714.0279351,1053,10.49681,663269.5253352,0.0
2026-06-11 20:00:00+00:00,63614.69,63681.74,63275.66,63603.92,1.63263,1781222399999,103665.4631752,258,0.99096,62937.4532934,0.0
2026-06-12 00:00:00+00:00,63600.19,63803.33,63305.28,63516.58,8.29238,1781236799999,526714.2534362,361,3.51018,223311.2027344,0.0
2026-06-12 04:00:00+00:00,63523.78,63834.02,62870.0,63142.53,9.0458,1781251199999,574651.4544721,460,1.81251,115137.6469454,0.0
2026-06-12 08:00:00+00:00,63185.33,63955.68,61999.99,63779.33,14.83258,1781265599999,944626.4080481,539,4.96572,316100.4331867,0.0
2026-06-12 12:00:00+00:00,63760.62,64386.53,63046.24,63561.85,13.8004,1781279999999,879238.1783919,807,5.28376,336952.377106,0.0
2026-06-12 16:00:00+00:00,63589.39,64075.72,63510.45,63601.35,3.5301,1781294399999,225318.2907766,440,1.66889,106585.9594072,0.0
2026-06-12 20:00:00+00:00,63611.43,63692.24,63406.75,63586.66,8.9652,1781308799999,570182.462719,276,4.59068,291868.3525246,0.0
2026-06-13 00:00:00+00:00,63577.39,63858.31,63451.3,63560.22,15.21943,1781323199999,968627.6014918,303,4.89217,311309.399614,0.0
2026-06-13 04:00:00+00:00,63545.66,63878.83,63502.66,63810.46,0.94108,1781337599999,59927.3655544,142,0.51196,32574.2276499,0.0
2026-06-13 08:00:00+00:00,63832.47,63970.34,63743.45,63953.8,0.455,1781351999999,29042.5730595,119,0.3028,19327.8099386,0.0
2026-06-13 12:00:00+00:00,63964.13,64357.51,63924.68,64292.46,8.70755,1781366399999,559366.2588556,310,7.99869,513884.667427,0.0
2026-06-13 16:00:00+00:00,64253.59,64320.66,63868.51,64320.66,10.49919,1781380799999,672824.7152762,319,4.72038,302200.1932505,0.0
2026-06-13 20:00:00+00:00,64295.41,64751.35,64222.86,64440.92,11.78372,1781395199999,759280.5856177,331,5.89726,380198.4578859,0.0
2026-06-14 00:00:00+00:00,64457.26,64710.77,64377.01,64495.34,7.98239,1781409599999,515747.2464108,288,2.53986,163991.2782184,0.0
2026-06-14 04:00:00+00:00,64550.0,64550.0,64245.85,64427.99,1.0285,1781423999999,66214.8115415,146,0.51074,32860.7183674,0.0
2026-06-14 08:00:00+00:00,64424.34,64654.57,64339.07,64602.26,0.5876,1781438399999,37918.9176161,97,0.2173,14015.7606397,0.0
2026-06-14 12:00:00+00:00,64549.25,64549.25,63874.35,64032.74,9.42742,1781452799999,605339.4564456,288,2.4247,155766.9430868,0.0
2026-06-14 16:00:00+00:00,64054.23,64202.05,63688.72,63803.87,1.04943,1781467199999,67109.5835013,166,0.33318,21297.2855316,0.0
2026-06-14 20:00:00+00:00,63837.94,65794.09,63788.56,65759.69,19.57016,1781481599999,1278499.3809628,875,12.11052,790747.911316,0.0
2026-06-15 00:00:00+00:00,65769.47,65980.77,65396.35,65903.03,9.13425,1781495999999,599069.2489586,348,4.86629,318931.2028252,0.0
2026-06-15 04:00:00+00:00,65892.57,65998.81,65636.62,65645.2,1.10068,1781510399999,72410.5376473,168,0.39193,25796.2623669,0.0
2026-06-15 08:00:00+00:00,65680.99,66365.27,65528.27,66239.32,9.81459,1781524799999,648693.3885424,347,5.84619,385957.8529179,0.0
2026-06-15 12:00:00+00:00,66239.32,67276.27,66188.17,67276.27,8.21795,1781539199999,547554.5853353,655,4.17259,278165.4854675,0.0
2026-06-15 16:00:00+00:00,67200.52,67275.69,66382.84,66582.77,7.31668,1781553599999,489049.9327174,442,2.29469,153675.5302986,0.0
2026-06-15 20:00:00+00:00,66553.76,66650.12,66105.55,66325.9,6.72207,1781567999999,446981.2957519,379,4.23149,281389.0065292,0.0
2026-06-16 00:00:00+00:00,66307.51,66456.03,65659.42,66163.54,9.45794,1781582399999,623769.7522563,447,3.54113,233883.1361737,0.0
2026-06-16 04:00:00+00:00,66163.22,66544.68,65780.76,66368.87,12.27797,1781596799999,812092.9578948,319,8.35358,553610.1442951,0.0
2026-06-16 08:00:00+00:00,66381.63,66982.41,66363.32,66486.92,4.66623,1781611199999,310569.4519418,242,0.95452,63666.243075,0.0
2026-06-16 12:00:00+00:00,66494.0,66815.07,65396.62,65891.35,17.8559,1781625599999,1177804.241686,987,8.15335,539149.5127531,0.0
2026-06-16 16:00:00+00:00,65868.28,66226.34,65547.52,65656.25,5.2954,1781639999999,348751.0662582,869,3.32412,219143.8182301,0.0
2026-06-16 20:00:00+00:00,65621.62,65932.89,65613.95,65672.74,0.74904,1781654399999,49265.9524332,250,0.3217,21156.8245017,0.0
2026-06-17 00:00:00+00:00,65716.73,66169.0,65474.36,65831.76,6.42485,1781668799999,423214.6298291,510,4.40867,290501.0524722,0.0
2026-06-17 04:00:00+00:00,65877.37,66057.98,65263.16,65521.84,1.46835,1781683199999,96507.6315962,563,0.48892,32140.9740066,0.0
2026-06-17 08:00:00+00:00,65539.53,65539.53,64557.89,64832.22,6.75149,1781697599999,437714.428214,363,3.43665,222763.5682236,0.0
2026-06-17 12:00:00+00:00,64769.61,65843.0,64604.99,65771.07,13.89,1781711999999,906245.4927582,789,5.75893,376018.097969,0.0
2026-06-17 16:00:00+00:00,65771.07,66437.5,64017.0,64303.29,17.60805,1781726399999,1150516.6331034,1728,8.14674,533352.0873181,0.0
2026-06-17 20:00:00+00:00,64293.02,64521.28,63971.29,64453.17,2.63424,1781740799999,169467.0153646,345,2.04383,131490.7534966,0.0
2026-06-18 00:00:00+00:00,64506.84,64794.75,64281.88,64299.08,1.84073,1781755199999,118765.8305684,261,0.92846,59887.8943718,0.0
2026-06-18 04:00:00+00:00,64290.88,64486.08,63739.74,64486.08,3.0895,1781769599999,197753.4932961,414,1.91043,122242.7470113,0.0
2026-06-18 08:00:00+00:00,64458.59,64631.32,63886.76,63967.84,0.80277,1781783999999,51539.0789315,307,0.35762,22971.1971,0.0
2026-06-18 12:00:00+00:00,63979.48,64440.36,62298.99,62374.77,7.96698,1781798399999,504945.4157276,843,2.50477,159258.4690869,0.0
2026-06-18 16:00:00+00:00,62358.24,63014.68,62276.78,62944.18,3.27198,1781812799999,205351.498558,605,2.42918,152570.8324205,0.0
2026-06-18 20:00:00+00:00,62964.36,63218.75,62756.76,62984.56,2.26614,1781827199999,142808.8964711,314,0.75493,47558.1579183,0.0
2026-06-19 00:00:00+00:00,62950.26,63093.61,62393.77,62774.62,4.33013,1781841599999,272026.0312957,312,1.76254,110870.4389959,0.0
2026-06-19 04:00:00+00:00,62759.04,62911.19,62442.96,62616.26,1.18439,1781855999999,74267.0021853,219,0.66828,41919.3972125,0.0
2026-06-19 08:00:00+00:00,62615.64,62785.33,62345.2,62628.1,1.82076,1781870399999,113885.6187711,200,1.36396,85325.7966765,0.0
2026-06-19 12:00:00+00:00,62635.79,63434.16,62327.51,63215.91,14.57962,1781884799999,919455.1783734,536,9.16106,578103.8944703,0.0
2026-06-19 16:00:00+00:00,63206.54,63385.6,62876.39,63008.38,17.88746,1781899199999,1130080.2663678,691,7.51421,474812.1103297,0.0
2026-06-19 20:00:00+00:00,63034.73,63644.55,62982.7,63535.89,8.97781,1781913599999,568945.8107006,345,1.8198,114968.4117543,0.0
2026-06-20 00:00:00+00:00,63568.52,63859.76,63326.83,63447.73,6.25411,1781927999999,397749.872114,308,4.10255,261017.3394917,0.0
2026-06-20 04:00:00+00:00,63469.85,63872.35,63418.24,63716.96,2.53429,1781942399999,161533.2643528,185,0.7349,46891.0740085,0.0
2026-06-20 08:00:00+00:00,63615.33,63784.14,63417.82,63687.97,0.50954,1781956799999,32455.705224,138,0.29701,18924.5576662,0.0
2026-06-20 12:00:00+00:00,63684.01,64372.74,63169.84,64142.86,3.56052,1781971199999,226965.2869022,378,2.06499,132141.9445595,0.0
2026-06-20 16:00:00+00:00,64117.34,64117.34,63771.88,63936.22,2.62692,1781985599999,167937.9287788,243,0.44013,28132.1353245,0.0
2026-06-20 20:00:00+00:00,63959.99,64338.24,63858.01,64312.8,2.27992,1781999999999,146065.4397948,241,1.5737,100770.3531899,0.0
2026-06-21 00:00:00+00:00,64288.54,64469.29,64224.0,64438.31,2.17319,1782014399999,139666.4328257,170,0.3651,23469.2027981,0.0
2026-06-21 04:00:00+00:00,64400.1,64555.75,64176.0,64187.77,0.36821,1782028799999,23676.039338,153,0.11855,7631.1842283,0.0
2026-06-21 08:00:00+00:00,64214.66,64456.79,63875.01,64117.89,1.21651,1782043199999,78045.0304268,195,0.68955,44237.9970345,0.0
2026-06-21 12:00:00+00:00,64171.36,64312.96,63965.18,64256.11,0.79582,1782057599999,51046.2982637,197,0.36998,23721.8816694,0.0
2026-06-21 16:00:00+00:00,64228.0,64275.0,63965.74,64233.64,0.35233,1782071999999,22610.7224221,170,0.12074,7746.8840197,0.0
2026-06-21 20:00:00+00:00,64228.09,64228.09,63286.14,63308.83,2.74215,1782086399999,174609.2936735,346,2.08423,132684.6356117,0.0
2026-06-22 00:00:00+00:00,63436.51,64799.65,63386.48,63932.67,4.11237,1782100799999,264060.084128,554,2.98663,191851.6587155,0.0
2026-06-22 04:00:00+00:00,63981.72,64377.6,63872.71,64207.66,0.98503,1782115199999,63171.9493946,241,0.36683,23525.954055,0.0
2026-06-22 08:00:00+00:00,64178.07,64786.24,64050.38,64684.4,1.0471,1782129599999,67350.0663235,366,0.4413,28406.080414,0.0
2026-06-22 12:00:00+00:00,64648.1,65582.13,64588.32,64824.35,9.80177,1782143999999,639300.8698957,726,1.47466,95890.7395967,0.0
2026-06-22 16:00:00+00:00,64855.59,64855.59,64300.01,64489.11,3.07543,1782158399999,198419.4689419,633,0.98974,63962.3603138,0.0
2026-06-22 20:00:00+00:00,64473.88,64661.45,63818.28,64018.92,1.10216,1782172799999,70682.6242987,394,0.4767,30577.4767107,0.0
2026-06-23 00:00:00+00:00,64019.0,64250.79,63857.3,64067.06,2.6082,1782187199999,167166.8297045,293,1.01114,64876.4868839,0.0
2026-06-23 04:00:00+00:00,64072.77,64096.99,62578.6,62923.01,2.69698,1782201599999,170488.0430292,558,0.86833,55042.7966013,0.0
2026-06-23 08:00:00+00:00,62883.12,62911.31,61950.0,62504.61,3.92808,1782215999999,245423.5990041,547,1.90347,118742.0530472,0.0
2026-06-23 12:00:00+00:00,62497.47,62835.78,61976.71,62466.76,2.44897,1782230399999,152816.996668,611,1.40947,87899.8759337,0.0
2026-06-23 16:00:00+00:00,62479.44,62838.6,62109.57,62414.18,2.36136,1782244799999,147424.7739109,683,1.00739,62888.6920423,0.0
2026-06-23 20:00:00+00:00,62420.19,62763.29,62386.95,62747.4,1.05628,1782259199999,66104.5911303,420,0.6066,37952.8333838,0.0
2026-06-24 00:00:00+00:00,62748.3,63093.37,62472.26,62744.23,1.77611,1782273599999,111573.8694967,324,1.0922,68638.6745064,0.0
2026-06-24 04:00:00+00:00,62714.69,63050.0,62536.34,62678.17,1.34282,1782287999999,84384.5249138,283,0.76295,47974.7486779,0.0
2026-06-24 08:00:00+00:00,62651.41,63182.13,62326.63,62893.42,8.26816,1782302399999,517170.2501326,286,4.50936,282500.8838031,0.0
2026-06-24 12:00:00+00:00,62921.82,62963.73,60253.29,60286.77,13.84697,1782316799999,851945.1589903,1161,5.6003,345874.5018508,0.0
2026-06-24 16:00:00+00:00,60340.87,60652.42,59123.66,59925.91,18.1599,1782331199999,1085481.1220042,807,6.38747,381724.0535353,0.0
2026-06-24 20:00:00+00:00,59882.61,61253.31,59882.61,61061.55,2.66511,1782345599999,162129.6658678,294,1.17406,71413.7075421,0.0
2026-06-25 00:00:00+00:00,61077.45,61137.57,60690.95,60889.67,1.58537,1782359999999,96581.0612805,264,0.66688,40618.7115966,0.0
2026-06-25 04:00:00+00:00,60895.03,61939.65,60807.26,61869.65,1.40806,1782374399999,86726.0326995,331,1.06644,65665.1746295,0.0
2026-06-25 08:00:00+00:00,61794.87,61806.21,60999.62,61281.06,11.19676,1782388799999,685726.2349137,1078,4.1639,255786.9528571,0.0
2026-06-25 12:00:00+00:00,61284.33,61716.41,58150.0,59565.55,39.66445,1782403199999,2357736.5061615,2351,24.79498,1477265.1412648,0.0
2026-06-25 16:00:00+00:00,59565.0,60144.68,59047.76,59330.61,21.61741,1782417599999,1287443.4080555,887,12.42473,741572.4600103,0.0
2026-06-25 20:00:00+00:00,59323.21,60238.95,59312.56,59690.22,33.78771,1782431999999,2021590.7667175,628,15.2418,912604.9762995,0.0
2026-06-26 00:00:00+00:00,59805.82,60111.0,58372.73,59978.65,13.98504,1782446399999,823742.0264547,624,6.46866,381020.8677615,0.0
2026-06-26 04:00:00+00:00,60074.6,60740.71,59706.93,60526.17,2.87037,1782460799999,172837.2875412,247,1.47873,89023.6622706,0.0
2026-06-26 08:00:00+00:00,60559.81,60559.81,59285.19,59350.64,1.72661,1782475199999,103389.2444492,209,0.29697,17828.1635057,0.0
2026-06-26 12:00:00+00:00,59378.26,60492.96,58539.06,60336.01,20.5071,1782489599999,1224589.5460395,1203,9.80105,586198.9144175,0.0
2026-06-26 16:00:00+00:00,60340.58,60547.17,59567.46,59761.6,6.20274,1782503999999,372656.5511469,565,1.6476,98917.4715426,0.0
2026-06-26 20:00:00+00:00,59794.97,60165.6,59607.82,60096.02,7.77656,1782518399999,465580.2887346,427,7.25362,434317.0173351,0.0
2026-06-27 00:00:00+00:00,60127.68,60394.99,59913.05,60321.85,8.20256,1782532799999,494378.207999,318,5.10071,307366.4939891,0.0
2026-06-27 04:00:00+00:00,60321.85,60566.92,60134.5,60544.65,16.06357,1782547199999,970267.015103,347,10.58777,639935.2886472,0.0
2026-06-27 08:00:00+00:00,60541.01,60541.01,60191.41,60363.31,4.50933,1782561599999,271893.5493048,132,0.26823,16205.4688246,0.0
2026-06-27 12:00:00+00:00,60348.59,60914.55,60282.35,60840.98,5.61342,1782575999999,339531.4902769,302,4.31903,261221.7604002,0.0
2026-06-27 16:00:00+00:00,60836.68,60848.96,60095.81,60177.02,5.33687,1782590399999,322909.0085995,347,1.33369,80786.0394005,0.0
2026-06-27 20:00:00+00:00,60226.56,60477.88,59871.78,60034.55,1.06488,1782604799999,64070.6565228,427,0.39662,23867.9431272,0.0
2026-06-28 00:00:00+00:00,60065.0,60342.79,60000.0,60165.68,8.0878,1782619199999,486065.1670135,329,7.12907,428423.2801194,0.0
2026-06-28 04:00:00+00:00,60209.16,60233.39,59786.33,60201.93,7.31728,1782633599999,438623.5425075,233,3.24842,194635.0112836,0.0
2026-06-28 08:00:00+00:00,60239.74,60520.37,60075.0,60362.95,0.54251,1782647999999,32684.5797967,123,0.22143,13336.8277405,0.0
2026-06-28 12:00:00+00:00,60332.87,60437.67,59816.48,59866.71,2.09346,1782662399999,125816.0738366,309,1.06761,64228.8308377,0.0
2026-06-28 16:00:00+00:00,59905.98,59945.0,59264.9,59480.42,11.89098,1782676799999,708532.2647508,453,6.87042,409239.1920111,0.0
2026-06-28 20:00:00+00:00,59489.82,59894.48,58938.36,59523.42,12.38984,1782691199999,734069.1964078,603,1.16827,69455.0517067,0.0
2026-06-29 00:00:00+00:00,59582.85,60219.65,58922.52,60053.83,6.67288,1782705599999,398467.1322183,525,4.9698,297275.1845305,0.0
2026-06-29 04:00:00+00:00,60068.53,60347.41,59400.0,60113.72,1.09548,1782719999999,65609.2918939,282,0.54019,32359.2910537,0.0
2026-06-29 08:00:00+00:00,60031.15,60304.43,59779.13,59951.06,1.6273,1782734399999,97714.7395112,259,0.93869,56323.2038282,0.0
2026-06-29 12:00:00+00:00,59967.42,60767.22,59023.26,59912.73,6.45972,1782748799999,385575.8095307,1189,2.97546,177999.6892468,0.0
2026-06-29 16:00:00+00:00,59810.9,60672.38,59591.1,60440.48,3.43344,1782763199999,207027.1644792,792,1.75403,105761.316325,0.0
2026-06-29 20:00:00+00:00,60422.92,60570.0,60208.5,60253.78,2.91914,1782777599999,176279.7852169,337,2.00751,121266.7733872,0.0
2026-06-30 00:00:00+00:00,60222.39,60248.1,59599.27,59615.1,8.38985,1782791999999,502663.5342226,432,5.39552,322951.8451166,0.0
2026-06-30 04:00:00+00:00,59622.94,59705.67,59370.91,59530.02,1.37289,1782806399999,81752.5333623,264,0.64447,38376.1244434,0.0
2026-06-30 08:00:00+00:00,59540.66,59555.23,59135.51,59186.46,6.3499,1782820799999,376639.3355714,354,1.8325,108668.4172843,0.0
2026-06-30 12:00:00+00:00,59167.17,59245.83,58206.63,58373.05,11.86014,1782835199999,695410.8171488,1242,4.70052,275499.7910564,0.0
2026-06-30 16:00:00+00:00,58366.89,58845.19,58227.64,58805.5,7.80088,1782849599999,456691.7518531,765,3.13937,183947.4756388,0.0
2026-06-30 20:00:00+00:00,58762.25,58869.56,58507.73,58632.52,1.28025,1782863999999,75093.7083438,325,0.53008,31090.1218668,0.0
2026-07-01 00:00:00+00:00,58631.51,59304.32,57800.0,59187.89,16.77058,1782878399999,985967.1843631,1258,7.75848,457251.1003727,0.0
2026-07-01 04:00:00+00:00,59163.77,59443.38,58543.3,58750.89,3.61669,1782892799999,213308.7071306,458,1.58587,93759.4950032,0.0
2026-07-01 08:00:00+00:00,58755.17,59064.96,58486.04,58563.61,1.93414,1782907199999,113536.6789728,335,0.75409,44333.7310767,0.0
2026-07-01 12:00:00+00:00,58632.52,60515.31,58330.14,60157.22,33.26834,1782921599999,1978581.8991047,1513,15.9151,948905.9852646,0.0
2026-07-01 16:00:00+00:00,60151.23,60319.06,59799.8,60031.13,5.0907,1782935999999,306002.6171309,558,0.9062,54503.4704768,0.0
2026-07-01 20:00:00+00:00,60044.65,61321.46,59852.47,60033.87,24.36467,1782950399999,1470015.2739129,1261,12.45129,752542.1069529,0.0
2026-07-02 00:00:00+00:00,60016.35,61110.55,59593.67,61054.21,3.39016,1782964799999,204249.4634431,712,2.27308,137246.4469806,0.0
2026-07-02 04:00:00+00:00,61013.13,61031.8,60117.97,60129.92,5.78633,1782979199999,351405.637278,562,4.69338,285177.3356308,0.0
2026-07-02 08:00:00+00:00,60133.46,61422.6,60133.46,61376.6,15.39738,1782993599999,936864.8810638,920,6.31161,385681.0985514,0.0
2026-07-02 12:00:00+00:00,61356.93,62199.02,61169.58,61616.39,22.79806,1783007999999,1409336.1620025,1760,12.82119,792594.2703042,0.0
2026-07-02 16:00:00+00:00,61623.42,61939.53,61160.84,61443.41,7.43995,1783022399999,459108.9293063,685,1.53415,94529.6970895,0.0
2026-07-02 20:00:00+00:00,61486.66,61616.39,61349.94,61557.61,4.9684,1783036799999,305542.0225711,306,2.6217,161348.430771,0.0
2026-07-03 00:00:00+00:00,61573.15,61728.2,61270.44,61444.55,1.96871,1783051199999,120935.2671929,487,1.26291,77532.3113735,0.0
2026-07-03 04:00:00+00:00,61455.53,61978.67,61349.95,61758.44,8.83804,1783065599999,546180.9619282,470,8.0776,499249.1076185,0.0
2026-07-03 08:00:00+00:00,61766.84,62088.7,61554.45,62032.18,7.78152,1783079999999,482035.0541112,347,4.53499,280818.467309,0.0
2026-07-03 12:00:00+00:00,62016.18,62383.02,61714.09,61919.16,4.32815,1783094399999,268450.7061098,601,1.6991,105355.127179,0.0
2026-07-03 16:00:00+00:00,61923.47,62308.29,61916.38,62225.31,9.44793,1783108799999,587735.7226112,574,5.8704,365135.3508127,0.0
2026-07-03 20:00:00+00:00,62225.69,62956.97,62196.83,62607.32,12.06107,1783123199999,754557.6558371,761,7.60948,475645.2721305,0.0
2026-07-04 00:00:00+00:00,62603.2,62931.21,62423.27,62653.39,10.14005,1783137599999,634391.4019381,615,4.53571,283491.8163459,0.0
2026-07-04 04:00:00+00:00,62642.84,62740.74,62344.72,62582.79,1.09902,1783151999999,68765.4502262,265,0.69166,43284.2436602,0.0
2026-07-04 08:00:00+00:00,62596.76,62640.81,62448.78,62505.64,0.4907,1783166399999,30684.4228904,142,0.26168,16356.3968851,0.0
2026-07-04 12:00:00+00:00,62505.64,63043.46,62505.64,62928.67,4.90948,1783180799999,308091.2405878,477,2.1342,134001.1747482,0.0
2026-07-04 16:00:00+00:00,62913.73,63449.91,62751.51,63308.58,35.79826,1783195199999,2260505.7137655,944,20.34939,1285013.0004882,0.0
2026-07-04 20:00:00+00:00,63302.93,63453.49,62940.17,63173.19,10.92594,1783209599999,689939.9328491,443,7.42873,468849.6355983,0.0
2026-07-05 00:00:00+00:00,63137.87,63137.87,62613.89,62777.0,12.70907,1783223999999,800418.9799154,455,4.56608,287452.1893506,0.0
2026-07-05 04:00:00+00:00,62780.64,63042.82,62672.6,63042.82,0.78468,1783238399999,49224.0927097,212,0.66761,41874.3220517,0.0
2026-07-05 08:00:00+00:00,63043.46,63086.7,62481.28,62681.34,2.33042,1783252799999,146000.5643782,170,0.45294,28493.5690466,0.0
2026-07-05 12:00:00+00:00,62654.26,62945.71,62596.77,62740.75,4.97448,1783267199999,312702.4284414,330,0.54137,33998.9929786,0.0
2026-07-05 16:00:00+00:00,62731.07,62864.26,62572.5,62784.0,6.71933,1783281599999,420919.4103939,300,1.66111,104098.841199,0.0
2026-07-05 20:00:00+00:00,62784.0,63999.96,62554.05,63637.54,20.23821,1783295999999,1277843.4836257,976,14.32571,905074.2588653,0.0
2026-07-06 00:00:00+00:00,63648.89,63917.19,63173.19,63274.02,15.66228,1783310399999,995738.9044329,735,9.96943,633319.8420961,0.0
2026-07-06 04:00:00+00:00,63286.19,63384.43,62890.62,63090.98,1.92872,1783324799999,121666.1808802,303,0.54935,34724.6327964,0.0
2026-07-06 08:00:00+00:00,63117.47,63216.44,62522.73,62522.73,5.99885,1783339199999,377403.6861437,343,2.76319,173852.0638522,0.0
2026-07-06 12:00:00+00:00,62500.0,63535.97,61322.37,63519.15,24.45981,1783353599999,1522916.9293166,1745,12.62866,786238.6556252,0.0
2026-07-06 16:00:00+00:00,63541.6,63925.87,63409.8,63717.86,9.80932,1783367999999,625832.631834,725,5.20505,332265.2046298,0.0
2026-07-06 20:00:00+00:00,63735.37,64649.5,63588.77,64033.63,16.38631,1783382399999,1054038.9197557,812,8.75227,562406.0870511,0.0
2026-07-07 00:00:00+00:00,64038.09,64310.19,63157.89,63173.19,4.49332,1783396799999,286211.6665819,681,2.41001,153658.0961898,0.0
2026-07-07 04:00:00+00:00,63165.99,63444.98,62827.24,63068.55,0.92094,1783411199999,58183.807798,414,0.58581,37014.8168428,0.0
2026-07-07 08:00:00+00:00,63086.7,63456.47,62998.54,63401.34,4.35634,1783425599999,275282.8246025,454,3.37815,213469.7402256,0.0
2026-07-07 12:00:00+00:00,63416.96,64081.33,62700.0,63929.05,30.58684,1783439999999,1942393.8485047,1982,12.40588,788564.9477603,0.0
2026-07-07 16:00:00+00:00,63951.6,64227.32,63393.75,63780.54,15.04808,1783454399999,963225.2033285,1211,5.34813,342225.8323256,0.0
2026-07-07 20:00:00+00:00,63821.86,63890.86,63202.8,63339.51,12.15593,1783468799999,772350.3036016,817,6.05388,384368.253855,0.0
2026-07-08 00:00:00+00:00,63369.55,63742.15,62575.27,62763.24,16.46102,1783483199999,1040319.0281634,973,9.50245,601076.2203295,0.0
2026-07-08 04:00:00+00:00,62776.51,62909.77,62474.26,62894.57,1.54181,1783497599999,96663.8773764,529,0.56678,35560.8594208,0.0
2026-07-08 08:00:00+00:00,62885.27,62919.61,61756.26,62314.85,9.60384,1783511999999,595930.7457481,902,1.41406,87892.4846013,0.0
2026-07-08 12:00:00+00:00,62309.66,62422.23,61551.24,61668.56,6.60859,1783526399999,408323.0340051,624,1.40359,86929.1314988,0.0
2026-07-08 16:00:00+00:00,61704.53,62380.48,61694.09,62265.06,8.43403,1783540799999,523507.9626743,446,4.59566,284228.2543318,0.0
2026-07-08 20:00:00+00:00,62265.06,62343.01,61971.18,62303.49,8.24146,1783555199999,512634.5944617,337,1.06739,66375.4565676,0.0
2026-07-09 00:00:00+00:00,62298.84,62623.36,61712.05,61978.7,8.41823,1783569599999,521464.5525852,479,4.15737,257761.6026734,0.0
2026-07-09 04:00:00+00:00,62006.92,63250.0,61985.51,62986.77,11.82445,1783583999999,738747.8193827,675,5.49716,343551.9774836,0.0
2026-07-09 08:00:00+00:00,62968.26,63084.99,62588.28,62787.44,1.29091,1783598399999,81142.6273806,226,0.86619,54471.7021783,0.0
2026-07-09 12:00:00+00:00,62789.79,63247.06,62471.84,62860.14,7.37842,1783612799999,463766.655961,682,1.84204,115869.1787361,0.0
2026-07-09 16:00:00+00:00,62878.69,63481.78,62575.27,63261.09,14.20434,1783627199999,897998.6015268,638,7.7251,488690.7291984,0.0
2026-07-09 20:00:00+00:00,63267.51,63388.67,63068.6,63290.95,6.7002,1783641599999,423779.8338549,355,1.84179,116457.073146,0.0
2026-07-10 00:00:00+00:00,63231.72,64042.0,62953.0,63912.02,11.52539,1783655999999,735706.534269,715,6.29644,401937.9118751,0.0
2026-07-10 04:00:00+00:00,63981.49,64198.5,63826.08,63981.18,4.26707,1783670399999,272780.4335633,251,3.89617,249046.582385,0.0
2026-07-10 08:00:00+00:00,63987.4,64490.93,63987.25,64408.6,12.21873,1783684799999,786902.5380318,431,5.60697,360797.3488772,0.0
2026-07-10 12:00:00+00:00,64433.14,64699.98,63817.5,64015.43,15.76136,1783699199999,1012095.8951226,732,10.53012,676293.56299,0.0
2026-07-10 16:00:00+00:00,64051.07,64209.26,63745.0,63929.19,12.34178,1783713599999,789074.0436053,605,6.8794,439678.3743847,0.0
2026-07-10 20:00:00+00:00,63911.47,64193.09,63679.0,64169.35,8.93418,1783727999999,571072.186905,444,4.34802,277683.481274,0.0
2026-07-11 00:00:00+00:00,64139.58,64318.05,63990.0,64185.88,2.42489,1783742399999,155522.9568375,465,1.02475,65751.7564229,0.0
2026-07-11 04:00:00+00:00,64146.42,64265.98,64099.88,64171.91,5.7797,1783756799999,370858.3385816,338,5.19632,333409.0512125,0.0
2026-07-11 08:00:00+00:00,64170.57,64296.2,64147.29,64207.81,1.42932,1783771199999,91766.9642017,171,0.55679,35748.9742233,0.0
2026-07-11 12:00:00+00:00,64207.82,64500.0,63813.14,64177.8,12.72523,1783785599999,818053.6795854,501,4.993,320982.595375,0.0
2026-07-11 16:00:00+00:00,64188.07,64409.75,64113.67,64294.21,4.60884,1783799999999,296535.1918121,273,4.13483,266059.8134426,0.0
2026-07-11 20:00:00+00:00,64291.3,64443.0,63829.6,63844.0,3.78513,1783814399999,242371.5432412,316,1.47419,94554.3380386,0.0
2026-07-12 00:00:00+00:00,63830.0,64213.35,63717.73,64209.84,11.53772,1783828799999,737980.1408079,370,5.8269,372216.7698339,0.0
2026-07-12 04:00:00+00:00,64213.35,64234.62,63646.0,63882.05,4.55258,1783843199999,290255.0168099,250,3.87951,247324.2841412,0.0
2026-07-12 08:00:00+00:00,63910.0,64103.17,63781.47,64014.58,0.24228,1783857599999,15495.3724866,106,0.08468,5410.2833389,0.0
2026-07-12 12:00:00+00:00,63983.21,64284.74,63968.89,64159.73,4.35984,1783871999999,279440.819174,282,0.42244,27075.3795835,0.0
2026-07-12 16:00:00+00:00,64178.63,64243.84,64020.72,64243.84,0.75381,1783886399999,48335.1819875,230,0.21525,13806.8706482,0.0
2026-07-12 20:00:00+00:00,64232.21,64240.42,63678.38,63786.02,7.92834,1783900799999,505725.2454983,379,3.70197,235996.4267132,0.0
2026-07-13 00:00:00+00:00,63755.3,64394.06,62736.28,62829.5,36.46939,1783915199999,2313366.4604957,1250,17.48384,1109948.4272202,0.0
2026-07-13 04:00:00+00:00,62791.13,63059.04,62500.0,63011.61,14.98716,1783929599999,942350.7453676,456,12.39588,779377.2625482,0.0
2026-07-13 08:00:00+00:00,62992.22,63296.77,62910.48,62920.0,0.81716,1783943999999,51530.2815477,184,0.55647,35091.6209644,0.0
2026-07-13 12:00:00+00:00,62887.0,62973.69,62114.09,62610.89,26.88866,1783958399999,1685106.2412617,688,18.04578,1131435.9240189,0.0
2026-07-13 16:00:00+00:00,62600.17,62600.29,61819.42,62260.0,20.20577,1783972799999,1256146.0424819,662,11.87312,738030.1633263,0.0
2026-07-13 20:00:00+00:00,62261.67,62338.89,61895.8,62338.89,22.2873,1783987199999,1383015.8939988,480,14.69988,912225.4386744,0.0
2026-07-14 00:00:00+00:00,62343.01,62680.48,62300.35,62557.0,9.13584,1784001599999,571095.4637045,516,4.38633,274068.3759214,0.0
2026-07-14 04:00:00+00:00,62580.66,62856.59,62524.0,62529.31,1.49841,1784015999999,93829.6249457,211,0.83764,52467.3163109,0.0
2026-07-14 08:00:00+00:00,62517.76,62919.99,62465.12,62867.06,6.18989,1784030399999,388004.6834909,177,3.04237,190515.0941653,0.0
2026-07-14 12:00:00+00:00,62845.97,64961.77,62783.8,64748.17,27.34608,1784044799999,1754035.6552052,1474,12.719,816336.0208998,0.0
2026-07-14 16:00:00+00:00,64765.45,64885.34,64318.16,64571.36,8.57761,1784059199999,553648.3293063,653,5.72866,369831.6501171,0.0
2026-07-14 20:00:00+00:00,64522.76,65092.52,64416.97,65032.0,9.80166,1784073599999,634300.9025463,654,4.31218,279187.6992906,0.0
2026-07-15 00:00:00+00:00,65050.0,65050.0,64488.46,64811.45,38.05168,1784087999999,2462759.7166674,934,18.48457,1196132.0735398,0.0
2026-07-15 04:00:00+00:00,64796.11,65250.0,64500.0,64561.04,2.70063,1784102399999,175262.4415989,529,1.61861,105047.7091239,0.0
2026-07-15 08:00:00+00:00,64575.71,64916.78,64575.71,64742.09,1.14866,1784116799999,74392.2348215,298,0.62766,40659.9579344,0.0
2026-07-15 12:00:00+00:00,64743.08,65574.84,64618.35,65417.49,9.84994,1784131199999,641963.4491952,1206,3.69248,241024.1915602,0.0
2026-07-15 16:00:00+00:00,65425.2,65461.04,64756.37,64983.08,14.85663,1784145599999,966018.3207978,956,5.70631,370729.9577674,0.0
2026-07-15 20:00:00+00:00,64992.19,65040.56,64721.28,64772.49,18.27405,1784159999999,1185571.2562444,424,3.85502,250049.9027776,0.0
2026-07-16 00:00:00+00:00,64763.1,64837.96,64383.91,64619.95,11.09439,1784174399999,716559.9858324,613,2.26456,146386.3960792,0.0
2026-07-16 04:00:00+00:00,64633.67,64975.0,64103.17,64195.0,3.95373,1784188799999,255882.9376465,497,2.63573,170668.8890589,0.0
