high_30_nn,low_30_nn,timestamp,open,high,low,close,volume,close_time,high_30,low_30
0.071698,0.063238,2026-01-17 05:00:00+00:00,95344.740000,95383.380000,95250.840000,95294.500000,0.445930,1768629599999,0,0
0.071711,0.062800,2026-01-17 06:00:00+00:00,95287.290000,95322.790000,95212.480000,95255.600000,0.089830,1768633199999,0,0
0.072034,0.064743,2026-01-17 07:00:00+00:00,95233.040000,95233.040000,95060.970000,95077.620000,0.498490,1768636799999,0,0
0.071997,0.064836,2026-01-17 08:00:00+00:00,95088.680000,95259.610000,95044.610000,95259.610000,0.394120,1768640399999,0,0
0.071947,0.064971,2026-01-17 09:00:00+00:00,95246.430000,95271.380000,95172.460000,95257.540000,0.211170,1768643999999,0,0
0.071782,0.063298,2026-01-17 10:00:00+00:00,95263.550000,95274.000000,95113.130000,95113.130000,0.125520,1768647599999,0,0
0.071643,0.064184,2026-01-17 11:00:00+00:00,95102.760000,95298.610000,95069.470000,95294.600000,0.184550,1768651199999,0,0
0.071567,0.064500,2026-01-17 12:00:00+00:00,95307.970000,95401.780000,95232.630000,95243.940000,0.457740,1768654799999,0,0
0.071406,0.064377,2026-01-17 13:00:00+00:00,95248.960000,95442.050000,95190.580000,95413.130000,0.397990,1768658399999,0,0
0.071388,0.065921,2026-01-17 14:00:00+00:00,95413.380000,95544.080000,95372.940000,95460.160000,0.893050,1768661999999,0,0
0.071292,0.066805,2026-01-17 15:00:00+00:00,95459.080000,95642.810000,95414.670000,95580.080000,1.876440,1768665599999,0,0
0.071398,0.066436,2026-01-17 16:00:00+00:00,95572.440000,95572.440000,95216.090000,95306.810000,2.456460,1768669199999,0,0
0.071448,0.066459,2026-01-17 17:00:00+00:00,95290.740000,95441.940000,95289.170000,95372.700000,2.211930,1768672799999,0,0
0.071551,0.065457,2026-01-17 18:00:00+00:00,95378.080000,95476.670000,95350.780000,95428.920000,0.645430,1768676399999,0,0
0.071580,0.065252,2026-01-17 19:00:00+00:00,95418.290000,95418.290000,95294.210000,95317.990000,0.128070,1768679999999,0,0
0.071547,0.065060,2026-01-17 20:00:00+00:00,95296.680000,95387.030000,95285.560000,95375.440000,1.546170,1768683599999,0,0
0.071524,0.063906,2026-01-17 21:00:00+00:00,95367.710000,95386.680000,95277.050000,95279.870000,0.149850,1768687199999,0,0
0.071700,0.064590,2026-01-17 22:00:00+00:00,95316.430000,95316.430000,95050.000000,95192.760000,0.963680,1768690799999,0,0
0.071894,0.064478,2026-01-17 23:00:00+00:00,95197.000000,95211.820000,95122.690000,95139.130000,0.702280,1768694399999,0,0
0.072018,0.063524,2026-01-18 00:00:00+00:00,95143.440000,95248.490000,95058.760000,95123.430000,0.440820,1768697999999,0,1
0.072495,0.064951,2026-01-18 01:00:00+00:00,95113.800000,95113.800000,94800.040000,94956.250000,1.231970,1768701599999,0,0
0.072591,0.064203,2026-01-18 02:00:00+00:00,94990.510000,95065.820000,94887.250000,95009.800000,0.405580,1768705199999,0,1
0.072547,0.065956,2026-01-18 03:00:00+00:00,95029.120000,95198.280000,95021.820000,95191.420000,0.486260,1768708799999,0,1
0.072370,0.064515,2026-01-18 04:00:00+00:00,95155.530000,95191.240000,95071.480000,95099.670000,0.255440,1768712399999,0,1
0.072091,0.063686,2026-01-18 05:00:00+00:00,95101.480000,95220.050000,95054.530000,95183.380000,0.410450,1768715999999,0,1
0.072004,0.064375,2026-01-18 06:00:00+00:00,95182.050000,95214.360000,95141.660000,95181.610000,0.163180,1768719599999,0,1
0.072141,0.064192,2026-01-18 07:00:00+00:00,95150.190000,95186.190000,95035.020000,95043.200000,0.081000,1768723199999,0,1
0.072139,0.064495,2026-01-18 08:00:00+00:00,95038.260000,95166.260000,95019.990000,95166.260000,0.052880,1768726799999,0,1
0.072247,0.066845,2026-01-18 09:00:00+00:00,95183.760000,95291.960000,95167.970000,95278.560000,0.451350,1768730399999,0,1
0.072054,0.065050,2026-01-18 10:00:00+00:00,95272.880000,95272.880000,95080.020000,95175.330000,0.154780,1768733999999,0,1
0.071969,0.064869,2026-01-18 11:00:00+00:00,95292.440000,95292.440000,95055.120000,95242.890000,0.004330,1768737599999,0,1
0.072078,0.064967,2026-01-18 12:00:00+00:00,95241.400000,95241.400000,95072.740000,95130.770000,0.214000,1768741199999,0,1
0.072109,0.064231,2026-01-18 13:00:00+00:00,95098.750000,95192.410000,94945.270000,95152.670000,0.541070,1768744799999,0,1
0.072612,0.065795,2026-01-18 14:00:00+00:00,95149.040000,95338.110000,94924.860000,94931.120000,2.661210,1768748399999,0,0
0.072582,0.065600,2026-01-18 15:00:00+00:00,94949.070000,95124.220000,94898.870000,95062.580000,0.663910,1768751999999,0,1
0.072783,0.066794,2026-01-18 16:00:00+00:00,95105.630000,95179.250000,95066.280000,95172.670000,0.556480,1768755599999,0,1
0.072386,0.065710,2026-01-18 17:00:00+00:00,95167.380000,95278.450000,95162.150000,95218.590000,0.972840,1768759199999,0,1
0.072464,0.068775,2026-01-18 18:00:00+00:00,95238.970000,95514.460000,95159.380000,95436.800000,0.774470,1768762799999,0,1
0.072223,0.068032,2026-01-18 19:00:00+00:00,95485.390000,95510.660000,95345.700000,95377.130000,0.641530,1768766399999,0,1
0.071912,0.064841,2026-01-18 20:00:00+00:00,95359.760000,95472.020000,95288.670000,95296.650000,0.319720,1768769999999,0,1
0.071979,0.064680,2026-01-18 21:00:00+00:00,95297.260000,95434.830000,95297.260000,95423.370000,0.167400,1768773599999,0,1
0.072159,0.065385,2026-01-18 22:00:00+00:00,95412.700000,95529.160000,95404.020000,95488.810000,0.453030,1768777199999,0,1
0.083667,0.101658,2026-01-18 23:00:00+00:00,95506.460000,95506.460000,93591.220000,93752.570000,4.058350,1768780799999,0,0
0.121979,0.155007,2026-01-19 00:00:00+00:00,93675.570000,93675.570000,92000.000000,92786.350000,5.704300,1768784399999,0,0
0.140805,0.146070,2026-01-19 01:00:00+00:00,92609.520000,92861.690000,92241.110000,92561.500000,1.252640,1768787999999,0,0
0.135514,0.135279,2026-01-19 02:00:00+00:00,92564.010000,92769.200000,92453.080000,92607.810000,0.451190,1768791599999,0,0
0.139882,0.125796,2026-01-19 03:00:00+00:00,92596.040000,92795.040000,92503.540000,92678.770000,0.161330,1768795199999,0,0
0.132208,0.090009,2026-01-19 04:00:00+00:00,92613.580000,92795.000000,92499.250000,92673.160000,0.500570,1768798799999,0,0
0.127360,0.080336,2026-01-19 05:00:00+00:00,92662.390000,92831.590000,92518.780000,92518.780000,0.456840,1768802399999,0,0
0.129773,0.083646,2026-01-19 06:00:00+00:00,92526.460000,92693.890000,92519.360000,92560.170000,0.128580,1768805999999,0,0
0.139951,0.097675,2026-01-19 07:00:00+00:00,92629.260000,92838.860000,92561.300000,92838.860000,0.280240,1768809599999,0,0
0.155302,0.121141,2026-01-19 08:00:00+00:00,92811.860000,93351.890000,92718.410000,93282.280000,1.151560,1768813199999,0,0
0.141634,0.106595,2026-01-19 09:00:00+00:00,93260.000000,93260.000000,92951.940000,93057.920000,1.103550,1768816799999,0,0
0.114427,0.099621,2026-01-19 10:00:00+00:00,92976.930000,93084.780000,92904.970000,92998.830000,0.232900,1768820399999,0,0
0.111796,0.100999,2026-01-19 11:00:00+00:00,92999.830000,93232.740000,92993.930000,93194.870000,0.291510,1768823999999,0,0
0.109206,0.097811,2026-01-19 12:00:00+00:00,93160.030000,93215.730000,93010.300000,93050.010000,0.806580,1768827599999,0,0
0.105314,0.093718,2026-01-19 13:00:00+00:00,93043.170000,93136.400000,92834.480000,93032.430000,1.065780,1768831199999,0,0
0.105898,0.093873,2026-01-19 14:00:00+00:00,93009.330000,93030.170000,92715.710000,92820.540000,0.733980,1768834799999,0,0
0.106096,0.093501,2026-01-19 15:00:00+00:00,92814.510000,93061.400000,92814.510000,93061.400000,1.480890,1768838399999,0,1
0.111349,0.100128,2026-01-19 16:00:00+00:00,93064.570000,93406.110000,93010.860000,93324.530000,0.752750,1768841999999,0,1
0.099573,0.085308,2026-01-19 17:00:00+00:00,93316.500000,93384.680000,93159.490000,93239.430000,0.325540,1768845599999,0,1
0.090706,0.076754,2026-01-19 18:00:00+00:00,93220.510000,93256.400000,92942.740000,93064.730000,0.169370,1768849199999,0,1
0.086802,0.072154,2026-01-19 19:00:00+00:00,93087.750000,93147.760000,92999.160000,93106.920000,0.647430,1768852799999,0,1
0.083231,0.068045,2026-01-19 20:00:00+00:00,93186.590000,93268.610000,93088.370000,93124.330000,0.051010,1768856399999,0,1
0.080412,0.065540,2026-01-19 21:00:00+00:00,93172.000000,93336.890000,93014.550000,93028.710000,0.322570,1768859999999,0,1
0.080891,0.070149,2026-01-19 22:00:00+00:00,93013.570000,93039.330000,92556.700000,92559.540000,0.449600,1768863599999,0,1
0.081513,0.069610,2026-01-19 23:00:00+00:00,92629.640000,92741.580000,92162.730000,92628.770000,3.208500,1768867199999,0,1
0.083144,0.067368,2026-01-20 00:00:00+00:00,92628.770000,92811.340000,92359.680000,92671.320000,0.702280,1768870799999,0,1
0.083626,0.067144,2026-01-20 01:00:00+00:00,92710.190000,92862.510000,92550.940000,92729.740000,1.407290,1768874399999,0,1
0.083913,0.066054,2026-01-20 02:00:00+00:00,92680.540000,92699.760000,92332.300000,92576.650000,1.099140,1768877999999,0,1
0.084959,0.065807,2026-01-20 03:00:00+00:00,92570.060000,92650.430000,92298.480000,92428.300000,1.360520,1768881599999,0,1
0.092944,0.069759,2026-01-20 04:00:00+00:00,92385.830000,92475.140000,92066.670000,92066.670000,0.404600,1768885199999,0,1
0.108825,0.077850,2026-01-20 05:00:00+00:00,92024.540000,92024.540000,91304.570000,91631.030000,6.048360,1768888799999,0,1
0.136739,0.100550,2026-01-20 06:00:00+00:00,91617.060000,91617.060000,90811.690000,90925.310000,8.058950,1768892399999,0,1
0.140608,0.099564,2026-01-20 07:00:00+00:00,90973.570000,91260.480000,90971.460000,91193.460000,0.698760,1768895999999,0,1
0.139507,0.094577,2026-01-20 08:00:00+00:00,91149.280000,91237.530000,90699.000000,91062.530000,4.956770,1768899599999,0,1
0.136764,0.085268,2026-01-20 09:00:00+00:00,91014.500000,91071.040000,90894.140000,91033.820000,2.615190,1768903199999,0,1
0.141237,0.082607,2026-01-20 10:00:00+00:00,91053.460000,91277.130000,91053.460000,91262.520000,0.153060,1768906799999,0,1
0.140493,0.078804,2026-01-20 11:00:00+00:00,91305.860000,91455.920000,91220.240000,91220.240000,1.383160,1768910399999,0,1
0.134435,0.076580,2026-01-20 12:00:00+00:00,91231.100000,91295.870000,91060.380000,91277.050000,0.743080,1768913999999,0,1
0.140107,0.086518,2026-01-20 13:00:00+00:00,91275.850000,91275.850000,90765.460000,90889.400000,1.465490,1768917599999,0,1
0.147982,0.106565,2026-01-20 14:00:00+00:00,90988.950000,91328.800000,90277.170000,90495.030000,22.595860,1768921199999,0,0
0.142425,0.112213,2026-01-20 15:00:00+00:00,90649.730000,90767.290000,89878.600000,90614.820000,7.446050,1768924799999,0,0
0.145765,0.124663,2026-01-20 16:00:00+00:00,90767.820000,90970.000000,90035.640000,90147.560000,1.162130,1768928399999,0,0
0.154142,0.137750,2026-01-20 17:00:00+00:00,90166.040000,90483.440000,89449.660000,89802.380000,9.467110,1768931999999,0,0
0.158632,0.139841,2026-01-20 18:00:00+00:00,89809.270000,89912.760000,89385.780000,89458.770000,3.011120,1768935599999,0,0
0.157842,0.136201,2026-01-20 19:00:00+00:00,89602.470000,89792.240000,89296.430000,89728.270000,2.351780,1768939199999,0,0
0.159170,0.135689,2026-01-20 20:00:00+00:00,89614.460000,89853.490000,89424.380000,89648.040000,1.985900,1768942799999,0,0
0.154870,0.115762,2026-01-20 21:00:00+00:00,89660.470000,89842.720000,89434.660000,89527.030000,0.326430,1768946399999,0,0
0.174548,0.155631,2026-01-20 22:00:00+00:00,89500.000000,89651.930000,88120.710000,88456.540000,4.950730,1768949999999,0,0
0.176033,0.164294,2026-01-20 23:00:00+00:00,88554.010000,88554.010000,87952.880000,88416.880000,1.064680,1768953599999,0,0
0.172551,0.176025,2026-01-21 00:00:00+00:00,88431.300000,88999.990000,88282.780000,88918.030000,1.846500,1768957199999,0,0
0.173592,0.177097,2026-01-21 01:00:00+00:00,88895.730000,89137.550000,88862.690000,89003.140000,1.021330,1768960799999,0,0
0.165441,0.141680,2026-01-21 02:00:00+00:00,89076.180000,89338.440000,89000.000000,89053.320000,2.525370,1768964399999,0,0
0.167526,0.147876,2026-01-21 03:00:00+00:00,89083.340000,89602.510000,89083.340000,89429.680000,3.017970,1768967999999,0,0
0.163271,0.144108,2026-01-21 04:00:00+00:00,89422.820000,89622.970000,89372.260000,89440.340000,0.379400,1768971599999,0,0
0.161936,0.149389,2026-01-21 05:00:00+00:00,89436.690000,90097.060000,89436.690000,89937.640000,3.879470,1768975199999,0,0
0.158454,0.141720,2026-01-21 06:00:00+00:00,89909.780000,89917.950000,89533.390000,89639.660000,1.317700,1768978799999,0,0
0.154622,0.142390,2026-01-21 07:00:00+00:00,89604.150000,89731.490000,89116.840000,89170.950000,3.001510,1768982399999,0,0
0.153345,0.141659,2026-01-21 08:00:00+00:00,89216.490000,89339.470000,88996.570000,89194.580000,2.065450,1768985999999,0,0
0.148636,0.133341,2026-01-21 09:00:00+00:00,89218.130000,89469.840000,89156.360000,89171.670000,0.783610,1768989599999,0,0
0.144306,0.133790,2026-01-21 10:00:00+00:00,89084.990000,89385.080000,89070.450000,89269.870000,1.343940,1768993199999,0,0
0.139960,0.132711,2026-01-21 11:00:00+00:00,89235.620000,89374.560000,88752.800000,88799.030000,3.775900,1768996799999,0,0
0.136329,0.124580,2026-01-21 12:00:00+00:00,88775.380000,88846.960000,88213.910000,88729.760000,6.808100,1769000399999,0,0
0.130897,0.112049,2026-01-21 13:00:00+00:00,88714.180000,88997.000000,88564.440000,88719.930000,2.782920,1769003999999,0,0
0.156402,0.163554,2026-01-21 14:00:00+00:00,88612.780000,89969.180000,88612.780000,89813.810000,17.615820,1769007599999,0,0
0.151609,0.168196,2026-01-21 15:00:00+00:00,89881.190000,90525.350000,89769.450000,90218.280000,12.973840,1769011199999,0,1
0.159399,0.178348,2026-01-21 16:00:00+00:00,90381.210000,90381.210000,87587.040000,87587.040000,11.184460,1769014799999,1,0
0.171620,0.192201,2026-01-21 17:00:00+00:00,87747.140000,88089.430000,87270.380000,87864.360000,4.702230,1769018399999,0,0
0.174453,0.196842,2026-01-21 18:00:00+00:00,87870.760000,88649.850000,87660.580000,88388.910000,0.269670,1769021999999,0,0
0.179494,0.236512,2026-01-21 19:00:00+00:00,88649.730000,90452.050000,88148.120000,90354.730000,0.494090,1769025599999,0,0
0.165079,0.209985,2026-01-21 20:00:00+00:00,90244.010000,90244.010000,89438.040000,90199.970000,1.314060,1769029199999,0,0
0.121104,0.126691,2026-01-21 21:00:00+00:00,90199.930000,90376.660000,89997.210000,90042.230000,0.541900,1769032799999,0,0
0.127113,0.128908,2026-01-21 22:00:00+00:00,90332.210000,90418.820000,89794.150000,89794.150000,0.343180,1769036399999,0,0
0.139802,0.128814,2026-01-21 23:00:00+00:00,89743.250000,90268.740000,89307.090000,89615.970000,0.572280,1769039999999,0,0
0.146946,0.126379,2026-01-22 00:00:00+00:00,89611.290000,90111.390000,89336.250000,90068.450000,0.184240,1769043599999,0,0
0.143656,0.129045,2026-01-22 01:00:00+00:00,90067.220000,90199.680000,89854.060000,90195.280000,0.228690,1769047199999,0,0
0.131227,0.108654,2026-01-22 02:00:00+00:00,90196.250000,90412.120000,89904.130000,89904.130000,0.313060,1769050799999,0,0
0.124711,0.108893,2026-01-22 03:00:00+00:00,90175.820000,90175.820000,89685.680000,89955.550000,0.079860,1769054399999,0,0
0.121631,0.111856,2026-01-22 04:00:00+00:00,90138.150000,90186.440000,89752.620000,90180.700000,0.039140,1769057999999,0,0
0.106428,0.101294,2026-01-22 05:00:00+00:00,90178.920000,90178.920000,89843.430000,90075.230000,0.132030,1769061599999,0,0
0.091565,0.098300,2026-01-22 06:00:00+00:00,90197.410000,90266.850000,89877.790000,90266.250000,0.189100,1769065199999,0,0
0.090020,0.097952,2026-01-22 07:00:00+00:00,90258.950000,90258.950000,89820.240000,90039.870000,0.286340,1769068799999,0,0
0.088665,0.096892,2026-01-22 08:00:00+00:00,90033.330000,90036.730000,89762.010000,90013.630000,0.019020,1769072399999,0,0
0.090126,0.097909,2026-01-22 09:00:00+00:00,90002.170000,90112.460000,89827.240000,89863.350000,0.015550,1769075999999,0,0
0.091344,0.101711,2026-01-22 10:00:00+00:00,90202.430000,90202.430000,89895.010000,90129.540000,0.009190,1769079599999,0,0
0.091448,0.102844,2026-01-22 11:00:00+00:00,90265.100000,90265.100000,89828.740000,89900.030000,0.626430,1769083199999,0,0
0.089897,0.097516,2026-01-22 12:00:00+00:00,89900.010000,90108.110000,89777.020000,90088.390000,0.705130,1769086799999,0,0
0.093802,0.101889,2026-01-22 13:00:00+00:00,90087.650000,90302.190000,89500.000000,89770.580000,0.056990,1769090399999,0,0
0.109693,0.125904,2026-01-22 14:00:00+00:00,89762.400000,89762.400000,89071.480000,89155.760000,0.547490,1769093999999,0,0
0.121746,0.132210,2026-01-22 15:00:00+00:00,89034.760000,89409.000000,88537.080000,89021.060000,1.671250,1769097599999,0,0
0.127011,0.118988,2026-01-22 16:00:00+00:00,89101.580000,89266.670000,88752.850000,89043.660000,1.178200,1769101199999,0,0
0.145183,0.141592,2026-01-22 17:00:00+00:00,89122.900000,89610.710000,89114.290000,89610.710000,0.258370,1769104799999,0,0
0.140590,0.125581,2026-01-22 18:00:00+00:00,89517.820000,89745.920000,89318.760000,89318.760000,0.419530,1769108399999,0,0
0.134622,0.119835,2026-01-22 19:00:00+00:00,89379.990000,89917.730000,89137.550000,89853.060000,0.178680,1769111999999,0,0
0.133976,0.120064,2026-01-22 20:00:00+00:00,89684.950000,89956.820000,89404.740000,89404.740000,0.487900,1769115599999,0,0
0.128136,0.113656,2026-01-22 21:00:00+00:00,89497.570000,89638.690000,89266.670000,89388.130000,0.676020,1769119199999,0,0
0.123762,0.107101,2026-01-22 22:00:00+00:00,89262.570000,89524.520000,89174.480000,89346.460000,0.427500,1769122799999,0,0
0.128784,0.116095,2026-01-22 23:00:00+00:00,89267.830000,89609.310000,89194.280000,89579.270000,0.152660,1769126399999,0,0
0.125752,0.118633,2026-01-23 00:00:00+00:00,89580.020000,89659.490000,89450.570000,89580.950000,0.714120,1769129999999,0,0
0.124959,0.121103,2026-01-23 01:00:00+00:00,89611.810000,89935.680000,89572.860000,89935.680000,0.193080,1769133599999,0,0
0.121269,0.116473,2026-01-23 02:00:00+00:00,89935.520000,89987.100000,89661.670000,89681.880000,0.214940,1769137199999,0,0
0.116030,0.111530,2026-01-23 03:00:00+00:00,89696.600000,89937.470000,89691.660000,89893.950000,0.215100,1769140799999,0,0
0.115695,0.113742,2026-01-23 04:00:00+00:00,89923.780000,90073.020000,89899.710000,90000.610000,0.184180,1769144399999,0,0
0.110900,0.108731,2026-01-23 05:00:00+00:00,90037.420000,90037.420000,89518.070000,89643.040000,0.314700,1769147999999,0,0
0.109958,0.109470,2026-01-23 06:00:00+00:00,89608.290000,89823.510000,89400.000000,89540.420000,0.284100,1769151599999,0,0
0.107506,0.103159,2026-01-23 07:00:00+00:00,89559.740000,89633.450000,89469.160000,89621.500000,0.295630,1769155199999,0,0
0.114617,0.112219,2026-01-23 08:00:00+00:00,89563.560000,89639.610000,89185.610000,89227.720000,0.854350,1769158799999,0,0
0.123051,0.120252,2026-01-23 09:00:00+00:00,89218.560000,89393.600000,88905.340000,88963.240000,1.006280,1769162399999,0,0
0.120901,0.108752,2026-01-23 10:00:00+00:00,89000.440000,89140.750000,88900.000000,89020.150000,0.502670,1769165999999,0,0
0.123508,0.108789,2026-01-23 11:00:00+00:00,89035.810000,89330.790000,89035.810000,89198.930000,0.195110,1769169599999,0,0
0.122846,0.107888,2026-01-23 12:00:00+00:00,89233.960000,89364.520000,89127.270000,89364.520000,0.051550,1769173199999,0,0
0.113144,0.098193,2026-01-23 13:00:00+00:00,89289.410000,89457.530000,89267.180000,89358.380000,0.409770,1769176799999,0,0
0.117675,0.102935,2026-01-23 14:00:00+00:00,89361.620000,89729.830000,88685.230000,88917.180000,5.017860,1769180399999,0,0
0.128774,0.119463,2026-01-23 15:00:00+00:00,89054.750000,89857.980000,88603.570000,89657.070000,3.939330,1769183999999,0,0
0.142399,0.150467,2026-01-23 16:00:00+00:00,89715.460000,90488.360000,89527.130000,90201.740000,2.525590,1769187599999,0,0
0.132361,0.143469,2026-01-23 17:00:00+00:00,90113.770000,91237.150000,89998.620000,90645.720000,0.870610,1769191199999,0,0
0.119822,0.125250,2026-01-23 18:00:00+00:00,90592.350000,91045.170000,90492.280000,90601.480000,0.794310,1769194799999,0,0
0.114239,0.118829,2026-01-23 19:00:00+00:00,90478.210000,90505.070000,89596.220000,90003.570000,4.790840,1769198399999,0,0
0.126037,0.127036,2026-01-23 20:00:00+00:00,89961.430000,90199.960000,89250.000000,89516.570000,0.919680,1769201999999,0,0
0.138545,0.131734,2026-01-23 21:00:00+00:00,89512.370000,89733.310000,89346.560000,89346.560000,0.488980,1769205599999,0,0
0.140999,0.130890,2026-01-23 22:00:00+00:00,89358.980000,89827.330000,89358.980000,89676.550000,0.537910,1769209199999,0,0
0.137691,0.123291,2026-01-23 23:00:00+00:00,89608.960000,89630.480000,89501.260000,89626.830000,0.223770,1769212799999,0,0
0.122190,0.098927,2026-01-24 00:00:00+00:00,89589.590000,89648.070000,89427.240000,89475.320000,0.110050,1769216399999,0,0
0.116074,0.091087,2026-01-24 01:00:00+00:00,89469.410000,89607.850000,89462.440000,89560.800000,0.193630,1769219999999,0,0
0.115581,0.093939,2026-01-24 02:00:00+00:00,89582.110000,89713.740000,89576.180000,89709.980000,0.095020,1769223599999,0,0
0.112587,0.091363,2026-01-24 03:00:00+00:00,89684.570000,89932.850000,89684.570000,89792.000000,0.255770,1769227199999,0,0
0.107037,0.087001,2026-01-24 04:00:00+00:00,89782.640000,89851.860000,89684.220000,89805.460000,2.068760,1769230799999,0,0
0.100744,0.086134,2026-01-24 05:00:00+00:00,89844.240000,89846.490000,89736.270000,89796.660000,0.367300,1769234399999,0,0
0.095479,0.089100,2026-01-24 06:00:00+00:00,89799.040000,89799.040000,89639.470000,89662.790000,0.387720,1769237999999,0,0
0.094428,0.089493,2026-01-24 07:00:00+00:00,89665.410000,89704.370000,89564.250000,89630.810000,0.322400,1769241599999,0,0
0.095393,0.088655,2026-01-24 08:00:00+00:00,89643.480000,89687.090000,89595.410000,89687.090000,0.123440,1769245199999,0,0
0.096195,0.089541,2026-01-24 09:00:00+00:00,89670.320000,89674.650000,89577.930000,89584.290000,0.012760,1769248799999,0,0
0.097613,0.089795,2026-01-24 10:00:00+00:00,89614.630000,89651.600000,89561.220000,89561.220000,0.012740,1769252399999,0,0
0.098032,0.088203,2026-01-24 11:00:00+00:00,89637.830000,89674.160000,89593.650000,89616.370000,0.005410,1769255999999,0,0
0.099498,0.088756,2026-01-24 12:00:00+00:00,89579.660000,89610.200000,89500.000000,89511.290000,0.054740,1769259599999,0,0
0.103381,0.091017,2026-01-24 13:00:00+00:00,89551.930000,89551.990000,89393.800000,89393.800000,0.026230,1769263199999,0,0
0.105789,0.090157,2026-01-24 14:00:00+00:00,89366.250000,89523.170000,89209.440000,89465.850000,0.400510,1769266799999,0,0
0.109709,0.092215,2026-01-24 15:00:00+00:00,89467.560000,89493.690000,89290.480000,89290.480000,0.487870,1769270399999,0,0
0.109432,0.091600,2026-01-24 16:00:00+00:00,89310.310000,89353.960000,89176.000000,89308.960000,0.489890,1769273999999,0,0
0.105741,0.088454,2026-01-24 17:00:00+00:00,89304.340000,89431.080000,89304.340000,89387.090000,0.080600,1769277599999,0,0
0.101535,0.086226,2026-01-24 18:00:00+00:00,89395.970000,89458.900000,89362.510000,89406.940000,0.323840,1769281199999,0,0
0.099127,0.084102,2026-01-24 19:00:00+00:00,89409.480000,89409.480000,89264.200000,89349.550000,0.061970,1769284799999,0,1
0.098298,0.083776,2026-01-24 20:00:00+00:00,89349.000000,89405.650000,89347.870000,89371.120000,0.045740,1769288399999,0,1
0.098875,0.083590,2026-01-24 21:00:00+00:00,89359.830000,89377.550000,89301.780000,89377.530000,0.199110,1769291999999,0,1
0.099300,0.084567,2026-01-24 22:00:00+00:00,89413.900000,89484.210000,89326.820000,89449.350000,0.129120,1769295599999,0,1
0.099690,0.085275,2026-01-24 23:00:00+00:00,89449.350000,89452.960000,89272.040000,89272.040000,0.376210,1769299199999,0,1
0.099999,0.085222,2026-01-25 00:00:00+00:00,89248.830000,89301.900000,89154.710000,89300.000000,0.189500,1769302799999,0,1
0.102350,0.084914,2026-01-25 01:00:00+00:00,89334.270000,89334.270000,89106.030000,89185.000000,0.204430,1769306399999,0,1
0.103595,0.085081,2026-01-25 02:00:00+00:00,89180.000000,89266.850000,89105.960000,89155.630000,0.239040,1769309999999,0,1
0.108363,0.086406,2026-01-25 03:00:00+00:00,89190.020000,89191.700000,88873.310000,88955.360000,0.798630,1769313599999,0,1
0.108515,0.084720,2026-01-25 04:00:00+00:00,88957.680000,89107.450000,88942.040000,88999.300000,0.336550,1769317199999,0,1
0.108363,0.082890,2026-01-25 05:00:00+00:00,89014.370000,89059.130000,88891.970000,89009.730000,0.165830,1769320799999,0,1
0.109036,0.082362,2026-01-25 06:00:00+00:00,88973.300000,88973.300000,88657.970000,88866.810000,0.398020,1769324399999,0,1
0.114098,0.084310,2026-01-25 07:00:00+00:00,88819.610000,88819.610000,88645.220000,88666.590000,0.055000,1769327999999,0,0
0.125929,0.090138,2026-01-25 08:00:00+00:00,88645.230000,88748.030000,88136.750000,88282.300000,0.492110,1769331599999,0,0
0.128658,0.089217,2026-01-25 09:00:00+00:00,88317.570000,88483.970000,88237.540000,88424.290000,0.006530,1769335199999,0,0
0.132884,0.092401,2026-01-25 10:00:00+00:00,88425.180000,88659.850000,88425.180000,88659.850000,0.274210,1769338799999,0,0
0.126438,0.085491,2026-01-25 11:00:00+00:00,88724.830000,88724.830000,88426.430000,88565.180000,0.032840,1769342399999,0,0
0.123651,0.084431,2026-01-25 12:00:00+00:00,88579.150000,88799.880000,88479.210000,88772.560000,0.058890,1769345999999,0,1
0.128011,0.089738,2026-01-25 13:00:00+00:00,88777.430000,88999.640000,88694.300000,88894.380000,0.569440,1769349599999,0,1
0.118545,0.083211,2026-01-25 14:00:00+00:00,88938.410000,88938.870000,88624.910000,88695.960000,0.542200,1769353199999,0,0
0.121000,0.084553,2026-01-25 15:00:00+00:00,88684.600000,88773.140000,88406.540000,88406.540000,1.368440,1769356799999,0,0
0.129603,0.088788,2026-01-25 16:00:00+00:00,88456.310000,88456.310000,87586.720000,88095.190000,2.950990,1769360399999,0,0
0.136296,0.092467,2026-01-25 17:00:00+00:00,88083.770000,88125.140000,87798.040000,87862.990000,1.645110,1769363999999,0,0
0.147058,0.100937,2026-01-25 18:00:00+00:00,87900.000000,87999.990000,86869.720000,87428.590000,4.445740,1769367599999,0,0
0.168391,0.130046,2026-01-25 19:00:00+00:00,87426.230000,87480.650000,86207.420000,86584.690000,5.969030,1769371199999,0,0
0.169807,0.128378,2026-01-25 20:00:00+00:00,86529.660000,86674.060000,86272.420000,86627.130000,3.258010,1769374799999,0,0
0.160441,0.107916,2026-01-25 21:00:00+00:00,86769.500000,87000.000000,86434.910000,86630.350000,0.765550,1769378399999,0,0
0.162264,0.099635,2026-01-25 22:00:00+00:00,86562.530000,86776.240000,86268.850000,86557.010000,2.180560,1769381999999,0,0
0.163454,0.088827,2026-01-25 23:00:00+00:00,86462.710000,86816.970000,86094.070000,86649.270000,1.949020,1769385599999,0,0
0.167109,0.084714,2026-01-26 00:00:00+00:00,86656.430000,87144.160000,86526.880000,86846.390000,1.500470,1769389199999,0,0
0.181894,0.123625,2026-01-26 01:00:00+00:00,86896.050000,87785.040000,86824.700000,87636.510000,3.935610,1769392799999,0,0
0.178704,0.117069,2026-01-26 02:00:00+00:00,87521.920000,87952.880000,87475.120000,87550.030000,0.992180,1769396399999,0,0
0.169105,0.098194,2026-01-26 03:00:00+00:00,87515.760000,87669.870000,87136.510000,87136.510000,2.420350,1769399999999,0,0
0.171334,0.109404,2026-01-26 04:00:00+00:00,87306.270000,87952.880000,87225.680000,87781.450000,0.480080,1769403599999,0,0
0.172123,0.116418,2026-01-26 05:00:00+00:00,87774.130000,87929.600000,87682.860000,87879.920000,0.173820,1769407199999,0,0
0.161518,0.090259,2026-01-26 06:00:00+00:00,87832.950000,88015.620000,87784.710000,87935.470000,0.652720,1769410799999,0,0
0.159355,0.089184,2026-01-26 07:00:00+00:00,87864.000000,88134.550000,87773.580000,88040.350000,0.425920,1769414399999,0,0
0.155626,0.086025,2026-01-26 08:00:00+00:00,88035.570000,88382.230000,87903.020000,87990.350000,0.602130,1769417999999,0,0
0.148117,0.083746,2026-01-26 09:00:00+00:00,87897.580000,87908.230000,87600.000000,87641.410000,0.181310,1769421599999,0,0
0.141377,0.081889,2026-01-26 10:00:00+00:00,87776.880000,88004.010000,87776.880000,87904.390000,0.143620,1769425199999,0,0
0.132419,0.079845,2026-01-26 11:00:00+00:00,87931.770000,87996.850000,87776.000000,87837.500000,0.589910,1769428799999,0,0
0.114958,0.073352,2026-01-26 12:00:00+00:00,87917.410000,87976.690000,87750.540000,87847.250000,0.065690,1769432399999,0,0
0.111085,0.073426,2026-01-26 13:00:00+00:00,87837.460000,88043.770000,87706.510000,87951.130000,0.276110,1769435999999,0,0
0.113423,0.078824,2026-01-26 14:00:00+00:00,87969.390000,88492.170000,87469.700000,88219.600000,6.484220,1769439599999,0,0
0.102166,0.074708,2026-01-26 15:00:00+00:00,88249.380000,88883.790000,87341.470000,87655.240000,3.246950,1769443199999,0,0
0.099559,0.073055,2026-01-26 16:00:00+00:00,87713.420000,87952.880000,87207.520000,87738.010000,2.107710,1769446799999,0,0
0.097792,0.068996,2026-01-26 17:00:00+00:00,87700.000000,87834.200000,87098.750000,87658.040000,1.329830,1769450399999,0,0
0.107801,0.078754,2026-01-26 18:00:00+00:00,87679.400000,88333.330000,87679.400000,88228.300000,0.867090,1769453999999,0,0
0.107530,0.078650,2026-01-26 19:00:00+00:00,88449.140000,88521.830000,87952.880000,88023.710000,0.998080,1769457599999,0,0
0.103139,0.074696,2026-01-26 20:00:00+00:00,88034.960000,88102.040000,87543.620000,87552.400000,1.025690,1769461199999,0,0
0.108561,0.077684,2026-01-26 21:00:00+00:00,87621.210000,88201.730000,87570.720000,88063.140000,1.105090,1769464799999,0,0
0.115412,0.081953,2026-01-26 22:00:00+00:00,88081.450000,88260.200000,87975.120000,88071.040000,0.632820,1769468399999,0,0
0.112591,0.079334,2026-01-26 23:00:00+00:00,88073.050000,88660.070000,88054.980000,88357.770000,0.666010,1769471999999,0,0
0.114007,0.081500,2026-01-27 00:00:00+00:00,88368.810000,88445.770000,88186.460000,88332.740000,0.181940,1769475599999,0,0
0.115783,0.082727,2026-01-27 01:00:00+00:00,88356.630000,88685.230000,88174.480000,88587.320000,0.368860,1769479199999,0,0
0.120864,0.084707,2026-01-27 02:00:00+00:00,88662.770000,88861.230000,88591.860000,88820.520000,0.461930,1769482799999,0,0
0.116060,0.080783,2026-01-27 03:00:00+00:00,88812.350000,88892.000000,88590.670000,88790.850000,0.189270,1769486399999,0,0
0.108485,0.075447,2026-01-27 04:00:00+00:00,88768.540000,88988.000000,88539.670000,88612.370000,0.167510,1769489999999,0,0
0.105673,0.073684,2026-01-27 05:00:00+00:00,88603.290000,88612.100000,88401.490000,88491.980000,0.366130,1769493599999,0,0
0.105660,0.071918,2026-01-27 06:00:00+00:00,88487.980000,88541.530000,88311.460000,88353.770000,0.156410,1769497199999,0,0
0.105218,0.070679,2026-01-27 07:00:00+00:00,88363.720000,88517.100000,88363.720000,88366.180000,0.192530,1769500799999,0,0
0.101562,0.069496,2026-01-27 08:00:00+00:00,88369.060000,88393.610000,88181.460000,88181.460000,0.066220,1769504399999,0,0
0.105282,0.070052,2026-01-27 09:00:00+00:00,88146.440000,88146.440000,87891.470000,87891.470000,0.031370,1769507999999,0,0
0.108102,0.068714,2026-01-27 10:00:00+00:00,87913.320000,88016.550000,87781.020000,87781.020000,0.222960,1769511599999,0,0
0.109816,0.068769,2026-01-27 11:00:00+00:00,87804.410000,88080.260000,87797.820000,88014.870000,0.059310,1769515199999,0,0
0.110736,0.068800,2026-01-27 12:00:00+00:00,87948.180000,88182.400000,87948.180000,87977.750000,0.201700,1769518799999,0,0
0.105202,0.065963,2026-01-27 13:00:00+00:00,87959.420000,88031.490000,87889.080000,87985.480000,0.365260,1769522399999,0,0
0.106226,0.067230,2026-01-27 14:00:00+00:00,87990.650000,88449.140000,87658.220000,87744.700000,1.060840,1769525999999,1,0
0.107761,0.069151,2026-01-27 15:00:00+00:00,87724.900000,88152.980000,87603.000000,87931.960000,2.430690,1769529599999,0,0
0.133616,0.085871,2026-01-27 16:00:00+00:00,88074.360000,88800.000000,88060.940000,88611.130000,0.967090,1769533199999,0,0
0.131065,0.081656,2026-01-27 17:00:00+00:00,88622.830000,88647.510000,87320.260000,87562.350000,1.027040,1769536799999,1,0
0.131892,0.083765,2026-01-27 18:00:00+00:00,87561.490000,88515.680000,87551.850000,88274.990000,2.612140,1769540399999,0,0
0.143430,0.092069,2026-01-27 19:00:00+00:00,88273.160000,88580.620000,88073.730000,88424.770000,0.898240,1769543999999,0,0
0.157425,0.104747,2026-01-27 20:00:00+00:00,88422.640000,89499.930000,88422.640000,89437.680000,3.108630,1769547599999,0,0
0.151227,0.098055,2026-01-27 21:00:00+00:00,89272.470000,89535.660000,89008.240000,89008.240000,1.147250,1769551199999,0,0
0.136489,0.087909,2026-01-27 22:00:00+00:00,89165.700000,89434.970000,89054.280000,89290.000000,0.524960,1769554799999,0,0
0.137216,0.082960,2026-01-27 23:00:00+00:00,89180.170000,89515.390000,89152.870000,89260.500000,1.429300,1769558399999,0,0
0.133236,0.078776,2026-01-28 00:00:00+00:00,89226.800000,89498.400000,89128.390000,89498.400000,0.464020,1769561999999,0,0
0.125416,0.072539,2026-01-28 01:00:00+00:00,89414.770000,89505.040000,89245.310000,89446.160000,0.440060,1769565599999,0,0
0.114349,0.069084,2026-01-28 02:00:00+00:00,89413.990000,89453.520000,89128.040000,89249.720000,0.454920,1769569199999,0,0
0.108451,0.066427,2026-01-28 03:00:00+00:00,89294.110000,89294.110000,89000.000000,89135.100000,0.569280,1769572799999,0,0
0.107745,0.065415,2026-01-28 04:00:00+00:00,89032.090000,89178.420000,88876.610000,89033.710000,0.488500,1769576399999,0,0
0.098049,0.063617,2026-01-28 05:00:00+00:00,89078.260000,89110.390000,88860.190000,89064.360000,0.349930,1769579999999,0,0
0.096124,0.065795,2026-01-28 06:00:00+00:00,89121.440000,89388.890000,89121.290000,89307.140000,0.772430,1769583599999,0,0
0.089430,0.063349,2026-01-28 07:00:00+00:00,89369.740000,89374.400000,89147.620000,89170.070000,0.185480,1769587199999,0,0
0.089788,0.062996,2026-01-28 08:00:00+00:00,89125.190000,89217.250000,88881.850000,88881.850000,0.364340,1769590799999,0,0
0.097935,0.070980,2026-01-28 09:00:00+00:00,88960.600000,89554.060000,88882.000000,89554.060000,0.386850,1769594399999,0,0
0.101369,0.073831,2026-01-28 10:00:00+00:00,89580.680000,89690.000000,89345.040000,89479.310000,0.348460,1769597999999,0,0
0.106101,0.076132,2026-01-28 11:00:00+00:00,89528.090000,90142.860000,89474.590000,90095.700000,1.906310,1769601599999,0,0
0.106839,0.077831,2026-01-28 12:00:00+00:00,90028.920000,90167.270000,89812.960000,89974.250000,0.600270,1769605199999,0,0
0.102906,0.074317,2026-01-28 13:00:00+00:00,90030.180000,90468.350000,90017.670000,90278.820000,2.355290,1769608799999,0,0
0.102593,0.071123,2026-01-28 14:00:00+00:00,90266.800000,90266.800000,89474.180000,89685.220000,1.010530,1769612399999,0,0
0.103935,0.070900,2026-01-28 15:00:00+00:00,89685.000000,89848.690000,88938.780000,89534.610000,0.741010,1769615999999,0,0
0.102618,0.066980,2026-01-28 16:00:00+00:00,89532.500000,89769.510000,89263.560000,89717.210000,0.690290,1769619599999,0,0
0.115706,0.078269,2026-01-28 17:00:00+00:00,89671.130000,90561.140000,89383.570000,90200.420000,5.293950,1769623199999,0,1
0.112636,0.074999,2026-01-28 18:00:00+00:00,90143.900000,90143.900000,89365.820000,89426.070000,3.543660,1769626799999,0,1
0.107785,0.073199,2026-01-28 19:00:00+00:00,89538.560000,89640.340000,89018.400000,89435.810000,1.544550,1769630399999,0,1
0.106592,0.068471,2026-01-28 20:00:00+00:00,89350.000000,89846.560000,89000.020000,89108.830000,1.279720,1769633999999,0,1
0.109969,0.069132,2026-01-28 21:00:00+00:00,89175.040000,89499.480000,88881.900000,89430.620000,2.038380,1769637599999,0,1
0.111897,0.069596,2026-01-28 22:00:00+00:00,89430.620000,89500.000000,89177.890000,89394.430000,0.227300,1769641199999,0,1
0.100221,0.064469,2026-01-28 23:00:00+00:00,89403.300000,89474.700000,89230.450000,89249.460000,0.565310,1769644799999,0,1
0.101555,0.064722,2026-01-29 00:00:00+00:00,89283.050000,89285.780000,88937.880000,89143.880000,0.625060,1769648399999,0,1
0.112536,0.068790,2026-01-29 01:00:00+00:00,89152.250000,89176.710000,88537.080000,88578.770000,1.537290,1769651999999,0,1
0.138269,0.076545,2026-01-29 02:00:00+00:00,88592.200000,88764.270000,87705.280000,87897.410000,2.141690,1769655599999,0,0
0.141943,0.073930,2026-01-29 03:00:00+00:00,87830.720000,88200.850000,87830.720000,88034.240000,0.785050,1769659199999,0,0
0.145428,0.074390,2026-01-29 04:00:00+00:00,88071.890000,88333.330000,87942.480000,88292.760000,0.655680,1769662799999,0,0
0.140631,0.070667,2026-01-29 05:00:00+00:00,88340.330000,88426.620000,88167.510000,88178.240000,0.221360,1769666399999,0,0
0.136536,0.066267,2026-01-29 06:00:00+00:00,88155.340000,88352.250000,88155.340000,88352.200000,0.625200,1769669999999,0,0
0.139133,0.066977,2026-01-29 07:00:00+00:00,88331.520000,88423.560000,88279.630000,88328.310000,0.148650,1769673599999,0,0
0.138783,0.066604,2026-01-29 08:00:00+00:00,88298.790000,88449.140000,87938.580000,88030.620000,0.400660,1769677199999,0,0
0.140395,0.069433,2026-01-29 09:00:00+00:00,88151.590000,88172.740000,87879.700000,87879.700000,0.072780,1769680799999,0,0
0.137252,0.070218,2026-01-29 10:00:00+00:00,87876.650000,88013.410000,87858.900000,87959.990000,0.240740,1769684399999,0,0
0.136401,0.072968,2026-01-29 11:00:00+00:00,87956.920000,88064.540000,87748.580000,87763.220000,0.491420,1769687999999,0,0
0.137986,0.077257,2026-01-29 12:00:00+00:00,87854.970000,88141.430000,87831.840000,88141.430000,0.227790,1769691599999,0,0
0.135271,0.076789,2026-01-29 13:00:00+00:00,88125.860000,88152.680000,88012.950000,88053.970000,0.234110,1769695199999,0,0
0.154346,0.087672,2026-01-29 14:00:00+00:00,88093.650000,89000.000000,86984.490000,86984.490000,9.920020,1769698799999,0,1
0.188490,0.171070,2026-01-29 15:00:00+00:00,86982.360000,87074.140000,84382.000000,84885.560000,7.179100,1769702399999,0,0
0.187304,0.178431,2026-01-29 16:00:00+00:00,84770.710000,85348.020000,84268.790000,85347.000000,0.971040,1769705999999,0,1
0.183129,0.179511,2026-01-29 17:00:00+00:00,85392.680000,85648.030000,84018.450000,84223.290000,4.827170,1769709599999,0,0
0.185939,0.176756,2026-01-29 18:00:00+00:00,84307.020000,84590.000000,83436.560000,83585.230000,4.118750,1769713199999,0,0
0.182487,0.169535,2026-01-29 19:00:00+00:00,83398.760000,84287.710000,83386.100000,83999.390000,4.261860,1769716799999,0,0
0.184563,0.165885,2026-01-29 20:00:00+00:00,84035.670000,84354.060000,83680.400000,84218.540000,10.890070,1769720399999,0,0
0.184901,0.163182,2026-01-29 21:00:00+00:00,84237.880000,84650.400000,84237.880000,84551.230000,1.009720,1769723999999,0,1
0.185004,0.141284,2026-01-29 22:00:00+00:00,84476.420000,84627.420000,84342.510000,84562.680000,0.421800,1769727599999,0,1
0.184142,0.131416,2026-01-29 23:00:00+00:00,84539.410000,84746.510000,84449.630000,84684.390000,0.530460,1769731199999,0,1
0.183483,0.132549,2026-01-30 00:00:00+00:00,84719.400000,84737.880000,84182.350000,84213.400000,2.324370,1769734799999,0,1
0.187014,0.188717,2026-01-30 01:00:00+00:00,84186.300000,84201.630000,81143.630000,82495.310000,6.578920,1769738399999,0,0
0.184643,0.199231,2026-01-30 02:00:00+00:00,82492.900000,82570.960000,81234.070000,82226.770000,1.615830,1769741999999,0,0
0.180357,0.194709,2026-01-30 03:00:00+00:00,82220.070000,82726.090000,82123.810000,82726.090000,0.283450,1769745599999,0,0
0.181976,0.198840,2026-01-30 04:00:00+00:00,82737.520000,83244.830000,82670.930000,82921.310000,0.383000,1769749199999,0,0
0.181062,0.177086,2026-01-30 05:00:00+00:00,82965.160000,83330.150000,82910.370000,82986.500000,0.475340,1769752799999,0,0
0.181384,0.157896,2026-01-30 06:00:00+00:00,82928.020000,82928.540000,82030.090000,82617.360000,0.732700,1769756399999,0,0
0.181844,0.159965,2026-01-30 07:00:00+00:00,82662.020000,83045.250000,82500.000000,82936.120000,0.212370,1769759999999,0,0
0.179734,0.154944,2026-01-30 08:00:00+00:00,82823.130000,82908.600000,82459.920000,82637.190000,0.384580,1769763599999,0,0
0.178933,0.156738,2026-01-30 09:00:00+00:00,82712.190000,82800.310000,82211.060000,82441.920000,2.272400,1769767199999,0,0
0.179167,0.156168,2026-01-30 10:00:00+00:00,82400.550000,82882.990000,82191.080000,82826.950000,0.282780,1769770799999,0,0
0.182557,0.168288,2026-01-30 11:00:00+00:00,82814.360000,83273.130000,82756.420000,83206.930000,0.315140,1769774399999,0,0
0.172482,0.143107,2026-01-30 12:00:00+00:00,83247.320000,83277.040000,82680.000000,82793.290000,0.114080,1769777999999,0,0
0.166294,0.126441,2026-01-30 13:00:00+00:00,82878.000000,83045.250000,82439.890000,82711.450000,0.555730,1769781599999,0,0
0.159308,0.112780,2026-01-30 14:00:00+00:00,82808.210000,83796.030000,82799.640000,82997.500000,0.859050,1769785199999,0,0
0.156888,0.112702,2026-01-30 15:00:00+00:00,83105.050000,83789.200000,82428.910000,83059.340000,2.406700,1769788799999,0,0
0.148292,0.100655,2026-01-30 16:00:00+00:00,82872.380000,83499.990000,82571.990000,83121.210000,0.974450,1769792399999,0,0
0.145139,0.096756,2026-01-30 17:00:00+00:00,83125.150000,83436.560000,82678.920000,83015.460000,0.708550,1769795999999,0,0
0.173462,0.135461,2026-01-30 18:00:00+00:00,83004.470000,84152.820000,81928.830000,83999.620000,0.749080,1769799599999,0,0
0.176463,0.146463,2026-01-30 19:00:00+00:00,83947.300000,84587.980000,83947.300000,84360.890000,1.699020,1769803199999,0,1
0.162662,0.110335,2026-01-30 20:00:00+00:00,84208.180000,84268.790000,83544.160000,83922.310000,4.306450,1769806799999,0,0
0.156748,0.108685,2026-01-30 21:00:00+00:00,83953.350000,84500.000000,83843.260000,84373.320000,0.757560,1769810399999,0,1
0.151692,0.104376,2026-01-30 22:00:00+00:00,84287.600000,84335.690000,83928.650000,84120.430000,1.040950,1769813999999,0,1
0.133355,0.087557,2026-01-30 23:00:00+00:00,84184.940000,84299.140000,83957.230000,84240.310000,0.432790,1769817599999,0,1
0.126003,0.084580,2026-01-31 00:00:00+00:00,84200.000000,84243.870000,84000.620000,84068.570000,0.389320,1769821199999,0,1
0.120676,0.083626,2026-01-31 01:00:00+00:00,84119.510000,84259.180000,83909.070000,84003.920000,1.005900,1769824799999,0,1
0.118958,0.082959,2026-01-31 02:00:00+00:00,84019.430000,84191.920000,83855.360000,84142.030000,0.351680,1769828399999,0,1
0.112834,0.080710,2026-01-31 03:00:00+00:00,84142.230000,84240.700000,83969.480000,84052.180000,0.132550,1769831999999,0,1
0.106556,0.079006,2026-01-31 04:00:00+00:00,84053.870000,84166.430000,83954.730000,84010.010000,0.308440,1769835599999,0,1
0.097345,0.076682,2026-01-31 05:00:00+00:00,84011.980000,84093.480000,83908.470000,84036.270000,0.637860,1769839199999,0,1
0.101247,0.081222,2026-01-31 06:00:00+00:00,84025.440000,84038.940000,83652.110000,83789.870000,0.628940,1769842799999,0,1
0.107836,0.087949,2026-01-31 07:00:00+00:00,83807.120000,83813.130000,83420.000000,83519.390000,0.179980,1769846399999,0,1
0.126552,0.100479,2026-01-31 08:00:00+00:00,83527.890000,83614.570000,82580.800000,82942.180000,1.097620,1769849999999,0,1
0.133244,0.101790,2026-01-31 09:00:00+00:00,83152.670000,83286.570000,82915.720000,83184.340000,0.031660,1769853599999,0,1
0.136617,0.099739,2026-01-31 10:00:00+00:00,83110.220000,83192.400000,82931.490000,83130.000000,0.374410,1769857199999,0,1
0.134798,0.095339,2026-01-31 11:00:00+00:00,83077.580000,83092.120000,82906.070000,82906.070000,0.043870,1769860799999,0,1
0.136502,0.093275,2026-01-31 12:00:00+00:00,83025.160000,83151.040000,82737.520000,82878.540000,0.237380,1769864399999,0,1
0.139298,0.092185,2026-01-31 13:00:00+00:00,82753.710000,82883.100000,82476.630000,82719.150000,0.346240,1769867999999,0,1
0.174515,0.146870,2026-01-31 14:00:00+00:00,82821.120000,82916.330000,80845.650000,81519.490000,3.636990,1769871599999,0,0
0.181584,0.170986,2026-01-31 15:00:00+00:00,81525.340000,81756.160000,81108.210000,81317.820000,1.742390,1769875199999,0,0
0.185120,0.189601,2026-01-31 16:00:00+00:00,81315.490000,82193.300000,80111.060000,80305.990000,7.797480,1769878799999,0,1
0.189358,0.198465,2026-01-31 17:00:00+00:00,80421.850000,80568.510000,78200.000000,78835.220000,9.320850,1769882399999,0,1
0.187557,0.191747,2026-01-31 18:00:00+00:00,79033.390000,79041.880000,75700.640000,78013.640000,7.585910,1769885999999,0,0
0.184514,0.181290,2026-01-31 19:00:00+00:00,78118.340000,78511.150000,77249.010000,77805.780000,2.314750,1769889599999,0,0
0.182812,0.187042,2026-01-31 20:00:00+00:00,77745.090000,78168.310000,77095.230000,78074.690000,2.512820,1769893199999,0,0
0.184225,0.196252,2026-01-31 21:00:00+00:00,78009.680000,78314.390000,77432.720000,78287.800000,1.511930,1769896799999,0,0
0.184138,0.190441,2026-01-31 22:00:00+00:00,78360.640000,78538.740000,78004.050000,78244.130000,1.198210,1769900399999,0,0
0.185122,0.206930,2026-01-31 23:00:00+00:00,78200.990000,79273.600000,78114.660000,78805.800000,1.573360,1769903999999,0,0
0.184583,0.211026,2026-02-01 00:00:00+00:00,78757.930000,79392.000000,78716.500000,78876.530000,0.560960,1769907599999,0,1
0.183628,0.191177,2026-02-01 01:00:00+00:00,78877.190000,78979.970000,78329.050000,78567.530000,0.303780,1769911199999,0,0
0.183609,0.195012,2026-02-01 02:00:00+00:00,78561.200000,79100.000000,78397.190000,78996.370000,0.988970,1769914799999,0,1
0.183154,0.195855,2026-02-01 03:00:00+00:00,78971.270000,78976.250000,78706.120000,78901.160000,0.772630,1769918399999,0,1
0.181271,0.188980,2026-02-01 04:00:00+00:00,78866.460000,79102.330000,78746.180000,78980.910000,0.241500,1769921999999,0,1
0.181961,0.194101,2026-02-01 05:00:00+00:00,79009.530000,79076.450000,78532.040000,78603.590000,0.360500,1769925599999,0,0
0.181878,0.197957,2026-02-01 06:00:00+00:00,78732.020000,78794.860000,78304.820000,78423.130000,0.797040,1769929199999,0,0
0.178473,0.195016,2026-02-01 07:00:00+00:00,78322.260000,78740.920000,77999.550000,78366.760000,0.417320,1769932799999,0,0
0.180082,0.201488,2026-02-01 08:00:00+00:00,78484.650000,78835.490000,78283.180000,78763.420000,0.128530,1769936399999,0,1
0.183249,0.217247,2026-02-01 09:00:00+00:00,78657.440000,79123.450000,78559.280000,79123.450000,1.105110,1769939999999,0,1
0.181882,0.216430,2026-02-01 10:00:00+00:00,78946.700000,79225.040000,78182.250000,78182.250000,0.565200,1769943599999,0,0
0.181905,0.219405,2026-02-01 11:00:00+00:00,78569.220000,78831.530000,78279.940000,78831.530000,0.108900,1769947199999,0,1
0.179835,0.212754,2026-02-01 12:00:00+00:00,78747.370000,78747.370000,78304.820000,78433.670000,1.272560,1769950799999,0,1
0.171202,0.194576,2026-02-01 13:00:00+00:00,78519.970000,78750.900000,78211.260000,78286.660000,0.456270,1769954399999,0,1
0.165327,0.175760,2026-02-01 14:00:00+00:00,78282.330000,78524.130000,77250.000000,78232.880000,1.622890,1769957999999,0,1
0.162418,0.162610,2026-02-01 15:00:00+00:00,78174.770000,78243.410000,76789.160000,77869.070000,1.311880,1769961599999,0,0
0.168851,0.173436,2026-02-01 16:00:00+00:00,77555.580000,77797.440000,77126.620000,77404.340000,2.708170,1769965199999,0,0
0.168975,0.169743,2026-02-01 17:00:00+00:00,77534.730000,77755.060000,77318.120000,77755.060000,1.034810,1769968799999,0,0
0.172870,0.173200,2026-02-01 18:00:00+00:00,77778.110000,78407.080000,77747.500000,77799.310000,2.153720,1769972399999,0,1
0.175007,0.177822,2026-02-01 19:00:00+00:00,77932.560000,77932.560000,77000.000000,77200.120000,3.520120,1769975999999,0,0
0.177948,0.185048,2026-02-01 20:00:00+00:00,77123.390000,77680.710000,76594.630000,77088.820000,2.191650,1769979599999,0,0
0.182709,0.205532,2026-02-01 21:00:00+00:00,77088.160000,77144.990000,76392.000000,76472.130000,5.066990,1769983199999,0,0
0.186569,0.224792,2026-02-01 22:00:00+00:00,76651.570000,77750.650000,76503.090000,77373.520000,7.787350,1769986799999,0,0
0.186684,0.228839,2026-02-01 23:00:00+00:00,77148.370000,77638.780000,75753.240000,76934.400000,7.796530,1769990399999,0,0
0.185672,0.215223,2026-02-02 00:00:00+00:00,77040.760000,78127.800000,76680.770000,77662.800000,2.242160,1769993999999,0,1
0.186687,0.220288,2026-02-02 01:00:00+00:00,77682.670000,77912.900000,76682.870000,77723.010000,0.927810,1769997599999,0,1
0.185584,0.225445,2026-02-02 02:00:00+00:00,77445.210000,77555.750000,76500.000000,76548.420000,1.570970,1770001199999,0,0
0.187191,0.233653,2026-02-02 03:00:00+00:00,76544.000000,76544.000000,74619.830000,76258.140000,10.334060,1770004799999,0,0
0.185789,0.233424,2026-02-02 04:00:00+00:00,76181.050000,76605.100000,75390.740000,75923.260000,1.073450,1770008399999,0,0
0.185913,0.235914,2026-02-02 05:00:00+00:00,75909.810000,76005.150000,74944.760000,75581.540000,2.146620,1770011999999,0,0
0.187889,0.248649,2026-02-02 06:00:00+00:00,75485.990000,76809.020000,74965.970000,76434.610000,2.675910,1770015599999,1,0
0.189207,0.245960,2026-02-02 07:00:00+00:00,76496.030000,76943.500000,76394.060000,76705.110000,0.764820,1770019199999,1,0
0.187161,0.224986,2026-02-02 08:00:00+00:00,76682.170000,77096.290000,76672.110000,76924.780000,1.593340,1770022799999,1,0
0.187537,0.228734,2026-02-02 09:00:00+00:00,76863.720000,77810.790000,76719.560000,77702.970000,2.984120,1770026399999,0,0
0.186343,0.218985,2026-02-02 10:00:00+00:00,77608.630000,77839.100000,77479.340000,77585.560000,0.408120,1770029999999,0,0
0.184270,0.194748,2026-02-02 11:00:00+00:00,77578.350000,77950.000000,77561.150000,77733.940000,1.170140,1770033599999,0,0
0.184233,0.200593,2026-02-02 12:00:00+00:00,77765.800000,78392.000000,77734.810000,77992.820000,1.009740,1770037199999,0,0
0.182951,0.200033,2026-02-02 13:00:00+00:00,78031.550000,78476.630000,77820.330000,78240.390000,2.587520,1770040799999,0,0
0.179582,0.194841,2026-02-02 14:00:00+00:00,78311.530000,78885.760000,77636.390000,77777.400000,5.863650,1770044399999,0,0
0.181173,0.209947,2026-02-02 15:00:00+00:00,77701.440000,79358.240000,77637.860000,78916.770000,7.640510,1770047999999,0,0
0.179616,0.211259,2026-02-02 16:00:00+00:00,78931.840000,79258.390000,78632.610000,78632.610000,3.013700,1770051599999,0,0
0.168744,0.187166,2026-02-02 17:00:00+00:00,78692.570000,79233.300000,78692.570000,78956.600000,0.647010,1770055199999,0,1
0.163969,0.187366,2026-02-02 18:00:00+00:00,78976.310000,79015.810000,78386.270000,78652.180000,3.344360,1770058799999,0,0
0.158280,0.191825,2026-02-02 19:00:00+00:00,78575.590000,78698.160000,78304.820000,78353.700000,2.257490,1770062399999,0,0
0.161158,0.203220,2026-02-02 20:00:00+00:00,78278.820000,78643.280000,77914.530000,77914.530000,9.634190,1770065999999,0,0
0.164546,0.206823,2026-02-02 21:00:00+00:00,77956.620000,78553.510000,77947.970000,78525.640000,1.010130,1770069599999,0,0
0.165836,0.214925,2026-02-02 22:00:00+00:00,78555.810000,78878.830000,78555.810000,78813.900000,0.710030,1770073199999,0,1
0.151817,0.186940,2026-02-02 23:00:00+00:00,78739.400000,78956.600000,78581.760000,78794.560000,1.093000,1770076799999,0,1
0.145570,0.180147,2026-02-03 00:00:00+00:00,78684.710000,79077.880000,78397.330000,79063.390000,0.326470,1770080399999,0,1
0.141241,0.177098,2026-02-03 01:00:00+00:00,79041.430000,79163.460000,78740.000000,79011.470000,1.217160,1770083999999,0,1
0.147723,0.195290,2026-02-03 02:00:00+00:00,78899.320000,78903.350000,77788.930000,77788.930000,1.527420,1770087599999,0,0
0.158824,0.211330,2026-02-03 03:00:00+00:00,77778.140000,78900.000000,77647.550000,78858.390000,1.232560,1770091199999,0,1
0.169327,0.221662,2026-02-03 04:00:00+00:00,78768.590000,79012.410000,78490.260000,78780.920000,0.472590,1770094799999,0,1
0.163910,0.198968,2026-02-03 05:00:00+00:00,78788.590000,78809.030000,78230.360000,78230.360000,1.328170,1770098399999,0,0
0.166543,0.195446,2026-02-03 06:00:00+00:00,78233.660000,78634.050000,77966.480000,78530.270000,0.596380,1770101999999,0,0
0.170388,0.192734,2026-02-03 07:00:00+00:00,78569.800000,78908.150000,78564.070000,78793.640000,0.072170,1770105599999,0,1
0.163374,0.183638,2026-02-03 08:00:00+00:00,78866.220000,79066.000000,78503.540000,78701.620000,0.368130,1770109199999,0,1
0.161511,0.181191,2026-02-03 09:00:00+00:00,78847.660000,78847.660000,77958.030000,78382.200000,0.579960,1770112799999,0,1
0.166267,0.186511,2026-02-03 10:00:00+00:00,78399.330000,78549.010000,78089.040000,78111.550000,0.244050,1770116399999,0,1
0.169094,0.190033,2026-02-03 11:00:00+00:00,78143.880000,78300.430000,78019.920000,78198.510000,0.214360,1770119999999,0,1
0.172258,0.197495,2026-02-03 12:00:00+00:00,78103.240000,78430.400000,78063.710000,78373.910000,0.155550,1770123599999,0,1
0.169180,0.190441,2026-02-03 13:00:00+00:00,78371.020000,78424.770000,78257.800000,78294.440000,0.602700,1770127199999,0,1
0.180025,0.212354,2026-02-03 14:00:00+00:00,78322.320000,78409.580000,77206.210000,77206.210000,0.832900,1770130799999,0,0
0.182297,0.221115,2026-02-03 15:00:00+00:00,77285.820000,78170.570000,77048.410000,78126.730000,0.886720,1770134399999,0,1
0.188486,0.233944,2026-02-03 16:00:00+00:00,77981.240000,77981.240000,76489.630000,76496.300000,2.207240,1770137999999,0,1
0.191494,0.213777,2026-02-03 17:00:00+00:00,76527.180000,76527.180000,74878.750000,74878.750000,4.064930,1770141599999,0,0
0.189837,0.205919,2026-02-03 18:00:00+00:00,74940.700000,75254.400000,73150.000000,73209.860000,12.318900,1770145199999,1,0
0.187472,0.237996,2026-02-03 19:00:00+00:00,73120.000000,75268.620000,72979.630000,75051.430000,3.006340,1770148799999,0,0
0.188380,0.285266,2026-02-03 20:00:00+00:00,75144.500000,76709.170000,74614.330000,76546.540000,4.171720,1770152399999,0,1
0.186767,0.245306,2026-02-03 21:00:00+00:00,76716.850000,76925.980000,76145.110000,76218.210000,0.620300,1770155999999,0,0
0.185661,0.231038,2026-02-03 22:00:00+00:00,76236.000000,76236.000000,75448.700000,75729.010000,4.906750,1770159599999,0,0
0.185091,0.231863,2026-02-03 23:00:00+00:00,75738.260000,76015.070000,75447.210000,75751.880000,0.766970,1770163199999,0,0
0.186714,0.218461,2026-02-04 00:00:00+00:00,75640.660000,76252.430000,75457.530000,75936.660000,0.464570,1770166799999,0,0
0.187745,0.226612,2026-02-04 01:00:00+00:00,76012.550000,76770.480000,76012.550000,76382.600000,1.858900,1770170399999,0,0
0.187308,0.223795,2026-02-04 02:00:00+00:00,76412.160000,76617.230000,75752.430000,75984.340000,0.391960,1770173999999,0,0
0.186674,0.234079,2026-02-04 03:00:00+00:00,75907.290000,76952.650000,75907.290000,76753.660000,0.827760,1770177599999,0,1
0.186840,0.234441,2026-02-04 04:00:00+00:00,76697.180000,76802.240000,76412.310000,76458.220000,0.266110,1770181199999,0,1
0.186686,0.226969,2026-02-04 05:00:00+00:00,76506.550000,76543.190000,76116.340000,76272.400000,0.087870,1770184799999,0,0
0.185484,0.225416,2026-02-04 06:00:00+00:00,76324.250000,76841.660000,76324.250000,76611.800000,0.577030,1770188399999,0,1
0.184363,0.225370,2026-02-04 07:00:00+00:00,76681.300000,76681.300000,76375.750000,76525.290000,0.261940,1770191999999,0,1
0.181306,0.213882,2026-02-04 08:00:00+00:00,76480.450000,76551.870000,76103.120000,76551.870000,0.375120,1770195599999,0,1
0.181685,0.221447,2026-02-04 09:00:00+00:00,76600.460000,76600.460000,76017.550000,76112.600000,0.161870,1770199199999,0,1
0.179540,0.218332,2026-02-04 10:00:00+00:00,76134.500000,76303.160000,76099.260000,76287.170000,0.471400,1770202799999,0,1
0.175877,0.212989,2026-02-04 11:00:00+00:00,76281.300000,76281.300000,75684.310000,76038.300000,0.196520,1770206399999,0,1
0.170370,0.202802,2026-02-04 12:00:00+00:00,76051.270000,76268.060000,75997.490000,76152.700000,0.570490,1770209999999,0,1
0.182449,0.222850,2026-02-04 13:00:00+00:00,76138.190000,76182.720000,74847.610000,74913.390000,1.177250,1770213599999,0,0
0.187347,0.218036,2026-02-04 14:00:00+00:00,74843.590000,75736.770000,74245.860000,74338.100000,2.536540,1770217199999,0,0
0.186980,0.217104,2026-02-04 15:00:00+00:00,74211.380000,75253.860000,73827.600000,74157.140000,4.270150,1770220799999,0,1
0.187921,0.214545,2026-02-04 16:00:00+00:00,74182.430000,74258.210000,73086.010000,73654.510000,2.345940,1770224399999,0,0
0.190957,0.212896,2026-02-04 17:00:00+00:00,73610.660000,73773.940000,72209.960000,72608.870000,6.552470,1770227999999,0,0
0.190993,0.222358,2026-02-04 18:00:00+00:00,72589.840000,74112.500000,72326.960000,73448.600000,7.731520,1770231599999,0,0
0.191731,0.234356,2026-02-04 19:00:00+00:00,73482.220000,73972.550000,73110.960000,73894.730000,4.344600,1770235199999,0,1
0.190117,0.210708,2026-02-04 20:00:00+00:00,73903.650000,74127.390000,73406.820000,73529.640000,9.835370,1770238799999,0,1
0.190865,0.215931,2026-02-04 21:00:00+00:00,73489.920000,73617.250000,72218.170000,72781.800000,3.337830,1770242399999,0,0
0.190357,0.219945,2026-02-04 22:00:00+00:00,72856.110000,73682.740000,71863.740000,72577.170000,4.900450,1770245999999,0,0
0.189291,0.221136,2026-02-04 23:00:00+00:00,72648.190000,73503.600000,72485.070000,73160.680000,0.843690,1770249599999,0,1
0.188277,0.225169,2026-02-05 00:00:00+00:00,73152.730000,73310.950000,72795.590000,72892.360000,0.684540,1770253199999,0,1
0.187785,0.219923,2026-02-05 01:00:00+00:00,72869.230000,73317.570000,72001.160000,72560.400000,0.994830,1770256799999,0,1
0.189499,0.236882,2026-02-05 02:00:00+00:00,72415.700000,72820.970000,71313.930000,71380.800000,2.282430,1770260399999,0,0
0.188730,0.235484,2026-02-05 03:00:00+00:00,71514.000000,71859.690000,71190.410000,71237.360000,2.744260,1770263999999,0,0
0.186473,0.217444,2026-02-05 04:00:00+00:00,71256.500000,71414.500000,70712.990000,70743.920000,2.373880,1770267599999,0,0
0.186700,0.209789,2026-02-05 05:00:00+00:00,70909.800000,71164.220000,70155.450000,70670.000000,2.478860,1770271199999,0,0
0.186914,0.203631,2026-02-05 06:00:00+00:00,70761.280000,70982.380000,70309.360000,70930.600000,3.476430,1770274799999,0,0
0.188067,0.201817,2026-02-05 07:00:00+00:00,70975.000000,71636.720000,70659.190000,70677.400000,1.913820,1770278399999,0,0
0.188986,0.209500,2026-02-05 08:00:00+00:00,70807.000000,71547.810000,70713.560000,71120.310000,0.692550,1770281999999,0,0
0.190069,0.229555,2026-02-05 09:00:00+00:00,71056.740000,71955.870000,71056.740000,71674.510000,1.456230,1770285599999,0,1
0.190300,0.224704,2026-02-05 10:00:00+00:00,71653.350000,71703.130000,70667.700000,70836.200000,0.390420,1770289199999,0,1
0.190875,0.234285,2026-02-05 11:00:00+00:00,70876.000000,71042.300000,69912.520000,70352.020000,1.593750,1770292799999,0,0
0.190698,0.243986,2026-02-05 12:00:00+00:00,70363.350000,70559.270000,69180.350000,69537.280000,2.682930,1770296399999,0,0
0.189497,0.243842,2026-02-05 13:00:00+00:00,69560.680000,69890.380000,69269.920000,69566.700000,1.722040,1770299999999,0,0
0.187287,0.226249,2026-02-05 14:00:00+00:00,69752.100000,70842.760000,69319.550000,69499.300000,2.825200,1770303599999,0,1
0.191709,0.248544,2026-02-05 15:00:00+00:00,69406.740000,69589.570000,66749.050000,67495.940000,17.516020,1770307199999,0,0
0.191524,0.245538,2026-02-05 16:00:00+00:00,67444.100000,68639.350000,66986.730000,68326.160000,7.480270,1770310799999,0,1
0.190345,0.236988,2026-02-05 17:00:00+00:00,68269.300000,68269.300000,66180.750000,66278.730000,8.093860,1770314399999,0,1
0.190088,0.228011,2026-02-05 18:00:00+00:00,66231.480000,66525.250000,65400.000000,66442.850000,4.871960,1770317999999,0,1
0.187879,0.211112,2026-02-05 19:00:00+00:00,66320.140000,66620.250000,65222.400000,65297.100000,2.025380,1770321599999,0,1
0.189268,0.210768,2026-02-05 20:00:00+00:00,65312.650000,65668.710000,62345.000000,63743.430000,16.471670,1770325199999,0,0
0.186273,0.209072,2026-02-05 21:00:00+00:00,63708.590000,64769.860000,62917.540000,63312.330000,3.446690,1770328799999,0,0
0.185021,0.199019,2026-02-05 22:00:00+00:00,63305.420000,64554.120000,62754.090000,64077.910000,5.284110,1770332399999,0,0
0.185099,0.204074,2026-02-05 23:00:00+00:00,63930.700000,64892.060000,62754.090000,62754.090000,4.058600,1770335999999,0,1
0.185947,0.210294,2026-02-06 00:00:00+00:00,63049.100000,63831.630000,60075.490000,63632.900000,11.818920,1770339599999,1,0
0.186420,0.241967,2026-02-06 01:00:00+00:00,63659.070000,65755.060000,63612.980000,65597.400000,5.257730,1770343199999,0,0
0.184587,0.232672,2026-02-06 02:00:00+00:00,65721.090000,66044.930000,64289.880000,64958.390000,1.639200,1770346799999,0,0
0.184255,0.224953,2026-02-06 03:00:00+00:00,64901.210000,65166.290000,63790.790000,64211.940000,3.696690,1770350399999,1,0
0.183478,0.225933,2026-02-06 04:00:00+00:00,64185.280000,65012.080000,63935.900000,64912.030000,0.716120,1770353999999,0,0
0.184237,0.238342,2026-02-06 05:00:00+00:00,64905.080000,66805.950000,64845.070000,66347.660000,4.920490,1770357599999,0,0
0.184561,0.233224,2026-02-06 06:00:00+00:00,66547.570000,66759.590000,64892.400000,65151.900000,2.194210,1770361199999,0,0
0.185049,0.234561,2026-02-06 07:00:00+00:00,64900.000000,65503.100000,64672.510000,64845.340000,0.626630,1770364799999,1,0
0.184454,0.224424,2026-02-06 08:00:00+00:00,64729.880000,65192.060000,64517.950000,65047.440000,0.271050,1770368399999,1,0
0.186792,0.235458,2026-02-06 09:00:00+00:00,64927.550000,66135.260000,64829.150000,65840.470000,0.319940,1770371999999,1,0
0.188217,0.237323,2026-02-06 10:00:00+00:00,65796.010000,66193.020000,65660.980000,66023.240000,0.355610,1770375599999,1,0
0.188769,0.236434,2026-02-06 11:00:00+00:00,65888.800000,66747.270000,65806.790000,66583.240000,1.821730,1770379199999,1,0
0.189191,0.233794,2026-02-06 12:00:00+00:00,66566.220000,66576.670000,66229.780000,66557.380000,0.649780,1770382799999,1,0
0.189775,0.230508,2026-02-06 13:00:00+00:00,66551.220000,67665.400000,66506.000000,67397.080000,1.710670,1770386399999,0,0
0.189984,0.226983,2026-02-06 14:00:00+00:00,67325.760000,68661.790000,66635.300000,68127.440000,3.506640,1770389999999,1,0
0.187267,0.218368,2026-02-06 15:00:00+00:00,68126.160000,69140.770000,67800.000000,68618.710000,6.054480,1770393599999,1,0
0.184796,0.224758,2026-02-06 16:00:00+00:00,68639.200000,70252.060000,68415.590000,69947.130000,5.400210,1770397199999,0,0
0.180547,0.229753,2026-02-06 17:00:00+00:00,69940.000000,71500.000000,69609.550000,70801.880000,3.187290,1770400799999,0,0
0.159541,0.219891,2026-02-06 18:00:00+00:00,70732.510000,70798.820000,69376.640000,69822.860000,3.045190,1770404399999,0,0
0.148735,0.229824,2026-02-06 19:00:00+00:00,69832.910000,70900.000000,69671.980000,70789.350000,0.915050,1770407999999,0,0
0.148810,0.230057,2026-02-06 20:00:00+00:00,70715.250000,71000.000000,70089.460000,70140.010000,2.599300,1770411599999,0,0
0.139605,0.218162,2026-02-06 21:00:00+00:00,70005.290000,70444.920000,69858.100000,70378.140000,5.042010,1770415199999,0,0
0.145877,0.237355,2026-02-06 22:00:00+00:00,70367.930000,71549.850000,70327.430000,71391.460000,1.520780,1770418799999,0,0
0.135866,0.224828,2026-02-06 23:00:00+00:00,71401.650000,71679.580000,70559.670000,70588.220000,3.118140,1770422399999,0,0
0.131947,0.216104,2026-02-07 00:00:00+00:00,70581.270000,70581.270000,69720.000000,70004.190000,1.574370,1770425999999,0,0
0.132451,0.214522,2026-02-07 01:00:00+00:00,69973.090000,70685.140000,69778.310000,70524.760000,0.326810,1770429599999,0,0
0.133829,0.214787,2026-02-07 02:00:00+00:00,70459.450000,70621.750000,70214.040000,70368.920000,0.189150,1770433199999,0,0
0.132253,0.212894,2026-02-07 03:00:00+00:00,70381.350000,70926.670000,70316.390000,70926.670000,0.574080,1770436799999,0,0
0.128072,0.204201,2026-02-07 04:00:00+00:00,70863.600000,71669.460000,70641.530000,70709.980000,3.283210,1770440399999,0,0
0.126716,0.201480,2026-02-07 05:00:00+00:00,70736.210000,71904.000000,69967.260000,70094.960000,1.187380,1770443999999,0,1
0.145062,0.202906,2026-02-07 06:00:00+00:00,70158.580000,70335.170000,68811.120000,68811.120000,0.865370,1770447599999,0,0
0.177529,0.202978,2026-02-07 07:00:00+00:00,68982.180000,69044.320000,67382.950000,68150.330000,3.840770,1770451199999,0,0
0.187063,0.213719,2026-02-07 08:00:00+00:00,68040.270000,68803.380000,67799.560000,68479.580000,3.342370,1770454799999,0,0
0.188037,0.211005,2026-02-07 09:00:00+00:00,68493.620000,68720.130000,67919.960000,68139.920000,0.461280,1770458399999,0,0
0.187967,0.205634,2026-02-07 10:00:00+00:00,68117.300000,68263.000000,67698.130000,68051.850000,0.252520,1770461999999,1,0
0.186003,0.189067,2026-02-07 11:00:00+00:00,68071.690000,68145.590000,67745.260000,67988.250000,0.165350,1770465599999,1,0
0.191095,0.210250,2026-02-07 12:00:00+00:00,67916.120000,69967.260000,67916.120000,68876.770000,0.588230,1770469199999,0,0
0.191944,0.218613,2026-02-07 13:00:00+00:00,69052.640000,69403.520000,68891.520000,69041.920000,0.490090,1770472799999,0,0
0.190937,0.201087,2026-02-07 14:00:00+00:00,69120.450000,69206.990000,68389.510000,68637.100000,1.527740,1770476399999,1,0
0.191175,0.213202,2026-02-07 15:00:00+00:00,68603.080000,69662.560000,68603.080000,69123.800000,1.046060,1770479999999,0,0
0.190924,0.222499,2026-02-07 16:00:00+00:00,69201.140000,69952.690000,68951.630000,69056.370000,2.645470,1770483599999,0,0
0.188791,0.212400,2026-02-07 17:00:00+00:00,69037.210000,69368.370000,68615.600000,69136.990000,0.332200,1770487199999,1,0
0.190407,0.222071,2026-02-07 18:00:00+00:00,69223.620000,69674.280000,69026.200000,69497.370000,0.405030,1770490799999,0,0
0.189779,0.213214,2026-02-07 19:00:00+00:00,69494.830000,69584.930000,69302.750000,69342.730000,0.485570,1770494399999,0,0
0.189144,0.207318,2026-02-07 20:00:00+00:00,69377.890000,69691.970000,69282.070000,69553.750000,1.045850,1770497999999,0,0
0.188526,0.204670,2026-02-07 21:00:00+00:00,69661.650000,69664.990000,69434.260000,69440.480000,0.443010,1770501599999,0,0
0.185300,0.194583,2026-02-07 22:00:00+00:00,69501.880000,69701.400000,69362.810000,69420.110000,0.611040,1770505199999,0,0
0.179705,0.194091,2026-02-07 23:00:00+00:00,69428.840000,69441.450000,68861.930000,69310.380000,0.891660,1770508799999,1,0
0.178687,0.196746,2026-02-08 00:00:00+00:00,69313.990000,69419.970000,68900.000000,69168.920000,1.172790,1770512399999,1,0
0.177246,0.190824,2026-02-08 01:00:00+00:00,69240.520000,69496.520000,69134.080000,69354.760000,0.265640,1770515999999,1,0
0.170556,0.182967,2026-02-08 02:00:00+00:00,69320.760000,69679.740000,69214.560000,69260.530000,0.322310,1770519599999,1,0
0.164027,0.175037,2026-02-08 03:00:00+00:00,69396.450000,69419.030000,69076.270000,69076.270000,0.281150,1770523199999,1,0
0.158849,0.164005,2026-02-08 04:00:00+00:00,69117.050000,69334.800000,69000.000000,69328.920000,0.066700,1770526799999,1,0
0.154187,0.158562,2026-02-08 05:00:00+00:00,69318.390000,69439.230000,69170.810000,69246.410000,0.352980,1770530399999,1,0
0.149349,0.154853,2026-02-08 06:00:00+00:00,69254.120000,69441.450000,69107.820000,69287.000000,0.190180,1770533999999,1,0
0.163376,0.159436,2026-02-08 07:00:00+00:00,69385.590000,69700.000000,69266.130000,69700.000000,0.063950,1770537599999,1,0
0.178683,0.167516,2026-02-08 08:00:00+00:00,69650.410000,70716.680000,69577.100000,70625.920000,0.696390,1770541199999,0,0
0.175045,0.156395,2026-02-08 09:00:00+00:00,70670.310000,70670.310000,70153.660000,70197.300000,0.052650,1770544799999,0,0
0.172049,0.145961,2026-02-08 10:00:00+00:00,70249.030000,70431.660000,69902.640000,70397.280000,0.494870,1770548399999,0,0
0.179138,0.150701,2026-02-08 11:00:00+00:00,70253.800000,71171.450000,70253.800000,70978.100000,1.379660,1770551999999,0,0
0.178250,0.151179,2026-02-08 12:00:00+00:00,70955.720000,71250.000000,70746.330000,71245.550000,0.162640,1770555599999,0,0
0.175168,0.144673,2026-02-08 13:00:00+00:00,71271.630000,71509.000000,70983.000000,71509.000000,2.148340,1770559199999,0,0
0.170909,0.139020,2026-02-08 14:00:00+00:00,71537.250000,71570.170000,71129.780000,71250.480000,0.322070,1770562799999,0,0
0.165176,0.143564,2026-02-08 15:00:00+00:00,71293.250000,71541.690000,70815.730000,71141.200000,0.198710,1770566399999,0,0
0.166982,0.166264,2026-02-08 16:00:00+00:00,71134.970000,71227.570000,70277.250000,70440.010000,0.155950,1770569999999,0,0
0.169418,0.170006,2026-02-08 17:00:00+00:00,70587.400000,70816.350000,70547.210000,70791.830000,0.449240,1770573599999,0,0
0.170322,0.169739,2026-02-08 18:00:00+00:00,70817.000000,71414.470000,70811.330000,71172.440000,0.269010,1770577199999,0,0
0.160973,0.154786,2026-02-08 19:00:00+00:00,71144.720000,71525.390000,71144.720000,71427.090000,0.917400,1770580799999,0,0
0.151213,0.148048,2026-02-08 20:00:00+00:00,71310.080000,71310.080000,70754.720000,70857.740000,1.074460,1770584399999,0,0
0.146929,0.150970,2026-02-08 21:00:00+00:00,70858.100000,71103.480000,70600.000000,70648.390000,0.464950,1770587999999,0,0
0.149348,0.149077,2026-02-08 22:00:00+00:00,70700.270000,71083.330000,70700.270000,71083.330000,1.161250,1770591599999,0,0
0.156062,0.165442,2026-02-08 23:00:00+00:00,71103.460000,72250.870000,70000.010000,70315.680000,2.217990,1770595199999,0,0
0.156968,0.165541,2026-02-09 00:00:00+00:00,70394.020000,70773.310000,70153.660000,70543.820000,0.518750,1770598799999,0,0
0.155043,0.150527,2026-02-09 01:00:00+00:00,70467.190000,70921.890000,70063.400000,70439.690000,0.404530,1770602399999,0,0
0.156627,0.149720,2026-02-09 02:00:00+00:00,70365.080000,70926.590000,70254.610000,70687.050000,0.338620,1770605999999,0,0
0.169794,0.159639,2026-02-09 03:00:00+00:00,70665.250000,71468.470000,70662.590000,71232.020000,0.355280,1770609599999,0,1
0.164043,0.146917,2026-02-09 04:00:00+00:00,71298.610000,71298.610000,70965.480000,71008.310000,0.263160,1770613199999,0,1
0.160815,0.142513,2026-02-09 05:00:00+00:00,70999.140000,71089.510000,70840.880000,71089.510000,0.592730,1770616799999,0,1
0.164202,0.150653,2026-02-09 06:00:00+00:00,70940.000000,70940.000000,70350.870000,70641.390000,0.311800,1770620399999,0,1
0.165960,0.159844,2026-02-09 07:00:00+00:00,70630.870000,70876.430000,70370.560000,70481.380000,0.240560,1770623999999,0,1
0.175432,0.176776,2026-02-09 08:00:00+00:00,70434.290000,70581.710000,69441.450000,69919.950000,0.177130,1770627599999,0,0
0.182336,0.192729,2026-02-09 09:00:00+00:00,69953.330000,70131.640000,69495.430000,69495.430000,0.651150,1770631199999,0,0
0.188275,0.217851,2026-02-09 10:00:00+00:00,69612.410000,69721.310000,68452.450000,68764.520000,0.954700,1770634799999,0,0
0.188304,0.215463,2026-02-09 11:00:00+00:00,68832.960000,69000.000000,68625.000000,68879.810000,0.162450,1770638399999,0,0
0.187669,0.199972,2026-02-09 12:00:00+00:00,68904.520000,69256.400000,68904.520000,69063.170000,2.069480,1770641999999,0,0
0.187006,0.187805,2026-02-09 13:00:00+00:00,69109.390000,69282.290000,68615.600000,68615.600000,0.092980,1770645599999,1,0
0.188617,0.181165,2026-02-09 14:00:00+00:00,68644.000000,69662.560000,68327.960000,69275.400000,0.768870,1770649199999,0,0
0.190221,0.180405,2026-02-09 15:00:00+00:00,69359.160000,69940.250000,68893.930000,69569.440000,0.493470,1770652799999,0,0
0.190249,0.171910,2026-02-09 16:00:00+00:00,69569.440000,70416.890000,69171.450000,70054.980000,0.445460,1770656399999,0,0
0.190546,0.169104,2026-02-09 17:00:00+00:00,70235.390000,70958.960000,69858.130000,70620.410000,0.534890,1770659999999,0,0
0.188702,0.151327,2026-02-09 18:00:00+00:00,70637.910000,71006.390000,70125.000000,70355.290000,1.632890,1770663599999,0,0
0.187198,0.146625,2026-02-09 19:00:00+00:00,70384.960000,71050.840000,70322.800000,70894.770000,0.255320,1770667199999,0,1
0.186575,0.145846,2026-02-09 20:00:00+00:00,70843.910000,71081.770000,70526.870000,70815.530000,1.480330,1770670799999,0,1
0.182387,0.147243,2026-02-09 21:00:00+00:00,70725.950000,70725.950000,69858.100000,70356.440000,0.487110,1770674399999,0,1
0.180221,0.147002,2026-02-09 22:00:00+00:00,70358.930000,70698.910000,70289.030000,70399.520000,0.545850,1770677999999,0,1
0.180394,0.145971,2026-02-09 23:00:00+00:00,70409.940000,70587.380000,70113.670000,70120.200000,0.043350,1770681599999,0,1
0.180228,0.159436,2026-02-10 00:00:00+00:00,70176.910000,70189.840000,69763.900000,69823.560000,0.455780,1770685199999,0,0
0.175715,0.151028,2026-02-10 01:00:00+00:00,69875.000000,70500.240000,69875.000000,70370.160000,0.138400,1770688799999,0,1
0.166198,0.141378,2026-02-10 02:00:00+00:00,70459.990000,70464.380000,70054.040000,70121.540000,0.250940,1770692399999,0,1
0.158470,0.143861,2026-02-10 03:00:00+00:00,70130.280000,70130.280000,69247.610000,69515.310000,1.339510,1770695999999,0,0
0.155151,0.134099,2026-02-10 04:00:00+00:00,69549.390000,69859.070000,69549.390000,69859.070000,0.306170,1770699599999,0,1
0.155506,0.131486,2026-02-10 05:00:00+00:00,69822.520000,69851.780000,69219.440000,69425.580000,0.149560,1770703199999,0,0
0.162367,0.140709,2026-02-10 06:00:00+00:00,69423.450000,69546.470000,68685.130000,68897.860000,0.612180,1770706799999,0,0
0.160630,0.133738,2026-02-10 07:00:00+00:00,68888.840000,69236.910000,68888.840000,68932.990000,0.048200,1770710399999,0,0
0.159300,0.125918,2026-02-10 08:00:00+00:00,68969.930000,69172.490000,68748.360000,69167.200000,0.041240,1770713999999,0,0
0.158475,0.124336,2026-02-10 09:00:00+00:00,69216.800000,69375.000000,69000.000000,69000.000000,0.068410,1770717599999,0,0
0.152651,0.118039,2026-02-10 10:00:00+00:00,69191.920000,69270.310000,68981.880000,68981.880000,0.436250,1770721199999,0,0
0.160124,0.123688,2026-02-10 11:00:00+00:00,68853.630000,69135.300000,68489.870000,68558.800000,0.496730,1770724799999,0,0
0.164598,0.126030,2026-02-10 12:00:00+00:00,68663.230000,68835.840000,68472.900000,68624.890000,0.265730,1770728399999,0,0
0.172276,0.131656,2026-02-10 13:00:00+00:00,68496.000000,69163.690000,68427.970000,68994.420000,0.305380,1770731999999,0,0
0.170097,0.132990,2026-02-10 14:00:00+00:00,69052.410000,69627.200000,67932.620000,68506.060000,0.511930,1770735599999,0,0
0.179900,0.138774,2026-02-10 15:00:00+00:00,68398.620000,69472.580000,68365.900000,69312.600000,0.250440,1770739199999,0,0
0.184866,0.143822,2026-02-10 16:00:00+00:00,69312.600000,69770.520000,68970.380000,69543.630000,0.254790,1770742799999,0,0
0.183133,0.132755,2026-02-10 17:00:00+00:00,69497.670000,69991.500000,69324.010000,69882.380000,1.007900,1770746399999,0,1
0.178618,0.136781,2026-02-10 18:00:00+00:00,69925.080000,69944.800000,68677.360000,68942.110000,0.322880,1770749999999,0,1
0.175856,0.136731,2026-02-10 19:00:00+00:00,68924.970000,69285.350000,68731.080000,69052.610000,0.426380,1770753599999,0,1
0.169891,0.128543,2026-02-10 20:00:00+00:00,69090.400000,69116.490000,68680.340000,68759.150000,0.256750,1770757199999,0,0
0.169199,0.131178,2026-02-10 21:00:00+00:00,68743.780000,69000.000000,68390.010000,68638.120000,0.293460,1770760799999,0,0
0.165459,0.124902,2026-02-10 22:00:00+00:00,68712.950000,68854.170000,68609.060000,68741.130000,0.371350,1770764399999,0,0
0.155220,0.115865,2026-02-10 23:00:00+00:00,68678.320000,68846.400000,68552.900000,68837.860000,0.233830,1770767999999,0,0
0.162560,0.122102,2026-02-11 00:00:00+00:00,68853.630000,69261.270000,68789.450000,69236.110000,0.276480,1770771599999,0,1
0.154593,0.117801,2026-02-11 01:00:00+00:00,69219.130000,69292.100000,68939.290000,69071.990000,0.243670,1770775199999,0,1
0.142519,0.116636,2026-02-11 02:00:00+00:00,69033.850000,69221.580000,68615.600000,68688.240000,0.189890,1770778799999,0,1
0.151214,0.121944,2026-02-11 03:00:00+00:00,68688.240000,68736.270000,68035.180000,68162.830000,0.681810,1770782399999,0,0
0.166478,0.128198,2026-02-11 04:00:00+00:00,68202.830000,68295.710000,67362.780000,67513.120000,0.611070,1770785999999,0,0
0.168588,0.129713,2026-02-11 05:00:00+00:00,67596.400000,67787.960000,67423.410000,67427.100000,0.725750,1770789599999,0,0
0.175008,0.130908,2026-02-11 06:00:00+00:00,67431.590000,67468.850000,66581.670000,66799.990000,1.534030,1770793199999,0,0
0.175613,0.124832,2026-02-11 07:00:00+00:00,66815.360000,67234.060000,66670.820000,67044.710000,0.417500,1770796799999,0,0
0.172633,0.109982,2026-02-11 08:00:00+00:00,67050.430000,67082.600000,66841.150000,67012.690000,0.068560,1770800399999,0,0
0.167347,0.097384,2026-02-11 09:00:00+00:00,67040.220000,67066.320000,66814.360000,66884.090000,0.110860,1770803999999,0,0
0.174582,0.105201,2026-02-11 10:00:00+00:00,66804.030000,66873.680000,66396.660000,66418.690000,0.351360,1770807599999,1,0
0.180169,0.104275,2026-02-11 11:00:00+00:00,66597.710000,67086.890000,66597.710000,67054.410000,0.342750,1770811199999,0,0
0.184115,0.111554,2026-02-11 12:00:00+00:00,67055.120000,67402.600000,67001.580000,67128.110000,0.666330,1770814799999,0,0
0.182746,0.109300,2026-02-11 13:00:00+00:00,67108.310000,67617.720000,66858.820000,67489.980000,0.444520,1770818399999,0,0
0.181198,0.118457,2026-02-11 14:00:00+00:00,67489.980000,68811.120000,66500.000000,66678.690000,1.835750,1770821999999,0,0
0.178942,0.124050,2026-02-11 15:00:00+00:00,66676.850000,66901.480000,65760.380000,66626.030000,3.504370,1770825599999,0,0
0.175338,0.123428,2026-02-11 16:00:00+00:00,66510.110000,67228.940000,65985.330000,66112.210000,0.936550,1770829199999,1,0
0.176190,0.123843,2026-02-11 17:00:00+00:00,65950.000000,66902.430000,65892.430000,66618.260000,1.288870,1770832799999,0,0
0.187273,0.137224,2026-02-11 18:00:00+00:00,66528.570000,67294.600000,66196.490000,67265.420000,0.601900,1770836399999,0,0
0.186481,0.125465,2026-02-11 19:00:00+00:00,67308.060000,67851.890000,67126.510000,67540.120000,0.582540,1770839999999,0,0
0.183197,0.112726,2026-02-11 20:00:00+00:00,67560.040000,67687.180000,67192.930000,67562.450000,0.457390,1770843599999,0,0
0.183536,0.112972,2026-02-11 21:00:00+00:00,67581.650000,68298.900000,67464.140000,67883.290000,1.926750,1770847199999,0,0
0.175065,0.108394,2026-02-11 22:00:00+00:00,67857.160000,67898.670000,67411.610000,67411.610000,0.254230,1770850799999,0,0
0.165558,0.108755,2026-02-11 23:00:00+00:00,67414.420000,67515.110000,66799.590000,67087.890000,2.215320,1770854399999,0,0
0.162915,0.105100,2026-02-12 00:00:00+00:00,67060.200000,67662.910000,67057.890000,67461.060000,0.968580,1770857999999,0,0
0.165469,0.110041,2026-02-12 01:00:00+00:00,67476.760000,68051.530000,67476.760000,67688.710000,0.886740,1770861599999,0,0
0.149963,0.102973,2026-02-12 02:00:00+00:00,67680.500000,67771.900000,67408.910000,67521.760000,0.684170,1770865199999,0,0
0.137883,0.098878,2026-02-12 03:00:00+00:00,67425.930000,67583.370000,67346.840000,67574.830000,0.231330,1770868799999,0,0
0.130914,0.105673,2026-02-12 04:00:00+00:00,67524.670000,67723.110000,67010.590000,67017.060000,0.469540,1770872399999,0,0
0.121866,0.104808,2026-02-12 05:00:00+00:00,67012.730000,67194.690000,66673.970000,67130.920000,0.347930,1770875999999,0,0
0.120918,0.100363,2026-02-12 06:00:00+00:00,67141.830000,67342.210000,67061.940000,67113.610000,0.076600,1770879599999,0,0
0.117740,0.097353,2026-02-12 07:00:00+00:00,67147.590000,67291.680000,66952.000000,67142.890000,0.031230,1770883199999,0,0
0.117002,0.096453,2026-02-12 08:00:00+00:00,67227.390000,67332.430000,66889.230000,67129.860000,0.153850,1770886799999,0,0
0.130059,0.105317,2026-02-12 09:00:00+00:00,67082.750000,67682.270000,67074.540000,67597.490000,0.093280,1770890399999,0,0
0.149305,0.113996,2026-02-12 10:00:00+00:00,67548.940000,68023.160000,67479.310000,68012.450000,0.138180,1770893999999,0,1
0.148369,0.110486,2026-02-12 11:00:00+00:00,67974.730000,68269.680000,67809.860000,68170.590000,0.201840,1770897599999,0,1
0.138369,0.105256,2026-02-12 12:00:00+00:00,68069.730000,68127.090000,67729.000000,67732.500000,0.129560,1770901199999,0,0
0.144915,0.107385,2026-02-12 13:00:00+00:00,67864.400000,68405.770000,67698.130000,68345.080000,0.517450,1770904799999,0,1
0.141131,0.106899,2026-02-12 14:00:00+00:00,68345.560000,68345.560000,67521.120000,67655.810000,0.688090,1770908399999,0,1
0.144725,0.113508,2026-02-12 15:00:00+00:00,67549.360000,67987.760000,67053.720000,67098.640000,2.075670,1770911999999,0,0
0.175338,0.125996,2026-02-12 16:00:00+00:00,67138.420000,67224.960000,65575.530000,65791.540000,3.987240,1770915599999,0,0
0.185212,0.130766,2026-02-12 17:00:00+00:00,65715.730000,66243.480000,65370.850000,65400.150000,0.513250,1770919199999,1,0
0.178446,0.120775,2026-02-12 18:00:00+00:00,65517.820000,65787.390000,65134.180000,65549.990000,0.783260,1770922799999,1,0
0.180720,0.113854,2026-02-12 19:00:00+00:00,65608.220000,66107.910000,65297.990000,65781.580000,1.757190,1770926399999,0,0
0.177763,0.100343,2026-02-12 20:00:00+00:00,65755.390000,66031.540000,65204.540000,65378.040000,1.930660,1770929999999,1,0
0.175694,0.086358,2026-02-12 21:00:00+00:00,65474.210000,65906.700000,65452.540000,65816.870000,0.503910,1770933599999,1,0
0.187178,0.099595,2026-02-12 22:00:00+00:00,65818.890000,66370.800000,65673.340000,66294.530000,0.507570,1770937199999,0,0
0.185885,0.096713,2026-02-12 23:00:00+00:00,66285.920000,66487.110000,66177.250000,66252.280000,0.920940,1770940799999,1,0
0.183014,0.094094,2026-02-13 00:00:00+00:00,66253.160000,66514.810000,65867.890000,65926.930000,0.865200,1770944399999,1,0
0.184924,0.102740,2026-02-13 01:00:00+00:00,65951.700000,66603.660000,65937.070000,66365.810000,0.515400,1770947999999,1,0
0.186464,0.111197,2026-02-13 02:00:00+00:00,66427.540000,66746.550000,66399.510000,66664.950000,0.669070,1770951599999,0,0
0.181620,0.102292,2026-02-13 03:00:00+00:00,66746.310000,66804.080000,66473.000000,66477.520000,0.255240,1770955199999,0,0
0.180930,0.101432,2026-02-13 04:00:00+00:00,66576.590000,66685.600000,66305.810000,66328.200000,0.160090,1770958799999,1,0
0.179515,0.101541,2026-02-13 05:00:00+00:00,66350.270000,66495.240000,66189.350000,66189.350000,0.292240,1770962399999,1,0
0.174874,0.097816,2026-02-13 06:00:00+00:00,66212.060000,66299.230000,66038.450000,66299.230000,0.222190,1770965999999,1,0
0.173776,0.098195,2026-02-13 07:00:00+00:00,66350.620000,66557.390000,66051.310000,66176.760000,0.402070,1770969599999,1,0
0.177404,0.104480,2026-02-13 08:00:00+00:00,66238.300000,66737.460000,66222.560000,66630.500000,0.197100,1770973199999,1,0
0.183549,0.112029,2026-02-13 09:00:00+00:00,66671.900000,67045.060000,66669.420000,66933.440000,0.193980,1770976799999,1,0
0.180973,0.105843,2026-02-13 10:00:00+00:00,66897.110000,67100.000000,66832.420000,66999.110000,0.086660,1770980399999,1,0
0.178314,0.102910,2026-02-13 11:00:00+00:00,66945.730000,67188.930000,66828.330000,67165.210000,0.162890,1770983999999,1,0
0.172546,0.100581,2026-02-13 12:00:00+00:00,67167.600000,67188.750000,66971.490000,67077.980000,4.192900,1770987599999,1,0
0.164778,0.099054,2026-02-13 13:00:00+00:00,67147.190000,67626.230000,66966.250000,67330.640000,0.577280,1770991199999,0,0
0.168696,0.103397,2026-02-13 14:00:00+00:00,67252.530000,68000.000000,66877.680000,67724.380000,1.979240,1770994799999,1,0
0.176036,0.113670,2026-02-13 15:00:00+00:00,67825.870000,69278.830000,67791.450000,68636.760000,1.567960,1770998399999,0,0
0.176059,0.109849,2026-02-13 16:00:00+00:00,68717.180000,69441.450000,68607.540000,68930.500000,0.814200,1771001999999,0,0
0.171266,0.096057,2026-02-13 17:00:00+00:00,68963.470000,69234.250000,68680.340000,69038.780000,2.383720,1771005599999,0,0
0.167561,0.090622,2026-02-13 18:00:00+00:00,69070.700000,69441.430000,68906.330000,69107.540000,1.379020,1771009199999,0,0
0.159984,0.085458,2026-02-13 19:00:00+00:00,69105.710000,69218.510000,68931.780000,68931.860000,0.358810,1771012799999,0,0
0.150802,0.079898,2026-02-13 20:00:00+00:00,68899.040000,68974.390000,68690.520000,68760.000000,0.705610,1771016399999,0,0
0.149575,0.077085,2026-02-13 21:00:00+00:00,68772.110000,69061.020000,68772.110000,68918.620000,1.470330,1771019999999,0,0
0.147067,0.076184,2026-02-13 22:00:00+00:00,68922.520000,68995.810000,68787.420000,68964.150000,0.291180,1771023599999,0,0
0.139029,0.073833,2026-02-13 23:00:00+00:00,69026.830000,69026.830000,68848.180000,68866.620000,0.126210,1771027199999,0,0
0.133468,0.074234,2026-02-14 00:00:00+00:00,68872.160000,69132.450000,68801.730000,69046.570000,0.270130,1771030799999,0,0
0.124678,0.074100,2026-02-14 01:00:00+00:00,69108.390000,69121.330000,68958.880000,68978.200000,0.236420,1771034399999,0,0
0.109401,0.072766,2026-02-14 02:00:00+00:00,68947.960000,69039.980000,68892.130000,68906.520000,0.114870,1771037999999,0,0
0.108320,0.072870,2026-02-14 03:00:00+00:00,68893.460000,69027.230000,68880.650000,68993.960000,0.069690,1771041599999,0,0
0.110211,0.075353,2026-02-14 04:00:00+00:00,68958.760000,68968.970000,68788.060000,68791.340000,0.049970,1771045199999,0,0
0.111639,0.077783,2026-02-14 05:00:00+00:00,68796.260000,68912.100000,68789.510000,68790.490000,0.127540,1771048799999,0,0
0.114415,0.079680,2026-02-14 06:00:00+00:00,68762.630000,68944.420000,68755.060000,68916.240000,0.050690,1771052399999,0,0
0.130129,0.089152,2026-02-14 07:00:00+00:00,68945.910000,69327.410000,68890.620000,69227.920000,0.299210,1771055999999,0,0
0.153781,0.100854,2026-02-14 08:00:00+00:00,69197.530000,69858.100000,69197.530000,69764.380000,0.229640,1771059599999,0,0
0.155079,0.099388,2026-02-14 09:00:00+00:00,69785.740000,69890.380000,69598.760000,69738.410000,0.073350,1771063199999,0,0
0.149707,0.092986,2026-02-14 10:00:00+00:00,69616.200000,69665.360000,69594.190000,69664.040000,0.021670,1771066799999,0,0
0.166133,0.105324,2026-02-14 11:00:00+00:00,69726.120000,70543.950000,69709.030000,70479.930000,1.480690,1771070399999,0,0
0.162525,0.104414,2026-02-14 12:00:00+00:00,70473.800000,70532.940000,69641.500000,69641.500000,0.195990,1771073999999,0,0
0.158476,0.104700,2026-02-14 13:00:00+00:00,69625.380000,69775.200000,69266.160000,69435.590000,0.427420,1771077599999,0,0
0.165700,0.102530,2026-02-14 14:00:00+00:00,69457.350000,69836.970000,69353.600000,69836.970000,0.440050,1771081199999,0,0
0.166262,0.103329,2026-02-14 15:00:00+00:00,69811.170000,70000.000000,69680.860000,69789.590000,0.109260,1771084799999,0,0
0.154186,0.097336,2026-02-14 16:00:00+00:00,69783.870000,69803.700000,69317.340000,69768.590000,6.310080,1771088399999,0,0
0.139011,0.092689,2026-02-14 17:00:00+00:00,69740.100000,69899.400000,69620.740000,69710.500000,0.059110,1771091999999,0,0
0.131791,0.092010,2026-02-14 18:00:00+00:00,69689.930000,69862.520000,69689.540000,69748.700000,0.129760,1771095599999,0,0
0.125321,0.090758,2026-02-14 19:00:00+00:00,69801.650000,69901.540000,69678.880000,69840.480000,0.184360,1771099199999,0,0
0.131214,0.093512,2026-02-14 20:00:00+00:00,69855.360000,70060.270000,69814.570000,69989.620000,0.558540,1771102799999,0,0
0.128597,0.092304,2026-02-14 21:00:00+00:00,70038.330000,70251.800000,69679.210000,69923.590000,0.693620,1771106399999,0,0
0.127317,0.091614,2026-02-14 22:00:00+00:00,69919.540000,70065.940000,69871.150000,70004.900000,1.069050,1771109999999,0,0
0.123879,0.093417,2026-02-14 23:00:00+00:00,69931.660000,70016.730000,69766.260000,69840.400000,0.145030,1771113599999,0,0
0.122196,0.093731,2026-02-15 00:00:00+00:00,69850.290000,69891.310000,69641.500000,69763.600000,0.140690,1771117199999,0,0
0.119597,0.093049,2026-02-15 01:00:00+00:00,69781.060000,69892.910000,69367.400000,69702.790000,0.569050,1771120799999,0,0
0.123100,0.094621,2026-02-15 02:00:00+00:00,69721.730000,69767.230000,69373.900000,69561.880000,0.173010,1771124399999,0,0
0.131056,0.098284,2026-02-15 03:00:00+00:00,69524.650000,69963.670000,69284.350000,69918.420000,0.464660,1771127999999,0,0
0.143732,0.103132,2026-02-15 04:00:00+00:00,69999.560000,70501.900000,69856.080000,70133.620000,0.688730,1771131599999,0,0
0.146583,0.102913,2026-02-15 05:00:00+00:00,70173.850000,70418.370000,70141.470000,70302.280000,0.241700,1771135199999,0,0
0.146234,0.101632,2026-02-15 06:00:00+00:00,70257.730000,70520.000000,70193.370000,70318.390000,0.947260,1771138799999,0,0
0.159787,0.106508,2026-02-15 07:00:00+00:00,70397.460000,70897.970000,70326.390000,70768.900000,0.192130,1771142399999,0,1
0.151489,0.102606,2026-02-15 08:00:00+00:00,70809.850000,70968.620000,70215.730000,70421.450000,0.406650,1771145999999,0,1
0.142630,0.099142,2026-02-15 09:00:00+00:00,70459.650000,70624.120000,70396.060000,70426.490000,0.177010,1771149599999,0,1
0.141694,0.096352,2026-02-15 10:00:00+00:00,70417.190000,70521.430000,70223.820000,70521.430000,1.933750,1771153199999,0,1
0.136271,0.096787,2026-02-15 11:00:00+00:00,70486.790000,70520.390000,70266.240000,70282.400000,0.188900,1771156799999,0,1
0.154520,0.108621,2026-02-15 12:00:00+00:00,70313.920000,70374.540000,69333.790000,69333.790000,0.709230,1771160399999,0,0
0.165414,0.111637,2026-02-15 13:00:00+00:00,69445.820000,69624.780000,68800.000000,68977.320000,1.169850,1771163999999,0,0
0.159362,0.104320,2026-02-15 14:00:00+00:00,69040.940000,69172.030000,68893.920000,69132.190000,0.141620,1771167599999,0,0
0.158752,0.100239,2026-02-15 15:00:00+00:00,69186.980000,69247.060000,68951.390000,69108.090000,0.471140,1771171199999,0,0
0.154639,0.093071,2026-02-15 16:00:00+00:00,69090.550000,69090.550000,68800.000000,69036.560000,0.382090,1771174799999,0,0
0.154727,0.089421,2026-02-15 17:00:00+00:00,69050.990000,69088.970000,68226.480000,68633.790000,2.303660,1771178399999,0,0
0.161240,0.090287,2026-02-15 18:00:00+00:00,68589.870000,68781.390000,68415.160000,68418.270000,0.303670,1771181999999,0,0
0.161522,0.088552,2026-02-15 19:00:00+00:00,68404.360000,68522.430000,68074.560000,68314.510000,0.608440,1771185599999,0,0
0.162127,0.086482,2026-02-15 20:00:00+00:00,68278.280000,68551.900000,68176.720000,68468.440000,0.564070,1771189199999,0,0
0.175189,0.096658,2026-02-15 21:00:00+00:00,68469.820000,68929.450000,68469.820000,68909.820000,0.263080,1771192799999,0,0
0.173977,0.097716,2026-02-15 22:00:00+00:00,68906.380000,69070.850000,68813.060000,68971.060000,0.199790,1771196399999,0,0
0.161774,0.093123,2026-02-15 23:00:00+00:00,68973.450000,68973.450000,68351.990000,68817.980000,0.752560,1771199999999,0,0
0.160986,0.093425,2026-02-16 00:00:00+00:00,68779.350000,69031.570000,68739.020000,68850.840000,0.236150,1771203599999,0,0
0.157601,0.092878,2026-02-16 01:00:00+00:00,68835.560000,69010.720000,68536.870000,68597.630000,0.168240,1771207199999,0,0
0.160933,0.098559,2026-02-16 02:00:00+00:00,68590.000000,68741.760000,68257.180000,68257.180000,0.135030,1771210799999,0,0
0.159448,0.095733,2026-02-16 03:00:00+00:00,68377.490000,68443.860000,68182.180000,68407.740000,0.080260,1771214399999,0,0
0.172640,0.104094,2026-02-16 04:00:00+00:00,68454.880000,68881.900000,68454.880000,68881.900000,0.192700,1771217999999,0,0
0.160107,0.096746,2026-02-16 05:00:00+00:00,68858.440000,68858.440000,68331.100000,68385.330000,0.014150,1771221599999,0,0
0.156104,0.094160,2026-02-16 06:00:00+00:00,68390.070000,68501.120000,68239.910000,68418.870000,0.013360,1771225199999,0,0
0.145675,0.090923,2026-02-16 07:00:00+00:00,68447.440000,68678.540000,68398.870000,68582.970000,0.033360,1771228799999,0,0
0.147361,0.091578,2026-02-16 08:00:00+00:00,68638.370000,68799.320000,68583.780000,68793.460000,0.014810,1771232399999,0,0
0.153960,0.091526,2026-02-16 09:00:00+00:00,68783.640000,69049.590000,68777.730000,69036.360000,0.009680,1771235999999,0,0
0.147031,0.088403,2026-02-16 10:00:00+00:00,68963.720000,68973.140000,68708.640000,68834.770000,0.074710,1771239599999,0,0
0.140169,0.087162,2026-02-16 11:00:00+00:00,68789.650000,68894.180000,68378.960000,68837.210000,0.193460,1771243199999,0,0
0.187878,0.094882,2026-02-16 12:00:00+00:00,68848.570000,69829.190000,68817.670000,69724.190000,0.393900,1771246799999,0,1
0.187767,0.098478,2026-02-16 13:00:00+00:00,69687.830000,70061.790000,68234.030000,68252.650000,0.459700,1771250399999,0,0
0.175932,0.099533,2026-02-16 14:00:00+00:00,68465.300000,68702.060000,68227.640000,68393.570000,0.142500,1771253999999,0,0
0.153005,0.096577,2026-02-16 15:00:00+00:00,68522.830000,68594.690000,67338.320000,67572.500000,0.633040,1771257599999,0,0
0.150121,0.097727,2026-02-16 16:00:00+00:00,67565.850000,67945.580000,67539.830000,67860.270000,0.265020,1771261199999,0,0
0.143281,0.095289,2026-02-16 17:00:00+00:00,67891.230000,68049.100000,67645.960000,67980.100000,0.562680,1771264799999,0,0
0.139742,0.087782,2026-02-16 18:00:00+00:00,67931.000000,68234.430000,67904.880000,67974.460000,0.284880,1771268399999,0,0
0.140222,0.087323,2026-02-16 19:00:00+00:00,67938.000000,68100.000000,67852.950000,67903.020000,0.164610,1771271999999,0,0
0.174346,0.091947,2026-02-16 20:00:00+00:00,67940.780000,68548.070000,67856.420000,68548.070000,0.281200,1771275599999,0,0
0.193124,0.096723,2026-02-16 21:00:00+00:00,68550.490000,68927.060000,68456.390000,68920.250000,0.267470,1771279199999,0,1
0.172778,0.089239,2026-02-16 22:00:00+00:00,68888.680000,68888.680000,68557.470000,68618.350000,0.247940,1771282799999,0,0
0.170706,0.088592,2026-02-16 23:00:00+00:00,68599.230000,68978.750000,68564.160000,68833.270000,0.503790,1771286399999,0,1
0.166186,0.088560,2026-02-17 00:00:00+00:00,68861.260000,69037.700000,68691.790000,68898.910000,0.139270,1771289999999,0,1
0.155521,0.087240,2026-02-17 01:00:00+00:00,68919.180000,68976.300000,68600.000000,68600.000000,0.238220,1771293599999,0,0
0.159703,0.087325,2026-02-17 02:00:00+00:00,68600.460000,69207.840000,68398.150000,68861.180000,0.154540,1771297199999,0,1
0.152537,0.087728,2026-02-17 03:00:00+00:00,68852.980000,68852.980000,68455.720000,68455.720000,0.031330,1771300799999,0,0
0.142325,0.087798,2026-02-17 04:00:00+00:00,68472.560000,68649.380000,68295.830000,68449.390000,0.277050,1771304399999,0,0
0.129700,0.086942,2026-02-17 05:00:00+00:00,68494.650000,68521.840000,67932.610000,68277.980000,0.236830,1771307999999,0,0
0.125545,0.086650,2026-02-17 06:00:00+00:00,68272.400000,68469.000000,68272.400000,68431.110000,0.050190,1771311599999,0,0
0.118248,0.086441,2026-02-17 07:00:00+00:00,68393.220000,68506.310000,68178.110000,68405.780000,0.061190,1771315199999,0,0
0.118863,0.086102,2026-02-17 08:00:00+00:00,68487.690000,68487.690000,68188.060000,68188.060000,0.032700,1771318799999,0,0
0.119215,0.086326,2026-02-17 09:00:00+00:00,68304.050000,68304.050000,67993.130000,68104.580000,0.050370,1771322399999,0,0
0.121853,0.086960,2026-02-17 10:00:00+00:00,68140.530000,68148.370000,67735.350000,67836.550000,0.115340,1771325999999,0,0
0.121057,0.086975,2026-02-17 11:00:00+00:00,67859.960000,67916.430000,67722.590000,67846.690000,0.059400,1771329599999,0,0
0.119088,0.086305,2026-02-17 12:00:00+00:00,67856.190000,68305.700000,67856.190000,68034.910000,0.169140,1771333199999,0,0
0.122574,0.086349,2026-02-17 13:00:00+00:00,67938.950000,68334.700000,67799.560000,68122.840000,0.139890,1771336799999,0,0
0.148589,0.095713,2026-02-17 14:00:00+00:00,68156.770000,68342.450000,66749.070000,66921.060000,0.903620,1771340399999,0,0
0.151190,0.096344,2026-02-17 15:00:00+00:00,66898.030000,67395.190000,66600.000000,67306.190000,0.738660,1771343999999,0,0
0.144893,0.093380,2026-02-17 16:00:00+00:00,67416.720000,68131.190000,67416.720000,67498.980000,0.516930,1771347599999,0,0
0.139375,0.090608,2026-02-17 17:00:00+00:00,67716.490000,67716.490000,66904.750000,67130.840000,0.604840,1771351199999,0,0
0.173936,0.098246,2026-02-17 18:00:00+00:00,67256.810000,68249.990000,67150.310000,68091.500000,0.588670,1771354799999,0,0
0.188049,0.096871,2026-02-17 19:00:00+00:00,68101.920000,68221.500000,67783.690000,67827.890000,0.704530,1771358399999,0,0
0.161777,0.089250,2026-02-17 20:00:00+00:00,67788.620000,67887.610000,67528.280000,67755.310000,0.999930,1771361999999,0,0
0.152978,0.088345,2026-02-17 21:00:00+00:00,67750.230000,67895.820000,67541.250000,67656.930000,0.366950,1771365599999,0,0
0.151534,0.088661,2026-02-17 22:00:00+00:00,67668.860000,67722.540000,67515.170000,67515.170000,0.483330,1771369199999,0,0
0.139532,0.087785,2026-02-17 23:00:00+00:00,67522.500000,67582.450000,67395.220000,67498.200000,0.312760,1771372799999,0,0
0.140056,0.087687,2026-02-18 00:00:00+00:00,67506.500000,67665.260000,67304.340000,67313.570000,0.456610,1771376399999,0,0
0.141723,0.088484,2026-02-18 01:00:00+00:00,67348.090000,67359.360000,66859.120000,67144.890000,0.747780,1771379999999,0,0
0.133113,0.087499,2026-02-18 02:00:00+00:00,67193.080000,67395.190000,67193.080000,67341.990000,0.280700,1771383599999,0,0
0.147960,0.089759,2026-02-18 03:00:00+00:00,67345.670000,67709.110000,67345.670000,67693.030000,0.115670,1771387199999,0,0
0.153054,0.089205,2026-02-18 04:00:00+00:00,67649.950000,67839.030000,67479.440000,67828.280000,0.658700,1771390799999,0,0
0.137171,0.087104,2026-02-18 05:00:00+00:00,67831.460000,67929.970000,67616.470000,67695.790000,0.166340,1771394399999,0,0
0.139434,0.087146,2026-02-18 06:00:00+00:00,67640.560000,67977.210000,67630.530000,67874.510000,0.188050,1771397999999,0,0
0.153366,0.088157,2026-02-18 07:00:00+00:00,67851.450000,68206.360000,67708.250000,68152.250000,0.218870,1771401599999,0,1
0.145468,0.086828,2026-02-18 08:00:00+00:00,68128.970000,68446.920000,68071.590000,68071.590000,0.189090,1771405199999,0,1
0.141810,0.086212,2026-02-18 09:00:00+00:00,68093.010000,68257.390000,68027.830000,68172.910000,0.071300,1771408799999,0,1
0.145071,0.086828,2026-02-18 10:00:00+00:00,68109.740000,68180.780000,67767.070000,67800.490000,0.171910,1771412399999,0,0
0.143906,0.087969,2026-02-18 11:00:00+00:00,67774.440000,67959.280000,67154.360000,67519.830000,0.335610,1771415999999,0,0
0.129063,0.087150,2026-02-18 12:00:00+00:00,67378.640000,67659.660000,67378.640000,67488.730000,1.846690,1771419599999,0,0
0.122132,0.087094,2026-02-18 13:00:00+00:00,67541.930000,67580.740000,67141.220000,67236.730000,0.367790,1771423199999,0,0
0.122275,0.087009,2026-02-18 14:00:00+00:00,67303.840000,67375.190000,66716.260000,67235.890000,0.843840,1771426799999,0,0
0.135373,0.088084,2026-02-18 15:00:00+00:00,67236.320000,68302.160000,67236.320000,67684.620000,0.750400,1771430399999,0,1
0.137250,0.087798,2026-02-18 16:00:00+00:00,67661.730000,67690.090000,67004.540000,67140.040000,0.926760,1771433999999,0,0
0.138523,0.087693,2026-02-18 17:00:00+00:00,67136.400000,67494.490000,67073.280000,67175.130000,2.910480,1771437599999,0,0
0.145656,0.090587,2026-02-18 18:00:00+00:00,67177.240000,67225.140000,66223.130000,66459.490000,10.250600,1771441199999,0,0
0.148996,0.095266,2026-02-18 19:00:00+00:00,66504.690000,66504.690000,65863.270000,66187.450000,10.344740,1771444799999,0,0
0.137758,0.090980,2026-02-18 20:00:00+00:00,66187.450000,66537.000000,66126.150000,66272.530000,4.017130,1771448399999,0,0
0.139647,0.089933,2026-02-18 21:00:00+00:00,66287.230000,66492.420000,66049.420000,66353.170000,3.043360,1771451999999,0,0
0.143630,0.089651,2026-02-18 22:00:00+00:00,66313.050000,66456.780000,66234.560000,66433.030000,0.794030,1771455599999,0,0
0.146547,0.087894,2026-02-18 23:00:00+00:00,66456.220000,66506.500000,66287.270000,66445.590000,1.366340,1771459199999,0,0
0.148294,0.087811,2026-02-19 00:00:00+00:00,66461.310000,66579.500000,66359.330000,66452.490000,0.435180,1771462799999,0,0
0.171955,0.092328,2026-02-19 01:00:00+00:00,66469.410000,66888.210000,66469.410000,66888.210000,0.650410,1771466399999,0,0
0.176535,0.092366,2026-02-19 02:00:00+00:00,66822.150000,66949.880000,66638.900000,66849.340000,1.035250,1771469999999,0,0
0.168482,0.089868,2026-02-19 03:00:00+00:00,66826.600000,66999.790000,66744.860000,66999.790000,0.364920,1771473599999,0,0
0.168007,0.089801,2026-02-19 04:00:00+00:00,66967.640000,67055.180000,66775.380000,66810.390000,0.814920,1771477199999,0,0
0.165737,0.089461,2026-02-19 05:00:00+00:00,66799.920000,66888.270000,66673.200000,66888.270000,0.205390,1771480799999,0,0
0.177577,0.090994,2026-02-19 06:00:00+00:00,66909.800000,67259.490000,66886.530000,67203.950000,0.752480,1771484399999,0,0
0.173747,0.089980,2026-02-19 07:00:00+00:00,67166.020000,67300.000000,67048.000000,67186.310000,0.574980,1771487999999,0,0
0.159586,0.088465,2026-02-19 08:00:00+00:00,67170.070000,67170.070000,66859.490000,66976.700000,0.514060,1771491599999,0,0
0.153056,0.088429,2026-02-19 09:00:00+00:00,67002.900000,67150.560000,66760.030000,66843.780000,0.457300,1771495199999,0,0
0.138403,0.087534,2026-02-19 10:00:00+00:00,66826.480000,66958.170000,66750.220000,66830.200000,0.461390,1771498799999,0,0
0.135025,0.088890,2026-02-19 11:00:00+00:00,66843.190000,66935.310000,66504.010000,66504.010000,0.754520,1771502399999,0,0
0.130187,0.088737,2026-02-19 12:00:00+00:00,66509.080000,66642.030000,66328.630000,66494.780000,0.653170,1771505999999,0,0
0.140218,0.091571,2026-02-19 13:00:00+00:00,66531.160000,66564.650000,65798.780000,65933.170000,4.455540,1771509599999,1,0
0.141789,0.091336,2026-02-19 14:00:00+00:00,65959.360000,66664.340000,65649.990000,66348.310000,4.296800,1771513199999,0,0
0.144522,0.091077,2026-02-19 15:00:00+00:00,66431.840000,66710.770000,65970.990000,66424.500000,5.385560,1771516799999,0,0
0.133180,0.087100,2026-02-19 16:00:00+00:00,66296.700000,66505.520000,65903.020000,66383.510000,0.435520,1771520399999,0,0
0.134747,0.086973,2026-02-19 17:00:00+00:00,66344.060000,67044.110000,66191.200000,66323.300000,0.894640,1771523999999,0,0
0.170696,0.091900,2026-02-19 18:00:00+00:00,66357.140000,67073.600000,66266.770000,66974.890000,0.546060,1771527599999,0,0
0.178387,0.092702,2026-02-19 19:00:00+00:00,66948.720000,67162.880000,66731.070000,67033.060000,0.378550,1771531199999,0,0
0.164733,0.088412,2026-02-19 20:00:00+00:00,67039.050000,67189.810000,66893.550000,67141.000000,0.634390,1771534799999,0,0
0.166076,0.088231,2026-02-19 21:00:00+00:00,67107.530000,67161.340000,66970.960000,66970.960000,0.201560,1771538399999,0,0
0.166881,0.088038,2026-02-19 22:00:00+00:00,66900.000000,66996.090000,66666.310000,66985.200000,2.472810,1771541999999,0,0
0.157304,0.086693,2026-02-19 23:00:00+00:00,66938.820000,67027.570000,66787.710000,66970.730000,0.353710,1771545599999,0,0
0.171985,0.087844,2026-02-20 00:00:00+00:00,66948.190000,67483.180000,66944.550000,67211.060000,0.999490,1771549199999,0,0
0.170255,0.088293,2026-02-20 01:00:00+00:00,67274.880000,67357.250000,67183.750000,67294.710000,0.321100,1771552799999,0,0
0.160412,0.087273,2026-02-20 02:00:00+00:00,67278.370000,67352.570000,67212.200000,67299.380000,0.329270,1771556399999,0,0
0.155992,0.087096,2026-02-20 03:00:00+00:00,67261.170000,67498.340000,67261.170000,67350.660000,0.619200,1771559999999,0,0
0.148346,0.086898,2026-02-20 04:00:00+00:00,67398.000000,67403.210000,67154.500000,67271.070000,0.244340,1771563599999,0,0
0.158216,0.089109,2026-02-20 05:00:00+00:00,67282.960000,68016.200000,67215.930000,67723.630000,0.988590,1771567199999,0,0
0.169263,0.090519,2026-02-20 06:00:00+00:00,67806.110000,67913.620000,67701.220000,67854.520000,0.352210,1771570799999,0,0
0.151996,0.087575,2026-02-20 07:00:00+00:00,67855.090000,67977.100000,67784.620000,67798.600000,0.405480,1771574399999,0,0
0.152445,0.087529,2026-02-20 08:00:00+00:00,67874.280000,67954.070000,67791.480000,67912.440000,0.149500,1771577999999,0,0
0.163119,0.088934,2026-02-20 09:00:00+00:00,67922.550000,68220.400000,67922.550000,68159.720000,0.541520,1771581599999,0,0
0.150705,0.087492,2026-02-20 10:00:00+00:00,68238.340000,68300.000000,67859.550000,67960.180000,0.955400,1771585199999,0,0
0.157036,0.090993,2026-02-20 11:00:00+00:00,67958.360000,67997.590000,67299.410000,67299.410000,1.278150,1771588799999,0,0
0.148062,0.090348,2026-02-20 12:00:00+00:00,67352.840000,67581.590000,67304.030000,67520.810000,1.202150,1771592399999,0,0
0.150813,0.093649,2026-02-20 13:00:00+00:00,67533.720000,67533.720000,66483.690000,66748.820000,5.344120,1771595999999,0,0
0.150233,0.094006,2026-02-20 14:00:00+00:00,66822.860000,67325.110000,66661.490000,67069.390000,2.127350,1771599599999,0,0
0.165724,0.096263,2026-02-20 15:00:00+00:00,67246.770000,68055.200000,66552.750000,67577.910000,4.060030,1771603199999,0,0
0.178742,0.094540,2026-02-20 16:00:00+00:00,67577.950000,67914.700000,67277.850000,67900.580000,2.464850,1771606799999,0,0
0.165821,0.089199,2026-02-20 17:00:00+00:00,67774.710000,67783.340000,66962.150000,67611.690000,2.749940,1771610399999,0,0
0.173563,0.089511,2026-02-20 18:00:00+00:00,67628.540000,68000.000000,67477.660000,67959.620000,1.385430,1771613999999,0,0
0.168130,0.088758,2026-02-20 19:00:00+00:00,67979.600000,68000.600000,67566.140000,67633.920000,0.878650,1771617599999,0,0
0.159028,0.087592,2026-02-20 20:00:00+00:00,67696.780000,67848.890000,67576.070000,67708.500000,1.064600,1771621199999,0,0
0.157961,0.087338,2026-02-20 21:00:00+00:00,67701.610000,67876.540000,67630.280000,67817.780000,1.449380,1771624799999,0,0
0.172891,0.088385,2026-02-20 22:00:00+00:00,67814.720000,68099.700000,67666.840000,68058.080000,1.618140,1771628399999,0,0
0.170209,0.087779,2026-02-20 23:00:00+00:00,68062.010000,68217.460000,67920.000000,68022.850000,0.877010,1771631999999,0,0
0.167524,0.087303,2026-02-21 00:00:00+00:00,68026.060000,68046.030000,67756.390000,67853.260000,0.556830,1771635599999,0,0
0.154623,0.086993,2026-02-21 01:00:00+00:00,67859.730000,67986.710000,67834.550000,67970.600000,0.548450,1771639199999,0,0
0.142435,0.086724,2026-02-21 02:00:00+00:00,67973.270000,68082.000000,67917.970000,67991.580000,0.450290,1771642799999,0,0
0.141552,0.087511,2026-02-21 03:00:00+00:00,67915.870000,67915.870000,67519.630000,67659.760000,1.897880,1771646399999,0,0
0.142867,0.087414,2026-02-21 04:00:00+00:00,67640.360000,67825.140000,67609.370000,67825.140000,0.894630,1771649999999,0,0
0.138993,0.087029,2026-02-21 05:00:00+00:00,67848.820000,67891.990000,67767.240000,67852.310000,0.960040,1771653599999,0,0
0.132507,0.086262,2026-02-21 06:00:00+00:00,67871.460000,67933.070000,67776.580000,67803.680000,0.589060,1771657199999,0,0
0.131379,0.086201,2026-02-21 07:00:00+00:00,67780.300000,67876.000000,67748.020000,67866.590000,0.014530,1771660799999,0,0
0.141941,0.087211,2026-02-21 08:00:00+00:00,67863.670000,68079.100000,67863.670000,68079.100000,0.339320,1771664399999,0,0
0.143641,0.087266,2026-02-21 09:00:00+00:00,68044.620000,68286.620000,68000.090000,68175.680000,1.001440,1771667999999,0,0
0.139568,0.086529,2026-02-21 10:00:00+00:00,68188.770000,68252.950000,68177.630000,68201.100000,0.174770,1771671599999,0,0
0.138497,0.086218,2026-02-21 11:00:00+00:00,68230.880000,68275.540000,68124.610000,68124.610000,0.419950,1771675199999,0,0
0.138075,0.086057,2026-02-21 12:00:00+00:00,68130.570000,68201.730000,67910.310000,68201.730000,0.374990,1771678799999,0,0
0.142485,0.085882,2026-02-21 13:00:00+00:00,68185.100000,68261.510000,68137.230000,68261.510000,1.033310,1771682399999,0,0
0.160417,0.086961,2026-02-21 14:00:00+00:00,68263.180000,68622.950000,68217.800000,68535.090000,3.023030,1771685999999,0,0
0.166461,0.087480,2026-02-21 15:00:00+00:00,68456.510000,68696.220000,68445.680000,68662.520000,0.584120,1771689599999,0,0
0.157024,0.086811,2026-02-21 16:00:00+00:00,68554.870000,68554.870000,68086.590000,68308.330000,1.144700,1771693199999,0,0
0.153498,0.086626,2026-02-21 17:00:00+00:00,68319.530000,68456.780000,68221.800000,68419.960000,0.808230,1771696799999,0,0
0.148064,0.086405,2026-02-21 18:00:00+00:00,68457.380000,68649.620000,68403.630000,68560.030000,0.483670,1771700399999,0,0
0.139327,0.085838,2026-02-21 19:00:00+00:00,68567.720000,68654.570000,68549.620000,68560.620000,0.381770,1771703999999,0,0
0.140455,0.086427,2026-02-21 20:00:00+00:00,68529.030000,68598.060000,68206.360000,68206.360000,0.949650,1771707599999,0,0
0.139522,0.086120,2026-02-21 21:00:00+00:00,68245.860000,68386.000000,68168.200000,68385.590000,0.398290,1771711199999,0,0
0.138891,0.086800,2026-02-21 22:00:00+00:00,68412.300000,68427.060000,67904.390000,67936.670000,1.354760,1771714799999,0,0
0.136397,0.086868,2026-02-21 23:00:00+00:00,67967.770000,68123.070000,67963.690000,68023.170000,0.132090,1771718399999,0,0
0.128416,0.085570,2026-02-22 00:00:00+00:00,67984.380000,68041.420000,67764.610000,67968.100000,0.204100,1771721999999,0,0
0.134605,0.085741,2026-02-22 01:00:00+00:00,67955.200000,68183.640000,67955.200000,68183.640000,0.473980,1771725599999,0,1
0.135810,0.085832,2026-02-22 02:00:00+00:00,68140.740000,68234.250000,67799.560000,67928.950000,0.979280,1771729199999,0,1
0.137334,0.085410,2026-02-22 03:00:00+00:00,67933.340000,68059.080000,67798.110000,68019.700000,0.714820,1771732799999,0,1
0.134620,0.085044,2026-02-22 04:00:00+00:00,68057.160000,68089.910000,67987.250000,68018.010000,0.301150,1771736399999,0,1
0.135427,0.085089,2026-02-22 05:00:00+00:00,67995.780000,68030.790000,67900.300000,67901.080000,0.034880,1771739999999,0,1
0.137426,0.085200,2026-02-22 06:00:00+00:00,67979.520000,68170.640000,67979.520000,68050.930000,0.679830,1771743599999,0,1
0.138439,0.085093,2026-02-22 07:00:00+00:00,68004.570000,68091.760000,68004.570000,68024.080000,0.107310,1771747199999,0,1
0.135522,0.084837,2026-02-22 08:00:00+00:00,68008.440000,68008.440000,67941.050000,67957.030000,0.164110,1771750799999,0,1
0.135346,0.084875,2026-02-22 09:00:00+00:00,67993.140000,68058.900000,67978.200000,68051.350000,0.053860,1771754399999,0,1
0.142157,0.085196,2026-02-22 10:00:00+00:00,68043.160000,68160.640000,68013.120000,68157.750000,0.438650,1771757999999,0,1
0.144104,0.085113,2026-02-22 11:00:00+00:00,68200.000000,68290.470000,68139.290000,68223.910000,0.138170,1771761599999,0,1
0.143612,0.085219,2026-02-22 12:00:00+00:00,68241.840000,68241.840000,67900.800000,67963.300000,0.329670,1771765199999,0,1
0.152269,0.086426,2026-02-22 13:00:00+00:00,67973.710000,68013.000000,67596.580000,67618.070000,0.683240,1771768799999,0,1
0.148361,0.086661,2026-02-22 14:00:00+00:00,67688.810000,67688.810000,67395.190000,67463.080000,1.412360,1771772399999,0,1
0.144827,0.086174,2026-02-22 15:00:00+00:00,67457.890000,67803.110000,67323.090000,67758.210000,1.317690,1771775999999,0,1
0.146273,0.086076,2026-02-22 16:00:00+00:00,67670.450000,67687.670000,67523.240000,67636.570000,0.442980,1771779599999,0,1
0.148460,0.085876,2026-02-22 17:00:00+00:00,67621.100000,67634.910000,67190.100000,67361.740000,1.121250,1771783199999,0,1
0.147114,0.085351,2026-02-22 18:00:00+00:00,67377.180000,67465.880000,67339.840000,67445.110000,0.312570,1771786799999,0,1
0.142666,0.084942,2026-02-22 19:00:00+00:00,67447.560000,67487.910000,67417.600000,67433.180000,0.223380,1771790399999,0,1
0.140674,0.084890,2026-02-22 20:00:00+00:00,67433.180000,67492.590000,67345.970000,67371.890000,0.373950,1771793999999,0,1
0.149408,0.085255,2026-02-22 21:00:00+00:00,67425.750000,67637.310000,67405.550000,67618.220000,1.267350,1771797599999,0,1
0.157269,0.085632,2026-02-22 22:00:00+00:00,67620.660000,67750.000000,67464.380000,67701.650000,1.533590,1771801199999,0,1
0.146063,0.085037,2026-02-22 23:00:00+00:00,67725.520000,67729.970000,67487.280000,67637.420000,0.985910,1771804799999,0,1
0.172025,0.089219,2026-02-23 00:00:00+00:00,67669.830000,67678.510000,66724.400000,66724.400000,2.680440,1771808399999,0,1
0.209639,0.147282,2026-02-23 01:00:00+00:00,66700.000000,66700.000000,64318.680000,64407.840000,8.310880,1771811999999,1,0
0.180651,0.157718,2026-02-23 02:00:00+00:00,64369.540000,64900.200000,64361.280000,64789.480000,1.475420,1771815599999,0,0
0.161189,0.132327,2026-02-23 03:00:00+00:00,64775.860000,65073.600000,64740.400000,64950.770000,1.605180,1771819199999,0,0
0.164819,0.115918,2026-02-23 04:00:00+00:00,64963.440000,65052.630000,64672.230000,64810.620000,0.382140,1771822799999,0,0
0.186602,0.106238,2026-02-23 05:00:00+00:00,64859.990000,65210.750000,64812.940000,65061.060000,0.828960,1771826399999,0,0
0.218685,0.112423,2026-02-23 06:00:00+00:00,65061.060000,65800.000000,65061.060000,65770.040000,0.761930,1771829999999,0,0
0.223683,0.111507,2026-02-23 07:00:00+00:00,65789.380000,66006.280000,65615.500000,65953.670000,0.428010,1771833599999,0,0
0.220123,0.097060,2026-02-23 08:00:00+00:00,65862.800000,65867.730000,65585.820000,65674.540000,0.484380,1771837199999,0,0
0.230519,0.104414,2026-02-23 09:00:00+00:00,65727.250000,66437.710000,65720.130000,66387.820000,0.909180,1771840799999,0,1
0.231383,0.103798,2026-02-23 10:00:00+00:00,66354.210000,66593.670000,66228.900000,66370.000000,0.501070,1771844399999,0,1
0.218450,0.091719,2026-02-23 11:00:00+00:00,66317.240000,66486.690000,66118.130000,66228.640000,0.324310,1771847999999,0,1
0.217331,0.090952,2026-02-23 12:00:00+00:00,66230.040000,66500.000000,66000.000000,66263.590000,2.398160,1771851599999,0,1
0.210114,0.090621,2026-02-23 13:00:00+00:00,66299.760000,66398.740000,66114.090000,66142.610000,1.013340,1771855199999,0,1
0.199067,0.090277,2026-02-23 14:00:00+00:00,66182.340000,66260.020000,65529.990000,66046.430000,2.420520,1771858799999,0,1
0.191835,0.092085,2026-02-23 15:00:00+00:00,65953.480000,66201.850000,65611.880000,65713.780000,1.798610,1771862399999,0,1
0.173456,0.093886,2026-02-23 16:00:00+00:00,65672.800000,65672.800000,65178.550000,65441.360000,2.035220,1771865999999,0,1
0.165996,0.104385,2026-02-23 17:00:00+00:00,65391.220000,65459.200000,64198.460000,64675.530000,4.387940,1771869599999,0,0
0.160478,0.104779,2026-02-23 18:00:00+00:00,64709.910000,65151.700000,64600.000000,64624.850000,1.961170,1771873199999,0,0
0.153441,0.099392,2026-02-23 19:00:00+00:00,64665.590000,64836.310000,64117.220000,64289.130000,3.601300,1771876799999,0,0
0.153817,0.096714,2026-02-23 20:00:00+00:00,64278.730000,64473.090000,63909.620000,64461.340000,2.550900,1771880399999,0,0
0.158165,0.094112,2026-02-23 21:00:00+00:00,64528.720000,64757.760000,64471.880000,64581.200000,1.958610,1771883999999,0,0
0.164170,0.090452,2026-02-23 22:00:00+00:00,64574.400000,65016.600000,64574.400000,64759.950000,2.028500,1771887599999,0,1
0.162242,0.088561,2026-02-23 23:00:00+00:00,64721.990000,64897.270000,64532.480000,64665.990000,1.573140,1771891199999,0,1
0.169383,0.089093,2026-02-24 00:00:00+00:00,64643.740000,64990.560000,64643.740000,64933.980000,0.310050,1771894799999,0,1
0.174742,0.093492,2026-02-24 01:00:00+00:00,64863.230000,64919.980000,63461.740000,64140.660000,4.817620,1771898399999,0,0
0.170707,0.096717,2026-02-24 02:00:00+00:00,64154.580000,64499.640000,64005.230000,64114.030000,2.117790,1771901999999,0,0
0.161048,0.099005,2026-02-24 03:00:00+00:00,64057.450000,64103.940000,63387.140000,63580.600000,3.159280,1771905599999,0,0
0.162763,0.105812,2026-02-24 04:00:00+00:00,63579.700000,63608.600000,62872.350000,63380.000000,5.773800,1771909199999,0,0
0.160012,0.107487,2026-02-24 05:00:00+00:00,63338.500000,63545.770000,62726.800000,63097.560000,3.260210,1771912799999,0,0
0.163241,0.104032,2026-02-24 06:00:00+00:00,63081.690000,63300.030000,62951.670000,63072.280000,1.064950,1771916399999,0,0
0.160463,0.100574,2026-02-24 07:00:00+00:00,63101.440000,63363.040000,62929.090000,63050.310000,1.879230,1771919999999,0,0
0.173762,0.104594,2026-02-24 08:00:00+00:00,63133.670000,63416.200000,63099.700000,63377.230000,0.550670,1771923599999,0,0
0.176491,0.101748,2026-02-24 09:00:00+00:00,63395.280000,63395.280000,62942.830000,63192.220000,0.967740,1771927199999,0,0
0.178979,0.097994,2026-02-24 10:00:00+00:00,63222.800000,63363.770000,63174.640000,63325.230000,0.405970,1771930799999,0,0
0.176124,0.097349,2026-02-24 11:00:00+00:00,63301.560000,63311.180000,63096.380000,63200.790000,1.643170,1771934399999,0,0
0.168409,0.099159,2026-02-24 12:00:00+00:00,63201.920000,63349.390000,62976.520000,62987.630000,1.545710,1771937999999,0,0
0.160309,0.099110,2026-02-24 13:00:00+00:00,63016.010000,63112.420000,62550.790000,62911.670000,5.044850,1771941599999,1,0
0.173617,0.104676,2026-02-24 14:00:00+00:00,62855.140000,63833.800000,62787.510000,63463.880000,3.148840,1771945199999,1,0
0.209505,0.114684,2026-02-24 15:00:00+00:00,63438.410000,64013.240000,63316.260000,64013.240000,1.549610,1771948799999,1,0
0.215485,0.107974,2026-02-24 16:00:00+00:00,63978.110000,64417.250000,63730.000000,64276.240000,1.660500,1771952399999,0,0
0.199568,0.097335,2026-02-24 17:00:00+00:00,64297.390000,64501.500000,64077.620000,64231.920000,2.695960,1771955999999,1,0
0.195395,0.095418,2026-02-24 18:00:00+00:00,64206.840000,64500.000000,63940.990000,64421.490000,1.634960,1771959599999,0,0
0.195486,0.094410,2026-02-24 19:00:00+00:00,64427.310000,64726.320000,64269.570000,64471.140000,1.368210,1771963199999,0,0
0.184478,0.091259,2026-02-24 20:00:00+00:00,64448.400000,64581.000000,64313.350000,64464.220000,1.076540,1771966799999,0,0
0.188690,0.093740,2026-02-24 21:00:00+00:00,64295.380000,64295.380000,63848.600000,64054.730000,1.404990,1771970399999,1,0
0.182262,0.093625,2026-02-24 22:00:00+00:00,63981.170000,64214.470000,63981.170000,64094.230000,0.325300,1771973999999,1,0
0.162356,0.091302,2026-02-24 23:00:00+00:00,64100.460000,64248.280000,63848.610000,64024.600000,2.518030,1771977599999,1,0
0.152742,0.091509,2026-02-25 00:00:00+00:00,64072.620000,64276.600000,63910.910000,64211.670000,1.353120,1771981199999,1,0
0.223994,0.128613,2026-02-25 01:00:00+00:00,64227.810000,66310.290000,64160.250000,65938.250000,7.488070,1771984799999,0,0
0.218569,0.129475,2026-02-25 02:00:00+00:00,65996.080000,66289.390000,65887.350000,65918.910000,3.942480,1771988399999,0,0
0.171224,0.099957,2026-02-25 03:00:00+00:00,65886.720000,65932.680000,65365.060000,65389.590000,3.516950,1771991999999,0,0
0.170635,0.099067,2026-02-25 04:00:00+00:00,65386.140000,65637.110000,65131.400000,65453.320000,2.916180,1771995599999,0,0
0.172744,0.099457,2026-02-25 05:00:00+00:00,65444.350000,65499.510000,64754.910000,64870.320000,1.895830,1771999199999,1,0
0.163136,0.099716,2026-02-25 06:00:00+00:00,64932.020000,65128.470000,64891.230000,64891.230000,0.714740,1772002799999,1,0
0.154730,0.094909,2026-02-25 07:00:00+00:00,64927.640000,65179.750000,64834.860000,65057.740000,0.973730,1772006399999,1,0
0.174258,0.098904,2026-02-25 08:00:00+00:00,65041.890000,65570.720000,64974.620000,65492.000000,2.030660,1772009999999,1,0
0.169836,0.096938,2026-02-25 09:00:00+00:00,65523.330000,65691.930000,65407.570000,65556.840000,2.151640,1772013599999,1,0
0.150635,0.091418,2026-02-25 10:00:00+00:00,65567.510000,65627.860000,65345.940000,65381.380000,0.926390,1772017199999,1,0
0.139246,0.091066,2026-02-25 11:00:00+00:00,65341.510000,65432.850000,65226.160000,65431.170000,0.145910,1772020799999,1,0
0.155061,0.099563,2026-02-25 12:00:00+00:00,65436.020000,66210.700000,65401.960000,66056.540000,2.385750,1772024399999,1,0
0.169951,0.101014,2026-02-25 13:00:00+00:00,66055.000000,66717.700000,66031.610000,66231.330000,1.997810,1772027999999,1,0
0.191166,0.106778,2026-02-25 14:00:00+00:00,66279.390000,67017.110000,66244.500000,67006.740000,4.280070,1772031599999,1,0
0.199169,0.113293,2026-02-25 15:00:00+00:00,66960.350000,67578.040000,66738.600000,67410.090000,2.171310,1772035199999,1,0
0.201375,0.119456,2026-02-25 16:00:00+00:00,67440.140000,68327.290000,67425.140000,68281.060000,3.222430,1772038799999,0,0
0.200485,0.121496,2026-02-25 17:00:00+00:00,68252.920000,68884.730000,68033.470000,68703.820000,6.735810,1772042399999,0,0
0.190957,0.119563,2026-02-25 18:00:00+00:00,68701.000000,69545.310000,68382.970000,69338.630000,2.702050,1772045999999,0,0
0.175033,0.106838,2026-02-25 19:00:00+00:00,69406.120000,69406.120000,68800.000000,69040.240000,4.957710,1772049599999,0,0
0.162229,0.098436,2026-02-25 20:00:00+00:00,69063.500000,69354.900000,68664.770000,69172.000000,5.663610,1772053199999,0,0
0.162983,0.096239,2026-02-25 21:00:00+00:00,69123.640000,70100.000000,68767.930000,68934.120000,4.428160,1772056799999,0,1
0.172107,0.102223,2026-02-25 22:00:00+00:00,68916.390000,69182.060000,68064.900000,68459.590000,5.520730,1772060399999,0,0
0.172165,0.111510,2026-02-25 23:00:00+00:00,68410.210000,68683.280000,67601.640000,67957.930000,4.383260,1772063999999,0,0
0.149794,0.104299,2026-02-26 00:00:00+00:00,67991.860000,68523.580000,67725.280000,68341.690000,3.327050,1772067599999,0,0
0.120748,0.102347,2026-02-26 01:00:00+00:00,68341.690000,68687.300000,68213.610000,68240.710000,1.893040,1772071199999,0,0
0.101870,0.093154,2026-02-26 02:00:00+00:00,68265.790000,68388.830000,67799.560000,68271.730000,3.947540,1772074799999,0,0
0.095933,0.090408,2026-02-26 03:00:00+00:00,68283.190000,68330.160000,68055.200000,68230.000000,1.763430,1772078399999,0,0
0.103843,0.095944,2026-02-26 04:00:00+00:00,68176.110000,68859.670000,68176.110000,68599.280000,2.607150,1772081999999,0,1
0.103413,0.094322,2026-02-26 05:00:00+00:00,68584.590000,68584.590000,68142.860000,68442.570000,1.241320,1772085599999,0,0
0.103842,0.093473,2026-02-26 06:00:00+00:00,68457.030000,68497.300000,68068.860000,68173.090000,0.416430,1772089199999,0,0
0.108537,0.096456,2026-02-26 07:00:00+00:00,68236.930000,68267.890000,67832.230000,67867.490000,0.909910,1772092799999,0,0
0.106353,0.094734,2026-02-26 08:00:00+00:00,67876.960000,68179.180000,67815.380000,67917.580000,2.057990,1772096399999,0,0
0.123951,0.105871,2026-02-26 09:00:00+00:00,67988.820000,68615.600000,67988.820000,68548.410000,5.048190,1772099999999,0,0
0.128209,0.100299,2026-02-26 10:00:00+00:00,68586.720000,68680.340000,68277.410000,68289.800000,2.711820,1772103599999,0,0
0.126189,0.094464,2026-02-26 11:00:00+00:00,68287.250000,68387.870000,67985.410000,68041.220000,1.257910,1772107199999,0,0
0.127512,0.092272,2026-02-26 12:00:00+00:00,68141.420000,68264.010000,68014.450000,68135.620000,1.081520,1772110799999,0,0
0.130408,0.092431,2026-02-26 13:00:00+00:00,68194.540000,68206.050000,67863.720000,67863.720000,1.159910,1772114399999,0,0
0.134170,0.094435,2026-02-26 14:00:00+00:00,67903.970000,68263.000000,67275.030000,67718.350000,3.606870,1772117999999,0,0
0.142067,0.096624,2026-02-26 15:00:00+00:00,67753.210000,67767.990000,66759.400000,67365.380000,5.345060,1772121599999,0,0
0.158968,0.112875,2026-02-26 16:00:00+00:00,67355.070000,67557.890000,66535.110000,66635.840000,2.936560,1772125199999,1,0
0.154880,0.111622,2026-02-26 17:00:00+00:00,66619.910000,68828.000000,66601.650000,66823.330000,6.533270,1772128799999,0,0
0.163044,0.111354,2026-02-26 18:00:00+00:00,66849.690000,67364.010000,66581.670000,67301.680000,3.507240,1772132399999,0,0
0.180190,0.111123,2026-02-26 19:00:00+00:00,67306.290000,67863.600000,67306.290000,67675.820000,2.276290,1772135999999,0,0
0.172798,0.097238,2026-02-26 20:00:00+00:00,67639.200000,67826.960000,67215.580000,67416.230000,1.442030,1772139599999,0,0
0.170235,0.094512,2026-02-26 21:00:00+00:00,67344.100000,67550.890000,67142.270000,67413.780000,1.183810,1772143199999,0,0
0.160638,0.092950,2026-02-26 22:00:00+00:00,67455.060000,67604.280000,67300.020000,67540.960000,1.754620,1772146799999,0,0
0.151964,0.091732,2026-02-26 23:00:00+00:00,67542.140000,67647.070000,67412.200000,67481.400000,0.415160,1772150399999,0,0
0.151104,0.093532,2026-02-27 00:00:00+00:00,67468.080000,67526.120000,67012.700000,67218.430000,0.759490,1772153999999,0,0
0.150535,0.092709,2026-02-27 01:00:00+00:00,67199.560000,67327.470000,66890.140000,67327.470000,1.242850,1772157599999,0,0
0.147032,0.091966,2026-02-27 02:00:00+00:00,67314.190000,67514.250000,67284.200000,67314.030000,1.355170,1772161199999,0,0
0.163737,0.095192,2026-02-27 03:00:00+00:00,67267.810000,67702.860000,67092.170000,67666.860000,0.750830,1772164799999,0,0
0.160162,0.095102,2026-02-27 04:00:00+00:00,67612.500000,68206.360000,67612.500000,67730.830000,1.532120,1772168399999,0,0
0.140636,0.090787,2026-02-27 05:00:00+00:00,67739.220000,67898.120000,67678.950000,67748.940000,0.374770,1772171999999,0,0
0.134701,0.089921,2026-02-27 06:00:00+00:00,67749.220000,67780.650000,67543.930000,67702.780000,0.258990,1772175599999,0,0
0.133080,0.089837,2026-02-27 07:00:00+00:00,67681.030000,67722.740000,67459.520000,67650.890000,0.433300,1772179199999,0,0
0.143043,0.091739,2026-02-27 08:00:00+00:00,67863.690000,68075.890000,67750.240000,67977.920000,0.477850,1772182799999,0,1
0.141052,0.093159,2026-02-27 09:00:00+00:00,67926.520000,68158.450000,67353.320000,67371.450000,0.864900,1772186399999,0,1
0.157002,0.104830,2026-02-27 10:00:00+00:00,67316.310000,67404.790000,66581.670000,66611.710000,5.832160,1772189999999,0,1
0.154807,0.111418,2026-02-27 11:00:00+00:00,66651.690000,66767.610000,65982.200000,66125.660000,5.018050,1772193599999,0,1
0.144098,0.109500,2026-02-27 12:00:00+00:00,66115.970000,66206.410000,65764.500000,65880.190000,2.640580,1772197199999,0,0
0.142432,0.105873,2026-02-27 13:00:00+00:00,65999.350000,66312.480000,65683.250000,66260.780000,1.889950,1772200799999,0,1
0.147844,0.102322,2026-02-27 14:00:00+00:00,66305.170000,66321.680000,65699.690000,65864.580000,1.820470,1772204399999,0,0
0.152602,0.096320,2026-02-27 15:00:00+00:00,65943.310000,66312.480000,65874.650000,66135.910000,3.002810,1772207999999,0,1
0.160831,0.101383,2026-02-27 16:00:00+00:00,66040.370000,66121.670000,65465.690000,65490.350000,11.728510,1772211599999,0,0
0.163448,0.103285,2026-02-27 17:00:00+00:00,65525.390000,65722.870000,65113.440000,65715.510000,3.603810,1772215199999,0,1
0.156996,0.104949,2026-02-27 18:00:00+00:00,65714.550000,65759.430000,65217.430000,65291.680000,1.898240,1772218799999,0,0
0.158937,0.104494,2026-02-27 19:00:00+00:00,65305.710000,65424.220000,65197.740000,65406.830000,1.373380,1772222399999,0,0
0.154851,0.104236,2026-02-27 20:00:00+00:00,65407.180000,65662.250000,65341.500000,65567.430000,1.134980,1772225999999,0,0
0.150753,0.099149,2026-02-27 21:00:00+00:00,65614.520000,65742.600000,65432.710000,65532.110000,1.067470,1772229599999,0,0
0.149447,0.098423,2026-02-27 22:00:00+00:00,65578.330000,65649.180000,64979.520000,65647.250000,4.962630,1772233199999,0,1
0.165648,0.102783,2026-02-27 23:00:00+00:00,65634.890000,65952.750000,65567.730000,65882.980000,1.449640,1772236799999,0,1
0.168358,0.102025,2026-02-28 00:00:00+00:00,65848.730000,66006.000000,65741.890000,65963.360000,1.088800,1772240399999,0,1
0.158709,0.097809,2026-02-28 01:00:00+00:00,65931.890000,65985.010000,65778.650000,65795.790000,0.394010,1772243999999,0,1
0.162545,0.097985,2026-02-28 02:00:00+00:00,65817.800000,66010.610000,65762.950000,65970.000000,0.178460,1772247599999,0,1
0.156463,0.096838,2026-02-28 03:00:00+00:00,65970.930000,65973.400000,65754.730000,65815.330000,0.318020,1772251199999,0,1
0.148714,0.096116,2026-02-28 04:00:00+00:00,65814.380000,65826.990000,65409.230000,65710.180000,0.942490,1772254799999,0,1
0.143899,0.095312,2026-02-28 05:00:00+00:00,65682.350000,65713.380000,65506.650000,65594.660000,0.349980,1772258399999,0,1
0.202741,0.165196,2026-02-28 06:00:00+00:00,65602.690000,65603.190000,63047.830000,63175.210000,12.634000,1772261999999,1,0
0.184093,0.170696,2026-02-28 07:00:00+00:00,63181.180000,64261.650000,63101.030000,63841.860000,4.144840,1772265599999,0,0
0.159243,0.148652,2026-02-28 08:00:00+00:00,63812.280000,63864.610000,63450.190000,63511.580000,1.549450,1772269199999,1,0
0.157781,0.129550,2026-02-28 09:00:00+00:00,63464.130000,63928.260000,63383.860000,63680.180000,1.085190,1772272799999,1,0
0.174532,0.125892,2026-02-28 10:00:00+00:00,63636.770000,64102.950000,63481.780000,63950.600000,1.660690,1772276399999,1,0
0.184006,0.102701,2026-02-28 11:00:00+00:00,63986.020000,64267.570000,63795.870000,63795.870000,1.259640,1772279999999,1,0
0.179137,0.101145,2026-02-28 12:00:00+00:00,63895.720000,64077.500000,63820.310000,64014.670000,0.649090,1772283599999,1,0
0.225389,0.135814,2026-02-28 13:00:00+00:00,64024.700000,65206.100000,63903.630000,65153.100000,5.648000,1772287199999,0,0
0.222042,0.124486,2026-02-28 14:00:00+00:00,65195.080000,65340.680000,64284.980000,64430.260000,6.839180,1772290799999,1,0
0.214398,0.109190,2026-02-28 15:00:00+00:00,64446.640000,65019.110000,64222.330000,64831.120000,1.762570,1772294399999,1,0
0.218369,0.112629,2026-02-28 16:00:00+00:00,64829.530000,65179.090000,64690.800000,65140.570000,1.319980,1772297999999,1,0
0.214684,0.107893,2026-02-28 17:00:00+00:00,65073.730000,65553.020000,64846.820000,65455.980000,1.974690,1772301599999,1,0
0.217293,0.109306,2026-02-28 18:00:00+00:00,65376.210000,66168.340000,65195.190000,65892.980000,4.418030,1772305199999,1,0
0.218339,0.113830,2026-02-28 19:00:00+00:00,65937.450000,66676.570000,65614.750000,66384.420000,4.415470,1772308799999,0,0
0.217650,0.116492,2026-02-28 20:00:00+00:00,66338.150000,67139.220000,66196.490000,66935.110000,2.479960,1772312399999,0,0
0.199417,0.103494,2026-02-28 21:00:00+00:00,66972.040000,67008.140000,66391.670000,66726.380000,6.789920,1772315999999,0,0
0.191133,0.100365,2026-02-28 22:00:00+00:00,66785.820000,67729.870000,66638.060000,67174.010000,8.902030,1772319599999,0,0
0.184812,0.098447,2026-02-28 23:00:00+00:00,67106.220000,67194.110000,66738.600000,66954.130000,0.770610,1772323199999,0,0
0.168554,0.094585,2026-03-01 00:00:00+00:00,66990.400000,67113.800000,66639.390000,66793.080000,0.848980,1772326799999,0,0
0.173328,0.098065,2026-03-01 01:00:00+00:00,66663.450000,67706.500000,66010.360000,67330.030000,4.173700,1772330399999,0,0
0.172925,0.103749,2026-03-01 02:00:00+00:00,67394.110000,68200.000000,67381.710000,67617.580000,6.569320,1772333999999,0,1
0.142051,0.093937,2026-03-01 03:00:00+00:00,67639.990000,67799.340000,67381.330000,67501.900000,3.832360,1772337599999,0,1
0.127107,0.092257,2026-03-01 04:00:00+00:00,67510.660000,67615.360000,67079.440000,67338.550000,1.787160,1772341199999,0,1
0.108649,0.091080,2026-03-01 05:00:00+00:00,67376.720000,67568.600000,67215.490000,67281.200000,1.262950,1772344799999,0,1
0.097025,0.091761,2026-03-01 06:00:00+00:00,67337.830000,67337.830000,66799.410000,66963.030000,1.511340,1772348399999,0,0
0.093299,0.091214,2026-03-01 07:00:00+00:00,66940.530000,67223.040000,66802.350000,67104.630000,0.712980,1772351999999,0,1
0.099960,0.096412,2026-03-01 08:00:00+00:00,67156.050000,67275.080000,66446.000000,66446.000000,1.552500,1772355599999,0,0
0.103722,0.097625,2026-03-01 09:00:00+00:00,66551.830000,66777.130000,66259.750000,66375.020000,2.138100,1772359199999,0,0
0.098919,0.090383,2026-03-01 10:00:00+00:00,66413.030000,66681.600000,66231.290000,66489.320000,1.196060,1772362799999,0,0
0.102380,0.089611,2026-03-01 11:00:00+00:00,66481.270000,66633.320000,66429.750000,66478.960000,2.003920,1772366399999,0,0
0.106624,0.089361,2026-03-01 12:00:00+00:00,66476.930000,66553.130000,66263.250000,66303.960000,0.880860,1772369999999,0,0
0.124248,0.094281,2026-03-01 13:00:00+00:00,66328.370000,67323.070000,66136.100000,66946.690000,4.054220,1772373599999,0,0
0.132792,0.094561,2026-03-01 14:00:00+00:00,66965.250000,67302.110000,66784.080000,66863.100000,1.802000,1772377199999,0,0
0.119458,0.088463,2026-03-01 15:00:00+00:00,66843.790000,67226.830000,66809.920000,66870.520000,2.119850,1772380799999,0,0
0.136454,0.093355,2026-03-01 16:00:00+00:00,66899.000000,67108.450000,65838.640000,66165.090000,6.868800,1772384399999,0,0
0.138802,0.095562,2026-03-01 17:00:00+00:00,66131.510000,66221.810000,65718.240000,66039.030000,4.624120,1772387999999,0,0
0.127242,0.091809,2026-03-01 18:00:00+00:00,66046.190000,66637.700000,66005.480000,66290.610000,2.362760,1772391599999,0,0
0.130561,0.092781,2026-03-01 19:00:00+00:00,66323.640000,66361.660000,65756.420000,65964.390000,1.675740,1772395199999,0,0
0.144595,0.100130,2026-03-01 20:00:00+00:00,65959.160000,65965.950000,65080.410000,65375.020000,3.779850,1772398799999,1,0
0.143551,0.095792,2026-03-01 21:00:00+00:00,65317.670000,65748.930000,65278.110000,65666.560000,1.567620,1772402399999,0,0
0.142768,0.096854,2026-03-01 22:00:00+00:00,65669.640000,66467.170000,65050.370000,65201.990000,4.816900,1772405999999,1,0
0.148603,0.098745,2026-03-01 23:00:00+00:00,65254.440000,66032.780000,65127.150000,65721.170000,2.129180,1772409599999,0,0
0.189578,0.113378,2026-03-02 00:00:00+00:00,65792.280000,66774.300000,65792.280000,66511.740000,2.167710,1772413199999,0,0
0.197409,0.104786,2026-03-02 01:00:00+00:00,66538.530000,67061.800000,66389.580000,66537.010000,1.359740,1772416799999,0,0
0.171530,0.092838,2026-03-02 02:00:00+00:00,66533.940000,66592.770000,65925.470000,66276.390000,1.886740,1772420399999,0,0
0.185483,0.095602,2026-03-02 03:00:00+00:00,66297.640000,67044.110000,66165.270000,66818.830000,1.860070,1772423999999,0,0
0.186449,0.094827,2026-03-02 04:00:00+00:00,66830.270000,66967.740000,66660.660000,66819.420000,1.272980,1772427599999,0,0
0.160135,0.088821,2026-03-02 05:00:00+00:00,66878.790000,66999.990000,66624.600000,66706.190000,2.841360,1772431199999,0,0
0.170767,0.091436,2026-03-02 06:00:00+00:00,66562.010000,66643.720000,66114.950000,66226.160000,2.200340,1772434799999,0,0
0.168301,0.092966,2026-03-02 07:00:00+00:00,66183.180000,66183.180000,65579.720000,65982.500000,1.770810,1772438399999,0,0
0.146930,0.091284,2026-03-02 08:00:00+00:00,65980.530000,66277.610000,65675.020000,66277.610000,6.344820,1772441999999,0,0
0.142128,0.091025,2026-03-02 09:00:00+00:00,66224.410000,66694.420000,66182.350000,66182.350000,0.717390,1772445599999,0,0
0.122967,0.088552,2026-03-02 10:00:00+00:00,66158.700000,66366.380000,66116.640000,66293.790000,0.742920,1772449199999,0,0
0.119718,0.088079,2026-03-02 11:00:00+00:00,66311.720000,66450.820000,66013.800000,66356.720000,1.403520,1772452799999,0,0
0.123151,0.089143,2026-03-02 12:00:00+00:00,66349.090000,66398.200000,65920.030000,65968.710000,0.794830,1772456399999,0,0
0.131571,0.093966,2026-03-02 13:00:00+00:00,65968.710000,66119.000000,65367.670000,65454.500000,1.498020,1772459999999,1,0
0.174437,0.107901,2026-03-02 14:00:00+00:00,65408.260000,67201.200000,65280.480000,66990.000000,5.529980,1772463599999,1,0
0.241365,0.148518,2026-03-02 15:00:00+00:00,67228.610000,69609.250000,67012.420000,69121.300000,9.809300,1772467199999,0,0
0.223998,0.141559,2026-03-02 16:00:00+00:00,69114.390000,70100.000000,68986.710000,69457.720000,3.603020,1772470799999,0,1
0.163613,0.105414,2026-03-02 17:00:00+00:00,69447.900000,69564.670000,68805.790000,69191.040000,1.986570,1772474399999,0,1
0.164072,0.104939,2026-03-02 18:00:00+00:00,69177.670000,69256.100000,68761.920000,68875.700000,2.237250,1772477999999,0,0
0.167311,0.095706,2026-03-02 19:00:00+00:00,68852.700000,69033.040000,68573.130000,68952.330000,2.987790,1772481599999,0,0
0.176624,0.093691,2026-03-02 20:00:00+00:00,68938.110000,69500.000000,68588.180000,69215.320000,1.731180,1772485199999,0,1
0.177572,0.095574,2026-03-02 21:00:00+00:00,69148.500000,69537.860000,69013.920000,69433.110000,0.857070,1772488799999,0,1
0.165330,0.092199,2026-03-02 22:00:00+00:00,69417.420000,69468.230000,69175.700000,69437.840000,1.444850,1772492399999,0,1
0.170514,0.095192,2026-03-02 23:00:00+00:00,69430.310000,69471.690000,68782.500000,68811.430000,2.035820,1772495999999,0,0
0.158457,0.095184,2026-03-03 00:00:00+00:00,68881.130000,69157.500000,68650.000000,69098.610000,1.240410,1772499599999,0,1
0.107476,0.092679,2026-03-03 01:00:00+00:00,69073.000000,69247.840000,68797.060000,68797.060000,2.018200,1772503199999,0,1
0.093737,0.094026,2026-03-03 02:00:00+00:00,68703.630000,68703.630000,68263.010000,68547.430000,13.454470,1772506799999,0,1
0.094249,0.093347,2026-03-03 03:00:00+00:00,68549.510000,68549.510000,68232.190000,68337.730000,0.493810,1772510399999,0,1
0.095340,0.092562,2026-03-03 04:00:00+00:00,68390.580000,68458.130000,68067.980000,68124.730000,0.360270,1772513999999,0,0
0.097521,0.093127,2026-03-03 05:00:00+00:00,68186.370000,68530.010000,67853.270000,67967.580000,1.541800,1772517599999,0,0
0.098088,0.090575,2026-03-03 06:00:00+00:00,67964.930000,68208.500000,67824.590000,68134.500000,1.296700,1772521199999,0,0
0.102084,0.090391,2026-03-03 07:00:00+00:00,68112.650000,68279.420000,67977.790000,68195.330000,0.642350,1772524799999,0,0
0.126242,0.110575,2026-03-03 08:00:00+00:00,68173.500000,68301.890000,66958.030000,66964.940000,2.605720,1772528399999,0,0
0.136850,0.123735,2026-03-03 09:00:00+00:00,67028.380000,67200.300000,66361.330000,66617.430000,18.002050,1772531999999,0,0
0.128528,0.102942,2026-03-03 10:00:00+00:00,66648.200000,66986.090000,66481.660000,66848.420000,2.022110,1772535599999,0,0
0.137106,0.107758,2026-03-03 11:00:00+00:00,66859.690000,67131.190000,66787.750000,67034.200000,5.491300,1772539199999,0,0
0.150839,0.107204,2026-03-03 12:00:00+00:00,67073.650000,67948.070000,67060.010000,67388.620000,5.323050,1772542799999,0,0
0.163856,0.098305,2026-03-03 13:00:00+00:00,67425.370000,67425.370000,66673.030000,66812.530000,3.222510,1772546399999,0,0
0.171194,0.103297,2026-03-03 14:00:00+00:00,66937.140000,67573.090000,66171.200000,66575.810000,4.564620,1772549999999,1,0
0.193351,0.116801,2026-03-03 15:00:00+00:00,66630.720000,67799.560000,66529.320000,67673.300000,2.395130,1772553599999,1,0
0.222287,0.127466,2026-03-03 16:00:00+00:00,67688.360000,68991.950000,67520.000000,68192.380000,2.811800,1772557199999,0,0
0.215647,0.106724,2026-03-03 17:00:00+00:00,68162.390000,68412.380000,67698.130000,68310.370000,4.075070,1772560799999,0,0
0.210137,0.101618,2026-03-03 18:00:00+00:00,68317.950000,68910.640000,68006.590000,68622.260000,2.236530,1772564399999,0,0
0.203212,0.096990,2026-03-03 19:00:00+00:00,68623.800000,68875.260000,68330.430000,68452.590000,2.882700,1772567999999,0,0
0.200744,0.092912,2026-03-03 20:00:00+00:00,68454.550000,68527.920000,68116.030000,68200.000000,2.519220,1772571599999,0,0
0.191009,0.091845,2026-03-03 21:00:00+00:00,68247.050000,68247.050000,67842.130000,68037.440000,1.534870,1772575199999,0,0
0.179958,0.090554,2026-03-03 22:00:00+00:00,68054.990000,68520.840000,68054.990000,68279.860000,1.429150,1772578799999,0,0
0.174007,0.090446,2026-03-03 23:00:00+00:00,68270.440000,68755.310000,68255.280000,68263.230000,0.555690,1772582399999,0,0
0.160301,0.088018,2026-03-04 00:00:00+00:00,68244.810000,68400.000000,67925.420000,68174.990000,0.188860,1772585999999,0,0
0.152245,0.088107,2026-03-04 01:00:00+00:00,68104.800000,68898.000000,67987.170000,68404.700000,3.799270,1772589599999,0,0
0.121586,0.087601,2026-03-04 02:00:00+00:00,68430.290000,68456.860000,67978.690000,68325.170000,0.734220,1772593199999,0,0
0.123587,0.091346,2026-03-04 03:00:00+00:00,68283.650000,68349.960000,67416.720000,67640.890000,3.439350,1772596799999,1,0
0.120684,0.090895,2026-03-04 04:00:00+00:00,67797.860000,67963.210000,67508.640000,67800.260000,1.665210,1772600399999,1,0
0.123479,0.091750,2026-03-04 05:00:00+00:00,67812.660000,68375.000000,67690.790000,68213.050000,1.084960,1772603999999,1,0
0.131624,0.093387,2026-03-04 06:00:00+00:00,68117.180000,68680.340000,68073.900000,68521.850000,1.421860,1772607599999,1,0
0.184703,0.104514,2026-03-04 07:00:00+00:00,68570.390000,69626.620000,68382.160000,69508.720000,3.776330,1772611199999,1,0
0.217488,0.130314,2026-03-04 08:00:00+00:00,69543.700000,71153.370000,69139.240000,70988.100000,5.720410,1772614799999,1,0
0.207833,0.128418,2026-03-04 09:00:00+00:00,71015.050000,71868.110000,70748.330000,71438.320000,3.937580,1772618399999,0,0
0.166785,0.102518,2026-03-04 10:00:00+00:00,71548.670000,71863.300000,71221.530000,71322.000000,22.297240,1772621999999,0,0
0.160182,0.096665,2026-03-04 11:00:00+00:00,71369.600000,71490.560000,70903.560000,71119.460000,0.369210,1772625599999,0,0
0.164304,0.093520,2026-03-04 12:00:00+00:00,71112.350000,71344.170000,70585.010000,71344.170000,2.713580,1772629199999,1,0
0.173777,0.092926,2026-03-04 13:00:00+00:00,71307.620000,71616.170000,71266.350000,71505.950000,3.064300,1772632799999,1,0
0.168100,0.091686,2026-03-04 14:00:00+00:00,71486.670000,72613.190000,71303.710000,71594.100000,10.920250,1772636399999,1,0
0.207724,0.129725,2026-03-04 15:00:00+00:00,71636.700000,73475.870000,71636.700000,73377.100000,6.627930,1772639999999,0,0
0.193476,0.134195,2026-03-04 16:00:00+00:00,73382.720000,73513.090000,72558.360000,73315.820000,2.858200,1772643599999,0,0
0.138043,0.098486,2026-03-04 17:00:00+00:00,73278.370000,73750.000000,72998.290000,73232.440000,5.600590,1772647199999,0,0
0.138507,0.107209,2026-03-04 18:00:00+00:00,73216.770000,73703.250000,72935.870000,73684.380000,3.087900,1772650799999,0,1
0.134503,0.108261,2026-03-04 19:00:00+00:00,73684.380000,74038.220000,73539.010000,73710.050000,5.343610,1772654399999,0,1
0.124041,0.101596,2026-03-04 20:00:00+00:00,73675.620000,73715.010000,73047.490000,73047.490000,1.555200,1772657999999,0,0
0.120373,0.101869,2026-03-04 21:00:00+00:00,73014.090000,73350.250000,72890.000000,73350.250000,1.396180,1772661599999,0,1
0.109191,0.105199,2026-03-04 22:00:00+00:00,73355.240000,73542.030000,72636.050000,72691.660000,2.054330,1772665199999,0,0
0.097070,0.107541,2026-03-04 23:00:00+00:00,72726.030000,72877.000000,72339.570000,72747.380000,4.716610,1772668799999,0,0
0.087278,0.097258,2026-03-05 00:00:00+00:00,72701.610000,73000.000000,72565.610000,72784.980000,1.042480,1772672399999,0,0
0.085740,0.098244,2026-03-05 01:00:00+00:00,72750.470000,73282.550000,72411.020000,72457.030000,2.113950,1772675999999,0,0
0.084250,0.098093,2026-03-05 02:00:00+00:00,72591.430000,72874.800000,72348.070000,72518.700000,1.711230,1772679599999,0,0
0.083881,0.091896,2026-03-05 03:00:00+00:00,72521.110000,72729.790000,72369.410000,72493.500000,1.772630,1772683199999,0,0
0.087582,0.095545,2026-03-05 04:00:00+00:00,72532.000000,73057.540000,72452.540000,72807.770000,2.730850,1772686799999,0,0
0.090236,0.095013,2026-03-05 05:00:00+00:00,72826.360000,72868.770000,72263.360000,72388.330000,2.030520,1772690399999,0,0
0.091765,0.093090,2026-03-05 06:00:00+00:00,72367.100000,72639.490000,72052.780000,72549.190000,2.574810,1772693999999,0,0
0.094383,0.095335,2026-03-05 07:00:00+00:00,72567.260000,72663.570000,71812.230000,72056.070000,1.289670,1772697599999,0,0
0.095717,0.096152,2026-03-05 08:00:00+00:00,72067.610000,72342.470000,71765.530000,72340.040000,1.202190,1772701199999,0,0
0.097357,0.100128,2026-03-05 09:00:00+00:00,72388.100000,72856.110000,72388.100000,72596.990000,0.961330,1772704799999,0,0
0.124112,0.113916,2026-03-05 10:00:00+00:00,72625.430000,73565.000000,72565.720000,73415.730000,5.013670,1772708399999,0,1
0.118715,0.105903,2026-03-05 11:00:00+00:00,73402.090000,73440.970000,72809.610000,72861.780000,0.963010,1772711999999,0,1
0.117091,0.099454,2026-03-05 12:00:00+00:00,72932.200000,73043.350000,72722.090000,72904.160000,0.988810,1772715599999,0,1
0.108690,0.098198,2026-03-05 13:00:00+00:00,72916.170000,72933.960000,72207.860000,72461.470000,2.693130,1772719199999,0,1
0.106559,0.098170,2026-03-05 14:00:00+00:00,72490.460000,72827.720000,71975.060000,72640.770000,2.116530,1772722799999,0,1
0.117933,0.118753,2026-03-05 15:00:00+00:00,72701.320000,72701.320000,71192.900000,71510.560000,3.642890,1772726399999,0,1
0.123749,0.126785,2026-03-05 16:00:00+00:00,71574.740000,71622.210000,70800.000000,71277.460000,3.557500,1772729999999,0,1
0.121414,0.126211,2026-03-05 17:00:00+00:00,71337.000000,71567.860000,70644.770000,70697.550000,2.050380,1772733599999,0,0
0.121490,0.121199,2026-03-05 18:00:00+00:00,70678.340000,71123.070000,70678.340000,71002.330000,2.699330,1772737199999,0,0
0.120097,0.115375,2026-03-05 19:00:00+00:00,71012.120000,71401.600000,70871.420000,70962.590000,2.371270,1772740799999,0,0
0.118235,0.103987,2026-03-05 20:00:00+00:00,70961.420000,71373.400000,70857.150000,71249.800000,1.078330,1772744399999,0,1
0.117524,0.101370,2026-03-05 21:00:00+00:00,71272.250000,71549.850000,71032.140000,71136.000000,1.165520,1772747999999,0,1
0.112759,0.098178,2026-03-05 22:00:00+00:00,71166.340000,71340.160000,71076.280000,71236.500000,0.625690,1772751599999,0,1
0.113855,0.102169,2026-03-05 23:00:00+00:00,71216.380000,71309.180000,70778.400000,70858.600000,1.152990,1772755199999,0,0
0.110717,0.103020,2026-03-06 00:00:00+00:00,70894.730000,71048.980000,70842.940000,70966.460000,1.048710,1772758799999,0,0
0.112559,0.107377,2026-03-06 01:00:00+00:00,70959.230000,71276.030000,70408.420000,71276.030000,2.502050,1772762399999,0,1
0.104025,0.104927,2026-03-06 02:00:00+00:00,71256.200000,71397.250000,71040.170000,71234.890000,1.350730,1772765999999,0,1
0.100307,0.101059,2026-03-06 03:00:00+00:00,71255.580000,71265.700000,71000.000000,71089.960000,0.637430,1772769599999,0,1
0.105968,0.109145,2026-03-06 04:00:00+00:00,71060.730000,71102.020000,70286.610000,70615.090000,0.622520,1772773199999,0,0
0.106474,0.112878,2026-03-06 05:00:00+00:00,70587.920000,70675.910000,70122.070000,70440.200000,0.817880,1772776799999,0,0
0.102567,0.106965,2026-03-06 06:00:00+00:00,70444.270000,70811.670000,70281.190000,70608.460000,0.301570,1772780399999,0,0
0.112979,0.118869,2026-03-06 07:00:00+00:00,70656.820000,71153.370000,70495.580000,71109.690000,0.655410,1772783999999,0,1
0.107038,0.110940,2026-03-06 08:00:00+00:00,70984.630000,70993.330000,70774.390000,70774.390000,0.418450,1772787599999,0,1
0.105627,0.108156,2026-03-06 09:00:00+00:00,70799.920000,70799.920000,70349.000000,70498.360000,1.147840,1772791199999,0,1
0.100031,0.101698,2026-03-06 10:00:00+00:00,70568.860000,70763.130000,70526.040000,70583.710000,0.502400,1772794799999,0,1
0.100407,0.102998,2026-03-06 11:00:00+00:00,70471.490000,70625.980000,70200.000000,70227.800000,0.990000,1772798399999,0,1
0.103761,0.107944,2026-03-06 12:00:00+00:00,70207.680000,70241.510000,69677.710000,69925.800000,1.062560,1772801999999,0,1
0.111158,0.117863,2026-03-06 13:00:00+00:00,70024.800000,70277.250000,69247.890000,69247.890000,1.019120,1772805599999,0,0
0.128330,0.146751,2026-03-06 14:00:00+00:00,69219.440000,69235.400000,68189.230000,68189.230000,5.363300,1772809199999,0,0
0.127898,0.144437,2026-03-06 15:00:00+00:00,68416.080000,69056.200000,68310.210000,68506.200000,0.702220,1772812799999,0,0
0.124663,0.130886,2026-03-06 16:00:00+00:00,68517.110000,68779.800000,68260.140000,68439.020000,0.591270,1772816399999,0,0
0.128765,0.131494,2026-03-06 17:00:00+00:00,68519.450000,68667.930000,67763.000000,68060.280000,16.497560,1772819999999,0,0
0.129954,0.123142,2026-03-06 18:00:00+00:00,67945.020000,68470.650000,67945.020000,68177.690000,2.818020,1772823599999,0,0
0.126758,0.112533,2026-03-06 19:00:00+00:00,68270.820000,68433.900000,68008.700000,68117.970000,6.639810,1772827199999,0,0
0.125828,0.112484,2026-03-06 20:00:00+00:00,68173.840000,68265.370000,67799.560000,68112.700000,9.050430,1772830799999,0,0
0.129727,0.116867,2026-03-06 21:00:00+00:00,68116.400000,68327.980000,67936.910000,68321.110000,0.856110,1772834399999,0,0
0.128923,0.115734,2026-03-06 22:00:00+00:00,68283.930000,68433.750000,68248.140000,68355.600000,0.752280,1772837999999,0,0
0.122751,0.113579,2026-03-06 23:00:00+00:00,68287.970000,68373.720000,68118.250000,68118.250000,0.272400,1772841599999,0,0
0.117417,0.113871,2026-03-07 00:00:00+00:00,68127.770000,68349.090000,68121.410000,68307.180000,1.244110,1772845199999,0,0
0.111504,0.112654,2026-03-07 01:00:00+00:00,68252.630000,68365.460000,68183.410000,68277.300000,1.164980,1772848799999,0,0
0.107284,0.107697,2026-03-07 02:00:00+00:00,68227.480000,68345.070000,68067.710000,68345.070000,1.585680,1772852399999,0,0
0.107495,0.108712,2026-03-07 03:00:00+00:00,68370.400000,68550.690000,68126.440000,68144.770000,1.442290,1772855999999,0,0
0.107484,0.108989,2026-03-07 04:00:00+00:00,68111.810000,68141.570000,67854.000000,68082.300000,0.729800,1772859599999,0,0
0.105253,0.107013,2026-03-07 05:00:00+00:00,68065.280000,68139.270000,67931.560000,68002.800000,0.567960,1772863199999,0,0
0.109912,0.111650,2026-03-07 06:00:00+00:00,68008.000000,68034.150000,67640.860000,67710.560000,0.457500,1772866799999,0,0
0.107911,0.107653,2026-03-07 07:00:00+00:00,67695.700000,67839.120000,67481.800000,67839.120000,0.747180,1772870399999,0,0
0.104985,0.101976,2026-03-07 08:00:00+00:00,67850.100000,68036.600000,67790.600000,67790.600000,0.265830,1772873999999,0,0
0.105785,0.101118,2026-03-07 09:00:00+00:00,67817.040000,68049.300000,67817.040000,68026.370000,0.072070,1772877599999,0,0
0.103494,0.097174,2026-03-07 10:00:00+00:00,68010.860000,68098.690000,67914.630000,67914.630000,0.182960,1772881199999,0,0
0.100955,0.093035,2026-03-07 11:00:00+00:00,67909.280000,68218.200000,67889.260000,68026.460000,0.493520,1772884799999,0,0
0.099270,0.090872,2026-03-07 12:00:00+00:00,68015.630000,68087.840000,67914.430000,67985.590000,0.132670,1772888399999,0,0
0.098016,0.089641,2026-03-07 13:00:00+00:00,68005.550000,68066.500000,67914.730000,67914.730000,0.187460,1772891999999,0,0
0.098281,0.089766,2026-03-07 14:00:00+00:00,67906.890000,68065.690000,67611.520000,68046.060000,0.327740,1772895599999,0,0
0.098771,0.089840,2026-03-07 15:00:00+00:00,68005.050000,68030.020000,67804.060000,67882.480000,0.285850,1772899199999,0,0
0.098935,0.089912,2026-03-07 16:00:00+00:00,67868.650000,67896.380000,67760.220000,67847.630000,0.119760,1772902799999,0,0
0.098768,0.089644,2026-03-07 17:00:00+00:00,67816.510000,67931.510000,67766.920000,67766.920000,0.161500,1772906399999,0,0
0.100761,0.091191,2026-03-07 18:00:00+00:00,67755.440000,67755.440000,67500.000000,67590.300000,0.700400,1772909999999,0,0
0.110128,0.098102,2026-03-07 19:00:00+00:00,67550.240000,67561.600000,66933.550000,67111.020000,2.044680,1772913599999,0,0
0.109929,0.096857,2026-03-07 20:00:00+00:00,67110.990000,67430.000000,67110.990000,67405.020000,0.255970,1772917199999,0,0
0.110788,0.096549,2026-03-07 21:00:00+00:00,67422.400000,67482.060000,67275.030000,67452.940000,0.177430,1772920799999,0,0
0.107190,0.093112,2026-03-07 22:00:00+00:00,67450.910000,67462.380000,67128.050000,67252.120000,0.287890,1772924399999,0,0
0.108354,0.092798,2026-03-07 23:00:00+00:00,67306.200000,67397.000000,67189.490000,67264.190000,0.891780,1772927999999,0,0
0.107100,0.091559,2026-03-08 00:00:00+00:00,67289.130000,67473.400000,67170.750000,67180.400000,0.320380,1772931599999,0,0
0.108379,0.092426,2026-03-08 01:00:00+00:00,67195.510000,67373.210000,67107.110000,67350.710000,1.053330,1772935199999,0,0
0.111898,0.095509,2026-03-08 02:00:00+00:00,67271.910000,67395.060000,66863.640000,66943.170000,0.941450,1772938799999,0,0
0.112374,0.095768,2026-03-08 03:00:00+00:00,66918.590000,67073.690000,66918.590000,67005.800000,0.545690,1772942399999,0,0
0.113665,0.098051,2026-03-08 04:00:00+00:00,67017.590000,67080.000000,66581.670000,66623.960000,1.216060,1772945999999,0,0
0.119503,0.101506,2026-03-08 05:00:00+00:00,66653.210000,67233.380000,66653.210000,67160.460000,0.531500,1772949599999,0,0
0.125436,0.104294,2026-03-08 06:00:00+00:00,67191.880000,67200.000000,67054.570000,67182.960000,0.113640,1772953199999,0,0
0.117523,0.095418,2026-03-08 07:00:00+00:00,67175.370000,67421.030000,67165.650000,67321.410000,0.352660,1772956799999,0,0
0.130017,0.098579,2026-03-08 08:00:00+00:00,67276.850000,67568.480000,67183.480000,67543.810000,1.205010,1772960399999,0,0
0.138718,0.098478,2026-03-08 09:00:00+00:00,67526.880000,67855.800000,67513.530000,67691.020000,0.836190,1772963999999,0,0
0.140328,0.096745,2026-03-08 10:00:00+00:00,67751.650000,68189.230000,67751.650000,67881.980000,1.210680,1772967599999,0,1
0.136146,0.095333,2026-03-08 11:00:00+00:00,67698.130000,67779.670000,67435.900000,67506.410000,0.436350,1772971199999,0,0
0.133758,0.096801,2026-03-08 12:00:00+00:00,67498.530000,67631.500000,66904.750000,67306.780000,0.992720,1772974799999,0,0
0.123341,0.094675,2026-03-08 13:00:00+00:00,67357.770000,67361.200000,66821.040000,67243.670000,1.287260,1772978399999,0,0
0.117635,0.093582,2026-03-08 14:00:00+00:00,67256.840000,67416.690000,67100.000000,67367.820000,0.703030,1772981999999,0,0
0.115603,0.093706,2026-03-08 15:00:00+00:00,67345.960000,67371.200000,67091.360000,67194.420000,0.365880,1772985599999,0,0
0.114152,0.095585,2026-03-08 16:00:00+00:00,67173.300000,67258.140000,66800.000000,66875.230000,0.527890,1772989199999,0,0
0.111304,0.093820,2026-03-08 17:00:00+00:00,66876.560000,67174.160000,66819.240000,66985.230000,0.767030,1772992799999,0,0
0.108551,0.092538,2026-03-08 18:00:00+00:00,67050.100000,67050.100000,66763.610000,66867.610000,0.453720,1772996399999,0,0
0.119722,0.097386,2026-03-08 19:00:00+00:00,66789.140000,67459.790000,66789.140000,67324.350000,0.651230,1772999999999,0,0
0.123358,0.096606,2026-03-08 20:00:00+00:00,67279.170000,67508.890000,67073.920000,67235.700000,1.117440,1773003599999,0,0
0.117934,0.093155,2026-03-08 21:00:00+00:00,67239.190000,67252.750000,66738.600000,66998.970000,0.809710,1773007199999,0,0
0.134101,0.107319,2026-03-08 22:00:00+00:00,66988.910000,66991.120000,65627.020000,66195.660000,3.007350,1773010799999,1,0
0.136143,0.114065,2026-03-08 23:00:00+00:00,66248.580000,66547.760000,65936.130000,66007.380000,0.652970,1773014399999,1,0
0.127627,0.107398,2026-03-09 00:00:00+00:00,65992.980000,66738.600000,65889.080000,66363.720000,1.488390,1773017999999,1,0
0.131475,0.107034,2026-03-09 01:00:00+00:00,66358.390000,66666.440000,66196.490000,66246.620000,1.179980,1773021599999,1,0
0.139721,0.103851,2026-03-09 02:00:00+00:00,66153.730000,66648.520000,65971.120000,66618.130000,1.270000,1773025199999,1,0
0.180173,0.115529,2026-03-09 03:00:00+00:00,66608.880000,67660.000000,66608.880000,67166.040000,1.767860,1773028799999,1,0
0.176948,0.108395,2026-03-09 04:00:00+00:00,67209.450000,67599.080000,67117.000000,67117.000000,0.700430,1773032399999,1,0
0.193942,0.114534,2026-03-09 05:00:00+00:00,67144.370000,68116.020000,67141.600000,67833.680000,1.102460,1773035999999,0,0
0.189781,0.110421,2026-03-09 06:00:00+00:00,67912.150000,67912.150000,67270.300000,67270.300000,1.077850,1773039599999,1,0
0.180493,0.102864,2026-03-09 07:00:00+00:00,67237.470000,67562.980000,66904.750000,67562.980000,0.726780,1773043199999,1,0
0.186168,0.103835,2026-03-09 08:00:00+00:00,67562.970000,67891.230000,67463.280000,67800.910000,1.061610,1773046799999,0,0
0.182926,0.101393,2026-03-09 09:00:00+00:00,67790.250000,68453.340000,67605.640000,67996.910000,0.873570,1773050399999,0,0
0.171135,0.097632,2026-03-09 10:00:00+00:00,68020.040000,68043.050000,67563.780000,67615.850000,0.564470,1773053999999,1,0
0.163509,0.096860,2026-03-09 11:00:00+00:00,67677.800000,67862.010000,67350.810000,67762.250000,1.053290,1773057599999,1,0
0.172475,0.102832,2026-03-09 12:00:00+00:00,67779.730000,68334.520000,67754.500000,68203.580000,1.518570,1773061199999,1,0
0.197810,0.120955,2026-03-09 13:00:00+00:00,68183.510000,69278.830000,68165.660000,69026.520000,2.064260,1773064799999,0,0
0.184995,0.118149,2026-03-09 14:00:00+00:00,68997.740000,69471.920000,68724.940000,69147.490000,1.168770,1773068399999,0,0
0.150818,0.098955,2026-03-09 15:00:00+00:00,69218.440000,69274.330000,68747.970000,69024.160000,1.456290,1773071999999,0,0
0.148292,0.098142,2026-03-09 16:00:00+00:00,68851.030000,69189.680000,68680.340000,68964.900000,1.443540,1773075599999,0,0
0.148742,0.099110,2026-03-09 17:00:00+00:00,68993.900000,69073.550000,68258.500000,68653.670000,0.539440,1773079199999,0,0
0.139637,0.103184,2026-03-09 18:00:00+00:00,68579.800000,68680.500000,68240.840000,68343.080000,0.664700,1773082799999,1,0
0.142791,0.107895,2026-03-09 19:00:00+00:00,68461.890000,69519.890000,68425.480000,69007.670000,0.681620,1773086399999,0,0
0.145758,0.109889,2026-03-09 20:00:00+00:00,69006.030000,69155.860000,68768.400000,69011.980000,0.384730,1773089999999,0,0
0.123237,0.094305,2026-03-09 21:00:00+00:00,69084.750000,69115.410000,68680.340000,68983.640000,0.646930,1773093599999,0,0
0.121467,0.098111,2026-03-09 22:00:00+00:00,68959.940000,69071.910000,68603.660000,68634.000000,0.491240,1773097199999,1,0
0.113981,0.101172,2026-03-09 23:00:00+00:00,68638.980000,68716.590000,68374.920000,68374.920000,0.507150,1773100799999,1,0
0.117362,0.107592,2026-03-10 00:00:00+00:00,68404.530000,69303.150000,68404.530000,69093.680000,1.672590,1773104399999,1,0
0.139314,0.114068,2026-03-10 01:00:00+00:00,69107.300000,69353.460000,68797.690000,69327.160000,0.830080,1773107999999,1,0
0.179879,0.123821,2026-03-10 02:00:00+00:00,69279.250000,70569.360000,69132.340000,70261.290000,4.837380,1773111599999,0,0
0.167972,0.114116,2026-03-10 03:00:00+00:00,70249.660000,70308.400000,69408.430000,69539.250000,0.989000,1773115199999,1,0
0.161392,0.106857,2026-03-10 04:00:00+00:00,69453.260000,70144.400000,69453.260000,70028.470000,0.327240,1773118799999,0,0
0.159520,0.103383,2026-03-10 05:00:00+00:00,70057.470000,70337.200000,69924.480000,69959.230000,0.125580,1773122399999,0,0
0.141732,0.094513,2026-03-10 06:00:00+00:00,69941.060000,70138.300000,69759.490000,69983.400000,0.243500,1773125999999,0,0
0.155977,0.100076,2026-03-10 07:00:00+00:00,69938.890000,70523.900000,69839.760000,70341.760000,0.912860,1773129599999,0,0
0.169353,0.105287,2026-03-10 08:00:00+00:00,70495.000000,71129.080000,70414.200000,70662.280000,1.752260,1773133199999,0,0
0.173202,0.107686,2026-03-10 09:00:00+00:00,70676.650000,71294.050000,70676.650000,71074.180000,0.965190,1773136799999,0,0
0.158696,0.099973,2026-03-10 10:00:00+00:00,71029.050000,71029.050000,70656.000000,70755.700000,2.177720,1773140399999,0,0
0.149829,0.098348,2026-03-10 11:00:00+00:00,70722.700000,70892.100000,70572.090000,70600.520000,0.292580,1773143999999,0,0
0.135254,0.095469,2026-03-10 12:00:00+00:00,70614.290000,70614.290000,70332.600000,70491.600000,2.950050,1773147599999,0,0
0.129518,0.104328,2026-03-10 13:00:00+00:00,70525.600000,70916.500000,69759.490000,69927.860000,6.007360,1773151199999,0,0
0.180787,0.128203,2026-03-10 14:00:00+00:00,69943.430000,71520.000000,69292.310000,71412.200000,6.634390,1773154799999,0,1
0.188790,0.132527,2026-03-10 15:00:00+00:00,71474.220000,71774.180000,70923.510000,71366.620000,3.935860,1773158399999,0,1
0.138391,0.098575,2026-03-10 16:00:00+00:00,71333.300000,71658.610000,70968.800000,71211.520000,2.298540,1773161999999,0,1
0.139514,0.101952,2026-03-10 17:00:00+00:00,71266.330000,71400.240000,70559.670000,70890.660000,1.797630,1773165599999,0,0
0.150585,0.121305,2026-03-10 18:00:00+00:00,70854.030000,70892.450000,69945.350000,69945.350000,1.274830,1773169199999,0,0
0.128899,0.120347,2026-03-10 19:00:00+00:00,70055.240000,70266.000000,69759.490000,70061.030000,0.832370,1773172799999,0,0
0.121272,0.108142,2026-03-10 20:00:00+00:00,70024.360000,70317.410000,70015.370000,70277.120000,0.896770,1773176399999,0,0
0.126655,0.107698,2026-03-10 21:00:00+00:00,70236.360000,70416.670000,69559.980000,69791.690000,2.328140,1773179999999,0,0
0.135647,0.106000,2026-03-10 22:00:00+00:00,69828.280000,69878.080000,69471.790000,69698.760000,1.136130,1773183599999,0,0
0.137843,0.096882,2026-03-10 23:00:00+00:00,69778.520000,69961.140000,69728.110000,69937.150000,0.328270,1773187199999,0,0
0.145711,0.099154,2026-03-11 00:00:00+00:00,69900.700000,70153.660000,69779.660000,70025.820000,0.430870,1773190799999,0,0
0.140427,0.095605,2026-03-11 01:00:00+00:00,70071.950000,70142.480000,69893.230000,70082.030000,0.227260,1773194399999,0,0
0.143806,0.095922,2026-03-11 02:00:00+00:00,70059.060000,70100.000000,69662.560000,69803.800000,0.609440,1773197999999,0,0
0.147406,0.100480,2026-03-11 03:00:00+00:00,69864.580000,69921.090000,69500.420000,69553.720000,0.711900,1773201599999,0,0
0.153487,0.105936,2026-03-11 04:00:00+00:00,69568.900000,70247.650000,69535.970000,70150.450000,0.215270,1773205199999,0,0
0.149503,0.108510,2026-03-11 05:00:00+00:00,70164.400000,70196.590000,69441.450000,69574.280000,0.410390,1773208799999,0,0
0.151710,0.105694,2026-03-11 06:00:00+00:00,69512.710000,69974.730000,69512.710000,69969.280000,1.094520,1773212399999,0,0
0.150268,0.103694,2026-03-11 07:00:00+00:00,69975.120000,70044.890000,69550.390000,69676.920000,0.151220,1773215999999,0,0
0.144883,0.101479,2026-03-11 08:00:00+00:00,69737.080000,69754.020000,69517.600000,69641.260000,0.144120,1773219599999,0,0
0.132416,0.097104,2026-03-11 09:00:00+00:00,69607.850000,69655.510000,69408.430000,69655.120000,0.593720,1773223199999,0,0
0.131991,0.095465,2026-03-11 10:00:00+00:00,69452.670000,69655.760000,69421.000000,69624.310000,0.140810,1773226799999,0,0
0.142622,0.104935,2026-03-11 11:00:00+00:00,69563.030000,69694.540000,69171.450000,69171.450000,0.277690,1773230399999,1,0
0.143103,0.103249,2026-03-11 12:00:00+00:00,69185.700000,69750.820000,68976.270000,69362.950000,0.125690,1773233999999,0,0
0.182766,0.121694,2026-03-11 13:00:00+00:00,69364.280000,71094.720000,69294.890000,70171.450000,1.938240,1773237599999,0,0
0.213728,0.129109,2026-03-11 14:00:00+00:00,70229.860000,70998.790000,69995.850000,70764.980000,1.501100,1773241199999,0,0
0.184636,0.105552,2026-03-11 15:00:00+00:00,70617.780000,70771.900000,69716.430000,70270.700000,2.119200,1773244799999,0,0
0.175222,0.099564,2026-03-11 16:00:00+00:00,70325.570000,70825.700000,70249.950000,70577.720000,1.141870,1773248399999,0,0
0.177469,0.099047,2026-03-11 17:00:00+00:00,70637.090000,71294.050000,70499.980000,70773.500000,1.259120,1773251999999,0,0
0.161506,0.091970,2026-03-11 18:00:00+00:00,70877.280000,70899.000000,70439.810000,70638.010000,0.713970,1773255599999,0,0
0.156336,0.090843,2026-03-11 19:00:00+00:00,70500.000000,70735.780000,70373.780000,70574.890000,0.994470,1773259199999,0,0
0.151289,0.089691,2026-03-11 20:00:00+00:00,70610.210000,70665.340000,70426.570000,70641.480000,0.209360,1773262799999,0,0
0.150192,0.089665,2026-03-11 21:00:00+00:00,70712.750000,70770.180000,70521.360000,70732.430000,0.148160,1773266399999,0,0
0.148787,0.091165,2026-03-11 22:00:00+00:00,70708.250000,70912.340000,70247.650000,70342.420000,0.397900,1773269999999,0,0
0.134230,0.092140,2026-03-11 23:00:00+00:00,70424.410000,70496.580000,70153.660000,70192.650000,0.094860,1773273599999,0,0
0.110434,0.089175,2026-03-12 00:00:00+00:00,70207.970000,70321.270000,70170.230000,70213.580000,0.254600,1773277199999,0,0
0.114117,0.091739,2026-03-12 01:00:00+00:00,70214.960000,70221.420000,69771.010000,69833.680000,0.309520,1773280799999,0,0
0.126445,0.098376,2026-03-12 02:00:00+00:00,69833.760000,69885.510000,69247.240000,69344.560000,0.151350,1773284399999,1,0
0.124877,0.094454,2026-03-12 03:00:00+00:00,69284.170000,69581.420000,69258.060000,69409.020000,0.450590,1773287999999,1,0
0.119128,0.090164,2026-03-12 04:00:00+00:00,69458.700000,69661.890000,69303.090000,69362.340000,0.089960,1773291599999,1,0
0.122137,0.089888,2026-03-12 05:00:00+00:00,69347.330000,69461.270000,69222.500000,69442.970000,0.069110,1773295199999,1,0
0.126214,0.089138,2026-03-12 06:00:00+00:00,69437.920000,69530.890000,69400.740000,69510.220000,0.224870,1773298799999,1,0
0.139189,0.090911,2026-03-12 07:00:00+00:00,69503.980000,69799.130000,69451.970000,69795.060000,0.273480,1773302399999,1,0
0.142874,0.091083,2026-03-12 08:00:00+00:00,69858.100000,70084.770000,69773.780000,69853.210000,0.084970,1773305999999,0,0
0.139114,0.089632,2026-03-12 09:00:00+00:00,69830.460000,70372.330000,69606.680000,69968.530000,0.119320,1773309599999,0,0
0.167861,0.094519,2026-03-12 10:00:00+00:00,70051.500000,70493.420000,69917.280000,70441.050000,0.307600,1773313199999,0,0
0.173164,0.092967,2026-03-12 11:00:00+00:00,70491.230000,70773.270000,70328.530000,70434.020000,0.268420,1773316799999,0,0
0.157787,0.088531,2026-03-12 12:00:00+00:00,70421.680000,70479.300000,70311.520000,70400.000000,0.937510,1773320399999,0,0
0.170595,0.091321,2026-03-12 13:00:00+00:00,70384.760000,70535.230000,69717.060000,69861.850000,0.289610,1773323999999,0,0
0.166753,0.095451,2026-03-12 14:00:00+00:00,69988.790000,70638.540000,69404.590000,69414.450000,0.189460,1773327599999,1,0
0.173619,0.098642,2026-03-12 15:00:00+00:00,69588.970000,70535.580000,69548.090000,70343.470000,0.401020,1773331199999,0,0
0.181775,0.100592,2026-03-12 16:00:00+00:00,70322.550000,70528.360000,69962.670000,70394.690000,0.360800,1773334799999,0,0
0.145278,0.089352,2026-03-12 17:00:00+00:00,70366.820000,70506.280000,70056.300000,70056.300000,0.114510,1773338399999,1,0
0.142781,0.089633,2026-03-12 18:00:00+00:00,70225.000000,70279.140000,69830.270000,69830.270000,1.534640,1773341999999,1,0
0.152712,0.091738,2026-03-12 19:00:00+00:00,69800.670000,70562.380000,69779.750000,70485.820000,0.997760,1773345599999,0,0
0.136463,0.090031,2026-03-12 20:00:00+00:00,70490.550000,70555.120000,70169.710000,70169.710000,0.057250,1773349199999,1,0
0.123234,0.086849,2026-03-12 21:00:00+00:00,70211.340000,70434.570000,70192.620000,70301.030000,0.342840,1773352799999,1,0
0.120210,0.086083,2026-03-12 22:00:00+00:00,70305.640000,70305.640000,70040.720000,70206.730000,0.131620,1773356399999,1,0
0.126913,0.086799,2026-03-12 23:00:00+00:00,70265.300000,70699.060000,70205.910000,70489.420000,0.625400,1773359999999,1,0
0.182255,0.098178,2026-03-13 00:00:00+00:00,70457.740000,71988.420000,70434.090000,71446.000000,3.382460,1773363599999,0,0
0.187009,0.099341,2026-03-13 01:00:00+00:00,71457.100000,71700.030000,71362.410000,71684.860000,1.252330,1773367199999,0,0
0.151966,0.089598,2026-03-13 02:00:00+00:00,71631.710000,71652.130000,71057.340000,71153.690000,2.089520,1773370799999,1,0
0.153029,0.089453,2026-03-13 03:00:00+00:00,71171.560000,71505.340000,70961.470000,71428.420000,0.721750,1773374399999,1,0
0.147675,0.087998,2026-03-13 04:00:00+00:00,71401.370000,71471.460000,71252.910000,71356.830000,0.205770,1773377999999,1,0
0.136878,0.086304,2026-03-13 05:00:00+00:00,71352.480000,71637.910000,71254.180000,71522.320000,0.345970,1773381599999,1,0
0.129788,0.086323,2026-03-13 06:00:00+00:00,71505.750000,71561.410000,71212.500000,71291.040000,0.011570,1773385199999,1,0
0.133924,0.086462,2026-03-13 07:00:00+00:00,71344.870000,71658.610000,71261.510000,71578.000000,0.062250,1773388799999,1,0
0.137332,0.087965,2026-03-13 08:00:00+00:00,71649.970000,72115.700000,71486.720000,71802.370000,0.665410,1773392399999,0,0
0.135572,0.088228,2026-03-13 09:00:00+00:00,71861.790000,72085.870000,71610.600000,72053.340000,0.168530,1773395999999,0,0
0.138587,0.090633,2026-03-13 10:00:00+00:00,71990.850000,72567.480000,71990.850000,72461.600000,19.779660,1773399599999,0,0
0.122769,0.088475,2026-03-13 11:00:00+00:00,72480.700000,72492.530000,72225.000000,72287.490000,0.272700,1773403199999,0,0
0.129478,0.089353,2026-03-13 12:00:00+00:00,72229.870000,72856.110000,72229.870000,72783.140000,1.146920,1773406799999,0,0
0.156232,0.097267,2026-03-13 13:00:00+00:00,72730.200000,73570.770000,72660.540000,73341.020000,3.322140,1773410399999,0,0
0.139972,0.091987,2026-03-13 14:00:00+00:00,73522.000000,73895.520000,72350.360000,72450.000000,4.737060,1773413999999,0,0
0.141672,0.099057,2026-03-13 15:00:00+00:00,72465.970000,72823.740000,71750.000000,71750.000000,0.990210,1773417599999,0,0
0.115783,0.092329,2026-03-13 16:00:00+00:00,71911.100000,72080.510000,71181.570000,72033.700000,0.880600,1773421199999,0,0
0.117988,0.101389,2026-03-13 17:00:00+00:00,71909.420000,72153.150000,70900.600000,70990.770000,0.493020,1773424799999,0,0
0.118726,0.103737,2026-03-13 18:00:00+00:00,71087.580000,71311.720000,70879.230000,71063.970000,0.766470,1773428399999,0,0
0.108157,0.089831,2026-03-13 19:00:00+00:00,71063.500000,71316.830000,71027.810000,71240.260000,0.283400,1773431999999,0,0
0.111489,0.088768,2026-03-13 20:00:00+00:00,71172.840000,71456.050000,71172.840000,71379.780000,0.318750,1773435599999,0,0
0.112242,0.087690,2026-03-13 21:00:00+00:00,71369.380000,71499.160000,71083.800000,71111.450000,0.275210,1773439199999,0,0
0.120883,0.088085,2026-03-13 22:00:00+00:00,71122.140000,71158.130000,70564.500000,70820.590000,0.474070,1773442799999,0,0
0.119834,0.087244,2026-03-13 23:00:00+00:00,70795.200000,70973.250000,70730.860000,70968.630000,0.070780,1773446399999,0,0
0.120752,0.088301,2026-03-14 00:00:00+00:00,70877.840000,70935.950000,70577.520000,70675.480000,0.123040,1773449999999,0,0
0.115781,0.088743,2026-03-14 01:00:00+00:00,70615.410000,70891.230000,70496.180000,70857.710000,0.126310,1773453599999,0,0
0.113527,0.088151,2026-03-14 02:00:00+00:00,70834.500000,70898.470000,70749.530000,70822.600000,0.137020,1773457199999,0,0
0.117900,0.089101,2026-03-14 03:00:00+00:00,70836.370000,71153.370000,70836.270000,71081.310000,0.250650,1773460799999,0,0
0.116129,0.089884,2026-03-14 04:00:00+00:00,71094.860000,71296.800000,71069.730000,71084.460000,0.150430,1773464399999,0,0
0.111974,0.088200,2026-03-14 05:00:00+00:00,71077.110000,71147.790000,70961.430000,71012.060000,0.103790,1773467999999,0,0
0.119210,0.091310,2026-03-14 06:00:00+00:00,70977.300000,70977.300000,70355.000000,70631.130000,0.342170,1773471599999,0,0
0.120124,0.092320,2026-03-14 07:00:00+00:00,70682.610000,70732.100000,70507.570000,70581.970000,0.047510,1773475199999,0,0
0.113352,0.089855,2026-03-14 08:00:00+00:00,70666.460000,70717.670000,70558.350000,70581.750000,0.024620,1773478799999,0,0
0.113465,0.089746,2026-03-14 09:00:00+00:00,70619.270000,70698.230000,70517.760000,70547.380000,0.127290,1773482399999,0,0
0.112792,0.088929,2026-03-14 10:00:00+00:00,70542.920000,70579.310000,70438.830000,70562.180000,0.023210,1773485999999,0,0
0.114938,0.088788,2026-03-14 11:00:00+00:00,70613.090000,70763.570000,70613.090000,70689.070000,0.086390,1773489599999,0,0
0.114757,0.088643,2026-03-14 12:00:00+00:00,70780.310000,70811.670000,70617.960000,70766.990000,0.028580,1773493199999,0,0
0.112286,0.087269,2026-03-14 13:00:00+00:00,70753.550000,70927.030000,70745.000000,70868.720000,0.199880,1773496799999,0,0
0.110202,0.086768,2026-03-14 14:00:00+00:00,70900.020000,70955.700000,70595.520000,70595.520000,0.175960,1773500399999,0,0
0.108630,0.086683,2026-03-14 15:00:00+00:00,70615.970000,70708.280000,70500.000000,70572.530000,0.059310,1773503999999,0,0
0.103877,0.085545,2026-03-14 16:00:00+00:00,70563.110000,70691.120000,70509.880000,70691.120000,0.044500,1773507599999,0,0
0.102760,0.085550,2026-03-14 17:00:00+00:00,70690.780000,70729.220000,70615.590000,70627.460000,0.044850,1773511199999,0,0
0.102029,0.085271,2026-03-14 18:00:00+00:00,70596.050000,70683.470000,70581.380000,70676.810000,0.117220,1773514799999,0,0
0.102395,0.085046,2026-03-14 19:00:00+00:00,70672.900000,70728.180000,70625.400000,70704.430000,0.024960,1773518399999,0,0
0.105040,0.085420,2026-03-14 20:00:00+00:00,70710.000000,70845.940000,70636.860000,70845.940000,0.095940,1773521999999,0,0
0.103076,0.085057,2026-03-14 21:00:00+00:00,70791.000000,70794.420000,70674.220000,70783.030000,0.070170,1773525599999,0,0
0.101585,0.084850,2026-03-14 22:00:00+00:00,70765.590000,70813.510000,70699.850000,70724.280000,0.143980,1773529199999,1,0
0.118028,0.087382,2026-03-14 23:00:00+00:00,70806.080000,71258.560000,70799.630000,71211.280000,0.318900,1773532799999,0,0
0.117280,0.086941,2026-03-15 00:00:00+00:00,71188.820000,71188.820000,70909.770000,70970.720000,1.099210,1773536399999,1,0
0.111752,0.085726,2026-03-15 01:00:00+00:00,71000.000000,71038.990000,70893.990000,71007.980000,0.044120,1773539999999,1,0
0.131778,0.088144,2026-03-15 02:00:00+00:00,71096.860000,71591.590000,71096.860000,71489.840000,1.903150,1773543599999,0,0
0.128252,0.087390,2026-03-15 03:00:00+00:00,71513.110000,71527.860000,71296.080000,71343.520000,0.057740,1773547199999,1,0
0.121380,0.085974,2026-03-15 04:00:00+00:00,71339.250000,71642.600000,71339.250000,71554.610000,0.223900,1773550799999,1,0
0.121948,0.086024,2026-03-15 05:00:00+00:00,71541.760000,71787.400000,71491.940000,71491.940000,0.326620,1773554399999,1,0
0.114676,0.085285,2026-03-15 06:00:00+00:00,71489.320000,71577.800000,71432.390000,71447.870000,0.080740,1773557999999,1,0
0.107393,0.084438,2026-03-15 07:00:00+00:00,71461.900000,71652.050000,71415.820000,71461.800000,0.154910,1773561599999,1,0
0.115052,0.085565,2026-03-15 08:00:00+00:00,71519.060000,71700.000000,71475.640000,71700.000000,0.132100,1773565199999,1,0
0.116146,0.085928,2026-03-15 09:00:00+00:00,71729.500000,71930.660000,71729.500000,71794.450000,0.174120,1773568799999,0,0
0.108993,0.085107,2026-03-15 10:00:00+00:00,71831.200000,71905.730000,71751.520000,71806.000000,0.024640,1773572399999,0,0
0.109276,0.085011,2026-03-15 11:00:00+00:00,71793.970000,71856.930000,71693.440000,71856.930000,0.046950,1773575999999,0,0
0.104855,0.085072,2026-03-15 12:00:00+00:00,71838.080000,71838.080000,71598.790000,71627.710000,0.072940,1773579599999,1,0
0.098723,0.084684,2026-03-15 13:00:00+00:00,71662.900000,71679.800000,71300.000000,71600.000000,0.214670,1773583199999,1,0
0.095974,0.083913,2026-03-15 14:00:00+00:00,71578.690000,71625.830000,71376.900000,71617.580000,0.582290,1773586799999,1,0
0.096745,0.084283,2026-03-15 15:00:00+00:00,71611.950000,71616.390000,71443.980000,71471.390000,0.101540,1773590399999,1,0
0.097862,0.084398,2026-03-15 16:00:00+00:00,71472.310000,71594.010000,71339.430000,71418.570000,0.122780,1773593999999,1,0
0.105615,0.085810,2026-03-15 17:00:00+00:00,71423.460000,71987.170000,71419.030000,71830.070000,0.140310,1773597599999,0,0
0.105698,0.085735,2026-03-15 18:00:00+00:00,71790.300000,71835.980000,71301.640000,71370.700000,0.145140,1773601199999,1,0
0.104853,0.085311,2026-03-15 19:00:00+00:00,71414.350000,71577.930000,71356.470000,71548.630000,0.246230,1773604799999,1,0
0.108318,0.085555,2026-03-15 20:00:00+00:00,71535.150000,71903.440000,71430.820000,71748.470000,1.119080,1773608399999,1,0
0.118205,0.086513,2026-03-15 21:00:00+00:00,71713.540000,72232.300000,71640.320000,72037.880000,0.157600,1773611999999,1,0
0.160298,0.091639,2026-03-15 22:00:00+00:00,72061.300000,73036.330000,71750.000000,72715.090000,1.538180,1773615599999,1,0
0.164879,0.090105,2026-03-15 23:00:00+00:00,72756.960000,73181.720000,72427.890000,72741.880000,2.715310,1773619199999,0,0
0.144947,0.086606,2026-03-16 00:00:00+00:00,72879.100000,73000.000000,72488.380000,72538.740000,1.527010,1773622799999,1,0
0.149367,0.086445,2026-03-16 01:00:00+00:00,72600.150000,72830.000000,72307.490000,72788.630000,0.100680,1773626399999,1,0
0.145876,0.085752,2026-03-16 02:00:00+00:00,72741.440000,72863.650000,72360.320000,72599.170000,0.224190,1773629999999,1,0
0.181600,0.091662,2026-03-16 03:00:00+00:00,72490.070000,74286.690000,72474.400000,73600.000000,1.676770,1773633599999,0,0
0.191145,0.095903,2026-03-16 04:00:00+00:00,73634.060000,74425.530000,73600.080000,73820.550000,0.759810,1773637199999,0,0
0.164425,0.089621,2026-03-16 05:00:00+00:00,73800.010000,74227.530000,73682.460000,74128.760000,0.510440,1773640799999,0,0
0.153341,0.088128,2026-03-16 06:00:00+00:00,74000.000000,74000.000000,73621.920000,73833.490000,0.136380,1773644399999,0,0
0.153782,0.088705,2026-03-16 07:00:00+00:00,73670.520000,73937.330000,73417.090000,73417.090000,0.082560,1773647999999,0,0
0.136337,0.087928,2026-03-16 08:00:00+00:00,73651.980000,73747.900000,72895.550000,73098.140000,1.236150,1773651599999,1,0
0.114758,0.086093,2026-03-16 09:00:00+00:00,73115.760000,73305.830000,73115.760000,73264.090000,0.028290,1773655199999,1,0
0.128590,0.090025,2026-03-16 10:00:00+00:00,73264.120000,73767.010000,73264.120000,73767.010000,0.093530,1773658799999,0,0
0.121028,0.086811,2026-03-16 11:00:00+00:00,73799.830000,73817.480000,73532.160000,73547.970000,1.680990,1773662399999,0,0
0.116075,0.085641,2026-03-16 12:00:00+00:00,73569.700000,74035.510000,73468.140000,73853.090000,0.856240,1773665999999,0,0
0.120947,0.087111,2026-03-16 13:00:00+00:00,73875.760000,74477.930000,73800.000000,74014.170000,0.905690,1773669599999,0,0
0.102827,0.085582,2026-03-16 14:00:00+00:00,74077.740000,74422.100000,73024.870000,73530.430000,2.286990,1773673199999,1,0
0.104796,0.086874,2026-03-16 15:00:00+00:00,73615.110000,74020.970000,73203.480000,73203.480000,0.703710,1773676799999,1,0
0.107486,0.086978,2026-03-16 16:00:00+00:00,73266.860000,73895.690000,73241.190000,73789.080000,0.142680,1773680399999,1,0
0.117470,0.090032,2026-03-16 17:00:00+00:00,73786.280000,74009.490000,73737.130000,73975.540000,0.214090,1773683999999,0,0
0.109897,0.085364,2026-03-16 18:00:00+00:00,73949.050000,74364.490000,73943.890000,73943.890000,2.071900,1773687599999,0,0
0.113259,0.084917,2026-03-16 19:00:00+00:00,73866.670000,74400.000000,73820.550000,73981.000000,0.522400,1773691199999,0,0
0.122194,0.086177,2026-03-16 20:00:00+00:00,73995.220000,74244.190000,73904.300000,74237.740000,0.363890,1773694799999,0,0
0.123906,0.086187,2026-03-16 21:00:00+00:00,74181.670000,74777.000000,74181.670000,74431.900000,0.720020,1773698399999,0,0
0.135447,0.087000,2026-03-16 22:00:00+00:00,74414.450000,74897.980000,74412.790000,74724.900000,1.640590,1773701999999,0,0
0.141083,0.087276,2026-03-16 23:00:00+00:00,74724.900000,74900.000000,74300.000000,74879.980000,0.415120,1773705599999,0,0
0.152679,0.088540,2026-03-17 00:00:00+00:00,74821.700000,75500.000000,74686.840000,75270.240000,5.698780,1773709199999,0,0
0.164929,0.091053,2026-03-17 01:00:00+00:00,75369.000000,76100.000000,75132.140000,75655.290000,11.040080,1773712799999,0,0
0.150527,0.087907,2026-03-17 02:00:00+00:00,75654.230000,75659.330000,75121.090000,75186.100000,13.465380,1773716399999,0,0
0.150529,0.091071,2026-03-17 03:00:00+00:00,75252.000000,75421.680000,74285.710000,74494.900000,11.486080,1773719999999,0,0
0.132707,0.091699,2026-03-17 04:00:00+00:00,74514.520000,74768.730000,74045.000000,74222.960000,6.847490,1773723599999,0,0
0.112812,0.088822,2026-03-17 05:00:00+00:00,74186.080000,74620.400000,73806.900000,74060.930000,7.782700,1773727199999,0,0
0.105970,0.087174,2026-03-17 06:00:00+00:00,74030.610000,74417.890000,73893.670000,74112.460000,3.170800,1773730799999,0,0
0.106632,0.086771,2026-03-17 07:00:00+00:00,74100.340000,74694.100000,74100.340000,74332.130000,6.026430,1773734399999,0,0
0.104368,0.084674,2026-03-17 08:00:00+00:00,74331.950000,74618.910000,74164.570000,74195.200000,0.611060,1773737999999,0,0
0.107022,0.085042,2026-03-17 09:00:00+00:00,74204.790000,74415.170000,73846.550000,73937.440000,0.257720,1773741599999,0,0
0.108816,0.085526,2026-03-17 10:00:00+00:00,73926.320000,73964.180000,73586.600000,73779.900000,0.516800,1773745199999,0,0
0.108724,0.085263,2026-03-17 11:00:00+00:00,73750.580000,74196.740000,73691.770000,74021.710000,1.649110,1773748799999,0,0
0.110175,0.086050,2026-03-17 12:00:00+00:00,74018.150000,74240.970000,73681.790000,73717.080000,0.145560,1773752399999,0,0
0.107379,0.086290,2026-03-17 13:00:00+00:00,73721.330000,74121.860000,73555.000000,73654.070000,3.732230,1773755999999,0,0
0.121614,0.092132,2026-03-17 14:00:00+00:00,73646.370000,74381.510000,73555.000000,74381.510000,5.833640,1773759599999,0,0
0.120682,0.090778,2026-03-17 15:00:00+00:00,74416.340000,74864.860000,73700.000000,73941.770000,2.940630,1773763199999,0,0
0.115279,0.088139,2026-03-17 16:00:00+00:00,73926.920000,74353.500000,73903.440000,74214.660000,0.592520,1773766799999,0,0
0.130130,0.090545,2026-03-17 17:00:00+00:00,74266.100000,74585.500000,74075.990000,74498.520000,0.303620,1773770399999,0,1
0.136039,0.090116,2026-03-17 18:00:00+00:00,74491.140000,74739.210000,74343.710000,74695.000000,1.086510,1773773999999,0,1
0.125114,0.087387,2026-03-17 19:00:00+00:00,74688.590000,74782.690000,74496.640000,74506.640000,1.109080,1773777599999,0,1
0.128204,0.087294,2026-03-17 20:00:00+00:00,74504.050000,74656.690000,74386.040000,74545.540000,0.153100,1773781199999,0,1
0.126759,0.086953,2026-03-17 21:00:00+00:00,74515.850000,74796.650000,74449.750000,74683.690000,0.180760,1773784799999,0,1
0.120091,0.087141,2026-03-17 22:00:00+00:00,74653.490000,74779.770000,73951.760000,74330.410000,0.260790,1773788399999,0,1
0.123249,0.090580,2026-03-17 23:00:00+00:00,74311.650000,74375.440000,73897.960000,73908.830000,0.377360,1773791999999,0,0
0.113390,0.088940,2026-03-18 00:00:00+00:00,73928.580000,74076.190000,73568.010000,73858.070000,0.266720,1773795599999,0,0
0.105260,0.086878,2026-03-18 01:00:00+00:00,73853.940000,74196.740000,73844.720000,74099.840000,1.390280,1773799199999,0,0
0.110250,0.088286,2026-03-18 02:00:00+00:00,74114.840000,74445.820000,74090.620000,74365.000000,1.494580,1773802799999,0,1
0.107818,0.086679,2026-03-18 03:00:00+00:00,74354.420000,74609.550000,74279.860000,74483.180000,0.289140,1773806399999,0,1
0.104047,0.085627,2026-03-18 04:00:00+00:00,74462.450000,74495.750000,74157.800000,74206.450000,0.146890,1773809999999,0,1
0.104086,0.101067,2026-03-18 05:00:00+00:00,74169.990000,74283.690000,73855.060000,73893.220000,0.574230,1773813599999,0,1
0.095091,0.098722,2026-03-18 06:00:00+00:00,74006.660000,74224.580000,73989.810000,74040.010000,0.072030,1773817199999,0,1
0.094228,0.098063,2026-03-18 07:00:00+00:00,73958.890000,73996.650000,73600.400000,73796.250000,3.031340,1773820799999,0,0
0.094798,0.098620,2026-03-18 08:00:00+00:00,73933.030000,74105.890000,73877.950000,74028.340000,3.310230,1773824399999,0,1
0.095428,0.100090,2026-03-18 09:00:00+00:00,74042.790000,74248.830000,73920.730000,74111.900000,6.664590,1773827999999,0,1
0.092845,0.098488,2026-03-18 10:00:00+00:00,74186.570000,74251.570000,73808.000000,73919.540000,9.577090,1773831599999,0,1
0.126892,0.108583,2026-03-18 11:00:00+00:00,73897.540000,73995.460000,72721.740000,72905.600000,5.966140,1773835199999,0,1
0.133598,0.115702,2026-03-18 12:00:00+00:00,72902.370000,72957.940000,72290.000000,72395.680000,6.681860,1773838799999,0,1
0.123842,0.114311,2026-03-18 13:00:00+00:00,72267.120000,72537.370000,71966.970000,72082.640000,1.649700,1773842399999,0,1
0.134726,0.136130,2026-03-18 14:00:00+00:00,72107.520000,72181.840000,71150.000000,71150.000000,9.406940,1773845999999,0,0
0.137840,0.132267,2026-03-18 15:00:00+00:00,71135.880000,71511.810000,70852.870000,71494.610000,2.445500,1773849599999,0,0
0.135554,0.119351,2026-03-18 16:00:00+00:00,71442.950000,71541.590000,71063.010000,71368.850000,3.335460,1773853199999,0,0
0.135293,0.114631,2026-03-18 17:00:00+00:00,71348.800000,71762.490000,71209.500000,71603.810000,0.606940,1773856799999,0,1
0.139372,0.120792,2026-03-18 18:00:00+00:00,71636.200000,71979.140000,70956.010000,71069.890000,0.842000,1773860399999,0,0
0.140128,0.122880,2026-03-18 19:00:00+00:00,71114.400000,71483.490000,70955.970000,71022.690000,0.271250,1773863999999,0,0
0.133760,0.119531,2026-03-18 20:00:00+00:00,71033.390000,71313.330000,70500.010000,71237.140000,0.796770,1773867599999,0,1
0.136794,0.121593,2026-03-18 21:00:00+00:00,71257.370000,71450.000000,71159.370000,71335.450000,3.208000,1773871199999,0,1
0.125204,0.118424,2026-03-18 22:00:00+00:00,71206.630000,71206.630000,70979.300000,71130.000000,0.202040,1773874799999,0,0
0.122496,0.117382,2026-03-18 23:00:00+00:00,71148.220000,71380.520000,71088.600000,71256.100000,0.291500,1773878399999,0,1
0.120780,0.120141,2026-03-19 00:00:00+00:00,71206.970000,71318.170000,71000.000000,71000.000000,0.477200,1773881999999,0,0
0.116823,0.120254,2026-03-19 01:00:00+00:00,71060.980000,71179.640000,70987.650000,71132.900000,0.150280,1773885599999,0,0
0.112631,0.117336,2026-03-19 02:00:00+00:00,71105.590000,71254.780000,70927.310000,71059.030000,0.139580,1773889199999,0,0
0.114385,0.115018,2026-03-19 03:00:00+00:00,71091.160000,71621.510000,71082.830000,71250.000000,0.326800,1773892799999,0,1
0.121906,0.116986,2026-03-19 04:00:00+00:00,71181.570000,71199.400000,70646.870000,70824.280000,0.459410,1773896399999,0,0
0.122236,0.115968,2026-03-19 05:00:00+00:00,70841.210000,70905.680000,70672.920000,70824.890000,0.305750,1773899999999,0,0
0.117427,0.113016,2026-03-19 06:00:00+00:00,70843.010000,70925.420000,70555.000000,70581.540000,5.208590,1773903599999,0,0
0.127333,0.118372,2026-03-19 07:00:00+00:00,70601.880000,70601.880000,69669.000000,70194.360000,8.402900,1773907199999,0,0
0.128143,0.117699,2026-03-19 08:00:00+00:00,70258.080000,70258.080000,69935.670000,69985.260000,0.108360,1773910799999,0,0
0.132747,0.112350,2026-03-19 09:00:00+00:00,70040.000000,70518.640000,69994.810000,70483.920000,0.198850,1773914399999,0,0
0.132605,0.109357,2026-03-19 10:00:00+00:00,70468.140000,70482.560000,70148.140000,70148.140000,0.012640,1773917999999,0,0
0.129709,0.107745,2026-03-19 11:00:00+00:00,70144.330000,70192.030000,69927.980000,69927.980000,1.172810,1773921599999,0,0
0.139229,0.111231,2026-03-19 12:00:00+00:00,69914.460000,69920.000000,69147.690000,69351.560000,0.462000,1773925199999,0,0
0.144854,0.110421,2026-03-19 13:00:00+00:00,69251.070000,70037.520000,69105.000000,69906.920000,0.441070,1773928799999,0,0
0.143115,0.111645,2026-03-19 14:00:00+00:00,70010.380000,70223.010000,69111.280000,69547.300000,0.647800,1773932399999,0,0
0.133329,0.108938,2026-03-19 15:00:00+00:00,69511.040000,69886.100000,68791.950000,69524.700000,1.723550,1773935999999,0,0
0.124821,0.106065,2026-03-19 16:00:00+00:00,69401.200000,69600.000000,69242.150000,69486.370000,0.236860,1773939599999,0,0
0.143462,0.109564,2026-03-19 17:00:00+00:00,69427.490000,69928.930000,69131.810000,69849.820000,0.220900,1773943199999,0,0
0.139797,0.109672,2026-03-19 18:00:00+00:00,69811.690000,70089.480000,69626.650000,69800.000000,2.785130,1773946799999,0,0
0.167878,0.110599,2026-03-19 19:00:00+00:00,69818.810000,70583.870000,69818.810000,70239.670000,1.202360,1773950399999,0,0
0.192724,0.113329,2026-03-19 20:00:00+00:00,70249.370000,70655.060000,70224.550000,70468.860000,0.150270,1773953999999,0,0
0.183891,0.107899,2026-03-19 21:00:00+00:00,70499.780000,70699.060000,70389.080000,70469.670000,1.646020,1773957599999,0,0
0.184054,0.107038,2026-03-19 22:00:00+00:00,70458.390000,70458.390000,69974.730000,70145.770000,0.293310,1773961199999,0,0
0.179671,0.107577,2026-03-19 23:00:00+00:00,70219.140000,70271.800000,69745.430000,69977.880000,0.138620,1773964799999,0,0
0.154055,0.106653,2026-03-20 00:00:00+00:00,69934.160000,70277.250000,69862.750000,70239.150000,1.577850,1773968399999,0,0
0.174578,0.109368,2026-03-20 01:00:00+00:00,70204.020000,70588.780000,70204.020000,70466.940000,0.156830,1773971999999,0,0
0.162188,0.105830,2026-03-20 02:00:00+00:00,70359.090000,70501.090000,70089.140000,70439.780000,0.205350,1773975599999,0,0
0.172029,0.106110,2026-03-20 03:00:00+00:00,70410.320000,70789.120000,70408.050000,70738.280000,0.343920,1773979199999,0,0
0.168206,0.106068,2026-03-20 04:00:00+00:00,70778.950000,70959.460000,70583.370000,70775.560000,0.165540,1773982799999,0,0
0.143179,0.102772,2026-03-20 05:00:00+00:00,70755.950000,70855.620000,70554.060000,70593.090000,0.119470,1773986399999,0,0
0.126819,0.102908,2026-03-20 06:00:00+00:00,70562.030000,70620.710000,70391.960000,70474.540000,0.156650,1773989999999,0,0
0.142727,0.105230,2026-03-20 07:00:00+00:00,70463.110000,70899.960000,70202.430000,70899.960000,0.076610,1773993599999,0,0
0.169873,0.109169,2026-03-20 08:00:00+00:00,70818.920000,71347.200000,70818.920000,71165.560000,0.360620,1773997199999,0,0
0.161409,0.105454,2026-03-20 09:00:00+00:00,70991.960000,70991.960000,70464.670000,70512.640000,0.155440,1774000799999,0,0
0.155439,0.105529,2026-03-20 10:00:00+00:00,70573.320000,70573.320000,70244.890000,70551.510000,0.092150,1774004399999,0,0
0.122061,0.100613,2026-03-20 11:00:00+00:00,70695.220000,70806.330000,70344.780000,70428.940000,0.739730,1774007999999,0,0
0.117585,0.101691,2026-03-20 12:00:00+00:00,70490.870000,70682.040000,70277.250000,70326.840000,0.194010,1774011599999,0,0
0.130835,0.106006,2026-03-20 13:00:00+00:00,70344.980000,70641.800000,69799.130000,69837.250000,0.485430,1774015199999,0,0
0.130973,0.106511,2026-03-20 14:00:00+00:00,69772.730000,70250.000000,69616.080000,69732.320000,0.585560,1774018799999,0,0
0.124293,0.103297,2026-03-20 15:00:00+00:00,69787.370000,69987.310000,69500.000000,69880.180000,0.284160,1774022399999,0,0
0.128147,0.104515,2026-03-20 16:00:00+00:00,69847.410000,70092.940000,69625.230000,69681.980000,0.295600,1774025999999,0,0
0.135512,0.105830,2026-03-20 17:00:00+00:00,69918.630000,69988.500000,69408.430000,69982.670000,0.300010,1774029599999,0,0
0.134483,0.106223,2026-03-20 18:00:00+00:00,70016.800000,70065.730000,69506.000000,69719.780000,0.327600,1774033199999,0,0
0.151610,0.107574,2026-03-20 19:00:00+00:00,69834.790000,70155.950000,69707.350000,70155.950000,0.442420,1774036799999,0,0
0.148172,0.107999,2026-03-20 20:00:00+00:00,70112.930000,70250.000000,69759.490000,70027.430000,0.979430,1774040399999,0,0
0.177063,0.109255,2026-03-20 21:00:00+00:00,70053.150000,70699.060000,69963.640000,70544.960000,0.506500,1774043999999,0,0
0.199486,0.112782,2026-03-20 22:00:00+00:00,70554.960000,70885.220000,70540.780000,70766.040000,5.595300,1774047599999,0,0
0.189341,0.106814,2026-03-20 23:00:00+00:00,70737.170000,70737.170000,70393.200000,70494.620000,0.250040,1774051199999,0,0
0.191399,0.106809,2026-03-21 00:00:00+00:00,70549.420000,70820.440000,70464.810000,70699.440000,0.231370,1774054799999,0,1
0.185570,0.106711,2026-03-21 01:00:00+00:00,70703.390000,70752.930000,70465.280000,70465.280000,0.092050,1774058399999,0,0
0.172449,0.106796,2026-03-21 02:00:00+00:00,70436.310000,70778.110000,70436.310000,70719.520000,0.135660,1774061999999,0,1
0.172693,0.107288,2026-03-21 03:00:00+00:00,70706.730000,70792.660000,70650.750000,70712.750000,0.062130,1774065599999,0,1
0.152458,0.104295,2026-03-21 04:00:00+00:00,70679.850000,70798.500000,70641.630000,70643.630000,1.488530,1774069199999,0,0
0.147770,0.104355,2026-03-21 05:00:00+00:00,70659.880000,70791.380000,70629.860000,70735.640000,0.211560,1774072799999,0,1
0.137207,0.104367,2026-03-21 06:00:00+00:00,70718.910000,70780.200000,70718.910000,70760.310000,0.059780,1774076399999,0,1
0.120568,0.102965,2026-03-21 07:00:00+00:00,70778.250000,70823.350000,70695.210000,70707.600000,0.054520,1774079999999,0,1
0.112108,0.103151,2026-03-21 08:00:00+00:00,70718.650000,70733.170000,70500.620000,70573.380000,0.022750,1774083599999,0,0
0.110716,0.102848,2026-03-21 09:00:00+00:00,70577.180000,70737.740000,70577.180000,70688.660000,0.015170,1774087199999,0,1
0.109540,0.102604,2026-03-21 10:00:00+00:00,70674.960000,70674.960000,70607.710000,70607.710000,0.007870,1774090799999,0,0
0.106838,0.102022,2026-03-21 11:00:00+00:00,70616.190000,70636.500000,70563.930000,70622.730000,0.009510,1774094399999,0,0
0.110089,0.102696,2026-03-21 12:00:00+00:00,70687.800000,70796.400000,70678.700000,70729.080000,0.035230,1774097999999,0,1
0.108898,0.102572,2026-03-21 13:00:00+00:00,70747.990000,70791.970000,70716.730000,70716.730000,0.045730,1774101599999,0,1
0.107540,0.102407,2026-03-21 14:00:00+00:00,70809.030000,71086.480000,70633.770000,70633.770000,1.293080,1774105199999,0,1
0.108582,0.102523,2026-03-21 15:00:00+00:00,70639.700000,70713.630000,70466.940000,70677.460000,0.190820,1774108799999,0,1
0.123967,0.105244,2026-03-21 16:00:00+00:00,70677.140000,70677.140000,70258.180000,70280.000000,0.218670,1774112399999,0,1
0.125912,0.105627,2026-03-21 17:00:00+00:00,70294.360000,70409.600000,70233.720000,70335.150000,0.124150,1774115999999,0,1
0.123093,0.104405,2026-03-21 18:00:00+00:00,70332.330000,70504.880000,70313.170000,70417.890000,0.186920,1774119599999,0,1
0.122564,0.104113,2026-03-21 19:00:00+00:00,70428.530000,70453.680000,70327.370000,70388.200000,0.065630,1774123199999,0,1
0.125129,0.104257,2026-03-21 20:00:00+00:00,70403.180000,70491.780000,70353.350000,70472.360000,0.445620,1774126799999,0,1
0.124775,0.104490,2026-03-21 21:00:00+00:00,70454.130000,70493.780000,70275.730000,70348.220000,0.057090,1774130399999,0,1
0.124101,0.104751,2026-03-21 22:00:00+00:00,70356.850000,70379.060000,70265.070000,70297.530000,0.080960,1774133999999,0,1
0.180624,0.129224,2026-03-21 23:00:00+00:00,70252.000000,70268.010000,68571.950000,68747.470000,1.530280,1774137599999,0,0
0.181789,0.138327,2026-03-22 00:00:00+00:00,68803.760000,69128.000000,68330.430000,68916.570000,6.682450,1774141199999,0,0
0.180536,0.122910,2026-03-22 01:00:00+00:00,68993.650000,69072.720000,68822.340000,68965.810000,0.185690,1774144799999,0,0
0.199549,0.125330,2026-03-22 02:00:00+00:00,69000.000000,69419.990000,68962.970000,69306.550000,0.441120,1774148399999,0,0
0.208860,0.121792,2026-03-22 03:00:00+00:00,69294.290000,69559.980000,69120.750000,69335.780000,0.068140,1774151999999,0,0
0.190866,0.112341,2026-03-22 04:00:00+00:00,69368.440000,69512.440000,69238.160000,69358.080000,0.142330,1774155599999,0,0
0.183515,0.114248,2026-03-22 05:00:00+00:00,69320.440000,69320.440000,69158.660000,69205.900000,0.257950,1774159199999,0,0
0.174109,0.115750,2026-03-22 06:00:00+00:00,69158.660000,69214.760000,69109.770000,69170.120000,0.055420,1774162799999,0,0
0.165910,0.120093,2026-03-22 07:00:00+00:00,69164.230000,69219.020000,68910.640000,68910.640000,0.350670,1774166399999,0,0
0.165136,0.124631,2026-03-22 08:00:00+00:00,68900.000000,68929.670000,68585.800000,68759.750000,0.247540,1774169999999,0,0
0.160247,0.122517,2026-03-22 09:00:00+00:00,68859.640000,68859.640000,68606.900000,68837.690000,0.009640,1774173599999,0,0
0.150753,0.123246,2026-03-22 10:00:00+00:00,68841.630000,68841.630000,68598.990000,68672.580000,0.069100,1774177199999,0,0
0.155372,0.133125,2026-03-22 11:00:00+00:00,68619.650000,68681.100000,68136.170000,68266.110000,0.313610,1774180799999,0,0
0.160861,0.130442,2026-03-22 12:00:00+00:00,68293.800000,68737.840000,68204.700000,68646.000000,0.015690,1774184399999,0,0
0.170983,0.130378,2026-03-22 13:00:00+00:00,68751.080000,68921.640000,68562.230000,68703.860000,0.043970,1774187999999,0,0
0.156382,0.121252,2026-03-22 14:00:00+00:00,68751.750000,68864.920000,68598.920000,68721.950000,0.124370,1774191599999,0,0
0.166200,0.119627,2026-03-22 15:00:00+00:00,68772.580000,69004.880000,68748.220000,68827.700000,0.219930,1774195199999,0,0
0.169575,0.118401,2026-03-22 16:00:00+00:00,68861.860000,68885.450000,68736.920000,68824.360000,0.047590,1774198799999,0,0
0.148072,0.117599,2026-03-22 17:00:00+00:00,68819.540000,68850.020000,68665.780000,68702.570000,1.599010,1774202399999,0,0
0.144579,0.117690,2026-03-22 18:00:00+00:00,68633.980000,68726.600000,68379.530000,68615.000000,0.517670,1774205999999,0,0
0.153859,0.122656,2026-03-22 19:00:00+00:00,68615.000000,68615.000000,68187.500000,68230.380000,0.268190,1774209599999,0,0
0.153148,0.122293,2026-03-22 20:00:00+00:00,68324.900000,68469.710000,68100.000000,68195.020000,0.178950,1774213199999,0,0
0.156592,0.122671,2026-03-22 21:00:00+00:00,68191.230000,68194.470000,67377.050000,67855.830000,2.402080,1774216799999,1,0
0.160887,0.119015,2026-03-22 22:00:00+00:00,67888.270000,68360.490000,67614.230000,68117.050000,0.435260,1774220399999,0,0
0.157781,0.119832,2026-03-22 23:00:00+00:00,68335.750000,68426.570000,67850.460000,67865.470000,0.143150,1774223999999,1,0
0.153846,0.120764,2026-03-23 00:00:00+00:00,67973.970000,68142.860000,67462.390000,67744.860000,0.256940,1774227599999,1,0
0.157658,0.119964,2026-03-23 01:00:00+00:00,67624.750000,68127.770000,67571.430000,67946.230000,0.426360,1774231199999,1,0
0.181408,0.122525,2026-03-23 02:00:00+00:00,67890.280000,68380.600000,67863.050000,68186.710000,0.992400,1774234799999,0,0
0.169000,0.118517,2026-03-23 03:00:00+00:00,68357.450000,68604.700000,68074.150000,68079.780000,0.323000,1774238399999,0,0
0.205612,0.120387,2026-03-23 04:00:00+00:00,68138.580000,68596.990000,68095.670000,68557.020000,0.285880,1774241999999,0,0
0.224502,0.122639,2026-03-23 05:00:00+00:00,68556.130000,68853.000000,68556.130000,68761.490000,0.246540,1774245599999,0,0
0.217101,0.123017,2026-03-23 06:00:00+00:00,68745.420000,68745.420000,67707.420000,67860.400000,0.190400,1774249199999,1,0
0.221420,0.123672,2026-03-23 07:00:00+00:00,67863.800000,68428.570000,67559.750000,68428.570000,0.250340,1774252799999,1,0
0.221719,0.123345,2026-03-23 08:00:00+00:00,68438.600000,68680.340000,68433.840000,68438.590000,0.150710,1774256399999,1,0
0.186339,0.116501,2026-03-23 09:00:00+00:00,68322.640000,68322.640000,68033.470000,68208.230000,0.075050,1774259999999,1,0
0.198529,0.116856,2026-03-23 10:00:00+00:00,68362.820000,68680.340000,68358.690000,68508.200000,0.082870,1774263599999,1,0
0.242437,0.142436,2026-03-23 11:00:00+00:00,68664.420000,71499.980000,68528.820000,70186.910000,4.355320,1774267199999,0,0
0.219478,0.145262,2026-03-23 12:00:00+00:00,70157.940000,70823.350000,69720.610000,70582.480000,0.419770,1774270799999,0,0
0.183632,0.133537,2026-03-23 13:00:00+00:00,70816.830000,71589.670000,70641.300000,71293.800000,1.984270,1774274399999,0,0
0.175527,0.129307,2026-03-23 14:00:00+00:00,71471.680000,71791.260000,71149.820000,71467.190000,0.912380,1774277999999,0,0
0.263266,0.135956,2026-03-23 15:00:00+00:00,71487.670000,71611.420000,70119.610000,70119.610000,0.722140,1774281599999,0,0
0.273381,0.138599,2026-03-23 16:00:00+00:00,70139.780000,70699.060000,70099.950000,70554.860000,1.303880,1774285199999,0,0
0.232742,0.136463,2026-03-23 17:00:00+00:00,70597.770000,71125.840000,70397.550000,71076.770000,0.400720,1774288799999,0,1
0.223204,0.127772,2026-03-23 18:00:00+00:00,71090.460000,71172.060000,70910.690000,71097.450000,0.267590,1774292399999,0,1
0.222308,0.117072,2026-03-23 19:00:00+00:00,71093.470000,71233.880000,70668.850000,70668.850000,0.284690,1774295999999,0,0
0.199160,0.112350,2026-03-23 20:00:00+00:00,70689.770000,70951.570000,70589.830000,70924.140000,0.099240,1774299599999,0,0
0.170012,0.109800,2026-03-23 21:00:00+00:00,70980.780000,71004.620000,70835.250000,70866.510000,0.540680,1774303199999,0,0
0.122246,0.103861,2026-03-23 22:00:00+00:00,70816.730000,70816.730000,70538.700000,70765.800000,0.063420,1774306799999,0,0
0.117516,0.103453,2026-03-23 23:00:00+00:00,70809.590000,71045.910000,70411.030000,70910.840000,0.075480,1774310399999,0,0
0.117498,0.104529,2026-03-24 00:00:00+00:00,70905.560000,71080.010000,70466.940000,70657.790000,0.311610,1774313999999,0,0
0.120907,0.106985,2026-03-24 01:00:00+00:00,70706.180000,70878.640000,70327.600000,70525.430000,0.224800,1774317599999,0,0
0.116772,0.104678,2026-03-24 02:00:00+00:00,70509.660000,70668.550000,70425.190000,70456.200000,0.445530,1774321199999,0,0
0.108428,0.102895,2026-03-24 03:00:00+00:00,70436.680000,70574.170000,70424.900000,70465.230000,0.096300,1774324799999,0,0
0.108678,0.103405,2026-03-24 04:00:00+00:00,70550.460000,70733.000000,70276.810000,70390.370000,0.395050,1774328399999,0,0
0.109361,0.104565,2026-03-24 05:00:00+00:00,70371.540000,70371.540000,70136.360000,70319.980000,0.105060,1774331999999,0,0
0.114357,0.106886,2026-03-24 06:00:00+00:00,70264.060000,70575.150000,70264.060000,70528.730000,0.051900,1774335599999,0,0
0.188501,0.121444,2026-03-24 07:00:00+00:00,70497.280000,71391.300000,70497.280000,71288.530000,0.493960,1774339199999,0,1
0.187866,0.115036,2026-03-24 08:00:00+00:00,71285.090000,71285.090000,70905.010000,70925.100000,0.245490,1774342799999,0,0
0.193316,0.109341,2026-03-24 09:00:00+00:00,70977.500000,71349.860000,70863.210000,71321.330000,0.224800,1774346399999,0,1
0.202485,0.109849,2026-03-24 10:00:00+00:00,71295.350000,71301.310000,71119.090000,71296.300000,0.378960,1774349999999,0,1
0.190741,0.105876,2026-03-24 11:00:00+00:00,71250.710000,71298.920000,70967.680000,71162.210000,0.124760,1774353599999,0,1
0.179143,0.106564,2026-03-24 12:00:00+00:00,71168.880000,71168.880000,70880.890000,70978.410000,1.274210,1774357199999,0,0
0.200575,0.114832,2026-03-24 13:00:00+00:00,70991.400000,71028.650000,70000.000000,70053.500000,0.508770,1774360799999,0,0
0.186554,0.120601,2026-03-24 14:00:00+00:00,70145.840000,70449.760000,69555.830000,69730.750000,0.335810,1774364399999,0,0
0.179480,0.111836,2026-03-24 15:00:00+00:00,69897.720000,70224.740000,69833.330000,69878.580000,0.263630,1774367999999,0,0
0.176041,0.113918,2026-03-24 16:00:00+00:00,69847.000000,69990.090000,69365.550000,69489.060000,0.935660,1774371599999,0,0
0.169551,0.117404,2026-03-24 17:00:00+00:00,69449.940000,69449.940000,68939.160000,69194.820000,0.865390,1774375199999,1,0
0.167646,0.111125,2026-03-24 18:00:00+00:00,69218.040000,69720.610000,69186.200000,69511.680000,0.229160,1774378799999,1,0
0.169725,0.111159,2026-03-24 19:00:00+00:00,69485.570000,69660.490000,69286.850000,69362.500000,1.557450,1774382399999,1,0
0.218227,0.116493,2026-03-24 20:00:00+00:00,69364.990000,70277.250000,69311.140000,70102.030000,1.096880,1774385999999,0,0
0.237677,0.118955,2026-03-24 21:00:00+00:00,70104.900000,70377.840000,69950.950000,70332.170000,0.739260,1774389599999,0,0
0.214437,0.108956,2026-03-24 22:00:00+00:00,70298.630000,70596.980000,70130.820000,70379.800000,0.631840,1774393199999,0,0
0.212863,0.108465,2026-03-24 23:00:00+00:00,70315.310000,70823.350000,70292.460000,70601.730000,0.258130,1774396799999,0,0
0.216854,0.110836,2026-03-25 00:00:00+00:00,70585.020000,71031.890000,70502.530000,70870.250000,0.233080,1774400399999,0,0
0.217524,0.107172,2026-03-25 01:00:00+00:00,70851.290000,70953.940000,70652.970000,70753.410000,0.136640,1774403999999,0,0
0.221319,0.105921,2026-03-25 02:00:00+00:00,70609.120000,70740.750000,70522.700000,70522.700000,0.107430,1774407599999,0,0
0.218719,0.106073,2026-03-25 03:00:00+00:00,70534.730000,70804.720000,70416.680000,70784.550000,0.095370,1774411199999,0,0
0.220199,0.108401,2026-03-25 04:00:00+00:00,70727.290000,70965.430000,70689.000000,70965.430000,0.252420,1774414799999,0,0
0.209543,0.106228,2026-03-25 05:00:00+00:00,70961.840000,71338.800000,70956.780000,71109.570000,0.784350,1774418399999,0,0
0.201675,0.104598,2026-03-25 06:00:00+00:00,71140.410000,71249.570000,71026.020000,71209.870000,0.153340,1774421999999,0,0
0.179309,0.102660,2026-03-25 07:00:00+00:00,70981.530000,71250.000000,70922.620000,70922.620000,0.183190,1774425599999,0,0
0.169444,0.102931,2026-03-25 08:00:00+00:00,70953.680000,71488.560000,70816.470000,71262.310000,0.537500,1774429199999,0,0
0.153708,0.102004,2026-03-25 09:00:00+00:00,71255.390000,71354.370000,71119.950000,71119.950000,0.109590,1774432799999,0,0
0.159785,0.101658,2026-03-25 10:00:00+00:00,71370.670000,71610.600000,71340.910000,71513.450000,0.202900,1774436399999,0,0
0.173697,0.103463,2026-03-25 11:00:00+00:00,71500.000000,72000.000000,71491.010000,71664.480000,2.708870,1774439999999,0,1
0.164531,0.097669,2026-03-25 12:00:00+00:00,71711.870000,71925.900000,71135.880000,71708.870000,0.568990,1774443599999,0,1
0.152609,0.095332,2026-03-25 13:00:00+00:00,71761.690000,71936.360000,71541.590000,71588.930000,0.114660,1774447199999,0,1
0.148875,0.098617,2026-03-25 14:00:00+00:00,71572.070000,71654.120000,71241.590000,71241.590000,0.651180,1774450799999,0,0
0.143702,0.100844,2026-03-25 15:00:00+00:00,71251.030000,71309.320000,70603.720000,70847.700000,0.620670,1774454399999,0,0
0.142167,0.100503,2026-03-25 16:00:00+00:00,70814.350000,71735.770000,70814.350000,71389.330000,0.369670,1774457999999,0,1
0.147954,0.101963,2026-03-25 17:00:00+00:00,71298.850000,71397.900000,70740.400000,70770.470000,0.329990,1774461599999,0,0
0.145040,0.102218,2026-03-25 18:00:00+00:00,70820.000000,71109.630000,70734.260000,70758.480000,0.627050,1774465199999,0,0
0.128039,0.098216,2026-03-25 19:00:00+00:00,70810.920000,71060.880000,70770.870000,70871.530000,0.508540,1774468799999,0,0
0.136089,0.100118,2026-03-25 20:00:00+00:00,70850.750000,71051.480000,70668.620000,71005.120000,0.245070,1774472399999,0,0
0.131368,0.099461,2026-03-25 21:00:00+00:00,71021.950000,71166.670000,70960.840000,71028.090000,0.118600,1774475999999,0,0
0.157775,0.102536,2026-03-25 22:00:00+00:00,71074.290000,71541.590000,70960.980000,71386.090000,0.469460,1774479599999,0,1
0.160250,0.102339,2026-03-25 23:00:00+00:00,71397.610000,71442.980000,71215.040000,71334.090000,0.250590,1774483199999,0,1
0.142215,0.099707,2026-03-26 00:00:00+00:00,71354.830000,71442.330000,71124.980000,71276.830000,0.666460,1774486799999,0,1
0.136257,0.099665,2026-03-26 01:00:00+00:00,71322.810000,71382.290000,71195.170000,71250.610000,0.392960,1774490399999,0,1
0.143859,0.101845,2026-03-26 02:00:00+00:00,71247.020000,71278.980000,70666.970000,70897.980000,0.477320,1774493999999,0,1
0.136481,0.101761,2026-03-26 03:00:00+00:00,70877.540000,70958.630000,70727.610000,70884.830000,0.215250,1774497599999,0,1
0.127751,0.099802,2026-03-26 04:00:00+00:00,70891.840000,70891.840000,70736.810000,70827.860000,0.029520,1774501199999,0,1
0.156571,0.105868,2026-03-26 05:00:00+00:00,70783.660000,70783.990000,69974.730000,69994.810000,0.190820,1774504799999,0,0
0.154835,0.106182,2026-03-26 06:00:00+00:00,69985.010000,70149.910000,69863.000000,70087.860000,0.110450,1774508399999,0,0
0.142759,0.101228,2026-03-26 07:00:00+00:00,70096.370000,70175.300000,69840.940000,70108.980000,0.224900,1774511999999,0,0
0.140970,0.101124,2026-03-26 08:00:00+00:00,70137.750000,70137.750000,69872.920000,70014.260000,0.032500,1774515599999,0,1
0.150769,0.105281,2026-03-26 09:00:00+00:00,70115.120000,70148.170000,69416.600000,69590.000000,0.110440,1774519199999,0,0
0.149646,0.105433,2026-03-26 10:00:00+00:00,69551.730000,69688.420000,69506.430000,69506.430000,1.442520,1774522799999,0,1
0.145758,0.104416,2026-03-26 11:00:00+00:00,69527.010000,69628.140000,69219.870000,69295.700000,0.414060,1774526399999,0,0
0.146697,0.104090,2026-03-26 12:00:00+00:00,69261.290000,69469.380000,69251.430000,69457.750000,1.017810,1774529999999,0,1
0.154867,0.105443,2026-03-26 13:00:00+00:00,69423.180000,69859.890000,69342.860000,69616.980000,0.518130,1774533599999,0,1
0.144681,0.103918,2026-03-26 14:00:00+00:00,69681.020000,69817.950000,69229.700000,69445.250000,0.399940,1774537199999,0,1
0.149463,0.105980,2026-03-26 15:00:00+00:00,69503.730000,69503.730000,68800.000000,69143.010000,3.546060,1774540799999,0,1
0.148019,0.106926,2026-03-26 16:00:00+00:00,69024.210000,69077.170000,68874.370000,68912.510000,0.174120,1774544399999,0,0
0.151350,0.110477,2026-03-26 17:00:00+00:00,68945.770000,69163.000000,68333.000000,68507.040000,11.940750,1774547999999,0,0
0.151198,0.112092,2026-03-26 18:00:00+00:00,68449.010000,68587.940000,68176.030000,68422.980000,1.084920,1774551599999,0,0
0.148403,0.108999,2026-03-26 19:00:00+00:00,68498.980000,68664.780000,68366.420000,68557.730000,0.526070,1774555199999,0,0
0.175000,0.113665,2026-03-26 20:00:00+00:00,68559.560000,69441.450000,68460.000000,68979.300000,1.812290,1774558799999,0,1
0.176846,0.110926,2026-03-26 21:00:00+00:00,68940.520000,69137.980000,68869.380000,68923.430000,0.591400,1774562399999,0,1
0.165855,0.106113,2026-03-26 22:00:00+00:00,68914.490000,68998.920000,68615.600000,68875.390000,0.826530,1774565999999,0,1
0.162074,0.105770,2026-03-26 23:00:00+00:00,68942.820000,69025.620000,68601.420000,68807.520000,0.821260,1774569599999,0,1
0.149959,0.105294,2026-03-27 00:00:00+00:00,68811.340000,68967.870000,68550.000000,68754.690000,0.792850,1774573199999,0,1
0.153555,0.106374,2026-03-27 01:00:00+00:00,68789.620000,69037.280000,68700.930000,69037.280000,0.632490,1774576799999,0,1
0.152415,0.105586,2026-03-27 02:00:00+00:00,69051.310000,69147.690000,68874.910000,68928.090000,0.082940,1774580399999,0,1
0.146535,0.104159,2026-03-27 03:00:00+00:00,68892.660000,68905.110000,68687.280000,68800.620000,0.107820,1774583999999,0,1
0.147613,0.104144,2026-03-27 04:00:00+00:00,68769.170000,68769.170000,68330.430000,68619.850000,0.272700,1774587599999,0,1
0.139249,0.103637,2026-03-27 05:00:00+00:00,68574.190000,68841.360000,68561.350000,68611.950000,0.204430,1774591199999,0,1
0.128133,0.102794,2026-03-27 06:00:00+00:00,68649.880000,68839.690000,68623.700000,68683.010000,0.109220,1774594799999,0,1
0.127808,0.103205,2026-03-27 07:00:00+00:00,68678.450000,68910.640000,68470.650000,68470.650000,0.177660,1774598399999,0,1
0.146388,0.106048,2026-03-27 08:00:00+00:00,68606.110000,68606.110000,67625.440000,67946.000000,0.770250,1774601999999,0,1
0.149862,0.106635,2026-03-27 09:00:00+00:00,67925.430000,67925.430000,67599.080000,67791.460000,0.305430,1774605599999,0,1
0.173861,0.120566,2026-03-27 10:00:00+00:00,67698.860000,67747.600000,66361.000000,66524.290000,1.120230,1774609199999,0,0
0.176318,0.124643,2026-03-27 11:00:00+00:00,66451.850000,66818.260000,66289.870000,66720.300000,0.178190,1774612799999,0,0
0.171131,0.112548,2026-03-27 12:00:00+00:00,66730.000000,66730.000000,66451.720000,66633.810000,0.414990,1774616399999,0,0
0.172655,0.122114,2026-03-27 13:00:00+00:00,66639.220000,66724.740000,66015.570000,66026.360000,0.614510,1774619999999,0,0
0.176397,0.120657,2026-03-27 14:00:00+00:00,66150.900000,66412.400000,65756.670000,66207.930000,2.320390,1774623599999,0,0
0.168792,0.114262,2026-03-27 15:00:00+00:00,66217.930000,66599.000000,66003.380000,66112.700000,2.407540,1774627199999,0,0
0.164924,0.118382,2026-03-27 16:00:00+00:00,66084.410000,66186.500000,65801.670000,65931.930000,0.623890,1774630799999,0,0
0.166110,0.126268,2026-03-27 17:00:00+00:00,66001.190000,66273.810000,65631.500000,65631.500000,0.230150,1774634399999,0,0
0.167848,0.126226,2026-03-27 18:00:00+00:00,65668.510000,65904.640000,65575.530000,65889.540000,0.300200,1774637999999,0,0
0.177954,0.132684,2026-03-27 19:00:00+00:00,65766.090000,66135.810000,65712.340000,66068.250000,0.514340,1774641599999,0,0
0.171435,0.126623,2026-03-27 20:00:00+00:00,66030.640000,66120.330000,65832.510000,66078.630000,0.275870,1774645199999,0,0
0.157825,0.121866,2026-03-27 21:00:00+00:00,66041.030000,66181.720000,66041.030000,66057.800000,0.177730,1774648799999,0,0
0.160101,0.121845,2026-03-27 22:00:00+00:00,66067.630000,66079.020000,65927.910000,66047.380000,0.133940,1774652399999,0,0
0.181950,0.128658,2026-03-27 23:00:00+00:00,66052.530000,66428.470000,65993.900000,66428.470000,0.201810,1774655999999,0,0
0.189477,0.127347,2026-03-28 00:00:00+00:00,66397.350000,66503.500000,66291.030000,66442.890000,0.282370,1774659599999,0,0
0.174493,0.121818,2026-03-28 01:00:00+00:00,66396.000000,66413.370000,66071.430000,66129.970000,0.151310,1774663199999,0,0
0.170304,0.121022,2026-03-28 02:00:00+00:00,66193.750000,66250.790000,65942.220000,66045.910000,0.318520,1774666799999,0,0
0.165071,0.117189,2026-03-28 03:00:00+00:00,66118.520000,66240.020000,66095.570000,66221.550000,0.034750,1774670399999,0,0
0.162718,0.116279,2026-03-28 04:00:00+00:00,66175.420000,66278.130000,66115.670000,66270.600000,0.060680,1774673999999,0,0
0.151330,0.111924,2026-03-28 05:00:00+00:00,66300.570000,66355.880000,66221.530000,66355.880000,0.205650,1774677599999,0,0
0.150329,0.109360,2026-03-28 06:00:00+00:00,66336.860000,66469.480000,66336.860000,66394.970000,0.191450,1774681199999,0,0
0.159323,0.108550,2026-03-28 07:00:00+00:00,66427.600000,66547.340000,66385.070000,66547.340000,0.149970,1774684799999,0,0
0.145335,0.106925,2026-03-28 08:00:00+00:00,66522.210000,66556.390000,66396.190000,66396.190000,0.206030,1774688399999,0,0
0.136281,0.105937,2026-03-28 09:00:00+00:00,66355.590000,66379.630000,66257.290000,66325.650000,0.005420,1774691999999,0,0
0.128387,0.105748,2026-03-28 10:00:00+00:00,66300.330000,66300.330000,66165.230000,66205.300000,0.004330,1774695599999,0,0
0.127078,0.105636,2026-03-28 11:00:00+00:00,66262.390000,66345.850000,66217.070000,66326.990000,0.118250,1774699199999,0,0
0.136240,0.106724,2026-03-28 12:00:00+00:00,66347.400000,66473.550000,66312.150000,66468.020000,0.216310,1774702799999,0,0
0.175790,0.109947,2026-03-28 13:00:00+00:00,66461.750000,67142.860000,66394.080000,66880.580000,0.251250,1774706399999,0,0
0.167585,0.107996,2026-03-28 14:00:00+00:00,66820.410000,66903.880000,66689.790000,66689.790000,0.293910,1774709999999,0,0
0.171442,0.107192,2026-03-28 15:00:00+00:00,66763.290000,67270.060000,66716.130000,66974.920000,0.780410,1774713599999,0,0
0.171590,0.107783,2026-03-28 16:00:00+00:00,67033.070000,67087.090000,66916.530000,66939.010000,0.405500,1774717199999,0,0
0.155692,0.105649,2026-03-28 17:00:00+00:00,66938.590000,66997.890000,66652.900000,66853.800000,0.113410,1774720799999,0,0
0.149209,0.105840,2026-03-28 18:00:00+00:00,66873.660000,66961.360000,66857.990000,66961.360000,0.133170,1774724399999,0,0
0.150685,0.105918,2026-03-28 19:00:00+00:00,66900.690000,66950.950000,66828.150000,66866.670000,0.141310,1774727999999,0,0
0.142922,0.105657,2026-03-28 20:00:00+00:00,66991.800000,67026.370000,66920.250000,66944.110000,0.225620,1774731599999,0,0
0.145583,0.106478,2026-03-28 21:00:00+00:00,66936.700000,66941.920000,66651.730000,66670.310000,0.058630,1774735199999,0,0
0.135820,0.106309,2026-03-28 22:00:00+00:00,66656.480000,66783.640000,66619.990000,66765.410000,0.101450,1774738799999,0,0
0.134345,0.107071,2026-03-28 23:00:00+00:00,66757.130000,66757.130000,66300.790000,66393.380000,0.240850,1774742399999,0,0
0.130329,0.107132,2026-03-29 00:00:00+00:00,66392.250000,66502.650000,66317.700000,66476.910000,0.063880,1774745999999,0,0
0.126419,0.106277,2026-03-29 01:00:00+00:00,66490.320000,66617.200000,66466.790000,66516.920000,0.121330,1774749599999,0,0
0.138763,0.107984,2026-03-29 02:00:00+00:00,66556.730000,66791.340000,66556.730000,66791.340000,0.842240,1774753199999,0,0
0.151768,0.108670,2026-03-29 03:00:00+00:00,66820.120000,67076.910000,66760.870000,66902.520000,0.253520,1774756799999,0,0
0.143778,0.106398,2026-03-29 04:00:00+00:00,66943.440000,66943.440000,66750.000000,66750.000000,0.111060,1774760399999,0,0
0.140893,0.106337,2026-03-29 05:00:00+00:00,66737.680000,66805.460000,66546.970000,66805.460000,0.425040,1774763999999,0,0
0.133608,0.106073,2026-03-29 06:00:00+00:00,66845.910000,66864.700000,66651.640000,66752.900000,0.163180,1774767599999,0,0
0.127229,0.106139,2026-03-29 07:00:00+00:00,66702.650000,66706.730000,66564.130000,66706.730000,0.265410,1774771199999,0,0
0.126954,0.106107,2026-03-29 08:00:00+00:00,66676.110000,66762.020000,66625.610000,66714.340000,0.030930,1774774799999,0,0
0.128208,0.106386,2026-03-29 09:00:00+00:00,66685.660000,66715.600000,66562.050000,66632.420000,0.067910,1774778399999,0,0
0.134104,0.107112,2026-03-29 10:00:00+00:00,66569.700000,66569.700000,66430.940000,66503.800000,0.065330,1774781999999,0,0
0.145907,0.108605,2026-03-29 11:00:00+00:00,66560.280000,66953.540000,66560.280000,66852.690000,1.171440,1774785599999,0,0
0.153422,0.109311,2026-03-29 12:00:00+00:00,66848.580000,66874.220000,66748.880000,66874.220000,0.016560,1774789199999,0,0
0.138925,0.107413,2026-03-29 13:00:00+00:00,66863.520000,66863.520000,66534.910000,66607.950000,0.303620,1774792799999,0,0
0.139889,0.107781,2026-03-29 14:00:00+00:00,66589.970000,66750.000000,66497.980000,66554.060000,0.409720,1774796399999,0,0
0.131676,0.106876,2026-03-29 15:00:00+00:00,66722.990000,66722.990000,66362.250000,66555.080000,0.111310,1774799999999,0,0
0.128152,0.107041,2026-03-29 16:00:00+00:00,66525.490000,66644.670000,66452.110000,66505.590000,0.251850,1774803599999,0,0
0.131320,0.107665,2026-03-29 17:00:00+00:00,66507.760000,66541.970000,66196.150000,66396.230000,0.112900,1774807199999,0,0
0.128320,0.107344,2026-03-29 18:00:00+00:00,66407.660000,66495.430000,66359.160000,66437.030000,0.074450,1774810799999,0,0
0.129720,0.107619,2026-03-29 19:00:00+00:00,66417.320000,66473.860000,66323.600000,66323.600000,0.131520,1774814399999,0,0
0.141957,0.108907,2026-03-29 20:00:00+00:00,66387.160000,66750.000000,66387.160000,66608.760000,1.558970,1774817999999,0,0
0.159611,0.110340,2026-03-29 21:00:00+00:00,66663.720000,66726.420000,66548.650000,66726.420000,0.070060,1774821599999,0,0
0.168284,0.112966,2026-03-29 22:00:00+00:00,66590.500000,66590.500000,65019.110000,65905.360000,2.204550,1774825199999,1,0
0.166123,0.114371,2026-03-29 23:00:00+00:00,65887.810000,66360.720000,65816.450000,66070.330000,0.194410,1774828799999,1,0
0.172559,0.113745,2026-03-30 00:00:00+00:00,66059.670000,67070.190000,65813.420000,66337.360000,0.708360,1774832399999,0,0
0.190297,0.115293,2026-03-30 01:00:00+00:00,66336.960000,66877.470000,66330.810000,66629.340000,0.518790,1774835999999,0,0
0.227804,0.118772,2026-03-30 02:00:00+00:00,66751.110000,67491.640000,66624.500000,67159.990000,0.694570,1774839599999,0,0
0.221181,0.115638,2026-03-30 03:00:00+00:00,67137.770000,67250.000000,67000.000000,67163.480000,1.421160,1774843199999,0,0
0.220311,0.115498,2026-03-30 04:00:00+00:00,67175.900000,67612.920000,67175.900000,67612.920000,0.161350,1774846799999,0,0
0.222834,0.115041,2026-03-30 05:00:00+00:00,67640.860000,67812.240000,67446.980000,67513.000000,0.263740,1774850399999,0,0
0.223583,0.111265,2026-03-30 06:00:00+00:00,67519.080000,67519.080000,67279.200000,67319.150000,0.193200,1774853999999,0,0
0.214918,0.112403,2026-03-30 07:00:00+00:00,67264.800000,67591.370000,67262.580000,67591.370000,0.089100,1774857599999,0,0
0.217258,0.114318,2026-03-30 08:00:00+00:00,67650.390000,67925.420000,67650.390000,67658.560000,0.346660,1774861199999,0,0
0.206002,0.110689,2026-03-30 09:00:00+00:00,67639.110000,67641.190000,67500.270000,67500.270000,0.136750,1774864799999,0,0
0.192946,0.110229,2026-03-30 10:00:00+00:00,67470.480000,67496.940000,67375.110000,67496.940000,0.078970,1774868399999,0,0
0.171252,0.109453,2026-03-30 11:00:00+00:00,67501.710000,67954.550000,67501.710000,67581.110000,0.613040,1774871999999,0,0
0.170938,0.112767,2026-03-30 12:00:00+00:00,67697.410000,67956.810000,67680.730000,67870.820000,0.395440,1774875599999,0,0
0.148102,0.110568,2026-03-30 13:00:00+00:00,67912.760000,68133.880000,67493.540000,67493.540000,1.581640,1774879199999,0,0
0.148257,0.110130,2026-03-30 14:00:00+00:00,67615.590000,67852.220000,67105.240000,67782.260000,1.344750,1774882799999,0,0
0.136077,0.109548,2026-03-30 15:00:00+00:00,67886.650000,67886.650000,67418.200000,67619.050000,0.815400,1774886399999,0,0
0.137024,0.110057,2026-03-30 16:00:00+00:00,67647.250000,67647.250000,67250.000000,67332.560000,0.311820,1774889999999,0,0
0.151366,0.115097,2026-03-30 17:00:00+00:00,67407.750000,67460.870000,66697.190000,66836.280000,0.341940,1774893599999,0,0
0.155793,0.117398,2026-03-30 18:00:00+00:00,66847.590000,66847.590000,66551.450000,66551.450000,1.068340,1774897199999,0,0
0.153238,0.115620,2026-03-30 19:00:00+00:00,66647.620000,66647.620000,66276.980000,66489.000000,0.300540,1774900799999,0,0
0.155255,0.113367,2026-03-30 20:00:00+00:00,66551.970000,66680.650000,66547.750000,66643.110000,0.012720,1774904399999,0,0
0.163607,0.114075,2026-03-30 21:00:00+00:00,66662.970000,66986.040000,66607.880000,66781.780000,0.640760,1774907999999,0,0
0.155902,0.110841,2026-03-30 22:00:00+00:00,66864.230000,66985.170000,66716.890000,66735.730000,0.119750,1774911599999,0,0
0.159636,0.109971,2026-03-30 23:00:00+00:00,66791.530000,66794.150000,66430.940000,66794.150000,0.039910,1774915199999,0,0
0.197580,0.114793,2026-03-31 00:00:00+00:00,66794.140000,67299.810000,66559.340000,67171.890000,0.360980,1774918799999,0,0
0.244310,0.125797,2026-03-31 01:00:00+00:00,67257.250000,68400.000000,67077.660000,68016.630000,2.050360,1774922399999,0,0
0.236221,0.122519,2026-03-31 02:00:00+00:00,67909.190000,68081.420000,67799.560000,68012.760000,0.054380,1774925999999,0,0
0.234181,0.112333,2026-03-31 03:00:00+00:00,67927.780000,68020.690000,67668.110000,67732.580000,0.156110,1774929599999,0,0
0.245560,0.113304,2026-03-31 04:00:00+00:00,67757.010000,67928.570000,67522.820000,67535.070000,0.546870,1774933199999,0,0
0.226389,0.112161,2026-03-31 05:00:00+00:00,67514.650000,67745.770000,67409.070000,67676.080000,0.301280,1774936799999,0,0
0.209247,0.112220,2026-03-31 06:00:00+00:00,67679.430000,67679.430000,67344.940000,67517.560000,0.055090,1774940399999,0,0
0.199597,0.112088,2026-03-31 07:00:00+00:00,67499.360000,67527.710000,67101.170000,67346.380000,0.187730,1774943999999,0,0
0.193955,0.114617,2026-03-31 08:00:00+00:00,67437.480000,67437.480000,66676.970000,66894.690000,0.049320,1774947599999,0,0
0.193394,0.126707,2026-03-31 09:00:00+00:00,66700.100000,66761.360000,66000.000000,66116.090000,0.323020,1774951199999,1,0
0.186115,0.124239,2026-03-31 10:00:00+00:00,66183.380000,66430.270000,66183.380000,66350.200000,0.307450,1774954799999,1,0
0.194036,0.120955,2026-03-31 11:00:00+00:00,66368.470000,66847.180000,66256.030000,66626.420000,1.535240,1774958399999,1,0
0.188153,0.115642,2026-03-31 12:00:00+00:00,66741.920000,66901.360000,66559.260000,66719.140000,0.078090,1774961999999,1,0
0.217247,0.116913,2026-03-31 13:00:00+00:00,66697.880000,67395.190000,66697.880000,67224.430000,1.432170,1774965599999,0,0
0.215277,0.113686,2026-03-31 14:00:00+00:00,67293.670000,67780.710000,66454.390000,66621.330000,0.350110,1774969199999,1,0
0.194708,0.112450,2026-03-31 15:00:00+00:00,66671.250000,67287.560000,66632.970000,66724.760000,0.293350,1774972799999,1,0
0.234092,0.121420,2026-03-31 16:00:00+00:00,66788.640000,68000.000000,66788.640000,67574.130000,0.618320,1774976399999,0,0
0.233452,0.119781,2026-03-31 17:00:00+00:00,67685.950000,68578.300000,67473.010000,67473.010000,0.920370,1774979999999,0,0
0.218088,0.112146,2026-03-31 18:00:00+00:00,67574.600000,67961.010000,67574.600000,67778.280000,0.435450,1774983599999,0,0
0.219017,0.114459,2026-03-31 19:00:00+00:00,67859.950000,68022.670000,67761.980000,67909.590000,0.257240,1774987199999,0,0
0.222059,0.115449,2026-03-31 20:00:00+00:00,67910.390000,68256.960000,67899.000000,68256.960000,0.222040,1774990799999,0,0
0.224014,0.113824,2026-03-31 21:00:00+00:00,68258.880000,68395.700000,67933.730000,68276.430000,1.155390,1774994399999,0,0
0.212558,0.108219,2026-03-31 22:00:00+00:00,68309.390000,68309.390000,68022.560000,68221.860000,0.345800,1774997999999,0,0
0.208805,0.108323,2026-03-31 23:00:00+00:00,68141.910000,68372.730000,68112.900000,68297.520000,0.549180,1775001599999,0,0
0.201319,0.108385,2026-04-01 00:00:00+00:00,68245.470000,68339.280000,67871.270000,68322.700000,0.147210,1775005199999,0,0
0.211568,0.110811,2026-04-01 01:00:00+00:00,68366.650000,68371.620000,67766.420000,67819.440000,0.266440,1775008799999,0,0
0.190943,0.111506,2026-04-01 02:00:00+00:00,67834.750000,67925.450000,67599.080000,67614.780000,0.206920,1775012399999,0,0
0.167052,0.111016,2026-04-01 03:00:00+00:00,67729.200000,68232.760000,67729.200000,68126.610000,0.320080,1775015999999,0,0
0.175534,0.113345,2026-04-01 04:00:00+00:00,68198.920000,68470.350000,68054.510000,68274.350000,0.083620,1775019599999,0,0
0.155533,0.107207,2026-04-01 05:00:00+00:00,68254.220000,68737.840000,68172.510000,68447.630000,0.826640,1775023199999,0,0
0.195144,0.116709,2026-04-01 06:00:00+00:00,68462.470000,69218.990000,68462.470000,69188.820000,0.874170,1775026799999,0,1
0.191026,0.111219,2026-04-01 07:00:00+00:00,69138.360000,69279.480000,68680.340000,68688.950000,0.531480,1775030399999,0,0
0.180426,0.105838,2026-04-01 08:00:00+00:00,68731.850000,68808.570000,68470.650000,68725.520000,0.135510,1775033999999,0,0
0.162642,0.103117,2026-04-01 09:00:00+00:00,68689.230000,68731.890000,68433.000000,68527.340000,1.438030,1775037599999,0,0
0.159128,0.103545,2026-04-01 10:00:00+00:00,68640.000000,68640.000000,68486.160000,68486.160000,0.145320,1775041199999,0,0
0.158847,0.104325,2026-04-01 11:00:00+00:00,68611.190000,68690.630000,68530.840000,68690.630000,0.131900,1775044799999,0,0
0.158900,0.104695,2026-04-01 12:00:00+00:00,68680.360000,68784.560000,68263.770000,68361.830000,1.525410,1775048399999,0,0
0.157893,0.105787,2026-04-01 13:00:00+00:00,68397.160000,68615.600000,67954.550000,68116.840000,1.669170,1775051999999,0,0
0.152343,0.106553,2026-04-01 14:00:00+00:00,68110.530000,68680.340000,68110.530000,68621.820000,1.290740,1775055599999,0,0
0.181633,0.110542,2026-04-01 15:00:00+00:00,68657.440000,68939.440000,68499.940000,68933.730000,0.175690,1775059199999,0,1
0.158837,0.104804,2026-04-01 16:00:00+00:00,68890.180000,68999.870000,68631.280000,68847.380000,0.253760,1775062799999,0,1
0.170013,0.105966,2026-04-01 17:00:00+00:00,68826.270000,69147.690000,68250.260000,68250.260000,0.280410,1775066399999,0,1
0.164733,0.106558,2026-04-01 18:00:00+00:00,68210.720000,68307.990000,67954.550000,68048.190000,0.387720,1775069999999,0,0
0.139750,0.103562,2026-04-01 19:00:00+00:00,68062.980000,68316.360000,68042.620000,68188.420000,0.070520,1775073599999,0,0
0.140478,0.103623,2026-04-01 20:00:00+00:00,68165.120000,68249.090000,68043.190000,68212.720000,0.214420,1775077199999,0,0
0.145199,0.104091,2026-04-01 21:00:00+00:00,68196.820000,68502.000000,68188.290000,68409.730000,0.256730,1775080799999,0,1
0.138931,0.103888,2026-04-01 22:00:00+00:00,68344.140000,68344.140000,68071.400000,68130.410000,0.295070,1775084399999,0,0
0.139410,0.103847,2026-04-01 23:00:00+00:00,68142.330000,68253.190000,68014.670000,68106.860000,0.115600,1775087999999,0,0
0.165901,0.106409,2026-04-02 00:00:00+00:00,68114.370000,68643.480000,68065.690000,68605.640000,0.095680,1775091599999,0,1
0.179846,0.109132,2026-04-02 01:00:00+00:00,68502.240000,68502.240000,67095.730000,67360.610000,3.930130,1775095199999,0,0
0.172180,0.115629,2026-04-02 02:00:00+00:00,67362.940000,67477.230000,66656.900000,66868.070000,3.206580,1775098799999,0,0
0.173418,0.111319,2026-04-02 03:00:00+00:00,66859.460000,67110.810000,66525.250000,66590.020000,9.268350,1775102399999,0,0
0.170283,0.110264,2026-04-02 04:00:00+00:00,66563.750000,66830.160000,66258.810000,66501.350000,10.147900,1775105999999,0,0
0.173231,0.108684,2026-04-02 05:00:00+00:00,66364.600000,66816.980000,66324.620000,66634.100000,5.095610,1775109599999,0,0
0.169310,0.107295,2026-04-02 06:00:00+00:00,66641.100000,66985.720000,66567.330000,66693.410000,6.579040,1775113199999,0,0
0.182794,0.108376,2026-04-02 07:00:00+00:00,66681.000000,67122.590000,66571.990000,66962.400000,9.611120,1775116799999,0,0
0.180085,0.108458,2026-04-02 08:00:00+00:00,66960.000000,67036.550000,66317.250000,66466.930000,0.967830,1775120399999,0,0
0.174281,0.109008,2026-04-02 09:00:00+00:00,66469.400000,66475.000000,66354.020000,66458.290000,0.150590,1775123999999,0,0
0.160765,0.106096,2026-04-02 10:00:00+00:00,66457.330000,66528.500000,66250.000000,66477.160000,0.093520,1775127599999,0,0
0.163362,0.108294,2026-04-02 11:00:00+00:00,66486.480000,66506.800000,66191.400000,66217.500000,0.182270,1775131199999,0,0
0.150985,0.109369,2026-04-02 12:00:00+00:00,66201.430000,66263.980000,66000.000000,66059.100000,0.857790,1775134799999,0,0
0.147964,0.108237,2026-04-02 13:00:00+00:00,66079.600000,66294.170000,65722.830000,66294.170000,1.705390,1775138399999,0,0
0.204044,0.115469,2026-04-02 14:00:00+00:00,66269.880000,67025.330000,66199.460000,66927.820000,2.235470,1775141999999,0,0
0.205929,0.111231,2026-04-02 15:00:00+00:00,66826.690000,66987.160000,66651.000000,66789.120000,0.037510,1775145599999,0,0
0.211993,0.108205,2026-04-02 16:00:00+00:00,66835.860000,67240.040000,66835.860000,67183.300000,0.279120,1775149199999,0,0
0.216712,0.107720,2026-04-02 17:00:00+00:00,67079.980000,67395.190000,66681.040000,66681.040000,0.462910,1775152799999,0,0
0.206509,0.106959,2026-04-02 18:00:00+00:00,66697.790000,67073.650000,66639.410000,66988.700000,0.034280,1775156399999,0,0
0.190197,0.106826,2026-04-02 19:00:00+00:00,67009.610000,67100.000000,66892.000000,66997.360000,1.493340,1775159999999,0,0
0.176027,0.103655,2026-04-02 20:00:00+00:00,66830.960000,67100.000000,66830.960000,67009.510000,0.006980,1775163599999,0,0
0.172525,0.103495,2026-04-02 21:00:00+00:00,67025.550000,67025.560000,66766.780000,66907.030000,0.031440,1775167199999,0,0
0.173707,0.103529,2026-04-02 22:00:00+00:00,66951.090000,67025.420000,66852.620000,67025.420000,0.025580,1775170799999,0,0
0.151934,0.102960,2026-04-02 23:00:00+00:00,66987.870000,67099.990000,66851.040000,66887.480000,0.090220,1775174399999,0,0
0.134895,0.102572,2026-04-03 00:00:00+00:00,66960.280000,67000.110000,66723.670000,66783.110000,3.784210,1775177999999,0,0
0.121967,0.101953,2026-04-03 01:00:00+00:00,66783.110000,67078.600000,66526.600000,66677.250000,5.561920,1775181599999,0,0
0.126588,0.102315,2026-04-03 02:00:00+00:00,66649.750000,66908.170000,66302.080000,66493.370000,2.549500,1775185199999,0,0
0.124117,0.101837,2026-04-03 03:00:00+00:00,66553.110000,66901.350000,66505.680000,66639.500000,3.141720,1775188799999,0,0
0.122723,0.101902,2026-04-03 04:00:00+00:00,66602.420000,66858.080000,66524.630000,66614.290000,5.695150,1775192399999,0,0
0.116438,0.101097,2026-04-03 05:00:00+00:00,66627.980000,66967.670000,66444.140000,66605.570000,5.053410,1775195999999,0,0
0.128273,0.102570,2026-04-03 06:00:00+00:00,66622.220000,66977.090000,66580.960000,66813.680000,4.700160,1775199599999,0,0
0.150384,0.103917,2026-04-03 07:00:00+00:00,66804.590000,67335.670000,66776.430000,67024.430000,3.503010,1775203199999,0,0
0.143331,0.102593,2026-04-03 08:00:00+00:00,67043.460000,67262.750000,66739.770000,66971.480000,15.717210,1775206799999,0,0
0.138725,0.102081,2026-04-03 09:00:00+00:00,66945.770000,66996.090000,66617.210000,66856.070000,16.118550,1775210399999,0,0
0.134541,0.101901,2026-04-03 10:00:00+00:00,66791.120000,66893.310000,66667.600000,66863.960000,0.102090,1775213999999,0,0
0.137076,0.102530,2026-04-03 11:00:00+00:00,66908.840000,67038.030000,66836.300000,67017.420000,0.548710,1775217599999,0,0
0.136836,0.102697,2026-04-03 12:00:00+00:00,67029.030000,67336.720000,66724.760000,66783.090000,0.291230,1775221199999,0,0
0.140099,0.103111,2026-04-03 13:00:00+00:00,66689.660000,66735.000000,66540.660000,66670.380000,1.857000,1775224799999,0,0
0.133809,0.102608,2026-04-03 14:00:00+00:00,66676.450000,66980.000000,66663.030000,66855.050000,0.316960,1775228399999,0,0
0.134643,0.102822,2026-04-03 15:00:00+00:00,66920.800000,67033.340000,66827.440000,66863.200000,0.093680,1775231999999,0,0
0.135221,0.102572,2026-04-03 16:00:00+00:00,66840.390000,67071.670000,66840.390000,67017.380000,0.282130,1775235599999,0,0
0.130771,0.102495,2026-04-03 17:00:00+00:00,67013.000000,67075.000000,66797.570000,66844.980000,0.157490,1775239199999,0,0
0.128377,0.102399,2026-04-03 18:00:00+00:00,66861.130000,66943.220000,66793.140000,66836.630000,0.061050,1775242799999,0,0
0.120484,0.101691,2026-04-03 19:00:00+00:00,66832.180000,66905.770000,66779.970000,66888.180000,0.137370,1775246399999,0,0
0.119929,0.101614,2026-04-03 20:00:00+00:00,66888.100000,66925.090000,66841.960000,66864.810000,0.129760,1775249999999,0,0
0.124082,0.101954,2026-04-03 21:00:00+00:00,66859.160000,66974.930000,66842.020000,66974.310000,0.935740,1775253599999,0,0
0.123325,0.101975,2026-04-03 22:00:00+00:00,66937.410000,66951.800000,66844.620000,66877.010000,0.055520,1775257199999,0,0
0.123161,0.101831,2026-04-03 23:00:00+00:00,66903.730000,66959.120000,66825.260000,66939.090000,0.065780,1775260799999,0,0
0.120425,0.101630,2026-04-04 00:00:00+00:00,66951.360000,66977.540000,66877.490000,66894.570000,0.054200,1775264399999,0,0
0.116776,0.101550,2026-04-04 01:00:00+00:00,66904.510000,66914.380000,66668.320000,66862.100000,9.256380,1775267999999,0,0
0.116634,0.101552,2026-04-04 02:00:00+00:00,66845.460000,66932.410000,66638.020000,66825.910000,19.618300,1775271599999,0,0
0.116097,0.101511,2026-04-04 03:00:00+00:00,66847.560000,66891.690000,66666.940000,66827.260000,18.944910,1775275199999,0,0
0.116766,0.101622,2026-04-04 04:00:00+00:00,66839.780000,66872.670000,66625.780000,66864.670000,14.546640,1775278799999,0,0
0.119453,0.101957,2026-04-04 05:00:00+00:00,66862.710000,66935.670000,66799.600000,66911.270000,0.211600,1775282399999,0,0
0.128411,0.102432,2026-04-04 06:00:00+00:00,66931.720000,67046.550000,66908.620000,67022.250000,0.050560,1775285999999,0,0
0.131108,0.102325,2026-04-04 07:00:00+00:00,67039.360000,67047.880000,66951.130000,67028.560000,0.090840,1775289599999,0,0
0.126470,0.101685,2026-04-04 08:00:00+00:00,66996.900000,67048.790000,66996.900000,67012.670000,0.046560,1775293199999,0,0
0.125582,0.101829,2026-04-04 09:00:00+00:00,66981.150000,67004.660000,66958.920000,66972.050000,0.087740,1775296799999,0,0
0.137573,0.102634,2026-04-04 10:00:00+00:00,66972.050000,67167.460000,66946.540000,67167.460000,0.113960,1775300399999,0,0
0.138514,0.102616,2026-04-04 11:00:00+00:00,67167.460000,67201.900000,67103.670000,67127.780000,0.209990,1775303999999,0,0
0.132837,0.101837,2026-04-04 12:00:00+00:00,67179.380000,67179.380000,67048.680000,67100.720000,0.007610,1775307599999,0,0
0.140067,0.102237,2026-04-04 13:00:00+00:00,67105.750000,67274.840000,67083.810000,67213.860000,0.028720,1775311199999,0,0
0.135998,0.102109,2026-04-04 14:00:00+00:00,67222.480000,67226.960000,67072.460000,67125.560000,0.075160,1775314799999,0,0
0.138815,0.102382,2026-04-04 15:00:00+00:00,67217.500000,67522.820000,67190.260000,67311.140000,0.183450,1775318399999,0,0
0.148644,0.102880,2026-04-04 16:00:00+00:00,67404.750000,67533.540000,67326.560000,67379.280000,0.041670,1775321999999,0,0
0.138811,0.101650,2026-04-04 17:00:00+00:00,67330.000000,67423.510000,67289.510000,67334.590000,0.428320,1775325599999,0,0
0.134751,0.101506,2026-04-04 18:00:00+00:00,67345.470000,67368.030000,67277.840000,67308.500000,0.178370,1775329199999,0,0
0.132125,0.101211,2026-04-04 19:00:00+00:00,67358.570000,67540.000000,67314.600000,67323.840000,0.143110,1775332799999,0,0
0.124196,0.101179,2026-04-04 20:00:00+00:00,67294.020000,67300.090000,67217.390000,67273.860000,0.023540,1775336399999,0,0
0.123051,0.101286,2026-04-04 21:00:00+00:00,67294.800000,67448.360000,67237.510000,67360.970000,0.156220,1775339999999,0,0
0.126068,0.101538,2026-04-04 22:00:00+00:00,67355.440000,67445.680000,67355.440000,67384.030000,0.072670,1775343599999,0,0
0.122241,0.101191,2026-04-04 23:00:00+00:00,67398.510000,67398.510000,67249.090000,67303.950000,0.207670,1775347199999,0,0
0.120872,0.101403,2026-04-05 00:00:00+00:00,67306.280000,67306.280000,67185.940000,67238.050000,0.235110,1775350799999,0,0
0.123829,0.101671,2026-04-05 01:00:00+00:00,67237.950000,67238.310000,67069.900000,67103.470000,0.213820,1775354399999,0,0
0.120462,0.101322,2026-04-05 02:00:00+00:00,67086.580000,67181.890000,66967.610000,67178.140000,0.081520,1775357999999,0,0
0.120047,0.101163,2026-04-05 03:00:00+00:00,67178.140000,67184.220000,67124.380000,67132.810000,0.034720,1775361599999,0,0
0.119797,0.101300,2026-04-05 04:00:00+00:00,67147.680000,67197.500000,67063.480000,67106.750000,0.349980,1775365199999,0,0
0.125850,0.102052,2026-04-05 05:00:00+00:00,67105.070000,67143.960000,66944.780000,66944.780000,0.031170,1775368799999,1,0
0.130437,0.102406,2026-04-05 06:00:00+00:00,66938.800000,66954.410000,66642.350000,66841.780000,0.487380,1775372399999,1,0
0.130462,0.102048,2026-04-05 07:00:00+00:00,66814.270000,66919.380000,66729.160000,66776.900000,0.137650,1775375999999,1,0
0.133526,0.102314,2026-04-05 08:00:00+00:00,66827.190000,66949.860000,66827.190000,66943.100000,0.195460,1775379599999,1,0
0.141609,0.103070,2026-04-05 09:00:00+00:00,66976.360000,67045.920000,66915.370000,67041.030000,0.034540,1775383199999,1,0
0.138058,0.102478,2026-04-05 10:00:00+00:00,67001.170000,67122.600000,66970.350000,67049.680000,0.015180,1775386799999,1,0
0.136025,0.102163,2026-04-05 11:00:00+00:00,67079.260000,67097.100000,67003.650000,67003.650000,0.000940,1775390399999,1,0
0.140433,0.102931,2026-04-05 12:00:00+00:00,67001.170000,67001.170000,66683.920000,66795.190000,0.290420,1775393999999,1,0
0.135418,0.102700,2026-04-05 13:00:00+00:00,66793.030000,66912.130000,66711.780000,66912.130000,0.019140,1775397599999,1,0
0.135158,0.102630,2026-04-05 14:00:00+00:00,66898.080000,66968.540000,66850.390000,66936.880000,0.123580,1775401199999,1,0
0.163280,0.104025,2026-04-05 15:00:00+00:00,66926.330000,67820.380000,66869.910000,67266.780000,1.636640,1775404799999,1,0
0.170849,0.103942,2026-04-05 16:00:00+00:00,67329.060000,67385.920000,67207.020000,67207.020000,0.109420,1775408399999,1,0
0.179246,0.103474,2026-04-05 17:00:00+00:00,67220.620000,67406.880000,67191.350000,67406.880000,0.010330,1775411999999,1,0
0.180456,0.103565,2026-04-05 18:00:00+00:00,67329.570000,67456.850000,67294.920000,67400.880000,0.095640,1775415599999,1,0
0.164489,0.102463,2026-04-05 19:00:00+00:00,67393.070000,67545.220000,67321.520000,67321.520000,0.218230,1775419199999,1,0
0.179630,0.103758,2026-04-05 20:00:00+00:00,67363.830000,67666.910000,67360.300000,67634.960000,0.368980,1775422799999,1,0
0.186785,0.104015,2026-04-05 21:00:00+00:00,67633.820000,67684.120000,67458.600000,67619.140000,0.353680,1775426399999,1,0
0.223013,0.108260,2026-04-05 22:00:00+00:00,67578.580000,68365.330000,67363.980000,68358.300000,0.982270,1775429999999,0,0
0.215841,0.116081,2026-04-05 23:00:00+00:00,68392.390000,69123.420000,68307.650000,69007.230000,0.799510,1775433599999,0,0
0.202457,0.110112,2026-04-06 00:00:00+00:00,69047.200000,69566.450000,69047.200000,69098.110000,2.983310,1775437199999,0,0
0.206334,0.100809,2026-04-06 01:00:00+00:00,69125.530000,69126.920000,68785.580000,68839.060000,5.549550,1775440799999,0,0
0.205263,0.102479,2026-04-06 02:00:00+00:00,68839.830000,69573.270000,68839.830000,69242.900000,3.784280,1775444399999,0,0
0.209010,0.102004,2026-04-06 03:00:00+00:00,69223.170000,69448.150000,69078.850000,69100.400000,6.664250,1775447999999,0,0
0.196024,0.096399,2026-04-06 04:00:00+00:00,69182.200000,69390.140000,68994.840000,69142.840000,10.714550,1775451599999,0,0
0.189596,0.095999,2026-04-06 05:00:00+00:00,69212.210000,69428.450000,69097.160000,69208.530000,9.284150,1775455199999,0,0
0.185865,0.096301,2026-04-06 06:00:00+00:00,69224.680000,69448.980000,68834.000000,68981.630000,6.808240,1775458799999,0,0
0.165481,0.096033,2026-04-06 07:00:00+00:00,69013.800000,69358.770000,68842.200000,69129.370000,10.299340,1775462399999,0,0
0.155908,0.097380,2026-04-06 08:00:00+00:00,69170.600000,69432.650000,69088.550000,69264.770000,1.750740,1775465999999,0,0
0.163485,0.102253,2026-04-06 09:00:00+00:00,69237.330000,70358.650000,69234.100000,69748.010000,7.448580,1775469599999,0,0
0.169690,0.103110,2026-04-06 10:00:00+00:00,69805.100000,70113.610000,69711.170000,69956.630000,6.122010,1775473199999,0,0
0.156205,0.095668,2026-04-06 11:00:00+00:00,69768.070000,69930.690000,69543.000000,69624.230000,9.449550,1775476799999,0,0
0.155240,0.098008,2026-04-06 12:00:00+00:00,69629.640000,69793.420000,69339.870000,69377.380000,6.032980,1775480399999,0,0
0.131900,0.095203,2026-04-06 13:00:00+00:00,69417.700000,69719.520000,69257.320000,69385.690000,6.646740,1775483999999,0,0
0.134313,0.097538,2026-04-06 14:00:00+00:00,69422.600000,69905.440000,69211.050000,69671.500000,6.253990,1775487599999,0,0
0.158041,0.102348,2026-04-06 15:00:00+00:00,69640.110000,70150.100000,69593.690000,69990.900000,4.414500,1775491199999,0,1
0.149597,0.098260,2026-04-06 16:00:00+00:00,69995.820000,70358.470000,69820.000000,69820.000000,5.531370,1775494799999,0,0
0.148389,0.098947,2026-04-06 17:00:00+00:00,69825.030000,69982.230000,69303.910000,69554.080000,6.250450,1775498399999,0,0
0.142110,0.099460,2026-04-06 18:00:00+00:00,69605.210000,70072.650000,69518.150000,69900.950000,0.970210,1775501999999,0,1
0.128522,0.099981,2026-04-06 19:00:00+00:00,69909.890000,70026.940000,69604.640000,69753.410000,3.814310,1775505599999,0,0
0.116127,0.098044,2026-04-06 20:00:00+00:00,69707.500000,70127.090000,69614.220000,69827.790000,3.161800,1775509199999,0,0
0.123662,0.100525,2026-04-06 21:00:00+00:00,69835.720000,69988.620000,69459.450000,69511.680000,5.079360,1775512799999,0,0
0.153004,0.104872,2026-04-06 22:00:00+00:00,69515.390000,69734.000000,68818.210000,68837.900000,5.142610,1775516399999,0,0
0.147774,0.104026,2026-04-06 23:00:00+00:00,68816.590000,68897.050000,68332.710000,68878.640000,0.852720,1775519999999,0,0
0.131869,0.099130,2026-04-07 00:00:00+00:00,68828.550000,69115.660000,68742.030000,68814.110000,0.291180,1775523599999,0,0
0.142239,0.103186,2026-04-07 01:00:00+00:00,68692.640000,69050.490000,68378.870000,68418.470000,3.625950,1775527199999,0,0
0.144081,0.103018,2026-04-07 02:00:00+00:00,68437.550000,68885.080000,68303.500000,68708.200000,2.910490,1775530799999,0,0
0.147864,0.104205,2026-04-07 03:00:00+00:00,68698.200000,69000.770000,68643.000000,68829.300000,5.856950,1775534399999,0,0
0.141593,0.102379,2026-04-07 04:00:00+00:00,68829.300000,68916.670000,68583.330000,68889.590000,0.263600,1775537999999,0,0
0.141609,0.102377,2026-04-07 05:00:00+00:00,68841.700000,68848.650000,68629.980000,68696.790000,0.035610,1775541599999,0,0
0.144321,0.103267,2026-04-07 06:00:00+00:00,68633.510000,68683.400000,68470.650000,68586.320000,0.313830,1775545199999,0,0
0.130623,0.102430,2026-04-07 07:00:00+00:00,68585.600000,68695.050000,68516.510000,68658.300000,0.068770,1775548799999,0,0
0.144950,0.104930,2026-04-07 08:00:00+00:00,68644.900000,69027.280000,68632.950000,68964.390000,0.126070,1775552399999,0,0
0.158824,0.105616,2026-04-07 09:00:00+00:00,68971.500000,69230.330000,68951.770000,69131.410000,0.136100,1775555999999,0,0
0.169249,0.106467,2026-04-07 10:00:00+00:00,69119.000000,69119.000000,68215.110000,68225.880000,0.489230,1775559599999,0,0
0.165292,0.106858,2026-04-07 11:00:00+00:00,68227.800000,68444.400000,68088.520000,68349.020000,0.209210,1775563199999,0,0
0.145878,0.103642,2026-04-07 12:00:00+00:00,68350.150000,68593.440000,68167.320000,68398.220000,0.316710,1775566799999,0,0
0.137105,0.102999,2026-04-07 13:00:00+00:00,68407.690000,68641.120000,68239.300000,68274.120000,0.618290,1775570399999,0,0
0.147688,0.105824,2026-04-07 14:00:00+00:00,68234.040000,68234.040000,67776.820000,67865.780000,0.493160,1775573999999,1,0
0.148153,0.105242,2026-04-07 15:00:00+00:00,67861.620000,68249.380000,67755.500000,68249.380000,0.647000,1775577599999,1,0
0.149890,0.105639,2026-04-07 16:00:00+00:00,68172.330000,68429.160000,68095.090000,68226.340000,0.754850,1775581199999,1,0
0.175537,0.106786,2026-04-07 17:00:00+00:00,68258.470000,68982.930000,68200.260000,68726.140000,0.192490,1775584799999,1,0
0.175740,0.105633,2026-04-07 18:00:00+00:00,68711.070000,68767.550000,68385.070000,68459.360000,0.134020,1775588399999,1,0
0.196302,0.106137,2026-04-07 19:00:00+00:00,68414.650000,69076.570000,68361.540000,69010.810000,0.110470,1775591999999,1,0
0.207210,0.109859,2026-04-07 20:00:00+00:00,69035.820000,69535.740000,69035.820000,69315.790000,0.351910,1775595599999,1,0
0.202587,0.112369,2026-04-07 21:00:00+00:00,69326.080000,70203.420000,69326.080000,69961.510000,1.322650,1775599199999,1,0
0.184916,0.124099,2026-04-07 22:00:00+00:00,69938.890000,71511.480000,69938.890000,71496.360000,7.925330,1775602799999,0,0
0.169172,0.125761,2026-04-07 23:00:00+00:00,71511.470000,72745.830000,71202.150000,71964.450000,4.166860,1775606399999,0,0
0.167430,0.103102,2026-04-08 00:00:00+00:00,71956.270000,72150.370000,71549.850000,71694.790000,1.619610,1775609999999,0,0
0.180840,0.099643,2026-04-08 01:00:00+00:00,71712.810000,71766.240000,71301.910000,71471.940000,2.271620,1775613599999,0,0
0.194625,0.097831,2026-04-08 02:00:00+00:00,71498.030000,71732.090000,71276.190000,71334.360000,0.598630,1775617199999,0,0
0.200680,0.095187,2026-04-08 03:00:00+00:00,71374.920000,71449.040000,71281.520000,71290.520000,0.301930,1775620799999,0,0
0.191252,0.099215,2026-04-08 04:00:00+00:00,71311.000000,71668.270000,71311.000000,71642.820000,0.100920,1775624399999,0,0
0.181543,0.099912,2026-04-08 05:00:00+00:00,71598.520000,71825.790000,71573.870000,71740.650000,0.510300,1775627999999,0,0
0.160029,0.090760,2026-04-08 06:00:00+00:00,71721.680000,71951.840000,71595.260000,71732.490000,0.045100,1775631599999,0,0
0.142024,0.088585,2026-04-08 07:00:00+00:00,71716.420000,71853.780000,71617.650000,71624.460000,0.211300,1775635199999,0,0
0.113452,0.087621,2026-04-08 08:00:00+00:00,71654.270000,71806.450000,71654.270000,71730.740000,0.162320,1775638799999,0,0
0.086145,0.086651,2026-04-08 09:00:00+00:00,71841.640000,71919.870000,71633.780000,71633.780000,0.121280,1775642399999,0,0
0.085186,0.087249,2026-04-08 10:00:00+00:00,71714.600000,71791.530000,71486.300000,71508.340000,0.093240,1775645999999,0,0
0.086132,0.088191,2026-04-08 11:00:00+00:00,71570.450000,71739.370000,71510.280000,71697.020000,5.931100,1775649599999,0,0
0.105337,0.097158,2026-04-08 12:00:00+00:00,71729.830000,72135.010000,71629.990000,72113.890000,0.191100,1775653199999,0,0
0.097452,0.094179,2026-04-08 13:00:00+00:00,72106.740000,72845.480000,71533.690000,71533.690000,2.745340,1775656799999,0,0
0.114188,0.103491,2026-04-08 14:00:00+00:00,71626.590000,71723.960000,70723.970000,70886.460000,0.815560,1775660399999,0,0
0.099943,0.098174,2026-04-08 15:00:00+00:00,70904.590000,71347.950000,70851.220000,71347.950000,0.317420,1775663999999,0,0
0.106323,0.103936,2026-04-08 16:00:00+00:00,71305.010000,71658.610000,71214.600000,71619.870000,0.299200,1775667599999,0,0
0.109229,0.100924,2026-04-08 17:00:00+00:00,71636.170000,71979.140000,71500.730000,71863.930000,0.743620,1775671199999,0,0
0.116863,0.103349,2026-04-08 18:00:00+00:00,71839.110000,71889.390000,71056.920000,71094.640000,0.226800,1775674799999,0,0
0.121036,0.104265,2026-04-08 19:00:00+00:00,71046.530000,71367.240000,71007.690000,71318.770000,0.144240,1775678399999,0,0
0.104020,0.101773,2026-04-08 20:00:00+00:00,71353.090000,71472.950000,71283.000000,71383.880000,3.005100,1775681999999,0,0
0.105019,0.101790,2026-04-08 21:00:00+00:00,71372.080000,71741.970000,71333.800000,71554.530000,0.575600,1775685599999,0,0
0.106913,0.102458,2026-04-08 22:00:00+00:00,71535.230000,71538.820000,71100.340000,71182.840000,4.671710,1775689199999,0,0
0.107830,0.103227,2026-04-08 23:00:00+00:00,70997.230000,71188.790000,70922.100000,71078.160000,0.185570,1775692799999,0,0
0.101873,0.102213,2026-04-09 00:00:00+00:00,71028.700000,71113.050000,70671.290000,70855.440000,0.155570,1775696399999,1,0
0.099591,0.101670,2026-04-09 01:00:00+00:00,70873.850000,70929.360000,70491.910000,70929.360000,0.264660,1775699999999,1,0
0.097069,0.102242,2026-04-09 02:00:00+00:00,70972.870000,71153.370000,70836.810000,71079.650000,0.257480,1775703599999,0,0
0.093945,0.101617,2026-04-09 03:00:00+00:00,71060.290000,71087.500000,70880.590000,71030.250000,0.439480,1775707199999,0,0
0.098174,0.102696,2026-04-09 04:00:00+00:00,70999.880000,71012.280000,70769.520000,70785.760000,0.222460,1775710799999,1,0
0.095172,0.102559,2026-04-09 05:00:00+00:00,70766.510000,71057.750000,70715.060000,70986.880000,0.029950,1775714399999,0,0
0.093512,0.102604,2026-04-09 06:00:00+00:00,71017.720000,71090.490000,70868.690000,70978.100000,0.030260,1775717999999,0,0
0.089805,0.100599,2026-04-09 07:00:00+00:00,71040.440000,71108.650000,71000.500000,71005.000000,0.207320,1775721599999,0,0
0.100890,0.103996,2026-04-09 08:00:00+00:00,71010.940000,71375.830000,70900.450000,71299.170000,0.107400,1775725199999,0,0
0.120229,0.106362,2026-04-09 09:00:00+00:00,71163.830000,71549.850000,71150.960000,71549.850000,0.176180,1775728799999,0,0
0.108839,0.102980,2026-04-09 10:00:00+00:00,71537.450000,71537.450000,71291.440000,71291.440000,0.164220,1775732399999,0,0
0.107255,0.102831,2026-04-09 11:00:00+00:00,71329.080000,71329.080000,71064.690000,71198.920000,1.111140,1775735999999,0,0
0.098707,0.101095,2026-04-09 12:00:00+00:00,71197.090000,71320.530000,71101.340000,71320.530000,0.178760,1775739599999,0,0
0.104438,0.103754,2026-04-09 13:00:00+00:00,71306.100000,71334.210000,70673.360000,70818.700000,0.342710,1775743199999,1,0
0.104024,0.103935,2026-04-09 14:00:00+00:00,70802.850000,71233.880000,70550.000000,71111.740000,0.090880,1775746799999,0,0
0.166407,0.114772,2026-04-09 15:00:00+00:00,71143.450000,72343.060000,70963.610000,72128.510000,11.121740,1775750399999,0,0
0.165452,0.113174,2026-04-09 16:00:00+00:00,72291.830000,72400.000000,71743.750000,72063.090000,5.762500,1775753999999,0,0
0.149103,0.102164,2026-04-09 17:00:00+00:00,72091.030000,72538.940000,72091.030000,72327.630000,0.840220,1775757599999,0,0
0.151533,0.102603,2026-04-09 18:00:00+00:00,72315.060000,72315.060000,71763.320000,71895.990000,0.609080,1775761199999,0,0
0.139124,0.101788,2026-04-09 19:00:00+00:00,71858.700000,72267.120000,71812.830000,72075.970000,0.305170,1775764799999,0,0
0.129968,0.104600,2026-04-09 20:00:00+00:00,72144.640000,72415.930000,71995.970000,72390.810000,0.201410,1775768399999,0,0
0.126023,0.100670,2026-04-09 21:00:00+00:00,72384.250000,72714.350000,72164.140000,72252.170000,0.688870,1775771999999,0,0
0.119776,0.099913,2026-04-09 22:00:00+00:00,72286.510000,73131.980000,71979.150000,71979.150000,1.148790,1775775599999,0,0
0.113221,0.099916,2026-04-09 23:00:00+00:00,71953.810000,72010.250000,71610.600000,71831.700000,0.335750,1775779199999,0,0
0.099468,0.096932,2026-04-10 00:00:00+00:00,71795.560000,72008.040000,71645.470000,71887.720000,0.353120,1775782799999,0,0
0.095332,0.100802,2026-04-10 01:00:00+00:00,71953.850000,72395.550000,71665.730000,72190.690000,0.516940,1775786399999,0,0
0.085087,0.098664,2026-04-10 02:00:00+00:00,72151.420000,72293.010000,71944.140000,71967.850000,0.103120,1775789999999,0,0
0.085286,0.098633,2026-04-10 03:00:00+00:00,71949.390000,72009.770000,71846.290000,71846.290000,0.146020,1775793599999,0,0
0.085591,0.098629,2026-04-10 04:00:00+00:00,71915.790000,72180.000000,71831.140000,72104.470000,0.326250,1775797199999,0,0
0.086107,0.099549,2026-04-10 05:00:00+00:00,72132.900000,72229.450000,72031.330000,72090.590000,0.037400,1775800799999,0,0
0.085501,0.099332,2026-04-10 06:00:00+00:00,72114.280000,72175.590000,71811.630000,71811.630000,0.051320,1775804399999,0,0
0.094191,0.102872,2026-04-10 07:00:00+00:00,71811.610000,71843.270000,71451.380000,71451.380000,0.042770,1775807999999,0,0
0.089602,0.100878,2026-04-10 08:00:00+00:00,71455.370000,71712.930000,71455.370000,71537.670000,0.203420,1775811599999,0,0
0.088098,0.101256,2026-04-10 09:00:00+00:00,71664.650000,71859.380000,71664.650000,71752.790000,0.034980,1775815199999,0,0
0.091120,0.102587,2026-04-10 10:00:00+00:00,71750.840000,71922.120000,71715.460000,71922.120000,0.127040,1775818799999,0,0
0.098898,0.103283,2026-04-10 11:00:00+00:00,71921.070000,72249.280000,71907.930000,72160.000000,3.344030,1775822399999,0,0
0.107927,0.102902,2026-04-10 12:00:00+00:00,72131.230000,72438.230000,72022.700000,72267.600000,0.246870,1775825999999,0,0
0.107773,0.101247,2026-04-10 13:00:00+00:00,72245.550000,72355.560000,71930.350000,72341.280000,1.520250,1775829599999,0,0
0.140496,0.107943,2026-04-10 14:00:00+00:00,72302.300000,73144.470000,72302.300000,72882.470000,11.905370,1775833199999,0,0
0.130550,0.105310,2026-04-10 15:00:00+00:00,72890.400000,73299.920000,72375.650000,72375.650000,0.700320,1775836799999,0,0
0.144061,0.105978,2026-04-10 16:00:00+00:00,72448.220000,73040.160000,72448.220000,72978.010000,0.264580,1775840399999,0,0
0.155728,0.109929,2026-04-10 17:00:00+00:00,72942.110000,73136.340000,72820.110000,73099.880000,0.437760,1775843999999,0,0
0.139814,0.099544,2026-04-10 18:00:00+00:00,73109.520000,73153.490000,72930.070000,73101.240000,0.450890,1775847599999,0,0
0.127757,0.097092,2026-04-10 19:00:00+00:00,73134.590000,73236.910000,72900.000000,73134.560000,2.983530,1775851199999,0,0
0.133850,0.100283,2026-04-10 20:00:00+00:00,73225.230000,73444.640000,73079.740000,73352.150000,0.570050,1775854799999,0,0
0.109169,0.098066,2026-04-10 21:00:00+00:00,73348.790000,73348.790000,72900.000000,73177.370000,1.885790,1775858399999,0,0
0.100202,0.099313,2026-04-10 22:00:00+00:00,73187.230000,73229.130000,72748.190000,72902.460000,0.251130,1775861999999,0,0
0.091771,0.097391,2026-04-10 23:00:00+00:00,72871.220000,72972.720000,72796.020000,72959.510000,1.478400,1775865599999,0,0
0.085253,0.095079,2026-04-11 00:00:00+00:00,72914.220000,72921.810000,72795.030000,72842.090000,1.355710,1775869199999,0,0
0.082237,0.094808,2026-04-11 01:00:00+00:00,72835.640000,73017.200000,72684.590000,72940.880000,0.386350,1775872799999,0,0
0.081626,0.095057,2026-04-11 02:00:00+00:00,72980.170000,73099.700000,72922.300000,72942.910000,0.156800,1775876399999,0,0
0.078348,0.094506,2026-04-11 03:00:00+00:00,72993.220000,73083.600000,72853.310000,72853.310000,0.214450,1775879999999,0,0
0.078441,0.094742,2026-04-11 04:00:00+00:00,72845.700000,72960.810000,72709.160000,72825.380000,0.163280,1775883599999,0,0
0.077865,0.093953,2026-04-11 05:00:00+00:00,72823.110000,72841.780000,72771.750000,72813.470000,0.120570,1775887199999,0,0
0.078895,0.095273,2026-04-11 06:00:00+00:00,72735.750000,72752.640000,72632.630000,72718.580000,0.219410,1775890799999,0,0
0.079530,0.096136,2026-04-11 07:00:00+00:00,72779.530000,72807.070000,72676.110000,72708.280000,0.130320,1775894399999,0,0
0.079251,0.096507,2026-04-11 08:00:00+00:00,72735.270000,72796.990000,72661.360000,72661.360000,0.015670,1775897999999,0,0
0.082117,0.099951,2026-04-11 09:00:00+00:00,72657.570000,72910.290000,72647.150000,72910.290000,0.385230,1775901599999,0,0
0.082638,0.100165,2026-04-11 10:00:00+00:00,72918.830000,72918.830000,72777.780000,72777.780000,0.011420,1775905199999,0,0
0.082516,0.099217,2026-04-11 11:00:00+00:00,72828.020000,72893.280000,72812.070000,72882.600000,0.035860,1775908799999,0,0
0.083733,0.099849,2026-04-11 12:00:00+00:00,72919.010000,72937.730000,72855.490000,72918.510000,0.012900,1775912399999,0,0
0.085160,0.100747,2026-04-11 13:00:00+00:00,72880.620000,72880.620000,72533.900000,72683.560000,0.370160,1775915999999,0,0
0.084782,0.100718,2026-04-11 14:00:00+00:00,72628.750000,72736.340000,72628.750000,72736.340000,0.040960,1775919599999,0,0
0.083794,0.100428,2026-04-11 15:00:00+00:00,72720.550000,72845.240000,72672.670000,72822.430000,0.144220,1775923199999,0,0
0.091099,0.103084,2026-04-11 16:00:00+00:00,72847.560000,73199.880000,72838.240000,73102.410000,0.206070,1775926799999,0,0
0.093311,0.102357,2026-04-11 17:00:00+00:00,73027.030000,73177.100000,72960.250000,73088.880000,0.094910,1775930399999,0,0
0.115576,0.104715,2026-04-11 18:00:00+00:00,73073.930000,73700.000000,73051.510000,73530.530000,1.383760,1775933999999,0,1
0.131125,0.106520,2026-04-11 19:00:00+00:00,73606.340000,73799.950000,73506.540000,73682.090000,0.585700,1775937599999,0,1
0.112785,0.101543,2026-04-11 20:00:00+00:00,73686.490000,73693.120000,73240.510000,73296.430000,0.041330,1775941199999,0,1
0.107897,0.101217,2026-04-11 21:00:00+00:00,73312.830000,73529.330000,73286.470000,73464.830000,0.191160,1775944799999,0,1
0.099370,0.099145,2026-04-11 22:00:00+00:00,73399.710000,73575.860000,73285.600000,73376.400000,0.261380,1775948399999,0,1
0.097805,0.101048,2026-04-11 23:00:00+00:00,73340.620000,73350.880000,72942.280000,73052.080000,1.800430,1775951999999,0,1
0.095163,0.100321,2026-04-12 00:00:00+00:00,73026.130000,73115.760000,72800.020000,73087.300000,0.168150,1775955599999,0,1
0.132290,0.113127,2026-04-12 01:00:00+00:00,73096.620000,73143.070000,71317.230000,71688.660000,1.300720,1775959199999,0,0
0.127081,0.115872,2026-04-12 02:00:00+00:00,71630.270000,71921.400000,71397.790000,71803.770000,0.643720,1775962799999,0,0
0.105166,0.100671,2026-04-12 03:00:00+00:00,71854.400000,71854.410000,71600.000000,71651.750000,1.283250,1775966399999,0,0
0.108639,0.103771,2026-04-12 04:00:00+00:00,71602.520000,71675.600000,71443.280000,71469.220000,1.332770,1775969999999,0,0
0.111045,0.102967,2026-04-12 05:00:00+00:00,71469.220000,71745.110000,71458.100000,71723.300000,0.216770,1775973599999,0,0
0.104539,0.103121,2026-04-12 06:00:00+00:00,71714.630000,71761.600000,71654.670000,71672.340000,0.131700,1775977199999,0,0
0.100608,0.100330,2026-04-12 07:00:00+00:00,71646.090000,71713.280000,71579.430000,71685.050000,0.043840,1775980799999,0,0
0.102575,0.101262,2026-04-12 08:00:00+00:00,71714.200000,71721.530000,71545.890000,71620.130000,0.130350,1775984399999,0,0
0.104277,0.102610,2026-04-12 09:00:00+00:00,71620.130000,71634.230000,71501.200000,71553.490000,0.062100,1775987999999,0,0
0.102855,0.103661,2026-04-12 10:00:00+00:00,71522.530000,71661.930000,71470.000000,71470.000000,0.037270,1775991599999,0,0
0.100268,0.103551,2026-04-12 11:00:00+00:00,71432.800000,71550.670000,71430.980000,71480.690000,0.036450,1775995199999,0,0
0.103441,0.107315,2026-04-12 12:00:00+00:00,71455.470000,71461.440000,71101.520000,71126.890000,0.414650,1775998799999,0,0
0.111012,0.110482,2026-04-12 13:00:00+00:00,71058.650000,71143.230000,70893.020000,70928.140000,0.409150,1776002399999,0,0
0.111079,0.110618,2026-04-12 14:00:00+00:00,70882.240000,71055.460000,70714.290000,70740.370000,0.194020,1776005999999,0,0
0.109050,0.109328,2026-04-12 15:00:00+00:00,70770.780000,70912.660000,70615.560000,70902.710000,0.096070,1776009599999,0,0
0.110271,0.109454,2026-04-12 16:00:00+00:00,70872.690000,70950.000000,70830.710000,70939.920000,0.289000,1776013199999,0,0
0.111096,0.108316,2026-04-12 17:00:00+00:00,70932.390000,71191.420000,70932.390000,71116.830000,0.577800,1776016799999,0,0
0.112439,0.106877,2026-04-12 18:00:00+00:00,71114.630000,71200.000000,71063.040000,71125.830000,0.143320,1776020399999,0,0
0.107312,0.103317,2026-04-12 19:00:00+00:00,71142.230000,71217.920000,71079.230000,71113.740000,0.101730,1776023999999,0,0
0.117892,0.105859,2026-04-12 20:00:00+00:00,71064.160000,71428.550000,70958.380000,71368.350000,0.374490,1776027599999,0,0
0.118410,0.104740,2026-04-12 21:00:00+00:00,71354.070000,71436.900000,71195.620000,71332.650000,0.023810,1776031199999,0,0
0.123137,0.105258,2026-04-12 22:00:00+00:00,71360.350000,71360.350000,70537.990000,70845.760000,0.444940,1776034799999,1,0
0.123469,0.105285,2026-04-12 23:00:00+00:00,70903.630000,70903.630000,70590.750000,70726.650000,0.071490,1776038399999,1,0
0.122394,0.104494,2026-04-13 00:00:00+00:00,70693.470000,71235.410000,70625.210000,71157.950000,1.613550,1776041999999,0,0
0.127997,0.105340,2026-04-13 01:00:00+00:00,71164.460000,71219.590000,70985.510000,71200.550000,0.169750,1776045599999,0,0
0.111412,0.101385,2026-04-13 02:00:00+00:00,71232.570000,71268.370000,71012.110000,71044.830000,0.037020,1776049199999,0,0
0.111486,0.101707,2026-04-13 03:00:00+00:00,71057.860000,71164.230000,70912.340000,70991.060000,0.087860,1776052799999,0,0
0.105449,0.100759,2026-04-13 04:00:00+00:00,71000.790000,71141.260000,70867.290000,70953.800000,0.095300,1776056399999,1,0
0.102766,0.100850,2026-04-13 05:00:00+00:00,70891.560000,70920.660000,70698.910000,70862.420000,0.061750,1776059999999,1,0
0.105126,0.101527,2026-04-13 06:00:00+00:00,70928.700000,71119.960000,70928.700000,71061.810000,0.148450,1776063599999,0,0
0.106016,0.101741,2026-04-13 07:00:00+00:00,71045.760000,71045.760000,70698.910000,70830.610000,0.018140,1776067199999,1,0
0.107565,0.101907,2026-04-13 08:00:00+00:00,70846.090000,70846.090000,70534.210000,70763.460000,0.603550,1776070799999,1,0
0.101446,0.100322,2026-04-13 09:00:00+00:00,70746.960000,70861.390000,70699.360000,70812.560000,0.043650,1776074399999,1,0
0.101914,0.100480,2026-04-13 10:00:00+00:00,70723.300000,70841.490000,70709.540000,70709.540000,0.019020,1776077999999,1,0
0.104023,0.101323,2026-04-13 11:00:00+00:00,70765.560000,70982.320000,70765.560000,70930.030000,0.037370,1776081599999,1,0
0.121175,0.103742,2026-04-13 12:00:00+00:00,70915.690000,71181.570000,70761.740000,71181.570000,0.707880,1776085199999,1,0
0.164732,0.107219,2026-04-13 13:00:00+00:00,71089.630000,71753.500000,70832.500000,71675.580000,1.589650,1776088799999,1,0
0.188268,0.114395,2026-04-13 14:00:00+00:00,71687.590000,72392.010000,71479.800000,72392.010000,11.395030,1776092399999,0,0
0.191038,0.107054,2026-04-13 15:00:00+00:00,72392.010000,72468.190000,71651.280000,71859.490000,0.642800,1776095999999,1,0
0.192472,0.103786,2026-04-13 16:00:00+00:00,71869.360000,72422.990000,71716.140000,72210.220000,1.466440,1776099599999,1,0
0.183362,0.102939,2026-04-13 17:00:00+00:00,72233.470000,72609.190000,72105.390000,72105.390000,2.089180,1776103199999,1,0
0.183212,0.101790,2026-04-13 18:00:00+00:00,72154.930000,72448.260000,72070.770000,72425.180000,2.780890,1776106799999,1,0
0.195391,0.116665,2026-04-13 19:00:00+00:00,72389.450000,73469.090000,72315.130000,73340.070000,11.534920,1776110399999,1,0
0.185125,0.111787,2026-04-13 20:00:00+00:00,73305.420000,73360.050000,73031.330000,73173.990000,0.418560,1776113999999,1,0
0.175319,0.094776,2026-04-13 21:00:00+00:00,73159.060000,73331.660000,73086.100000,73220.370000,2.519410,1776117599999,1,0
0.174093,0.121391,2026-04-13 22:00:00+00:00,73263.230000,74701.840000,73246.010000,74674.230000,5.106570,1776121199999,0,0
0.173555,0.119582,2026-04-13 23:00:00+00:00,74615.630000,74892.000000,74464.730000,74496.700000,2.617300,1776124799999,0,0
0.175942,0.093990,2026-04-14 00:00:00+00:00,74421.250000,74519.790000,74123.440000,74144.670000,5.270770,1776128399999,0,0
0.167735,0.092467,2026-04-14 01:00:00+00:00,74178.700000,74377.650000,74012.650000,74352.640000,0.522960,1776131999999,0,0
0.165547,0.092135,2026-04-14 02:00:00+00:00,74356.300000,74546.400000,74298.900000,74324.390000,0.575060,1776135599999,0,0
0.153881,0.089332,2026-04-14 03:00:00+00:00,74314.710000,74454.990000,74276.550000,74448.880000,0.254210,1776139199999,0,0
0.145932,0.088210,2026-04-14 04:00:00+00:00,74400.600000,74505.210000,74335.500000,74358.540000,0.035390,1776142799999,0,0
0.131523,0.087299,2026-04-14 05:00:00+00:00,74377.630000,74428.550000,74188.360000,74217.970000,0.143600,1776146399999,0,0
0.119342,0.089019,2026-04-14 06:00:00+00:00,74253.550000,74532.520000,74253.550000,74532.520000,0.030600,1776149999999,0,0
0.118172,0.090086,2026-04-14 07:00:00+00:00,74517.950000,74900.000000,74427.620000,74530.380000,0.840030,1776153599999,0,0
0.105991,0.086812,2026-04-14 08:00:00+00:00,74542.610000,74891.720000,74483.000000,74661.000000,0.409320,1776157199999,0,0
0.092774,0.086482,2026-04-14 09:00:00+00:00,74747.590000,74825.980000,74450.000000,74533.090000,0.318840,1776160799999,0,0
0.092232,0.087619,2026-04-14 10:00:00+00:00,74507.510000,74587.370000,74351.410000,74419.330000,0.357920,1776164399999,0,0
0.088917,0.087729,2026-04-14 11:00:00+00:00,74315.100000,74450.880000,74307.110000,74395.360000,0.135470,1776167999999,0,0
0.088058,0.088101,2026-04-14 12:00:00+00:00,74374.810000,74456.850000,74297.090000,74456.850000,1.489700,1776171599999,0,0
0.160905,0.110589,2026-04-14 13:00:00+00:00,74509.360000,75555.830000,74508.900000,75555.830000,6.857020,1776175199999,0,0
0.160995,0.105974,2026-04-14 14:00:00+00:00,75550.430000,76039.160000,75057.200000,75057.200000,0.699250,1776178799999,0,0
0.152050,0.094556,2026-04-14 15:00:00+00:00,74966.500000,75427.950000,74594.990000,75324.430000,1.406950,1776182399999,0,0
0.159262,0.098391,2026-04-14 16:00:00+00:00,75331.570000,75705.740000,74514.300000,74585.690000,0.952830,1776185999999,0,0
0.149802,0.099363,2026-04-14 17:00:00+00:00,74663.900000,74865.340000,74278.770000,74759.550000,0.554480,1776189599999,0,0
0.138633,0.099590,2026-04-14 18:00:00+00:00,74769.000000,74822.570000,73847.990000,74106.170000,10.236720,1776193199999,0,0
0.137925,0.100384,2026-04-14 19:00:00+00:00,74088.020000,74388.830000,73945.380000,74210.860000,1.401390,1776196799999,0,0
0.126413,0.095653,2026-04-14 20:00:00+00:00,74253.300000,74416.340000,74026.890000,74026.890000,0.360730,1776200399999,0,0
0.127692,0.098102,2026-04-14 21:00:00+00:00,74113.570000,74285.660000,73968.140000,74285.660000,0.485960,1776203999999,0,0
0.125058,0.098238,2026-04-14 22:00:00+00:00,74232.490000,74373.250000,73847.990000,74061.280000,0.720530,1776207599999,0,0
0.115920,0.097715,2026-04-14 23:00:00+00:00,74038.390000,74228.250000,74038.390000,74158.730000,0.534190,1776211199999,0,0
0.138723,0.102103,2026-04-15 00:00:00+00:00,74151.750000,74689.140000,74136.870000,74577.760000,0.863760,1776214799999,0,0
0.143434,0.101943,2026-04-15 01:00:00+00:00,74564.030000,74769.010000,74496.810000,74620.500000,0.303760,1776218399999,0,0
0.126925,0.098851,2026-04-15 02:00:00+00:00,74633.310000,74647.910000,74184.720000,74356.310000,0.763560,1776221999999,0,0
0.122187,0.099220,2026-04-15 03:00:00+00:00,74333.990000,74373.810000,74214.200000,74354.480000,0.107930,1776225599999,0,0
0.109144,0.096690,2026-04-15 04:00:00+00:00,74321.770000,74436.890000,74284.010000,74361.110000,0.329560,1776229199999,0,0
0.115728,0.100021,2026-04-15 05:00:00+00:00,74384.320000,74421.620000,73893.170000,74035.520000,0.678340,1776232799999,0,0
0.119225,0.101190,2026-04-15 06:00:00+00:00,74017.580000,74025.250000,73855.240000,73870.600000,0.166900,1776236399999,0,0
0.114060,0.099548,2026-04-15 07:00:00+00:00,73926.890000,74022.050000,73550.500000,73776.000000,0.974730,1776239999999,0,0
0.119138,0.101601,2026-04-15 08:00:00+00:00,73720.280000,74166.670000,73720.280000,74166.670000,0.132850,1776243599999,0,0
0.118232,0.101434,2026-04-15 09:00:00+00:00,74118.940000,74173.130000,73931.470000,73945.510000,0.060790,1776247199999,0,0
0.111283,0.099866,2026-04-15 10:00:00+00:00,74006.540000,74239.340000,73816.570000,73943.310000,1.346460,1776250799999,0,0
0.116034,0.100748,2026-04-15 11:00:00+00:00,73923.570000,74198.720000,73897.490000,74183.680000,0.804430,1776254399999,0,0
0.123424,0.101865,2026-04-15 12:00:00+00:00,74172.290000,74461.110000,74070.800000,74300.490000,1.707880,1776257999999,0,0
0.109770,0.099294,2026-04-15 13:00:00+00:00,74287.640000,74427.220000,73833.330000,74112.640000,0.936940,1776261599999,0,0
0.110701,0.099160,2026-04-15 14:00:00+00:00,74060.500000,74500.000000,73873.990000,74165.110000,1.026580,1776265199999,0,0
0.112077,0.100044,2026-04-15 15:00:00+00:00,74155.140000,74304.740000,73604.140000,73848.400000,0.689550,1776268799999,0,0
0.109177,0.099814,2026-04-15 16:00:00+00:00,73791.910000,74166.670000,73791.910000,73954.700000,2.694580,1776272399999,0,0
0.110607,0.100093,2026-04-15 17:00:00+00:00,73962.860000,74195.560000,73924.420000,74146.320000,0.399540,1776275999999,0,0
0.123710,0.101635,2026-04-15 18:00:00+00:00,74108.050000,74393.620000,74107.830000,74393.620000,1.814110,1776279599999,0,0
0.170261,0.106944,2026-04-15 19:00:00+00:00,74387.400000,75263.910000,74386.610000,75000.000000,3.182770,1776283199999,0,0
0.170704,0.104083,2026-04-15 20:00:00+00:00,75042.380000,75042.380000,74558.200000,74839.500000,2.284570,1776286799999,0,0
0.156158,0.098665,2026-04-15 21:00:00+00:00,74851.750000,74851.750000,74562.230000,74738.480000,0.137990,1776290399999,0,0
0.152064,0.098755,2026-04-15 22:00:00+00:00,74748.800000,75400.000000,74748.800000,74971.120000,1.721820,1776293999999,0,0
0.141611,0.098343,2026-04-15 23:00:00+00:00,74894.530000,74931.960000,74598.640000,74806.490000,0.653380,1776297599999,0,0
0.126607,0.096797,2026-04-16 00:00:00+00:00,74821.000000,74861.210000,74488.120000,74812.930000,0.349430,1776301199999,0,0
0.123019,0.096589,2026-04-16 01:00:00+00:00,74774.990000,74774.990000,74476.200000,74637.570000,0.266500,1776304799999,0,0
0.127837,0.097706,2026-04-16 02:00:00+00:00,74668.250000,75254.270000,74668.250000,74918.890000,0.426250,1776308399999,0,0
0.117942,0.097629,2026-04-16 03:00:00+00:00,74891.080000,75101.440000,74649.990000,74876.920000,10.312890,1776311999999,0,0
0.102562,0.093639,2026-04-16 04:00:00+00:00,74851.900000,75154.600000,74698.400000,74916.300000,0.690710,1776315599999,0,0
0.103501,0.095374,2026-04-16 05:00:00+00:00,74940.680000,75122.670000,74889.300000,75066.560000,0.248260,1776319199999,0,0
0.098230,0.094503,2026-04-16 06:00:00+00:00,75096.890000,75096.890000,74829.000000,75005.700000,0.187310,1776322799999,0,0
0.098908,0.097156,2026-04-16 07:00:00+00:00,75063.130000,75089.520000,74635.900000,74676.700000,1.077050,1776326399999,0,0
0.098122,0.096705,2026-04-16 08:00:00+00:00,74736.400000,74736.400000,74514.330000,74691.470000,0.366360,1776329999999,0,0
0.093487,0.094020,2026-04-16 09:00:00+00:00,74655.720000,74869.440000,74596.920000,74596.920000,0.071690,1776333599999,0,0
0.102511,0.097405,2026-04-16 10:00:00+00:00,74610.460000,74610.460000,74285.710000,74318.340000,0.371470,1776337199999,0,0
0.100375,0.097082,2026-04-16 11:00:00+00:00,74325.060000,74559.580000,74269.800000,74559.580000,2.312310,1776340799999,0,0
0.100264,0.097953,2026-04-16 12:00:00+00:00,74578.770000,74833.330000,74572.000000,74608.230000,1.207620,1776344399999,0,0
0.122364,0.103410,2026-04-16 13:00:00+00:00,74586.880000,75000.000000,73322.570000,73786.100000,1.407470,1776347999999,1,0
0.124677,0.103902,2026-04-16 14:00:00+00:00,73805.990000,74166.670000,73450.000000,73869.600000,0.756140,1776351599999,1,0
0.155062,0.108303,2026-04-16 15:00:00+00:00,73975.540000,74890.150000,73925.800000,74731.950000,1.737310,1776355199999,0,0
0.147020,0.105544,2026-04-16 16:00:00+00:00,74711.500000,74943.760000,74082.520000,74197.400000,1.928420,1776358799999,1,0
0.134803,0.102419,2026-04-16 17:00:00+00:00,74188.810000,74416.340000,73931.770000,74185.250000,0.517200,1776362399999,1,0
0.174378,0.108103,2026-04-16 18:00:00+00:00,74407.450000,75064.740000,74252.820000,74993.750000,0.520350,1776365999999,1,0
0.187716,0.112735,2026-04-16 19:00:00+00:00,75071.140000,75401.000000,74766.030000,75398.410000,3.183110,1776369599999,0,0
0.172871,0.101864,2026-04-16 20:00:00+00:00,75397.870000,75507.540000,75028.620000,75214.220000,1.680400,1776373199999,0,0
0.182767,0.100765,2026-04-16 21:00:00+00:00,75238.280000,75283.570000,74833.330000,74934.970000,0.316720,1776376799999,1,0
0.169941,0.099670,2026-04-16 22:00:00+00:00,75006.540000,75114.400000,74872.880000,74872.880000,1.378400,1776380399999,1,0
0.147490,0.099048,2026-04-16 23:00:00+00:00,74851.040000,75162.500000,74831.500000,75099.580000,0.331070,1776383999999,0,0
0.146067,0.098626,2026-04-17 00:00:00+00:00,75122.220000,75150.100000,74864.700000,74935.800000,0.672860,1776387599999,1,0
0.132540,0.099065,2026-04-17 01:00:00+00:00,74944.760000,75021.450000,74577.610000,74737.440000,0.449710,1776391199999,1,0
0.113326,0.097737,2026-04-17 02:00:00+00:00,74721.400000,74792.920000,74573.630000,74706.540000,0.124350,1776394799999,1,0
0.108319,0.096178,2026-04-17 03:00:00+00:00,74703.280000,74809.990000,74585.700000,74629.440000,0.074750,1776398399999,1,0
0.101757,0.096133,2026-04-17 04:00:00+00:00,74642.160000,74834.100000,74634.620000,74757.480000,0.121550,1776401999999,1,0
0.088008,0.101316,2026-04-17 05:00:00+00:00,74806.290000,74811.200000,74568.280000,74651.910000,0.246750,1776405599999,1,0
0.091952,0.103628,2026-04-17 06:00:00+00:00,74636.110000,74922.900000,74616.910000,74922.900000,0.063300,1776409199999,1,0
0.098561,0.106639,2026-04-17 07:00:00+00:00,74949.560000,75094.360000,74949.560000,75033.690000,0.265780,1776412799999,1,0
0.153008,0.111083,2026-04-17 08:00:00+00:00,75046.600000,75867.730000,75046.600000,75779.710000,0.387850,1776416399999,0,0
0.154897,0.108710,2026-04-17 09:00:00+00:00,75762.100000,76360.050000,75518.570000,75775.610000,2.076380,1776419999999,0,0
0.135403,0.100903,2026-04-17 10:00:00+00:00,75746.000000,75830.100000,75064.740000,75254.190000,3.178330,1776423599999,1,0
0.132913,0.102720,2026-04-17 11:00:00+00:00,75249.600000,75578.980000,75249.300000,75578.980000,1.260460,1776427199999,1,0
0.160640,0.110670,2026-04-17 12:00:00+00:00,75590.080000,76242.540000,75590.080000,76234.300000,2.132240,1776430799999,0,0
0.165967,0.123200,2026-04-17 13:00:00+00:00,76232.240000,77401.140000,76100.890000,77401.140000,16.968500,1776434399999,0,0
0.143043,0.125899,2026-04-17 14:00:00+00:00,77391.910000,78042.870000,77029.170000,77973.750000,6.639800,1776437999999,0,0
0.129176,0.102693,2026-04-17 15:00:00+00:00,77853.470000,77974.320000,77478.290000,77782.400000,1.287130,1776441599999,0,0
0.131724,0.097599,2026-04-17 16:00:00+00:00,77743.540000,78304.820000,77743.540000,77836.750000,1.572960,1776445199999,0,0
0.140047,0.097376,2026-04-17 17:00:00+00:00,77812.110000,77908.330000,77142.860000,77516.410000,1.369730,1776448799999,0,0
0.132268,0.092477,2026-04-17 18:00:00+00:00,77527.790000,77527.790000,77061.430000,77154.130000,0.784510,1776452399999,0,0
0.115775,0.088071,2026-04-17 19:00:00+00:00,77185.290000,77446.860000,77029.170000,77410.640000,0.455890,1776455999999,0,0
0.107693,0.087086,2026-04-17 20:00:00+00:00,77449.050000,77590.000000,77194.990000,77355.660000,0.341930,1776459599999,0,0
0.095383,0.082058,2026-04-17 21:00:00+00:00,77348.880000,77485.510000,77289.900000,77443.970000,1.518620,1776463199999,0,0
0.081481,0.076780,2026-04-17 22:00:00+00:00,77420.230000,77522.630000,77250.000000,77291.240000,0.823240,1776466799999,0,0
0.073136,0.071299,2026-04-17 23:00:00+00:00,77305.370000,77306.390000,76921.160000,77097.650000,0.221360,1776470399999,0,0
0.070393,0.069404,2026-04-18 00:00:00+00:00,77054.770000,77244.450000,77003.510000,77169.650000,0.292420,1776473999999,0,0
0.070794,0.070452,2026-04-18 01:00:00+00:00,77190.160000,77342.400000,77125.130000,77226.930000,0.229820,1776477599999,0,0
0.070629,0.072181,2026-04-18 02:00:00+00:00,77146.190000,77381.470000,77146.190000,77301.030000,0.083030,1776481199999,0,0
0.071288,0.074000,2026-04-18 03:00:00+00:00,77298.080000,77298.080000,76985.120000,76999.470000,1.268220,1776484799999,0,0
0.071289,0.077479,2026-04-18 04:00:00+00:00,76994.390000,77170.250000,76897.670000,77170.250000,0.292600,1776488399999,0,0
0.072195,0.081982,2026-04-18 05:00:00+00:00,77162.670000,77251.620000,77116.420000,77132.290000,0.168180,1776491999999,0,0
0.072736,0.083270,2026-04-18 06:00:00+00:00,77141.420000,77225.050000,77075.700000,77116.290000,0.063190,1776495599999,0,0
0.074817,0.087207,2026-04-18 07:00:00+00:00,77118.830000,77142.560000,76903.970000,76903.970000,0.942130,1776499199999,0,0
0.076688,0.089531,2026-04-18 08:00:00+00:00,77006.290000,77037.840000,76538.060000,76754.510000,0.178270,1776502799999,0,0
0.078769,0.091383,2026-04-18 09:00:00+00:00,76593.220000,76670.100000,76460.050000,76618.400000,0.121410,1776506399999,0,0
0.086260,0.095341,2026-04-18 10:00:00+00:00,76492.800000,76492.800000,76166.160000,76168.410000,0.165490,1776509999999,0,0
0.090940,0.098598,2026-04-18 11:00:00+00:00,76199.280000,76199.280000,75789.680000,76062.320000,0.920280,1776513599999,0,0
0.091397,0.102078,2026-04-18 12:00:00+00:00,76058.520000,76273.990000,76058.520000,76235.830000,0.152230,1776517199999,0,0
0.091291,0.103825,2026-04-18 13:00:00+00:00,76203.960000,76210.910000,75894.520000,76145.160000,0.076990,1776520799999,0,0
0.089064,0.104658,2026-04-18 14:00:00+00:00,76153.660000,76298.740000,76095.960000,76228.900000,0.151140,1776524399999,0,0
0.087537,0.107051,2026-04-18 15:00:00+00:00,76229.840000,76347.630000,76027.710000,76196.720000,0.142790,1776527999999,0,0
0.088918,0.106656,2026-04-18 16:00:00+00:00,76128.950000,76225.230000,75714.290000,75894.080000,0.348570,1776531599999,0,0
0.088168,0.106919,2026-04-18 17:00:00+00:00,75912.390000,75946.030000,75826.050000,75883.920000,0.239950,1776535199999,0,0
0.088194,0.107079,2026-04-18 18:00:00+00:00,75749.720000,75857.490000,75437.680000,75623.320000,1.021150,1776538799999,0,0
0.087603,0.107773,2026-04-18 19:00:00+00:00,75649.710000,75795.880000,75597.810000,75657.640000,0.055040,1776542399999,0,0
0.086220,0.109925,2026-04-18 20:00:00+00:00,75624.000000,75776.650000,75624.000000,75735.750000,0.173630,1776545999999,0,0
0.083938,0.112240,2026-04-18 21:00:00+00:00,75798.770000,75831.000000,75697.860000,75754.780000,0.091470,1776549599999,0,0
0.083704,0.112428,2026-04-18 22:00:00+00:00,75809.520000,75862.630000,75623.660000,75824.030000,0.476470,1776553199999,0,0
0.083270,0.112206,2026-04-18 23:00:00+00:00,75825.800000,75866.930000,75714.230000,75714.230000,0.128100,1776556799999,0,0
0.082722,0.112370,2026-04-19 00:00:00+00:00,75752.540000,75826.910000,75578.400000,75663.990000,0.027900,1776560399999,0,0
0.082348,0.111847,2026-04-19 01:00:00+00:00,75796.700000,75796.700000,75500.000000,75626.950000,0.206510,1776563999999,0,0
0.081839,0.111773,2026-04-19 02:00:00+00:00,75620.370000,75692.000000,75419.250000,75592.630000,0.077250,1776567599999,0,0
0.080733,0.112160,2026-04-19 03:00:00+00:00,75497.210000,75625.720000,75375.800000,75600.010000,0.119120,1776571199999,0,0
0.080661,0.113773,2026-04-19 04:00:00+00:00,75577.070000,75767.210000,75523.010000,75677.250000,0.083270,1776574799999,0,0
0.080066,0.113075,2026-04-19 05:00:00+00:00,75688.590000,75691.490000,75550.380000,75603.690000,0.096930,1776578399999,0,0
0.081818,0.111398,2026-04-19 06:00:00+00:00,75489.660000,75489.660000,75360.030000,75396.840000,0.138950,1776581999999,0,0
0.084859,0.109275,2026-04-19 07:00:00+00:00,75410.540000,75410.540000,74958.560000,75171.710000,0.061000,1776585599999,0,0
0.085142,0.108286,2026-04-19 08:00:00+00:00,75200.000000,75274.420000,75195.480000,75274.420000,0.030840,1776589199999,0,0
0.087865,0.106705,2026-04-19 09:00:00+00:00,75244.950000,75244.950000,74956.980000,74956.980000,0.108170,1776592799999,0,0
0.087965,0.107456,2026-04-19 10:00:00+00:00,75094.310000,75115.980000,75006.520000,75062.840000,0.029300,1776596399999,0,0
0.105411,0.117547,2026-04-19 11:00:00+00:00,75213.170000,75587.020000,75213.170000,75587.020000,0.496580,1776599999999,0,0
0.106615,0.115354,2026-04-19 12:00:00+00:00,75624.070000,75673.960000,75488.090000,75507.480000,0.091420,1776603599999,0,0
0.115649,0.112283,2026-04-19 13:00:00+00:00,75629.200000,76197.960000,75629.200000,75885.580000,0.421440,1776607199999,0,0
0.143897,0.113869,2026-04-19 14:00:00+00:00,75990.940000,76146.890000,75707.540000,76081.820000,0.577730,1776610799999,0,1
0.117847,0.109927,2026-04-19 15:00:00+00:00,76038.260000,76159.020000,75427.950000,75711.810000,0.080300,1776614399999,0,0
0.105385,0.109595,2026-04-19 16:00:00+00:00,75859.210000,75859.210000,75375.800000,75379.650000,0.048660,1776617999999,0,0
0.111729,0.105994,2026-04-19 17:00:00+00:00,75327.190000,75330.890000,74668.470000,74805.840000,0.230640,1776621599999,0,0
0.108506,0.102223,2026-04-19 18:00:00+00:00,74797.110000,74891.760000,74671.600000,74789.580000,0.260970,1776625199999,0,0
0.107434,0.101758,2026-04-19 19:00:00+00:00,74962.540000,75025.920000,74923.160000,74971.030000,0.096840,1776628799999,0,0
0.105230,0.102200,2026-04-19 20:00:00+00:00,74848.550000,74874.320000,74488.120000,74641.480000,0.319410,1776632399999,0,0
0.102988,0.100826,2026-04-19 21:00:00+00:00,74692.650000,74789.440000,74405.000000,74438.950000,0.309490,1776635999999,0,0
0.105670,0.098160,2026-04-19 22:00:00+00:00,74408.090000,74408.090000,73772.070000,74054.250000,1.040800,1776639599999,1,0
0.109821,0.095739,2026-04-19 23:00:00+00:00,74042.920000,74042.920000,73756.700000,73793.740000,0.406030,1776643199999,1,0
0.121068,0.100668,2026-04-20 00:00:00+00:00,73756.700000,74364.040000,73740.310000,74289.560000,1.890840,1776646799999,1,0
0.156384,0.111645,2026-04-20 01:00:00+00:00,74300.900000,74731.340000,74215.180000,74603.290000,0.341240,1776650399999,0,0
0.124158,0.105894,2026-04-20 02:00:00+00:00,74554.970000,74564.420000,74312.220000,74437.100000,0.436410,1776653999999,0,0
0.125713,0.107390,2026-04-20 03:00:00+00:00,74421.010000,74656.550000,74382.430000,74648.680000,0.801980,1776657599999,0,0
0.121291,0.109485,2026-04-20 04:00:00+00:00,74644.570000,74644.570000,74462.740000,74538.300000,0.127600,1776661199999,0,0
0.101378,0.110003,2026-04-20 05:00:00+00:00,74575.640000,74575.640000,74115.740000,74304.130000,0.106070,1776664799999,1,0
0.114686,0.114250,2026-04-20 06:00:00+00:00,74291.560000,74880.640000,74291.560000,74741.360000,0.044280,1776668399999,0,0
0.136972,0.117549,2026-04-20 07:00:00+00:00,74847.870000,75555.840000,74666.950000,74818.980000,0.952590,1776671999999,0,0
0.114074,0.112287,2026-04-20 08:00:00+00:00,74834.200000,74963.340000,74698.660000,74700.000000,0.181930,1776675599999,0,0
0.149718,0.114429,2026-04-20 09:00:00+00:00,74852.000000,75184.770000,74852.000000,75061.760000,0.020200,1776679199999,0,0
0.166142,0.114939,2026-04-20 10:00:00+00:00,75073.430000,75401.450000,75073.430000,75160.140000,0.780020,1776682799999,0,0
0.125920,0.111207,2026-04-20 11:00:00+00:00,75004.890000,75274.950000,75004.890000,75155.480000,0.101340,1776686399999,0,0
0.128576,0.110359,2026-04-20 12:00:00+00:00,75188.270000,75624.070000,75074.280000,75262.670000,1.744580,1776689999999,0,0
0.128686,0.109663,2026-04-20 13:00:00+00:00,75274.510000,75413.370000,74891.880000,75230.500000,1.733320,1776693599999,0,0
0.110220,0.108273,2026-04-20 14:00:00+00:00,75228.770000,75719.280000,74938.710000,75035.090000,1.322150,1776697199999,0,0
0.156681,0.112022,2026-04-20 15:00:00+00:00,75077.190000,75756.100000,74737.650000,75696.790000,0.274360,1776700799999,0,0
0.148246,0.109676,2026-04-20 16:00:00+00:00,75703.860000,75703.860000,75311.390000,75322.400000,0.133670,1776704399999,0,0
0.148243,0.106147,2026-04-20 17:00:00+00:00,75339.250000,75984.260000,75316.710000,75911.040000,0.800240,1776707999999,0,0
0.166199,0.110254,2026-04-20 18:00:00+00:00,75955.360000,76472.970000,75930.980000,76456.530000,0.514870,1776711599999,0,0
0.153873,0.101230,2026-04-20 19:00:00+00:00,76399.520000,76491.440000,76169.420000,76325.000000,0.234320,1776715199999,0,0
0.139702,0.095336,2026-04-20 20:00:00+00:00,76226.830000,76538.060000,76150.000000,76294.130000,0.317320,1776718799999,0,0
0.137111,0.093296,2026-04-20 21:00:00+00:00,76295.410000,76373.580000,75809.000000,75985.540000,0.319810,1776722399999,0,0
0.118538,0.092044,2026-04-20 22:00:00+00:00,75981.920000,76142.160000,75912.670000,75967.970000,0.079650,1776725999999,0,0
0.108879,0.090976,2026-04-20 23:00:00+00:00,75948.150000,75948.150000,75636.110000,75853.480000,0.091270,1776729599999,0,0
0.112852,0.094542,2026-04-21 00:00:00+00:00,75844.930000,76094.690000,75722.130000,76094.690000,0.354150,1776733199999,0,0
0.105411,0.093450,2026-04-21 01:00:00+00:00,76058.900000,76268.810000,75870.860000,75888.180000,0.048370,1776736799999,0,0
0.095611,0.088936,2026-04-21 02:00:00+00:00,75823.990000,75823.990000,75555.840000,75604.190000,0.267080,1776740399999,0,0
0.094450,0.089560,2026-04-21 03:00:00+00:00,75565.560000,75703.540000,75500.000000,75692.360000,0.134560,1776743999999,0,0
0.092391,0.091479,2026-04-21 04:00:00+00:00,75711.930000,75808.200000,75609.450000,75808.200000,0.411480,1776747599999,0,0
0.092840,0.092611,2026-04-21 05:00:00+00:00,75813.690000,75976.690000,75785.660000,75824.910000,0.013620,1776751199999,0,0
0.097642,0.098001,2026-04-21 06:00:00+00:00,75784.470000,76132.200000,75706.540000,76022.380000,0.029310,1776754799999,0,0
0.105983,0.101515,2026-04-21 07:00:00+00:00,75957.010000,76291.380000,75889.790000,76102.270000,0.194180,1776758399999,0,0
0.130944,0.105603,2026-04-21 08:00:00+00:00,76138.270000,76925.970000,76104.390000,76467.170000,1.442690,1776761999999,0,0
0.131867,0.105455,2026-04-21 09:00:00+00:00,76498.390000,76565.910000,76188.700000,76390.240000,0.395780,1776765599999,0,0
0.146302,0.105797,2026-04-21 10:00:00+00:00,76403.290000,76884.330000,76399.410000,76752.920000,1.666240,1776769199999,0,0
0.140814,0.105639,2026-04-21 11:00:00+00:00,76746.790000,76746.790000,76253.940000,76488.590000,0.381820,1776772799999,0,0
0.132752,0.101975,2026-04-21 12:00:00+00:00,76476.690000,76518.790000,75718.610000,76028.570000,0.434490,1776776399999,0,0
0.125880,0.100721,2026-04-21 13:00:00+00:00,76033.970000,76172.000000,75732.520000,75934.820000,0.742310,1776779999999,0,0
0.117871,0.099342,2026-04-21 14:00:00+00:00,75917.440000,76592.570000,75624.080000,75778.820000,0.808900,1776783599999,0,0
0.113217,0.096902,2026-04-21 15:00:00+00:00,75721.100000,75960.580000,75468.370000,75721.170000,0.244630,1776787199999,0,0
0.108967,0.100180,2026-04-21 16:00:00+00:00,75850.940000,76176.450000,75732.840000,75732.840000,0.071540,1776790799999,0,0
0.106665,0.101406,2026-04-21 17:00:00+00:00,75778.420000,75884.770000,75071.170000,75553.390000,0.776280,1776794399999,0,0
0.106302,0.101014,2026-04-21 18:00:00+00:00,75511.060000,75647.490000,75294.770000,75590.720000,0.245370,1776797999999,0,0
0.119407,0.096849,2026-04-21 19:00:00+00:00,75614.860000,75900.000000,74828.700000,75037.240000,0.494370,1776801599999,1,0
0.141391,0.103830,2026-04-21 20:00:00+00:00,75020.300000,75847.420000,74961.720000,75728.080000,0.588390,1776805199999,1,0
0.153103,0.107746,2026-04-21 21:00:00+00:00,75734.230000,75775.240000,75499.320000,75566.800000,0.085290,1776808799999,1,0
0.118128,0.103823,2026-04-21 22:00:00+00:00,75550.500000,75630.980000,75318.420000,75630.170000,0.111440,1776812399999,1,0
0.180716,0.113271,2026-04-21 23:00:00+00:00,75620.930000,76423.660000,75620.930000,76305.280000,0.301160,1776815999999,1,0
0.184297,0.112652,2026-04-22 00:00:00+00:00,76373.030000,76430.170000,76228.230000,76303.100000,0.120230,1776819599999,1,0
0.151534,0.107362,2026-04-22 01:00:00+00:00,76333.550000,76400.200000,76141.920000,76272.670000,0.224660,1776823199999,1,0
0.193444,0.118839,2026-04-22 02:00:00+00:00,76311.540000,77627.680000,76239.920000,77607.140000,2.381210,1776826799999,0,0
0.187195,0.117006,2026-04-22 03:00:00+00:00,77643.600000,77702.110000,77399.050000,77547.310000,0.519850,1776830399999,0,0
0.175374,0.100503,2026-04-22 04:00:00+00:00,77542.040000,77688.050000,77379.230000,77491.700000,0.467630,1776833999999,0,0
0.172710,0.103106,2026-04-22 05:00:00+00:00,77489.850000,78432.340000,77459.520000,77986.770000,2.281010,1776837599999,0,0
0.173295,0.103441,2026-04-22 06:00:00+00:00,77971.700000,78040.660000,77903.020000,77987.770000,0.023530,1776841199999,0,0
0.164014,0.098959,2026-04-22 07:00:00+00:00,78015.830000,78119.800000,77832.000000,78017.790000,0.301090,1776844799999,0,0
0.156145,0.097447,2026-04-22 08:00:00+00:00,78052.280000,78193.880000,77913.030000,78068.190000,0.107000,1776848399999,0,0
0.141196,0.093648,2026-04-22 09:00:00+00:00,78054.970000,78193.470000,77954.990000,77983.160000,0.049010,1776851999999,0,0
0.117410,0.090134,2026-04-22 10:00:00+00:00,77971.700000,78178.490000,77962.110000,78178.490000,0.118110,1776855599999,0,0
0.111781,0.087782,2026-04-22 11:00:00+00:00,78192.750000,78378.330000,78077.700000,78277.690000,1.303950,1776859199999,0,0
0.093154,0.080560,2026-04-22 12:00:00+00:00,78296.770000,78490.120000,78152.410000,78238.160000,0.310390,1776862799999,0,0
0.096987,0.081327,2026-04-22 13:00:00+00:00,78210.170000,78835.610000,78177.510000,78835.610000,0.754230,1776866399999,0,0
0.106477,0.085662,2026-04-22 14:00:00+00:00,78835.630000,79156.650000,78607.970000,79072.010000,1.038080,1776869999999,0,0
0.102893,0.080716,2026-04-22 15:00:00+00:00,79033.580000,79382.760000,78837.220000,79304.770000,1.196280,1776873599999,0,0
0.092603,0.073364,2026-04-22 16:00:00+00:00,79304.770000,79452.890000,78649.010000,78733.770000,1.217570,1776877199999,0,0
0.090106,0.072962,2026-04-22 17:00:00+00:00,78792.840000,79047.270000,78728.240000,78934.470000,0.643590,1776880799999,0,0
0.085710,0.075204,2026-04-22 18:00:00+00:00,78932.990000,79156.150000,78850.280000,79008.530000,0.112250,1776884399999,0,0
0.081621,0.074038,2026-04-22 19:00:00+00:00,78966.660000,79071.880000,78738.670000,78934.470000,0.434200,1776887999999,0,0
0.084216,0.072727,2026-04-22 20:00:00+00:00,78878.800000,78897.140000,78438.370000,78450.870000,0.569550,1776891599999,0,0
0.084324,0.077196,2026-04-22 21:00:00+00:00,78478.040000,78830.500000,78454.670000,78817.730000,0.649150,1776895199999,0,0
0.084325,0.080041,2026-04-22 22:00:00+00:00,78798.260000,78834.290000,78478.520000,78634.240000,0.395520,1776898799999,0,0
0.085604,0.076659,2026-04-22 23:00:00+00:00,78616.200000,78616.200000,78172.170000,78208.890000,0.202780,1776902399999,0,0
0.085930,0.080239,2026-04-23 00:00:00+00:00,78193.380000,78571.200000,77598.300000,78410.530000,0.365320,1776905999999,0,0
0.089782,0.088002,2026-04-23 01:00:00+00:00,78410.170000,78428.640000,78080.750000,78381.160000,0.141230,1776909599999,0,0
0.093164,0.084481,2026-04-23 02:00:00+00:00,78365.120000,78365.120000,77778.110000,77981.330000,0.572780,1776913199999,0,0
0.097933,0.085940,2026-04-23 03:00:00+00:00,77945.100000,78019.550000,77493.130000,77721.090000,0.250140,1776916799999,0,0
0.098676,0.091088,2026-04-23 04:00:00+00:00,77697.100000,77935.290000,77694.830000,77935.290000,0.251070,1776920399999,0,0
0.103502,0.095496,2026-04-23 05:00:00+00:00,77936.300000,78111.160000,77750.010000,78017.320000,0.233750,1776923999999,0,0
0.103090,0.099278,2026-04-23 06:00:00+00:00,78097.760000,78325.600000,78097.760000,78181.230000,0.249570,1776927599999,0,0
0.098060,0.101878,2026-04-23 07:00:00+00:00,78246.500000,78246.500000,77982.910000,78052.520000,0.049510,1776931199999,0,0
0.098281,0.101123,2026-04-23 08:00:00+00:00,78031.730000,78146.520000,77736.820000,77860.440000,1.022430,1776934799999,0,0
0.096680,0.101223,2026-04-23 09:00:00+00:00,77837.160000,77852.210000,77397.600000,77618.890000,0.877730,1776938399999,0,0
0.098474,0.100271,2026-04-23 10:00:00+00:00,77660.990000,77660.990000,77199.490000,77401.610000,0.339960,1776941999999,0,0
0.101971,0.104418,2026-04-23 11:00:00+00:00,77491.910000,77733.900000,77394.350000,77724.020000,0.100530,1776945599999,0,0
0.107070,0.110356,2026-04-23 12:00:00+00:00,77739.460000,77858.200000,77540.200000,77781.080000,0.405640,1776949199999,0,0
0.096581,0.107218,2026-04-23 13:00:00+00:00,77889.710000,77895.640000,77419.190000,77518.680000,0.354410,1776952799999,0,0
0.137457,0.114436,2026-04-23 14:00:00+00:00,77491.890000,78207.980000,77431.320000,78207.980000,0.103940,1776956399999,0,0
0.166496,0.116945,2026-04-23 15:00:00+00:00,78186.770000,78651.800000,78023.320000,78324.630000,0.371160,1776959999999,0,0
0.121101,0.107381,2026-04-23 16:00:00+00:00,78412.080000,78500.000000,78022.720000,78075.590000,3.031760,1776963599999,0,0
0.118599,0.106469,2026-04-23 17:00:00+00:00,78073.900000,78073.900000,76965.050000,77788.810000,0.517350,1776967199999,0,0
0.112556,0.105687,2026-04-23 18:00:00+00:00,77787.100000,78117.690000,77692.290000,77700.130000,0.139460,1776970799999,0,0
0.100447,0.104511,2026-04-23 19:00:00+00:00,77742.390000,77882.040000,77608.330000,77744.800000,0.096840,1776974399999,0,0
0.105983,0.107319,2026-04-23 20:00:00+00:00,77705.930000,77995.860000,77677.720000,77875.720000,0.285620,1776977999999,0,0
0.106125,0.109015,2026-04-23 21:00:00+00:00,77867.300000,78041.460000,77813.520000,77952.080000,0.181230,1776981599999,0,0
0.117906,0.109983,2026-04-23 22:00:00+00:00,78013.020000,78314.780000,78002.270000,78213.210000,0.128380,1776985199999,0,0
0.122053,0.109083,2026-04-23 23:00:00+00:00,78227.840000,78299.300000,78034.250000,78254.340000,0.091410,1776988799999,0,0
0.115188,0.106598,2026-04-24 00:00:00+00:00,78265.130000,78478.220000,78163.720000,78353.890000,0.152350,1776992399999,0,0
0.112218,0.105791,2026-04-24 01:00:00+00:00,78419.930000,78461.810000,77955.960000,78461.810000,0.268940,1776995999999,0,0
0.102735,0.103597,2026-04-24 02:00:00+00:00,78430.340000,78563.950000,78080.750000,78151.720000,0.240650,1776999599999,0,0
0.104095,0.100374,2026-04-24 03:00:00+00:00,78167.180000,78178.740000,77555.950000,77744.570000,0.298030,1777003199999,0,0
0.102989,0.098873,2026-04-24 04:00:00+00:00,77712.870000,77832.540000,77500.000000,77714.050000,0.053610,1777006799999,0,0
0.107270,0.102183,2026-04-24 05:00:00+00:00,77676.360000,78011.370000,77475.170000,78011.370000,0.170610,1777010399999,0,0
0.101900,0.100382,2026-04-24 06:00:00+00:00,77921.570000,77955.990000,77794.490000,77860.690000,0.066140,1777013999999,0,0
0.095232,0.097483,2026-04-24 07:00:00+00:00,77788.900000,77842.770000,77607.040000,77626.070000,0.093330,1777017599999,0,0
0.095156,0.100368,2026-04-24 08:00:00+00:00,77634.500000,77973.750000,77632.460000,77834.360000,0.414690,1777021199999,0,0
0.096697,0.098679,2026-04-24 09:00:00+00:00,77697.770000,77697.770000,77431.120000,77524.850000,0.196150,1777024799999,0,0
0.097939,0.100147,2026-04-24 10:00:00+00:00,77524.010000,77769.860000,77455.050000,77769.860000,0.265930,1777028399999,0,0
0.135485,0.110164,2026-04-24 11:00:00+00:00,77762.320000,78358.720000,77762.320000,78228.010000,0.260130,1777031999999,0,0
0.128229,0.108031,2026-04-24 12:00:00+00:00,78242.730000,78347.310000,78092.230000,78131.610000,0.375170,1777035599999,0,0
0.106993,0.105191,2026-04-24 13:00:00+00:00,78350.000000,78434.720000,77926.420000,78088.800000,0.089460,1777039199999,0,0
0.106135,0.105559,2026-04-24 14:00:00+00:00,78030.900000,78051.310000,77692.290000,78002.900000,0.160180,1777042799999,0,0
0.095777,0.104665,2026-04-24 15:00:00+00:00,78003.220000,78251.590000,77628.680000,77987.950000,0.139640,1777046399999,0,0
0.093227,0.102167,2026-04-24 16:00:00+00:00,78064.410000,78064.410000,77592.540000,77738.800000,0.277190,1777049999999,0,0
0.093593,0.102482,2026-04-24 17:00:00+00:00,77750.770000,77803.490000,77500.000000,77724.850000,0.273560,1777053599999,0,0
0.093496,0.102108,2026-04-24 18:00:00+00:00,77650.890000,77696.620000,77375.170000,77588.720000,0.486570,1777057199999,0,0
0.092509,0.102204,2026-04-24 19:00:00+00:00,77700.000000,77759.940000,77569.290000,77629.400000,0.044960,1777060799999,0,0
0.094855,0.105088,2026-04-24 20:00:00+00:00,77609.300000,77750.240000,77500.000000,77750.240000,0.662860,1777064399999,0,0
0.090561,0.103629,2026-04-24 21:00:00+00:00,77723.940000,77723.940000,77535.350000,77575.770000,0.134860,1777067999999,0,0
0.093223,0.100352,2026-04-24 22:00:00+00:00,77540.910000,77606.830000,77234.230000,77341.530000,0.221800,1777071599999,0,0
0.092180,0.101439,2026-04-24 23:00:00+00:00,77354.310000,77451.240000,77329.230000,77438.570000,0.135220,1777075199999,0,0
0.091958,0.102648,2026-04-25 00:00:00+00:00,77411.220000,77471.490000,77296.540000,77471.490000,0.198890,1777078799999,0,0
0.091213,0.103300,2026-04-25 01:00:00+00:00,77483.200000,77588.820000,77433.670000,77560.920000,0.132140,1777082399999,0,0
0.090966,0.105340,2026-04-25 02:00:00+00:00,77555.050000,77644.200000,77477.450000,77614.840000,0.085190,1777085999999,0,0
0.091130,0.106380,2026-04-25 03:00:00+00:00,77637.560000,77693.090000,77550.180000,77682.370000,0.032560,1777089599999,0,0
0.088233,0.105924,2026-04-25 04:00:00+00:00,77668.370000,77699.980000,77523.380000,77628.400000,0.125310,1777093199999,0,0
0.087012,0.105076,2026-04-25 05:00:00+00:00,77599.270000,77599.270000,77500.000000,77502.630000,0.019480,1777096799999,0,0
0.086076,0.104757,2026-04-25 06:00:00+00:00,77555.640000,77555.640000,77482.180000,77514.390000,0.018900,1777100399999,0,0
0.085649,0.105043,2026-04-25 07:00:00+00:00,77474.110000,77572.140000,77442.470000,77525.710000,0.008340,1777103999999,0,0
0.087465,0.107106,2026-04-25 08:00:00+00:00,77564.470000,77638.070000,77564.470000,77638.070000,0.005720,1777107599999,0,0
0.092992,0.109476,2026-04-25 09:00:00+00:00,77638.070000,77757.900000,77594.380000,77757.900000,0.148860,1777111199999,0,0
0.095075,0.108909,2026-04-25 10:00:00+00:00,77758.270000,77870.130000,77755.680000,77835.530000,0.027420,1777114799999,0,0
0.089846,0.106361,2026-04-25 11:00:00+00:00,77771.070000,77771.070000,77630.930000,77673.320000,0.056230,1777118399999,0,0
0.087711,0.104559,2026-04-25 12:00:00+00:00,77665.630000,77668.740000,77537.050000,77578.810000,0.014610,1777121999999,0,0
0.086572,0.104784,2026-04-25 13:00:00+00:00,77575.030000,77695.000000,77575.030000,77695.000000,0.050780,1777125599999,0,0
0.086474,0.104594,2026-04-25 14:00:00+00:00,77695.000000,77745.170000,77628.430000,77668.850000,1.062730,1777129199999,0,0
0.089518,0.101493,2026-04-25 15:00:00+00:00,77648.870000,77721.400000,77321.820000,77321.820000,0.053400,1777132799999,0,0
0.089740,0.101798,2026-04-25 16:00:00+00:00,77324.770000,77460.150000,77165.670000,77387.180000,0.141830,1777136399999,0,0
0.089153,0.100518,2026-04-25 17:00:00+00:00,77387.180000,77412.970000,77250.430000,77250.430000,0.206660,1777139999999,0,0
0.089384,0.099847,2026-04-25 18:00:00+00:00,77239.160000,77402.180000,77239.160000,77309.260000,0.036780,1777143599999,0,0
0.089215,0.101095,2026-04-25 19:00:00+00:00,77301.990000,77341.540000,77212.040000,77311.220000,0.056850,1777147199999,0,0
0.091173,0.104458,2026-04-25 20:00:00+00:00,77345.030000,77474.530000,77339.760000,77474.530000,0.163700,1777150799999,0,0
0.093344,0.105459,2026-04-25 21:00:00+00:00,77509.990000,77528.880000,77449.690000,77516.770000,0.112440,1777154399999,0,0
0.091011,0.105100,2026-04-25 22:00:00+00:00,77516.070000,77629.170000,77481.080000,77540.760000,1.537550,1777157999999,0,0
0.092330,0.106135,2026-04-25 23:00:00+00:00,77563.040000,77626.420000,77549.870000,77610.680000,0.130650,1777161599999,0,0
0.090313,0.105786,2026-04-26 00:00:00+00:00,77631.640000,77631.640000,77424.500000,77514.730000,0.185150,1777165199999,0,0
0.087739,0.105459,2026-04-26 01:00:00+00:00,77506.190000,77555.000000,77438.080000,77438.080000,0.074900,1777168799999,0,0
0.087613,0.106595,2026-04-26 02:00:00+00:00,77465.210000,77587.770000,77462.390000,77523.200000,0.067190,1777172399999,0,0
0.087523,0.105637,2026-04-26 03:00:00+00:00,77500.150000,77554.460000,77340.150000,77390.170000,0.105050,1777175999999,0,0
0.100953,0.109525,2026-04-26 04:00:00+00:00,77392.500000,77800.080000,77392.500000,77784.910000,0.070920,1777179599999,0,0
0.130630,0.112904,2026-04-26 05:00:00+00:00,77704.110000,78175.080000,77704.110000,78033.540000,0.378960,1777183199999,0,0
0.117852,0.108024,2026-04-26 06:00:00+00:00,78040.600000,78058.700000,77949.000000,77999.090000,0.029940,1777186799999,0,0
0.113334,0.106012,2026-04-26 07:00:00+00:00,78000.320000,78106.390000,78000.060000,78106.390000,0.071800,1777190399999,0,0
0.110881,0.105412,2026-04-26 08:00:00+00:00,78102.510000,78200.000000,78040.760000,78044.660000,0.005050,1777193999999,0,0
0.096178,0.104143,2026-04-26 09:00:00+00:00,78032.200000,78061.810000,77932.150000,78013.370000,0.006590,1777197599999,0,0
0.090937,0.103192,2026-04-26 10:00:00+00:00,77976.770000,78055.520000,77976.770000,77993.750000,0.038050,1777201199999,0,0
0.093791,0.103921,2026-04-26 11:00:00+00:00,78018.450000,78150.660000,78018.450000,78102.160000,0.036530,1777204799999,0,0
0.092177,0.101064,2026-04-26 12:00:00+00:00,78133.230000,78133.230000,77820.100000,77850.110000,0.115850,1777208399999,0,0
0.088851,0.099552,2026-04-26 13:00:00+00:00,77827.610000,77986.560000,77790.240000,77956.710000,0.019530,1777211999999,0,0
0.090361,0.101176,2026-04-26 14:00:00+00:00,77939.340000,78176.070000,77886.040000,78100.180000,2.177680,1777215599999,0,0
0.082292,0.097218,2026-04-26 15:00:00+00:00,78118.430000,78118.430000,77986.500000,78009.550000,0.148510,1777219199999,0,0
0.080576,0.094849,2026-04-26 16:00:00+00:00,78038.570000,78105.530000,77938.710000,77945.880000,0.031160,1777222799999,0,0
0.081438,0.097213,2026-04-26 17:00:00+00:00,77916.450000,78036.250000,77836.320000,78036.250000,0.190960,1777226399999,0,0
0.089181,0.101346,2026-04-26 18:00:00+00:00,78036.250000,78329.020000,78024.560000,78275.000000,1.483420,1777229999999,0,0
0.090419,0.101448,2026-04-26 19:00:00+00:00,78297.950000,78478.220000,78052.730000,78271.690000,0.528320,1777233599999,0,0
0.086770,0.099172,2026-04-26 20:00:00+00:00,78233.300000,78360.280000,78163.080000,78203.130000,0.160590,1777237199999,0,0
0.091663,0.101056,2026-04-26 21:00:00+00:00,78224.230000,78920.000000,77866.330000,78352.640000,0.979840,1777240799999,0,0
0.092253,0.101896,2026-04-26 22:00:00+00:00,78372.470000,78830.940000,77980.000000,78357.040000,0.465740,1777244399999,0,0
0.103178,0.103813,2026-04-26 23:00:00+00:00,78281.200000,78881.300000,78059.750000,78626.160000,0.201680,1777247999999,0,0
0.151448,0.109226,2026-04-27 00:00:00+00:00,78658.010000,79338.930000,78414.700000,79261.830000,1.306820,1777251599999,0,1
0.148968,0.105489,2026-04-27 01:00:00+00:00,79304.770000,79448.450000,78764.640000,79239.100000,0.603430,1777255199999,0,1
0.135100,0.099231,2026-04-27 02:00:00+00:00,79215.910000,79242.430000,79037.030000,79139.250000,0.513090,1777258799999,0,1
0.132460,0.099063,2026-04-27 03:00:00+00:00,79187.020000,79271.480000,79082.590000,79089.790000,0.175730,1777262399999,0,1
0.116609,0.097069,2026-04-27 04:00:00+00:00,79089.790000,79151.860000,78895.670000,78910.500000,0.520890,1777265999999,0,1
0.133111,0.085532,2026-04-27 05:00:00+00:00,78863.510000,78865.300000,77587.270000,77820.250000,0.899840,1777269599999,0,0
0.136401,0.081915,2026-04-27 06:00:00+00:00,77763.790000,77872.590000,77487.010000,77700.050000,0.289930,1777273199999,0,0
0.120941,0.078259,2026-04-27 07:00:00+00:00,77682.620000,77720.900000,77614.170000,77693.100000,0.028350,1777276799999,0,0
0.124164,0.080049,2026-04-27 08:00:00+00:00,77578.250000,77824.850000,77578.250000,77816.690000,1.517740,1777280399999,0,0
0.131435,0.085726,2026-04-27 09:00:00+00:00,77819.160000,77948.210000,77714.230000,77948.210000,0.524310,1777283999999,0,0
0.113435,0.091126,2026-04-27 10:00:00+00:00,77907.690000,77907.690000,77781.910000,77890.120000,0.015500,1777287599999,0,0
0.111647,0.089977,2026-04-27 11:00:00+00:00,77858.160000,77887.880000,77752.350000,77837.730000,0.053660,1777291199999,0,0
0.111047,0.091025,2026-04-27 12:00:00+00:00,77838.100000,77864.080000,77672.310000,77674.500000,0.136280,1777294799999,0,0
0.107341,0.093854,2026-04-27 13:00:00+00:00,77702.150000,77869.880000,77617.130000,77753.200000,0.127470,1777298399999,0,0
0.106446,0.097974,2026-04-27 14:00:00+00:00,77826.160000,78237.390000,77681.270000,77800.080000,0.147310,1777301999999,0,0
0.127295,0.093130,2026-04-27 15:00:00+00:00,77809.050000,77840.730000,76583.720000,76771.370000,2.809640,1777305599999,0,0
0.127413,0.092857,2026-04-27 16:00:00+00:00,76734.260000,76832.930000,76595.140000,76614.890000,3.811990,1777309199999,0,0
0.117068,0.090444,2026-04-27 17:00:00+00:00,76661.220000,76926.560000,76648.120000,76712.530000,0.224430,1777312799999,0,0
0.127721,0.094922,2026-04-27 18:00:00+00:00,76714.660000,76887.320000,76679.900000,76887.320000,0.442510,1777316399999,0,0
0.125298,0.096246,2026-04-27 19:00:00+00:00,76863.770000,76897.120000,76491.060000,76853.030000,0.410770,1777319999999,0,0
0.120526,0.102386,2026-04-27 20:00:00+00:00,76858.800000,77041.720000,76849.630000,76992.000000,0.381730,1777323599999,0,0
0.118949,0.102949,2026-04-27 21:00:00+00:00,76926.270000,76997.940000,76801.390000,76814.680000,0.351530,1777327199999,0,0
0.122503,0.105592,2026-04-27 22:00:00+00:00,76772.380000,77069.020000,76761.580000,77069.020000,0.244440,1777330799999,0,0
0.156497,0.111329,2026-04-27 23:00:00+00:00,77096.130000,77503.720000,77011.640000,77373.700000,2.245000,1777334399999,0,0
0.153300,0.109132,2026-04-28 00:00:00+00:00,77326.950000,77479.580000,77204.030000,77374.990000,0.548680,1777337999999,0,0
0.132536,0.107962,2026-04-28 01:00:00+00:00,77369.200000,77390.340000,77055.550000,77101.570000,0.051160,1777341599999,0,0
0.126627,0.109070,2026-04-28 02:00:00+00:00,77075.490000,77193.450000,76703.800000,76822.610000,0.044160,1777345199999,0,0
0.116083,0.107384,2026-04-28 03:00:00+00:00,76884.670000,76884.670000,76688.810000,76826.970000,0.088110,1777348799999,0,0
0.112507,0.106614,2026-04-28 04:00:00+00:00,76827.110000,76933.340000,76700.000000,76930.150000,0.134690,1777352399999,0,0
0.110381,0.106905,2026-04-28 05:00:00+00:00,76937.300000,77105.690000,76834.400000,76936.920000,0.185640,1777355999999,0,0
0.107160,0.106636,2026-04-28 06:00:00+00:00,76938.780000,77039.190000,76637.710000,76722.770000,0.044850,1777359599999,0,0
0.109217,0.108180,2026-04-28 07:00:00+00:00,76677.070000,76921.140000,76442.600000,76921.140000,0.072470,1777363199999,0,0
0.109359,0.108126,2026-04-28 08:00:00+00:00,76900.920000,76964.860000,76754.420000,76835.080000,0.122730,1777366799999,0,0
0.106751,0.104226,2026-04-28 09:00:00+00:00,76874.600000,76874.600000,76538.460000,76624.760000,0.018020,1777370399999,0,0
0.107324,0.103775,2026-04-28 10:00:00+00:00,76528.280000,76641.710000,76500.000000,76628.870000,0.014320,1777373999999,0,0
0.117962,0.101628,2026-04-28 11:00:00+00:00,76630.440000,76630.440000,76157.670000,76162.090000,0.378010,1777377599999,0,0
0.117472,0.102302,2026-04-28 12:00:00+00:00,76269.210000,76404.780000,76191.460000,76361.620000,0.246660,1777381199999,0,0
0.116574,0.103429,2026-04-28 13:00:00+00:00,76380.750000,76390.980000,75984.450000,76230.050000,0.541810,1777384799999,0,0
0.120012,0.100850,2026-04-28 14:00:00+00:00,76203.080000,76203.080000,75674.970000,75935.890000,0.521000,1777388399999,0,0
0.121378,0.102417,2026-04-28 15:00:00+00:00,75941.060000,76075.660000,75902.310000,76039.770000,0.063210,1777391999999,0,0
0.125732,0.107271,2026-04-28 16:00:00+00:00,76078.560000,76176.050000,75906.400000,76145.160000,0.268920,1777395599999,0,0
0.124616,0.107951,2026-04-28 17:00:00+00:00,76134.110000,76220.000000,75946.780000,76199.990000,0.223810,1777399199999,0,0
0.122698,0.108575,2026-04-28 18:00:00+00:00,76193.680000,76251.000000,76141.150000,76210.210000,0.222970,1777402799999,0,0
0.133982,0.110980,2026-04-28 19:00:00+00:00,76246.540000,76354.820000,76070.000000,76348.240000,0.071490,1777406399999,0,0
0.141677,0.112965,2026-04-28 20:00:00+00:00,76331.450000,76475.980000,76331.450000,76475.980000,0.179430,1777409999999,0,0
0.131771,0.112343,2026-04-28 21:00:00+00:00,76478.790000,76492.240000,76302.210000,76426.940000,0.113470,1777413599999,0,0
0.124378,0.112091,2026-04-28 22:00:00+00:00,76402.180000,76462.700000,76225.000000,76238.730000,0.327750,1777417199999,0,0
0.123091,0.112066,2026-04-28 23:00:00+00:00,76255.140000,76356.900000,76219.990000,76332.320000,0.184590,1777420799999,0,0
0.139750,0.114342,2026-04-29 00:00:00+00:00,76350.430000,76538.460000,76277.440000,76521.310000,0.138230,1777424399999,0,0
0.143515,0.113724,2026-04-29 01:00:00+00:00,76534.890000,76642.700000,76220.000000,76551.790000,0.173080,1777427999999,0,0
0.128410,0.111450,2026-04-29 02:00:00+00:00,76580.660000,76646.750000,76435.560000,76480.360000,0.127400,1777431599999,0,0
0.176439,0.115017,2026-04-29 03:00:00+00:00,76580.280000,77110.010000,76527.800000,76984.910000,0.587500,1777435199999,0,0
0.193000,0.116564,2026-04-29 04:00:00+00:00,76990.000000,77427.690000,76921.850000,77263.080000,0.389120,1777438799999,0,0
0.180307,0.111182,2026-04-29 05:00:00+00:00,77281.580000,77335.230000,77213.790000,77273.140000,0.143750,1777442399999,0,0
0.169943,0.108273,2026-04-29 06:00:00+00:00,77285.190000,77285.190000,76949.490000,77000.650000,0.472490,1777445999999,0,0
0.162573,0.107060,2026-04-29 07:00:00+00:00,77053.110000,77144.390000,77022.400000,77030.000000,0.021890,1777449599999,0,0
0.140850,0.106294,2026-04-29 08:00:00+00:00,77078.310000,77078.310000,77001.590000,77053.270000,0.009500,1777453199999,0,0
0.182101,0.111436,2026-04-29 09:00:00+00:00,77045.340000,77778.110000,76979.880000,77720.250000,0.068750,1777456799999,0,1
0.174075,0.108751,2026-04-29 10:00:00+00:00,77702.310000,77857.100000,77576.530000,77614.600000,0.186080,1777460399999,0,1
0.153214,0.102047,2026-04-29 11:00:00+00:00,77628.230000,77682.980000,77481.000000,77602.180000,0.193380,1777463999999,0,1
0.148149,0.098649,2026-04-29 12:00:00+00:00,77554.060000,77554.060000,76998.390000,77147.750000,0.967330,1777467599999,0,0
0.138839,0.092139,2026-04-29 13:00:00+00:00,77129.870000,77220.250000,76480.000000,76794.000000,0.290320,1777471199999,0,0
0.125677,0.086588,2026-04-29 14:00:00+00:00,76764.550000,76797.280000,76437.770000,76569.300000,0.354370,1777474799999,0,0
0.143076,0.082718,2026-04-29 15:00:00+00:00,76582.270000,76582.270000,75726.480000,75907.640000,0.533860,1777478399999,0,0
0.149644,0.082201,2026-04-29 16:00:00+00:00,75926.020000,76093.200000,75710.250000,75768.920000,0.686760,1777481999999,0,0
0.161391,0.090201,2026-04-29 17:00:00+00:00,75818.560000,76157.670000,75816.360000,76157.670000,0.410750,1777485599999,0,0
0.160111,0.089406,2026-04-29 18:00:00+00:00,76167.400000,76220.000000,74916.160000,75507.540000,2.164280,1777489199999,0,0
0.154692,0.088905,2026-04-29 19:00:00+00:00,75526.690000,75607.300000,75314.240000,75487.540000,0.247540,1777492799999,0,0
0.158580,0.094489,2026-04-29 20:00:00+00:00,75582.290000,75818.110000,75523.300000,75714.170000,0.108330,1777496399999,0,0
0.177085,0.101015,2026-04-29 21:00:00+00:00,75689.920000,76046.950000,75614.080000,75939.620000,0.295500,1777499999999,0,0
0.167066,0.102247,2026-04-29 22:00:00+00:00,75942.060000,75998.340000,75823.010000,75944.340000,0.283900,1777503599999,0,0
0.149785,0.105432,2026-04-29 23:00:00+00:00,75932.960000,76005.000000,75710.250000,75792.810000,0.088590,1777507199999,0,0
0.176368,0.112203,2026-04-30 00:00:00+00:00,75800.330000,76322.460000,75665.560000,76261.250000,1.168370,1777510799999,0,0
0.179844,0.115988,2026-04-30 01:00:00+00:00,76256.420000,76447.740000,76178.050000,76284.610000,0.199040,1777514399999,0,0
0.147588,0.113613,2026-04-30 02:00:00+00:00,76240.480000,76341.870000,75494.510000,75719.650000,0.257300,1777517999999,0,0
0.149987,0.114510,2026-04-30 03:00:00+00:00,75702.780000,75968.490000,75702.780000,75968.490000,0.018180,1777521599999,0,0
0.144539,0.112588,2026-04-30 04:00:00+00:00,75931.970000,75943.130000,75422.990000,75530.910000,0.091550,1777525199999,0,0
0.136069,0.111481,2026-04-30 05:00:00+00:00,75506.880000,75757.240000,75316.360000,75616.040000,0.138140,1777528799999,0,0
0.137059,0.112849,2026-04-30 06:00:00+00:00,75610.200000,75860.160000,75568.310000,75761.170000,0.041070,1777532399999,0,0
0.160968,0.116982,2026-04-30 07:00:00+00:00,75766.560000,76170.470000,75697.140000,76116.360000,0.202420,1777535999999,0,0
0.154957,0.114408,2026-04-30 08:00:00+00:00,76172.570000,76193.510000,76062.300000,76062.300000,0.069150,1777539599999,0,0
0.151366,0.111480,2026-04-30 09:00:00+00:00,76071.050000,76339.830000,76030.680000,76171.640000,0.037360,1777543199999,0,0
0.144686,0.111290,2026-04-30 10:00:00+00:00,76112.520000,76126.280000,76030.970000,76030.970000,0.010770,1777546799999,0,0
0.133414,0.110469,2026-04-30 11:00:00+00:00,76047.690000,76205.770000,75893.100000,76070.890000,0.065920,1777550399999,0,0
0.149525,0.113284,2026-04-30 12:00:00+00:00,76071.900000,76420.250000,76071.900000,76323.270000,0.175450,1777553999999,0,0
0.165422,0.114001,2026-04-30 13:00:00+00:00,76322.710000,76641.130000,76172.570000,76438.610000,0.388730,1777557599999,1,0
0.150837,0.110808,2026-04-30 14:00:00+00:00,76432.540000,76611.640000,76122.500000,76385.820000,2.561960,1777561199999,1,0
0.157192,0.110851,2026-04-30 15:00:00+00:00,76319.270000,76637.710000,76172.570000,76506.440000,0.245170,1777564799999,1,0
0.142613,0.109523,2026-04-30 16:00:00+00:00,76484.490000,76484.490000,76250.890000,76263.970000,0.035730,1777568399999,1,0
0.121672,0.107136,2026-04-30 17:00:00+00:00,76266.640000,76336.550000,76113.020000,76281.980000,0.391020,1777571999999,1,0
0.114917,0.107360,2026-04-30 18:00:00+00:00,76257.920000,76443.430000,76238.870000,76358.630000,0.084330,1777575599999,1,0
0.119407,0.108492,2026-04-30 19:00:00+00:00,76353.580000,76517.070000,76341.580000,76422.390000,0.333890,1777579199999,1,0
0.124546,0.108976,2026-04-30 20:00:00+00:00,76428.700000,76564.470000,76352.160000,76532.940000,0.117320,1777582799999,1,0
0.119650,0.107562,2026-04-30 21:00:00+00:00,76498.700000,76533.140000,76274.620000,76277.900000,0.147140,1777586399999,1,0
0.112665,0.105467,2026-04-30 22:00:00+00:00,76249.450000,76459.590000,76222.670000,76222.670000,1.299290,1777589999999,1,0
0.106951,0.105602,2026-04-30 23:00:00+00:00,76243.110000,76385.230000,76240.440000,76327.210000,0.158770,1777593599999,1,0
0.111208,0.106491,2026-05-01 00:00:00+00:00,76354.390000,76600.000000,76354.390000,76412.500000,0.049190,1777597199999,1,0
0.132197,0.108875,2026-05-01 01:00:00+00:00,76472.180000,76761.310000,76468.390000,76688.720000,0.206830,1777600799999,0,0
0.129262,0.108172,2026-05-01 02:00:00+00:00,76704.740000,76723.180000,76527.820000,76527.820000,0.160280,1777604399999,1,0
0.166715,0.111538,2026-05-01 03:00:00+00:00,76611.620000,77393.410000,76553.220000,77107.340000,1.699110,1777607999999,0,0
0.173015,0.112521,2026-05-01 04:00:00+00:00,77165.600000,77213.680000,76905.610000,77034.570000,1.475470,1777611599999,0,0
0.162159,0.108673,2026-05-01 05:00:00+00:00,77053.670000,77210.890000,77039.810000,77187.810000,0.225760,1777615199999,0,0
0.160826,0.108778,2026-05-01 06:00:00+00:00,77166.010000,77180.530000,76875.010000,77106.350000,0.159920,1777618799999,0,0
0.155086,0.107530,2026-05-01 07:00:00+00:00,77036.840000,77116.470000,76985.590000,77116.470000,0.145110,1777622399999,0,0
0.161088,0.110229,2026-05-01 08:00:00+00:00,77128.690000,77479.820000,77056.680000,77383.950000,0.157890,1777625999999,0,0
0.154287,0.108714,2026-05-01 09:00:00+00:00,77362.650000,77372.160000,77211.420000,77250.950000,0.044710,1777629599999,0,0
0.139197,0.106316,2026-05-01 10:00:00+00:00,77229.820000,77406.680000,77155.930000,77326.980000,0.117450,1777633199999,0,0
0.144088,0.107356,2026-05-01 11:00:00+00:00,77291.460000,77581.680000,77274.950000,77465.080000,1.134260,1777636799999,0,0
0.165760,0.109813,2026-05-01 12:00:00+00:00,77471.900000,78143.640000,77426.220000,77970.000000,1.959300,1777640399999,0,0
0.170273,0.113348,2026-05-01 13:00:00+00:00,78025.300000,78920.700000,78025.300000,78712.300000,3.365280,1777643999999,0,0
0.158096,0.102897,2026-05-01 14:00:00+00:00,78711.940000,78871.350000,78050.250000,78335.830000,1.127440,1777647599999,0,0
0.152377,0.096754,2026-05-01 15:00:00+00:00,78319.560000,78714.850000,78214.850000,78469.000000,0.475570,1777651199999,0,0
0.151492,0.095475,2026-05-01 16:00:00+00:00,78514.850000,78699.490000,78212.710000,78260.940000,0.138650,1777654799999,0,0
0.146543,0.095649,2026-05-01 17:00:00+00:00,78289.390000,78586.550000,78149.080000,78538.700000,1.355310,1777658399999,0,0
0.136576,0.094513,2026-05-01 18:00:00+00:00,78586.190000,78632.600000,78427.250000,78427.250000,0.248190,1777661999999,0,0
0.119721,0.091815,2026-05-01 19:00:00+00:00,78452.990000,78530.000000,78309.570000,78428.650000,0.314550,1777665599999,0,0
0.123007,0.086192,2026-05-01 20:00:00+00:00,78431.690000,78431.690000,77775.720000,77899.750000,0.580810,1777669199999,0,0
0.116105,0.086691,2026-05-01 21:00:00+00:00,77890.300000,78205.520000,77890.300000,78188.040000,0.520790,1777672799999,0,0
0.107849,0.087898,2026-05-01 22:00:00+00:00,78226.590000,78419.310000,78155.760000,78171.680000,0.554100,1777676399999,0,0
0.091587,0.085785,2026-05-01 23:00:00+00:00,78150.440000,78235.090000,78041.650000,78235.090000,0.086400,1777679999999,0,0
0.095529,0.089226,2026-05-02 00:00:00+00:00,78235.090000,78399.970000,78204.060000,78351.720000,0.120640,1777683599999,0,0
0.095062,0.092261,2026-05-02 01:00:00+00:00,78314.330000,78447.090000,78299.110000,78325.430000,0.175950,1777687199999,0,0
0.090730,0.093351,2026-05-02 02:00:00+00:00,78343.140000,78498.950000,78292.910000,78357.900000,0.055350,1777690799999,0,0
0.096034,0.096058,2026-05-02 03:00:00+00:00,78375.460000,78502.950000,78251.090000,78458.460000,0.452400,1777694399999,0,0
0.094662,0.094708,2026-05-02 04:00:00+00:00,78406.860000,78443.760000,78125.120000,78192.900000,0.302440,1777697999999,0,0
0.094199,0.095165,2026-05-02 05:00:00+00:00,78179.460000,78229.960000,78043.730000,78208.710000,0.136870,1777701599999,0,0
0.097498,0.099475,2026-05-02 06:00:00+00:00,78202.870000,78330.280000,78153.930000,78330.280000,0.019890,1777705199999,0,0
0.097764,0.100511,2026-05-02 07:00:00+00:00,78350.240000,78362.980000,78210.640000,78224.960000,0.046640,1777708799999,0,0
0.095227,0.100823,2026-05-02 08:00:00+00:00,78209.790000,78336.220000,78171.500000,78336.220000,0.013560,1777712399999,0,0
0.098305,0.104053,2026-05-02 09:00:00+00:00,78310.250000,78347.280000,78309.370000,78333.030000,0.006100,1777715999999,0,0
0.095742,0.103809,2026-05-02 10:00:00+00:00,78296.410000,78317.230000,78235.280000,78274.380000,0.012450,1777719599999,0,0
0.099385,0.104138,2026-05-02 11:00:00+00:00,78200.030000,78206.610000,78127.850000,78129.190000,0.043580,1777723199999,0,0
0.100461,0.105504,2026-05-02 12:00:00+00:00,78135.060000,78235.650000,78122.940000,78224.870000,0.341370,1777726799999,0,0
0.107088,0.107457,2026-05-02 13:00:00+00:00,78245.590000,78429.130000,78145.690000,78359.390000,1.143000,1777730399999,0,0
0.110675,0.107866,2026-05-02 14:00:00+00:00,78371.080000,78471.150000,78321.960000,78437.110000,0.173070,1777733999999,0,0
0.109525,0.107315,2026-05-02 15:00:00+00:00,78439.090000,78471.150000,78386.190000,78456.490000,0.136310,1777737599999,0,0
0.109106,0.106847,2026-05-02 16:00:00+00:00,78471.150000,78575.070000,78429.160000,78479.480000,0.175330,1777741199999,0,0
0.102864,0.105718,2026-05-02 17:00:00+00:00,78467.140000,78495.830000,78404.970000,78404.970000,0.122890,1777744799999,0,0
0.099566,0.105539,2026-05-02 18:00:00+00:00,78384.420000,78453.820000,78334.410000,78453.820000,0.050770,1777748399999,0,0
0.098209,0.105451,2026-05-02 19:00:00+00:00,78471.210000,78503.970000,78446.580000,78465.790000,0.035350,1777751999999,0,0
0.097704,0.105526,2026-05-02 20:00:00+00:00,78478.720000,78479.160000,78411.230000,78462.530000,0.179800,1777755599999,0,0
0.119800,0.108741,2026-05-02 21:00:00+00:00,78496.530000,79143.400000,78456.110000,78729.500000,0.427410,1777759199999,0,0
0.136218,0.110026,2026-05-02 22:00:00+00:00,78741.860000,78884.890000,78652.450000,78848.800000,0.330950,1777762799999,0,0
0.115164,0.105873,2026-05-02 23:00:00+00:00,78821.320000,78835.350000,78652.240000,78674.910000,0.241090,1777766399999,0,0
0.107467,0.103497,2026-05-03 00:00:00+00:00,78702.310000,78732.690000,78500.000000,78546.310000,0.040020,1777769999999,0,0
0.106550,0.100777,2026-05-03 01:00:00+00:00,78520.990000,78525.810000,78175.080000,78269.200000,0.103300,1777773599999,0,0
0.105415,0.098081,2026-05-03 02:00:00+00:00,78248.100000,78295.020000,78098.100000,78180.030000,0.329900,1777777199999,0,0
0.102627,0.097636,2026-05-03 03:00:00+00:00,78154.820000,78203.800000,78120.000000,78203.800000,0.285640,1777780799999,0,0
0.101729,0.099113,2026-05-03 04:00:00+00:00,78193.270000,78232.480000,78107.160000,78163.780000,0.087610,1777784399999,1,0
0.102049,0.101260,2026-05-03 05:00:00+00:00,78185.810000,78253.030000,78185.810000,78239.330000,0.006880,1777787999999,1,0
0.103220,0.103968,2026-05-03 06:00:00+00:00,78207.460000,78302.400000,78090.040000,78302.400000,0.360580,1777791599999,0,0
0.104623,0.104171,2026-05-03 07:00:00+00:00,78294.770000,78424.630000,78294.770000,78350.500000,0.024030,1777795199999,0,0
0.106414,0.104320,2026-05-03 08:00:00+00:00,78387.810000,78488.510000,78387.810000,78414.970000,0.067970,1777798799999,0,0
0.113336,0.105903,2026-05-03 09:00:00+00:00,78367.990000,78622.100000,78367.990000,78538.870000,0.012870,1777802399999,0,0
0.104198,0.105501,2026-05-03 10:00:00+00:00,78527.180000,78527.180000,78441.300000,78441.300000,0.029880,1777805999999,0,0
0.119183,0.108418,2026-05-03 11:00:00+00:00,78392.160000,78817.620000,78392.160000,78728.780000,0.233090,1777809599999,0,0
0.130247,0.110253,2026-05-03 12:00:00+00:00,78695.640000,78860.940000,78678.590000,78754.990000,0.174980,1777813199999,0,0
0.113593,0.107075,2026-05-03 13:00:00+00:00,78732.530000,78781.290000,78610.290000,78674.950000,0.063250,1777816799999,0,0
0.113602,0.107179,2026-05-03 14:00:00+00:00,78714.000000,78795.090000,78649.780000,78772.290000,0.437720,1777820399999,0,0
0.109157,0.106340,2026-05-03 15:00:00+00:00,78737.010000,78810.440000,78656.950000,78657.020000,0.130090,1777823999999,0,0
0.098503,0.104931,2026-05-03 16:00:00+00:00,78681.310000,78747.570000,78630.750000,78706.000000,0.103270,1777827599999,0,0
0.096632,0.104820,2026-05-03 17:00:00+00:00,78618.990000,78815.490000,78591.940000,78726.500000,0.193860,1777831199999,0,0
0.094325,0.104035,2026-05-03 18:00:00+00:00,78726.340000,78784.870000,78647.340000,78761.540000,0.060270,1777834799999,0,0
0.092286,0.103200,2026-05-03 19:00:00+00:00,78747.220000,78843.990000,78672.360000,78790.380000,0.428150,1777838399999,0,0
0.097149,0.103967,2026-05-03 20:00:00+00:00,78750.460000,79253.600000,78728.510000,78930.060000,1.566070,1777841999999,0,0
0.092585,0.101984,2026-05-03 21:00:00+00:00,78904.690000,79064.200000,78644.040000,78840.590000,0.365970,1777845599999,0,0
0.105261,0.103069,2026-05-03 22:00:00+00:00,78865.100000,79427.870000,78849.370000,79190.010000,1.044250,1777849199999,0,0
0.102323,0.098299,2026-05-03 23:00:00+00:00,79190.000000,79269.000000,78510.850000,78565.730000,2.755260,1777852799999,0,0
0.098785,0.094006,2026-05-04 00:00:00+00:00,78500.000000,78569.720000,78311.310000,78569.720000,0.321520,1777856399999,0,0
0.168822,0.111758,2026-05-04 01:00:00+00:00,78505.300000,79828.270000,78414.890000,79737.450000,0.854980,1777859999999,0,0
0.168273,0.116617,2026-05-04 02:00:00+00:00,79773.970000,80393.770000,79563.300000,80193.480000,4.359090,1777863599999,0,0
0.149727,0.098683,2026-05-04 03:00:00+00:00,80188.110000,80468.100000,79920.010000,80300.380000,1.428860,1777867199999,0,0
0.140420,0.094296,2026-05-04 04:00:00+00:00,80322.860000,80633.100000,80267.540000,80311.720000,1.885460,1777870799999,0,0
0.144977,0.092628,2026-05-04 05:00:00+00:00,80386.400000,80392.490000,79971.300000,80047.470000,0.149760,1777874399999,0,0
0.130536,0.091218,2026-05-04 06:00:00+00:00,80036.690000,80036.690000,79500.000000,79886.160000,0.246900,1777877999999,0,0
0.117676,0.088653,2026-05-04 07:00:00+00:00,79851.150000,79957.900000,79803.590000,79803.590000,0.085070,1777881599999,0,0
0.112293,0.086589,2026-05-04 08:00:00+00:00,79716.660000,79779.910000,79607.290000,79720.290000,0.076650,1777885199999,0,0
0.106774,0.087168,2026-05-04 09:00:00+00:00,79680.430000,79935.290000,79680.430000,79854.210000,0.022980,1777888799999,0,0
0.124638,0.081638,2026-05-04 10:00:00+00:00,79720.290000,79720.290000,78230.480000,78915.380000,1.478010,1777892399999,1,0
0.113235,0.077304,2026-05-04 11:00:00+00:00,78949.500000,79121.660000,78705.140000,78836.440000,1.774290,1777895999999,1,0
0.094229,0.073278,2026-05-04 12:00:00+00:00,78787.220000,79006.370000,78723.340000,78855.670000,0.107810,1777899599999,1,0
0.095864,0.073594,2026-05-04 13:00:00+00:00,78766.250000,79128.190000,78622.220000,78802.870000,0.293740,1777903199999,1,0
0.185424,0.104646,2026-05-04 14:00:00+00:00,78806.860000,80529.970000,78526.860000,80256.850000,0.647950,1777906799999,0,0
0.170942,0.106329,2026-05-04 15:00:00+00:00,80244.300000,80358.040000,79358.130000,80034.510000,3.966230,1777910399999,0,0
0.138736,0.086614,2026-05-04 16:00:00+00:00,80024.900000,80361.850000,79625.810000,80005.720000,2.411870,1777913999999,0,0
0.145802,0.092433,2026-05-04 17:00:00+00:00,80047.950000,80739.020000,80032.260000,80367.860000,11.482200,1777917599999,0,0
0.143837,0.092491,2026-05-04 18:00:00+00:00,80343.750000,80450.990000,80052.390000,80118.970000,1.857010,1777921199999,0,0
0.110074,0.092771,2026-05-04 19:00:00+00:00,80121.290000,80121.290000,79831.700000,80088.580000,0.801760,1777924799999,0,0
0.110867,0.094579,2026-05-04 20:00:00+00:00,80009.830000,80135.500000,79907.300000,79956.100000,0.852860,1777928399999,0,0
0.128354,0.100338,2026-05-04 21:00:00+00:00,80002.990000,80384.310000,79969.370000,80294.980000,0.302290,1777931999999,0,0
0.118364,0.098537,2026-05-04 22:00:00+00:00,80335.720000,80405.480000,80088.990000,80092.540000,0.376040,1777935599999,0,0
0.104030,0.094661,2026-05-04 23:00:00+00:00,80058.290000,80058.290000,79749.150000,79858.720000,0.553330,1777939199999,0,0
0.098618,0.097685,2026-05-05 00:00:00+00:00,79856.960000,80183.430000,79798.030000,80154.500000,0.456350,1777942799999,0,0
0.088752,0.097809,2026-05-05 01:00:00+00:00,80165.920000,80388.590000,80070.340000,80340.060000,0.057350,1777946399999,0,0
0.089493,0.095840,2026-05-05 02:00:00+00:00,80337.010000,80875.880000,80337.010000,80528.420000,1.058100,1777949999999,0,0
0.110215,0.097497,2026-05-05 03:00:00+00:00,80562.990000,81079.470000,80485.390000,80903.040000,0.521750,1777953599999,0,0
0.109557,0.094216,2026-05-05 04:00:00+00:00,80877.190000,80978.990000,80736.520000,80924.480000,0.271810,1777957199999,0,0
0.096743,0.090188,2026-05-05 05:00:00+00:00,80897.250000,81297.970000,80842.530000,80981.060000,0.928580,1777960799999,0,0
0.090660,0.088437,2026-05-05 06:00:00+00:00,81000.190000,81002.610000,80816.130000,80912.450000,0.215490,1777964399999,0,0
0.084454,0.086200,2026-05-05 07:00:00+00:00,80965.910000,81133.100000,80831.750000,80831.750000,2.267680,1777967999999,0,0
0.079046,0.084167,2026-05-05 08:00:00+00:00,80851.510000,80902.500000,80728.110000,80782.800000,0.066880,1777971599999,0,0
0.079300,0.081446,2026-05-05 09:00:00+00:00,80739.220000,80739.220000,80576.260000,80585.030000,0.089890,1777975199999,0,0
0.079257,0.083342,2026-05-05 10:00:00+00:00,80540.910000,80785.960000,80540.910000,80751.610000,0.185320,1777978799999,0,0
0.081054,0.088587,2026-05-05 11:00:00+00:00,80805.700000,81086.000000,80805.700000,80973.670000,1.656850,1777982399999,0,0
0.087927,0.092175,2026-05-05 12:00:00+00:00,81005.920000,81304.370000,80994.900000,81275.630000,2.698770,1777985999999,0,0
0.086137,0.091922,2026-05-05 13:00:00+00:00,81304.370000,81682.290000,81230.310000,81234.580000,0.725940,1777989599999,0,0
0.082756,0.088556,2026-05-05 14:00:00+00:00,81238.510000,81489.380000,80974.340000,81356.040000,0.378950,1777993199999,0,0
0.088548,0.091499,2026-05-05 15:00:00+00:00,81318.700000,81665.970000,81274.640000,81553.380000,2.050410,1777996799999,0,0
0.081272,0.088236,2026-05-05 16:00:00+00:00,81553.380000,81593.490000,81079.030000,81246.190000,0.337350,1778000399999,0,0
0.078463,0.086323,2026-05-05 17:00:00+00:00,81268.330000,81444.420000,81200.000000,81251.370000,0.577950,1778003999999,0,0
0.082539,0.090915,2026-05-05 18:00:00+00:00,81292.810000,81571.840000,81292.810000,81515.390000,0.344670,1778007599999,0,0
0.083935,0.091690,2026-05-05 19:00:00+00:00,81489.290000,81682.280000,81407.580000,81576.460000,0.737930,1778011199999,0,0
0.080867,0.089332,2026-05-05 20:00:00+00:00,81588.190000,81760.030000,81519.780000,81636.710000,0.895410,1778014799999,0,0
0.077092,0.086572,2026-05-05 21:00:00+00:00,81654.840000,81770.350000,81294.610000,81439.770000,0.125790,1778018399999,0,0
0.076002,0.083130,2026-05-05 22:00:00+00:00,81477.490000,81600.610000,80843.970000,81126.830000,0.609500,1778021999999,0,0
0.077770,0.081840,2026-05-05 23:00:00+00:00,81095.530000,81231.630000,80813.620000,80933.100000,1.285820,1778025599999,0,0
0.078495,0.083015,2026-05-06 00:00:00+00:00,80870.120000,81241.080000,80767.490000,81028.890000,1.265220,1778029199999,0,0
0.084107,0.091620,2026-05-06 01:00:00+00:00,81036.920000,81512.860000,81016.490000,81411.690000,2.481200,1778032799999,0,0
0.082770,0.093120,2026-05-06 02:00:00+00:00,81429.500000,81429.500000,81061.870000,81353.110000,1.069200,1778036399999,0,0
0.082502,0.093247,2026-05-06 03:00:00+00:00,81367.220000,81729.560000,81367.220000,81579.540000,2.877120,1778039999999,0,0
0.081175,0.091858,2026-05-06 04:00:00+00:00,81588.470000,81613.510000,81249.470000,81321.560000,4.198840,1778043599999,0,0
0.078281,0.089185,2026-05-06 05:00:00+00:00,81323.530000,81335.940000,81074.220000,81276.480000,5.546700,1778047199999,0,0
0.078273,0.092799,2026-05-06 06:00:00+00:00,81320.260000,81500.990000,81118.250000,81482.630000,7.024220,1778050799999,0,0
0.078018,0.093226,2026-05-06 07:00:00+00:00,81482.630000,81583.990000,81200.440000,81339.390000,5.708060,1778054399999,0,0
0.092957,0.101163,2026-05-06 08:00:00+00:00,81326.700000,81966.700000,81326.700000,81942.750000,1.327680,1778057999999,0,0
0.107792,0.105566,2026-05-06 09:00:00+00:00,81884.150000,82047.480000,81679.130000,81974.490000,11.914940,1778061599999,0,0
0.106442,0.101149,2026-05-06 10:00:00+00:00,82000.380000,82352.850000,81933.800000,82276.000000,3.238270,1778065199999,0,0
0.114250,0.102193,2026-05-06 11:00:00+00:00,82268.060000,82807.000000,82268.060000,82516.830000,1.155100,1778068799999,0,0
0.098691,0.095552,2026-05-06 12:00:00+00:00,82508.300000,82529.890000,81844.050000,82209.720000,5.617060,1778072399999,0,0
0.090280,0.090593,2026-05-06 13:00:00+00:00,82194.790000,82202.380000,81613.800000,81681.840000,2.527990,1778075999999,0,0
0.087424,0.087115,2026-05-06 14:00:00+00:00,81638.900000,81954.070000,81152.850000,81528.120000,3.037230,1778079599999,0,0
0.084383,0.086136,2026-05-06 15:00:00+00:00,81551.290000,81808.850000,81305.200000,81698.050000,8.241410,1778083199999,0,0
0.083180,0.085521,2026-05-06 16:00:00+00:00,81731.460000,81866.170000,81448.100000,81622.780000,2.773620,1778086799999,0,0
0.079353,0.084880,2026-05-06 17:00:00+00:00,81629.200000,81689.270000,81400.770000,81503.210000,4.988740,1778090399999,0,0
0.078327,0.085585,2026-05-06 18:00:00+00:00,81466.040000,81570.930000,81297.810000,81354.300000,3.731990,1778093999999,0,0
0.077729,0.085132,2026-05-06 19:00:00+00:00,81353.090000,81509.310000,81205.310000,81502.400000,2.302730,1778097599999,0,0
0.078236,0.084472,2026-05-06 20:00:00+00:00,81459.940000,81668.640000,81323.880000,81399.780000,1.948340,1778101199999,0,0
0.077820,0.085212,2026-05-06 21:00:00+00:00,81442.350000,81620.130000,81322.490000,81509.730000,1.514920,1778104799999,0,0
0.077860,0.087228,2026-05-06 22:00:00+00:00,81503.190000,81520.880000,81256.140000,81353.200000,0.466910,1778108399999,0,0
0.076340,0.090528,2026-05-06 23:00:00+00:00,81346.820000,81444.850000,81008.730000,81444.830000,0.514690,1778111999999,0,0
0.078583,0.090609,2026-05-07 00:00:00+00:00,81434.940000,81494.320000,80985.160000,80985.160000,2.551210,1778115599999,0,0
0.079135,0.092107,2026-05-07 01:00:00+00:00,81012.220000,81299.580000,80865.310000,81187.200000,0.365250,1778119199999,0,0
0.079660,0.093594,2026-05-07 02:00:00+00:00,81161.960000,81161.960000,80887.020000,81129.430000,0.605280,1778122799999,0,0
0.080635,0.091483,2026-05-07 03:00:00+00:00,81085.800000,81111.540000,80841.110000,80841.110000,0.315520,1778126399999,0,0
0.081102,0.093891,2026-05-07 04:00:00+00:00,80855.190000,80991.490000,80750.100000,80987.180000,0.347440,1778129999999,0,0
0.081330,0.099312,2026-05-07 05:00:00+00:00,80987.180000,81158.500000,80987.180000,81050.020000,0.935060,1778133599999,0,0
0.087871,0.103940,2026-05-07 06:00:00+00:00,81052.850000,81428.560000,80873.700000,81428.560000,0.340760,1778137199999,0,0
0.093918,0.105771,2026-05-07 07:00:00+00:00,81428.570000,81696.490000,81399.470000,81502.360000,0.418000,1778140799999,0,0
0.085839,0.099994,2026-05-07 08:00:00+00:00,81498.170000,81589.690000,81216.290000,81216.290000,0.232390,1778144399999,0,0
0.084741,0.098659,2026-05-07 09:00:00+00:00,81200.660000,81212.190000,80877.220000,80946.980000,0.329640,1778147999999,0,0
0.084038,0.096628,2026-05-07 10:00:00+00:00,80906.330000,80997.760000,80589.080000,80858.390000,1.331910,1778151599999,0,0
0.083016,0.095266,2026-05-07 11:00:00+00:00,80858.390000,81043.380000,80823.670000,80892.200000,0.292650,1778155199999,0,0
0.086887,0.100611,2026-05-07 12:00:00+00:00,80835.370000,81158.510000,80835.360000,81158.510000,0.539950,1778158799999,0,0
0.087251,0.097891,2026-05-07 13:00:00+00:00,81085.750000,81144.190000,80259.590000,80583.050000,1.466340,1778162399999,0,0
0.092396,0.093440,2026-05-07 14:00:00+00:00,80472.440000,80672.520000,80053.670000,80219.030000,0.743800,1778165999999,0,0
0.096039,0.088600,2026-05-07 15:00:00+00:00,80162.690000,80273.930000,79731.140000,79863.120000,1.377420,1778169599999,0,0
0.097222,0.085915,2026-05-07 16:00:00+00:00,79851.420000,80004.520000,79700.000000,79793.360000,9.926590,1778173199999,0,0
0.102019,0.089211,2026-05-07 17:00:00+00:00,79808.270000,80120.210000,79500.010000,80107.750000,0.380520,1778176799999,0,0
0.104599,0.097025,2026-05-07 18:00:00+00:00,80112.280000,80283.000000,80043.760000,80218.120000,0.314940,1778180399999,0,0
0.093399,0.095389,2026-05-07 19:00:00+00:00,80180.020000,80218.000000,79961.220000,80116.110000,3.708510,1778183999999,0,0
0.093982,0.095854,2026-05-07 20:00:00+00:00,80168.360000,80361.850000,79868.680000,79868.680000,1.659830,1778187599999,0,0
0.093225,0.095199,2026-05-07 21:00:00+00:00,79897.010000,79937.530000,79652.450000,79776.210000,0.425810,1778191199999,0,0
0.091761,0.097075,2026-05-07 22:00:00+00:00,79741.750000,79974.200000,79625.180000,79940.780000,0.469290,1778194799999,0,0
0.094008,0.101045,2026-05-07 23:00:00+00:00,79919.770000,80070.980000,79883.900000,80034.950000,0.333510,1778198399999,0,0
0.087069,0.101123,2026-05-08 00:00:00+00:00,80038.550000,80134.490000,79736.660000,79763.690000,0.141400,1778201999999,0,0
0.085394,0.102418,2026-05-08 01:00:00+00:00,79883.200000,79906.790000,79603.700000,79752.800000,0.420380,1778205599999,0,0
0.086101,0.101280,2026-05-08 02:00:00+00:00,79708.000000,79708.000000,79358.130000,79572.140000,1.949850,1778209199999,0,0
0.086927,0.099967,2026-05-08 03:00:00+00:00,79488.700000,79640.530000,79244.310000,79579.660000,0.366450,1778212799999,0,0
0.087078,0.100495,2026-05-08 04:00:00+00:00,79579.660000,79731.140000,79554.680000,79649.560000,0.270150,1778216399999,0,0
0.085853,0.101995,2026-05-08 05:00:00+00:00,79659.260000,79755.980000,79603.990000,79603.990000,0.095850,1778219999999,0,0
0.085852,0.101535,2026-05-08 06:00:00+00:00,79584.390000,79669.690000,79413.300000,79485.650000,0.040060,1778223599999,0,0
0.087460,0.105071,2026-05-08 07:00:00+00:00,79509.510000,79731.130000,79308.460000,79718.800000,0.060430,1778227199999,0,0
0.098213,0.108531,2026-05-08 08:00:00+00:00,79695.850000,79983.330000,79665.390000,79929.660000,0.030200,1778230799999,0,0
0.093845,0.105003,2026-05-08 09:00:00+00:00,79858.600000,80038.730000,79780.830000,79890.100000,0.113170,1778234399999,0,0
0.112210,0.106828,2026-05-08 10:00:00+00:00,79914.430000,80238.050000,79791.650000,80227.370000,0.043260,1778237999999,0,0
0.118507,0.107363,2026-05-08 11:00:00+00:00,80242.410000,80312.960000,80179.710000,80179.710000,0.045660,1778241599999,0,0
0.101183,0.103821,2026-05-08 12:00:00+00:00,80258.770000,80466.110000,80000.000000,80000.000000,0.133800,1778245199999,0,0
0.100855,0.101008,2026-05-08 13:00:00+00:00,80030.080000,80112.560000,79566.090000,79638.900000,0.938570,1778248799999,0,0
0.110339,0.104909,2026-05-08 14:00:00+00:00,79662.490000,80416.650000,79662.490000,80127.840000,2.632410,1778252399999,0,0
0.116377,0.107225,2026-05-08 15:00:00+00:00,80195.530000,80199.300000,79640.530000,80124.990000,0.827300,1778255999999,0,0
0.097796,0.099911,2026-05-08 16:00:00+00:00,80182.970000,80182.970000,79780.360000,79841.650000,1.351930,1778259599999,0,0
0.097875,0.100898,2026-05-08 17:00:00+00:00,79867.270000,80251.620000,79756.280000,80023.910000,1.277840,1778263199999,0,0
0.097517,0.101566,2026-05-08 18:00:00+00:00,80135.310000,80281.980000,80083.140000,80083.140000,0.294360,1778266799999,0,0
0.087396,0.098353,2026-05-08 19:00:00+00:00,80046.840000,80149.580000,79974.200000,80129.640000,0.108250,1778270399999,0,0
0.086668,0.097797,2026-05-08 20:00:00+00:00,80167.390000,80273.570000,80073.630000,80122.980000,2.316370,1778273999999,0,0
0.090326,0.099075,2026-05-08 21:00:00+00:00,80122.980000,80245.000000,80112.260000,80245.000000,0.454870,1778277599999,0,0
0.090470,0.099872,2026-05-08 22:00:00+00:00,80250.040000,80411.520000,80250.040000,80289.920000,0.170010,1778281199999,0,0
0.086708,0.097896,2026-05-08 23:00:00+00:00,80279.080000,80305.640000,80113.250000,80205.470000,0.937210,1778284799999,0,0
0.086476,0.097772,2026-05-09 00:00:00+00:00,80180.300000,80247.880000,80125.360000,80247.880000,0.187250,1778288399999,0,0
0.085392,0.097716,2026-05-09 01:00:00+00:00,80236.000000,80426.480000,80233.620000,80337.540000,1.547720,1778291999999,0,0
0.087869,0.098853,2026-05-09 02:00:00+00:00,80353.850000,80462.540000,80077.200000,80418.170000,3.900180,1778295599999,0,0
0.087633,0.098474,2026-05-09 03:00:00+00:00,80412.130000,80532.400000,80274.300000,80404.900000,0.520050,1778299199999,0,0
0.084730,0.097000,2026-05-09 04:00:00+00:00,80400.300000,80635.440000,80384.960000,80400.580000,0.084630,1778302799999,0,0
0.083604,0.096908,2026-05-09 05:00:00+00:00,80395.870000,80483.420000,80360.510000,80403.510000,0.019700,1778306399999,0,0
0.084455,0.095983,2026-05-09 06:00:00+00:00,80426.280000,80436.400000,80204.270000,80221.680000,0.023790,1778309999999,0,0
0.084607,0.095311,2026-05-09 07:00:00+00:00,80272.210000,80296.410000,80158.260000,80224.270000,0.042020,1778313599999,0,0
0.086307,0.097867,2026-05-09 08:00:00+00:00,80224.270000,80454.320000,80000.000000,80390.770000,2.507640,1778317199999,0,0
0.085681,0.096725,2026-05-09 09:00:00+00:00,80386.210000,80415.010000,80207.500000,80229.400000,0.030980,1778320799999,0,0
0.084669,0.095618,2026-05-09 10:00:00+00:00,80217.600000,80347.090000,80182.920000,80256.600000,0.048630,1778324399999,0,0
0.085532,0.097535,2026-05-09 11:00:00+00:00,80260.700000,80379.930000,80259.800000,80348.610000,0.025660,1778327999999,0,0
0.086197,0.097720,2026-05-09 12:00:00+00:00,80345.200000,80412.660000,80277.280000,80392.760000,0.260990,1778331599999,0,0
0.085902,0.097924,2026-05-09 13:00:00+00:00,80407.560000,80424.230000,80296.780000,80398.490000,0.056180,1778335199999,0,0
0.085944,0.097683,2026-05-09 14:00:00+00:00,80401.610000,80425.460000,80219.700000,80299.090000,0.425680,1778338799999,0,0
0.091719,0.100358,2026-05-09 15:00:00+00:00,80335.540000,80578.750000,80250.880000,80530.270000,0.316220,1778342399999,0,0
0.101725,0.103587,2026-05-09 16:00:00+00:00,80526.500000,80755.850000,80485.830000,80628.170000,2.489380,1778345999999,0,0
0.112330,0.104191,2026-05-09 17:00:00+00:00,80641.580000,80908.730000,80638.950000,80823.560000,2.545810,1778349599999,0,0
0.119850,0.104286,2026-05-09 18:00:00+00:00,80823.560000,81069.590000,80789.440000,80901.030000,0.697080,1778353199999,0,0
0.114235,0.102283,2026-05-09 19:00:00+00:00,80920.490000,80966.300000,80814.770000,80909.600000,2.309820,1778356799999,0,0
0.105511,0.100975,2026-05-09 20:00:00+00:00,80951.800000,80951.800000,80761.080000,80789.970000,0.076550,1778360399999,0,0
0.099298,0.099882,2026-05-09 21:00:00+00:00,80821.700000,80884.170000,80762.000000,80805.790000,0.370940,1778363999999,0,0
0.092768,0.098477,2026-05-09 22:00:00+00:00,80792.000000,80808.020000,80689.330000,80760.600000,0.246000,1778367599999,0,0
0.091779,0.096923,2026-05-09 23:00:00+00:00,80807.040000,80814.900000,80654.440000,80697.780000,0.064800,1778371199999,0,0
0.090548,0.096129,2026-05-10 00:00:00+00:00,80698.890000,80783.450000,80629.130000,80660.890000,0.343340,1778374799999,0,0
0.088305,0.095965,2026-05-10 01:00:00+00:00,80670.000000,80675.440000,80574.280000,80675.440000,0.280520,1778378399999,0,0
0.086779,0.095646,2026-05-10 02:00:00+00:00,80673.410000,80783.840000,80609.630000,80757.660000,0.040520,1778381999999,0,0
0.086676,0.095720,2026-05-10 03:00:00+00:00,80761.210000,80878.240000,79537.170000,80806.560000,2.894220,1778385599999,0,0
0.084967,0.094478,2026-05-10 04:00:00+00:00,80775.360000,80826.530000,80718.380000,80792.530000,0.126480,1778389199999,0,0
0.084774,0.093781,2026-05-10 05:00:00+00:00,80754.150000,80820.680000,80707.970000,80731.800000,0.030990,1778392799999,0,0
0.084586,0.094361,2026-05-10 06:00:00+00:00,80727.520000,80762.830000,80654.000000,80748.290000,0.068010,1778396399999,0,0
0.084039,0.095183,2026-05-10 07:00:00+00:00,80756.990000,80821.820000,80751.060000,80752.550000,0.015850,1778399999999,0,0
0.090198,0.097773,2026-05-10 08:00:00+00:00,80736.490000,80919.190000,80704.670000,80919.190000,0.008910,1778403599999,0,0
0.089846,0.097404,2026-05-10 09:00:00+00:00,80909.190000,80909.190000,80752.470000,80752.470000,0.007330,1778407199999,0,0
0.091707,0.098214,2026-05-10 10:00:00+00:00,80800.100000,80878.640000,80722.590000,80878.640000,0.011240,1778410799999,0,0
0.092738,0.099362,2026-05-10 11:00:00+00:00,80884.460000,80959.030000,80770.920000,80846.900000,2.257210,1778414399999,0,0
0.091681,0.098932,2026-05-10 12:00:00+00:00,80839.300000,80947.930000,80800.950000,80911.830000,0.144330,1778417999999,0,0
0.093205,0.099784,2026-05-10 13:00:00+00:00,80920.790000,80989.890000,80889.690000,80943.250000,0.057940,1778421599999,0,0
0.093946,0.100383,2026-05-10 14:00:00+00:00,80983.380000,80998.680000,80803.220000,80938.140000,0.202260,1778425199999,0,0
0.132309,0.106046,2026-05-10 15:00:00+00:00,80993.520000,81428.570000,80940.390000,81387.750000,0.669650,1778428799999,0,0
0.142070,0.106496,2026-05-10 16:00:00+00:00,81428.570000,81486.630000,81191.120000,81385.480000,2.433480,1778432399999,0,0
0.127441,0.102214,2026-05-10 17:00:00+00:00,81361.020000,81562.500000,81243.690000,81464.960000,0.950470,1778435999999,0,0
0.122232,0.100377,2026-05-10 18:00:00+00:00,81439.700000,81482.440000,81226.520000,81282.490000,1.499430,1778439599999,0,0
0.119213,0.099726,2026-05-10 19:00:00+00:00,81218.780000,81492.090000,81144.720000,81445.000000,0.093400,1778443199999,0,0
0.123340,0.093452,2026-05-10 20:00:00+00:00,81430.400000,81452.100000,80292.990000,80707.830000,0.197310,1778446799999,0,0
0.120484,0.090005,2026-05-10 21:00:00+00:00,80718.590000,80938.390000,80580.000000,80777.040000,0.270540,1778450399999,0,0
0.185835,0.112754,2026-05-10 22:00:00+00:00,80691.500000,82145.940000,80691.500000,82061.150000,4.703600,1778453999999,0,0
0.176474,0.112529,2026-05-10 23:00:00+00:00,82054.800000,82447.410000,82003.030000,82154.400000,8.743790,1778457599999,0,0
0.158330,0.091664,2026-05-11 00:00:00+00:00,82262.150000,82288.400000,81299.640000,81476.020000,2.690430,1778461199999,0,0
0.156471,0.090839,2026-05-11 01:00:00+00:00,81483.440000,81730.360000,81301.910000,81486.590000,0.733500,1778464799999,0,0
0.140461,0.087076,2026-05-11 02:00:00+00:00,81558.910000,81558.910000,81158.510000,81200.000000,0.731000,1778468399999,0,0
0.129053,0.080034,2026-05-11 03:00:00+00:00,81159.750000,81159.750000,80548.130000,80723.150000,0.533690,1778471999999,0,0
0.129707,0.081787,2026-05-11 04:00:00+00:00,80703.810000,80876.030000,80662.470000,80876.030000,0.218510,1778475599999,0,0
0.124724,0.087861,2026-05-11 05:00:00+00:00,80823.320000,80989.860000,80779.650000,80837.600000,0.164580,1778479199999,0,0
0.119190,0.088227,2026-05-11 06:00:00+00:00,80836.710000,81025.930000,80789.530000,80857.950000,1.416950,1778482799999,0,0
0.118269,0.092038,2026-05-11 07:00:00+00:00,80805.530000,80835.670000,80707.830000,80800.710000,0.085690,1778486399999,0,0
0.111835,0.093294,2026-05-11 08:00:00+00:00,80779.770000,80852.590000,80650.000000,80843.610000,0.038680,1778489999999,0,0
0.112805,0.093750,2026-05-11 09:00:00+00:00,80855.800000,80999.100000,80855.800000,80937.750000,0.004990,1778493599999,0,0
0.116454,0.096897,2026-05-11 10:00:00+00:00,80963.010000,81192.710000,80963.010000,81023.690000,0.174700,1778497199999,0,0
0.117477,0.100643,2026-05-11 11:00:00+00:00,80989.780000,81192.720000,80984.000000,81182.240000,0.037370,1778500799999,0,0
0.112330,0.100809,2026-05-11 12:00:00+00:00,81192.720000,81342.300000,81029.810000,81085.640000,1.537640,1778504399999,0,0
0.103970,0.100705,2026-05-11 13:00:00+00:00,81084.220000,81338.020000,80775.500000,81037.590000,0.421690,1778507999999,0,0
0.100197,0.101516,2026-05-11 14:00:00+00:00,81069.550000,81252.990000,80489.510000,80990.830000,0.877230,1778511599999,0,0
0.131785,0.106552,2026-05-11 15:00:00+00:00,80943.630000,81447.100000,80852.140000,81438.090000,0.078360,1778515199999,0,0
0.155066,0.108532,2026-05-11 16:00:00+00:00,81420.300000,81895.820000,81377.130000,81590.570000,0.581790,1778518799999,0,0
0.164134,0.106512,2026-05-11 17:00:00+00:00,81591.780000,82059.790000,81374.580000,81936.410000,0.444820,1778522399999,0,0
0.162878,0.104862,2026-05-11 18:00:00+00:00,81945.830000,82118.280000,81878.570000,81976.760000,2.679290,1778525999999,0,0
0.150134,0.100694,2026-05-11 19:00:00+00:00,81863.550000,82093.910000,81773.910000,81955.090000,2.957510,1778529599999,0,0
0.138885,0.099974,2026-05-11 20:00:00+00:00,82015.060000,82093.720000,81791.840000,81854.530000,0.172770,1778533199999,0,0
0.127459,0.098964,2026-05-11 21:00:00+00:00,81851.030000,81893.110000,81606.870000,81805.660000,0.141570,1778536799999,0,0
0.113390,0.097131,2026-05-11 22:00:00+00:00,81831.500000,81985.430000,81759.610000,81855.560000,0.254380,1778540399999,0,0
0.109493,0.094590,2026-05-11 23:00:00+00:00,81822.570000,81840.380000,81609.110000,81774.050000,0.094200,1778543999999,0,0
0.106366,0.090075,2026-05-12 00:00:00+00:00,81730.000000,81801.360000,81497.110000,81556.290000,0.118200,1778547599999,0,0
0.106503,0.084179,2026-05-12 01:00:00+00:00,81558.580000,81631.370000,80707.920000,81207.000000,0.569010,1778551199999,0,0
0.099402,0.081453,2026-05-12 02:00:00+00:00,81244.140000,81340.280000,81115.420000,81229.150000,0.216170,1778554799999,0,0
0.100022,0.080624,2026-05-12 03:00:00+00:00,81298.630000,81298.630000,81047.740000,81059.760000,0.093640,1778558399999,0,0
0.102404,0.083169,2026-05-12 04:00:00+00:00,81038.390000,81301.930000,81016.630000,81236.460000,0.277730,1778561999999,0,0
0.104207,0.088075,2026-05-12 05:00:00+00:00,81235.510000,81301.930000,81203.520000,81240.000000,0.094760,1778565599999,0,0
0.099689,0.088647,2026-05-12 06:00:00+00:00,81269.070000,81304.760000,81034.220000,81060.630000,0.028640,1778569199999,0,0
0.102052,0.089135,2026-05-12 07:00:00+00:00,81024.280000,81149.650000,80842.350000,80967.100000,1.858390,1778572799999,0,0
0.101651,0.091112,2026-05-12 08:00:00+00:00,80860.700000,80966.690000,80772.940000,80950.490000,0.126320,1778576399999,0,0
0.102494,0.091341,2026-05-12 09:00:00+00:00,80843.520000,80954.270000,80728.180000,80842.940000,0.031270,1778579999999,0,0
0.104758,0.091778,2026-05-12 10:00:00+00:00,80804.610000,80844.280000,80625.000000,80664.540000,0.178360,1778583599999,0,0
0.101910,0.095378,2026-05-12 11:00:00+00:00,80684.530000,80760.280000,80516.860000,80759.460000,0.115180,1778587199999,0,0
0.106257,0.100823,2026-05-12 12:00:00+00:00,80793.000000,81011.210000,80651.000000,80907.470000,1.361090,1778590799999,0,0
0.110784,0.097402,2026-05-12 13:00:00+00:00,80923.890000,80944.270000,80418.070000,80418.070000,0.427650,1778594399999,0,0
0.111790,0.098840,2026-05-12 14:00:00+00:00,80411.680000,80847.610000,80382.200000,80551.770000,1.342830,1778597999999,0,0
0.109496,0.098850,2026-05-12 15:00:00+00:00,80522.010000,80655.090000,80191.370000,80375.850000,0.330040,1778601599999,0,0
0.116153,0.094494,2026-05-12 16:00:00+00:00,80272.280000,80426.470000,79865.300000,79998.430000,3.379210,1778605199999,0,0
0.128427,0.101792,2026-05-12 17:00:00+00:00,80024.020000,80555.990000,79945.890000,80529.010000,2.150990,1778608799999,0,0
0.152808,0.109834,2026-05-12 18:00:00+00:00,80520.440000,80742.700000,80474.000000,80681.940000,0.168440,1778612399999,0,0
0.140213,0.105221,2026-05-12 19:00:00+00:00,80691.680000,80878.240000,80691.680000,80827.750000,0.101640,1778615999999,0,0
0.133869,0.104075,2026-05-12 20:00:00+00:00,80827.750000,80899.820000,80634.000000,80697.330000,0.114970,1778619599999,0,0
0.130132,0.103224,2026-05-12 21:00:00+00:00,80737.750000,80741.860000,80507.590000,80593.970000,0.214730,1778623199999,0,0
0.110532,0.103709,2026-05-12 22:00:00+00:00,80616.020000,80781.800000,80611.890000,80648.730000,0.250150,1778626799999,0,0
0.109398,0.102621,2026-05-12 23:00:00+00:00,80704.090000,80711.790000,80464.200000,80483.200000,0.187490,1778630399999,0,0
0.116700,0.105094,2026-05-13 00:00:00+00:00,80490.160000,80780.230000,80462.540000,80726.220000,0.197240,1778633999999,0,0
0.151799,0.109888,2026-05-13 01:00:00+00:00,80715.430000,81170.400000,80693.110000,81021.420000,3.580270,1778637599999,0,0
0.151245,0.107803,2026-05-13 02:00:00+00:00,81013.600000,81270.230000,80865.250000,81041.600000,10.669430,1778641199999,0,0
0.150451,0.106005,2026-05-13 03:00:00+00:00,81047.730000,81299.990000,80980.410000,81208.970000,5.581640,1778644799999,0,0
0.141981,0.104339,2026-05-13 04:00:00+00:00,81273.630000,81273.630000,81006.890000,81241.890000,15.390550,1778648399999,0,1
0.120740,0.100380,2026-05-13 05:00:00+00:00,81238.550000,81242.450000,80966.560000,80991.960000,6.343250,1778651999999,0,0
0.109952,0.098151,2026-05-13 06:00:00+00:00,81027.030000,81160.810000,80936.610000,80969.350000,5.806060,1778655599999,0,0
0.105766,0.098082,2026-05-13 07:00:00+00:00,81007.600000,81037.030000,80865.250000,81011.550000,4.901000,1778659199999,0,0
0.111734,0.098931,2026-05-13 08:00:00+00:00,81033.000000,81200.660000,80796.000000,81156.470000,7.376690,1778662799999,0,0
0.113927,0.098966,2026-05-13 09:00:00+00:00,81180.240000,81309.420000,81120.150000,81248.670000,2.328820,1778666399999,0,1
0.107263,0.094199,2026-05-13 10:00:00+00:00,81284.000000,81284.000000,80815.620000,80837.070000,7.986820,1778669999999,0,0
0.106649,0.087384,2026-05-13 11:00:00+00:00,80802.470000,80802.470000,80522.920000,80522.920000,3.878130,1778673599999,0,0
0.112349,0.082220,2026-05-13 12:00:00+00:00,80494.160000,80602.620000,79848.750000,80177.240000,4.545140,1778677199999,0,0
0.128121,0.077315,2026-05-13 13:00:00+00:00,80202.240000,80336.960000,79577.570000,79613.550000,1.903610,1778680799999,0,0
0.130316,0.077620,2026-05-13 14:00:00+00:00,79585.640000,79842.260000,79500.000000,79778.470000,0.946050,1778684399999,0,0
0.145206,0.078150,2026-05-13 15:00:00+00:00,79844.360000,79865.720000,78831.900000,78834.300000,2.396610,1778687999999,1,0
0.148046,0.081129,2026-05-13 16:00:00+00:00,78843.190000,79221.770000,78776.880000,79074.100000,1.214670,1778691599999,1,0
0.175921,0.092732,2026-05-13 17:00:00+00:00,79213.220000,79537.170000,79180.150000,79537.170000,1.075190,1778695199999,0,0
0.179957,0.095334,2026-05-13 18:00:00+00:00,79515.450000,79822.620000,79515.450000,79643.720000,7.515030,1778698799999,0,0
0.160655,0.091558,2026-05-13 19:00:00+00:00,79629.550000,79647.370000,79455.340000,79643.150000,2.489710,1778702399999,0,0
0.166521,0.095624,2026-05-13 20:00:00+00:00,79652.810000,79748.130000,79636.550000,79708.840000,2.710890,1778705999999,0,0
0.140159,0.097652,2026-05-13 21:00:00+00:00,79711.710000,79719.220000,79385.230000,79390.600000,3.233830,1778709599999,1,0
0.118085,0.100311,2026-05-13 22:00:00+00:00,79391.190000,79478.110000,79245.790000,79444.040000,0.670230,1778713199999,0,0
0.109923,0.102021,2026-05-13 23:00:00+00:00,79426.170000,79488.820000,79266.110000,79329.710000,0.807140,1778716799999,1,0
0.117679,0.107020,2026-05-14 00:00:00+00:00,79335.340000,79688.690000,79335.340000,79597.030000,0.721720,1778720399999,0,0
0.127876,0.109212,2026-05-14 01:00:00+00:00,79578.290000,79679.900000,79433.200000,79632.920000,0.408920,1778723999999,0,0
0.116608,0.107077,2026-05-14 02:00:00+00:00,79607.270000,79669.450000,79244.330000,79359.620000,0.291020,1778727599999,1,0
0.112217,0.102510,2026-05-14 03:00:00+00:00,79364.470000,79457.480000,78954.140000,79031.640000,4.477720,1778731199999,1,0
0.114112,0.104809,2026-05-14 04:00:00+00:00,79029.520000,79463.210000,79013.000000,79450.270000,0.411110,1778734799999,1,0
0.151379,0.112146,2026-05-14 05:00:00+00:00,79432.420000,79979.480000,79409.170000,79822.660000,0.138050,1778738399999,0,0
0.142462,0.106763,2026-05-14 06:00:00+00:00,79830.280000,79945.590000,79790.170000,79822.930000,0.005690,1778741999999,0,0
0.132490,0.103385,2026-05-14 07:00:00+00:00,79851.750000,79933.240000,79731.140000,79854.000000,0.017580,1778745599999,0,0
0.135377,0.103683,2026-05-14 08:00:00+00:00,79743.750000,79945.590000,79674.270000,79829.690000,0.393430,1778749199999,0,0
0.117223,0.103581,2026-05-14 09:00:00+00:00,79875.120000,79875.120000,79811.450000,79811.450000,0.004610,1778752799999,0,0
0.110507,0.101592,2026-05-14 10:00:00+00:00,79633.560000,79722.150000,79430.020000,79596.600000,1.163790,1778756399999,1,0
0.116075,0.096776,2026-05-14 11:00:00+00:00,79596.600000,79612.460000,79245.790000,79270.440000,0.284460,1778759999999,1,0
0.132329,0.102119,2026-05-14 12:00:00+00:00,79306.600000,79784.660000,79302.340000,79784.660000,1.350550,1778763599999,0,0
0.141069,0.104845,2026-05-14 13:00:00+00:00,79735.890000,80038.660000,79712.160000,79712.160000,5.294860,1778767199999,0,0
0.184428,0.112610,2026-05-14 14:00:00+00:00,79622.390000,81010.050000,79581.270000,80940.490000,2.200250,1778770799999,0,0
0.169543,0.117330,2026-05-14 15:00:00+00:00,81038.500000,81320.270000,80827.980000,81307.300000,6.579080,1778774399999,0,0
0.146506,0.103054,2026-05-14 16:00:00+00:00,81340.000000,81835.710000,81127.040000,81835.710000,7.460790,1778777999999,0,1
0.145838,0.097470,2026-05-14 17:00:00+00:00,81880.790000,82030.330000,81328.170000,81677.890000,9.900380,1778781599999,0,1
0.149096,0.092609,2026-05-14 18:00:00+00:00,81706.150000,81966.740000,81461.090000,81566.860000,3.277160,1778785199999,0,1
0.157645,0.091214,2026-05-14 19:00:00+00:00,81574.620000,81697.710000,81343.420000,81432.490000,2.680850,1778788799999,0,1
0.152400,0.088649,2026-05-14 20:00:00+00:00,81487.870000,81607.310000,81172.770000,81388.360000,0.866580,1778792399999,0,1
0.145693,0.086222,2026-05-14 21:00:00+00:00,81412.780000,81510.140000,81282.210000,81394.100000,0.788470,1778795999999,0,1
0.133270,0.084905,2026-05-14 22:00:00+00:00,81363.940000,81558.430000,81337.140000,81428.530000,0.065650,1778799599999,0,1
0.116124,0.078295,2026-05-14 23:00:00+00:00,81431.410000,81431.410000,81069.810000,81077.620000,0.883110,1778803199999,0,0
0.106136,0.078021,2026-05-15 00:00:00+00:00,81106.400000,81658.810000,81078.180000,81496.980000,3.251370,1778806799999,0,1
0.083274,0.073650,2026-05-15 01:00:00+00:00,81544.010000,81721.210000,81127.040000,81177.230000,7.118130,1778810399999,0,1
0.079296,0.071957,2026-05-15 02:00:00+00:00,81114.190000,81350.410000,80776.680000,81337.160000,9.739900,1778813999999,0,1
0.080874,0.072892,2026-05-15 03:00:00+00:00,81342.230000,81351.860000,80953.870000,81108.630000,0.189480,1778817599999,0,1
0.086684,0.072620,2026-05-15 04:00:00+00:00,81070.970000,81104.600000,80728.180000,80728.180000,0.736860,1778821199999,0,0
0.095858,0.071428,2026-05-15 05:00:00+00:00,80713.590000,80867.410000,80313.770000,80364.880000,0.455380,1778824799999,0,0
0.096885,0.073420,2026-05-15 06:00:00+00:00,80327.280000,80633.000000,80320.410000,80596.180000,0.162450,1778828399999,0,0
0.108846,0.079584,2026-05-15 07:00:00+00:00,80606.700000,80967.070000,80586.530000,80838.130000,0.116920,1778831999999,0,1
0.100335,0.080279,2026-05-15 08:00:00+00:00,80807.320000,80807.320000,80462.540000,80627.280000,0.450410,1778835599999,0,1
0.100377,0.082460,2026-05-15 09:00:00+00:00,80581.250000,80633.160000,80377.170000,80464.280000,0.050400,1778839199999,0,1
0.107716,0.089817,2026-05-15 10:00:00+00:00,80450.160000,80736.820000,80446.240000,80715.620000,0.311520,1778842799999,0,1
0.111778,0.095200,2026-05-15 11:00:00+00:00,80742.660000,80742.660000,80599.000000,80678.730000,0.055490,1778846399999,0,1
0.108670,0.094408,2026-05-15 12:00:00+00:00,80546.640000,80607.810000,80332.990000,80366.380000,1.435000,1778849999999,0,1
0.159726,0.093792,2026-05-15 13:00:00+00:00,80313.770000,80313.770000,78700.000000,78799.680000,6.143070,1778853599999,0,0
0.164840,0.097046,2026-05-15 14:00:00+00:00,78700.000000,79358.250000,78670.400000,79257.540000,2.707920,1778857199999,0,0
0.164175,0.093238,2026-05-15 15:00:00+00:00,79173.580000,79337.160000,79033.990000,79202.320000,0.871930,1778860799999,0,0
0.148801,0.087673,2026-05-15 16:00:00+00:00,79144.780000,79376.070000,79131.390000,79313.650000,1.112220,1778864399999,0,0
0.164817,0.095436,2026-05-15 17:00:00+00:00,79272.020000,79481.730000,79240.890000,79463.000000,0.363570,1778867999999,0,0
0.154322,0.098407,2026-05-15 18:00:00+00:00,79488.820000,79546.520000,79198.470000,79293.890000,0.421650,1778871599999,0,0
0.132333,0.098197,2026-05-15 19:00:00+00:00,79226.560000,79229.980000,79085.850000,79172.990000,0.309450,1778875199999,0,0
0.129073,0.098639,2026-05-15 20:00:00+00:00,79203.240000,79208.990000,79033.990000,79102.760000,0.363340,1778878799999,0,0
0.127035,0.098576,2026-05-15 21:00:00+00:00,79120.500000,79201.950000,78965.940000,78965.940000,0.520280,1778882399999,0,0
0.126461,0.102265,2026-05-15 22:00:00+00:00,79020.340000,79135.340000,79020.340000,79123.580000,0.287420,1778885999999,0,0
0.120070,0.107687,2026-05-15 23:00:00+00:00,79103.370000,79144.700000,79085.580000,79112.250000,0.205070,1778889599999,0,0
0.102375,0.109219,2026-05-16 00:00:00+00:00,79094.240000,79236.970000,79090.000000,79106.300000,0.489420,1778893199999,0,0
0.101135,0.109226,2026-05-16 01:00:00+00:00,79120.900000,79162.050000,79021.890000,79160.000000,0.822770,1778896799999,0,0
0.101155,0.108839,2026-05-16 02:00:00+00:00,79173.470000,79195.160000,79086.740000,79109.470000,0.212560,1778900399999,0,0
0.097994,0.108406,2026-05-16 03:00:00+00:00,79148.890000,79195.150000,79078.940000,79118.880000,0.103260,1778903999999,0,0
0.099788,0.107899,2026-05-16 04:00:00+00:00,79084.800000,79117.450000,78876.560000,78995.750000,0.179590,1778907599999,0,0
0.098246,0.107997,2026-05-16 05:00:00+00:00,79033.820000,79038.870000,78972.310000,78992.610000,0.213030,1778911199999,0,0
0.106999,0.106302,2026-05-16 06:00:00+00:00,79021.900000,79031.930000,78478.220000,78645.740000,1.185450,1778914799999,0,0
0.117088,0.103188,2026-05-16 07:00:00+00:00,78649.950000,78649.950000,78100.390000,78356.820000,2.291650,1778918399999,0,0
0.116768,0.101929,2026-05-16 08:00:00+00:00,78378.600000,78519.820000,78366.530000,78387.720000,0.633710,1778921999999,0,0
0.121354,0.099995,2026-05-16 09:00:00+00:00,78399.290000,78406.060000,77912.380000,78085.600000,5.632590,1778925599999,0,0
0.126136,0.098786,2026-05-16 10:00:00+00:00,78028.610000,78028.610000,77634.480000,77945.510000,3.112090,1778929199999,0,0
0.129352,0.103407,2026-05-16 11:00:00+00:00,78028.610000,78190.740000,78021.270000,78165.490000,2.394460,1778932799999,0,0
0.130562,0.104964,2026-05-16 12:00:00+00:00,78096.080000,78122.650000,77967.420000,78030.480000,2.387620,1778936399999,0,0
0.124758,0.104791,2026-05-16 13:00:00+00:00,78011.560000,78011.560000,77864.990000,77989.490000,1.405990,1778939999999,0,0
0.128800,0.108991,2026-05-16 14:00:00+00:00,78010.930000,78329.030000,77917.150000,78143.300000,2.809040,1778943599999,0,0
0.136768,0.111911,2026-05-16 15:00:00+00:00,78157.250000,78246.470000,78085.810000,78230.570000,5.049720,1778947199999,0,0
0.122335,0.111146,2026-05-16 16:00:00+00:00,78230.570000,78359.280000,78192.790000,78193.820000,12.615850,1778950799999,0,0
0.115861,0.111964,2026-05-16 17:00:00+00:00,78193.830000,78305.190000,78193.830000,78219.750000,0.151360,1778954399999,0,0
0.113989,0.113117,2026-05-16 18:00:00+00:00,78229.090000,78302.000000,78155.530000,78246.240000,0.551110,1778957999999,0,0
0.109548,0.113547,2026-05-16 19:00:00+00:00,78241.370000,78313.280000,78184.680000,78263.390000,0.526600,1778961599999,0,0
0.107156,0.113729,2026-05-16 20:00:00+00:00,78279.380000,78329.730000,78226.360000,78259.840000,0.074160,1778965199999,0,0
0.108797,0.113870,2026-05-16 21:00:00+00:00,78259.450000,78298.920000,78222.010000,78283.950000,0.315640,1778968799999,0,0
0.105431,0.113226,2026-05-16 22:00:00+00:00,78243.340000,78264.380000,78186.920000,78205.530000,0.067290,1778972399999,0,0
0.105572,0.112662,2026-05-16 23:00:00+00:00,78200.090000,78243.980000,78154.970000,78154.970000,0.020870,1778975999999,0,0
0.114197,0.111343,2026-05-17 00:00:00+00:00,78210.510000,78244.070000,77840.140000,77840.140000,0.121160,1778979599999,0,0
0.116689,0.109426,2026-05-17 01:00:00+00:00,77968.690000,78109.390000,77750.000000,77750.000000,0.247670,1778983199999,0,0
0.116486,0.109670,2026-05-17 02:00:00+00:00,77785.880000,77937.790000,77756.880000,77894.740000,0.217290,1778986799999,0,0
0.125587,0.112367,2026-05-17 03:00:00+00:00,77929.790000,78085.350000,77929.790000,78010.380000,0.248600,1778990399999,0,0
0.131605,0.112852,2026-05-17 04:00:00+00:00,78067.180000,78213.240000,78048.320000,78151.570000,0.657430,1778993999999,0,0
0.117573,0.089628,2026-05-17 05:00:00+00:00,78163.320000,78310.000000,78160.060000,78171.890000,0.083060,1778997599999,0,0
0.112160,0.087949,2026-05-17 06:00:00+00:00,78167.520000,78199.500000,78049.290000,78073.290000,0.090170,1779001199999,0,0
0.109071,0.088721,2026-05-17 07:00:00+00:00,78123.880000,78207.970000,78089.040000,78180.550000,0.160040,1779004799999,0,0
0.104481,0.088958,2026-05-17 08:00:00+00:00,78188.550000,78188.550000,78042.240000,78093.990000,0.050320,1779008399999,0,0
0.106470,0.089707,2026-05-17 09:00:00+00:00,78116.050000,78253.910000,78102.120000,78247.650000,0.073270,1779011999999,0,0
0.126957,0.092553,2026-05-17 10:00:00+00:00,78251.320000,78575.360000,78251.320000,78457.210000,2.885830,1779015599999,0,0
0.124289,0.091216,2026-05-17 11:00:00+00:00,78457.210000,78463.000000,78311.410000,78398.000000,3.895100,1779019199999,0,0
0.115241,0.089608,2026-05-17 12:00:00+00:00,78424.260000,78529.820000,78376.600000,78376.670000,2.691500,1779022799999,0,0
0.112350,0.088901,2026-05-17 13:00:00+00:00,78343.410000,78345.220000,78205.000000,78217.010000,2.625690,1779026399999,0,0
0.109053,0.087969,2026-05-17 14:00:00+00:00,78209.840000,78209.840000,77896.050000,78074.460000,2.264490,1779029999999,0,0
0.104059,0.088131,2026-05-17 15:00:00+00:00,78057.280000,78133.580000,77960.420000,78052.680000,0.307130,1779033599999,0,0
0.099451,0.088709,2026-05-17 16:00:00+00:00,78084.460000,78174.000000,78044.470000,78065.390000,0.135470,1779037199999,0,0
0.099731,0.089094,2026-05-17 17:00:00+00:00,77984.520000,78093.940000,77898.930000,78093.940000,0.253230,1779040799999,0,0
0.105994,0.090413,2026-05-17 18:00:00+00:00,78062.570000,78278.650000,78055.270000,78260.460000,2.535190,1779044399999,0,0
0.116184,0.091329,2026-05-17 19:00:00+00:00,78278.640000,78473.170000,78225.030000,78396.020000,3.794510,1779047999999,0,0
0.107522,0.089063,2026-05-17 20:00:00+00:00,78414.230000,78415.950000,78258.540000,78278.150000,0.180210,1779051599999,0,0
0.106833,0.088909,2026-05-17 21:00:00+00:00,78277.370000,78474.500000,78246.200000,78384.810000,5.502610,1779055199999,0,0
0.113068,0.087835,2026-05-17 22:00:00+00:00,78384.810000,78417.410000,77850.000000,77997.270000,0.259910,1779058799999,0,0
0.138213,0.086436,2026-05-17 23:00:00+00:00,77992.430000,77999.520000,76750.230000,77436.870000,10.571730,1779062399999,0,0
0.143900,0.089373,2026-05-18 00:00:00+00:00,77451.160000,77451.160000,76913.850000,77197.790000,6.856590,1779065999999,0,0
0.140499,0.091281,2026-05-18 01:00:00+00:00,77197.790000,77268.100000,76777.350000,77133.200000,15.261930,1779069599999,0,0
0.146095,0.094199,2026-05-18 02:00:00+00:00,77123.780000,77244.820000,76733.990000,76823.430000,5.199850,1779073199999,0,0
0.144445,0.095800,2026-05-18 03:00:00+00:00,76851.900000,77015.740000,76820.180000,76909.620000,5.302820,1779076799999,0,0
0.142518,0.098381,2026-05-18 04:00:00+00:00,76928.470000,77050.150000,76798.190000,77050.150000,8.038890,1779080399999,0,0
0.135655,0.097442,2026-05-18 05:00:00+00:00,77058.320000,77079.320000,76893.110000,76945.610000,0.302190,1779083999999,0,0
0.132505,0.097565,2026-05-18 06:00:00+00:00,76925.560000,76947.010000,76608.000000,76925.250000,0.599180,1779087599999,0,0
0.134316,0.099418,2026-05-18 07:00:00+00:00,76994.220000,77072.130000,76821.200000,77067.720000,0.262510,1779091199999,0,0
0.127897,0.100404,2026-05-18 08:00:00+00:00,77102.270000,77165.130000,76896.240000,77035.340000,0.147360,1779094799999,0,0
0.115501,0.100475,2026-05-18 09:00:00+00:00,76989.150000,76990.050000,76895.020000,76914.830000,0.237630,1779098399999,0,0
0.109179,0.101664,2026-05-18 10:00:00+00:00,76879.800000,76879.800000,76740.910000,76800.330000,0.142360,1779101999999,0,0
0.127096,0.107548,2026-05-18 11:00:00+00:00,76727.890000,77407.250000,76700.000000,77268.190000,3.882900,1779105599999,0,0
0.161881,0.115532,2026-05-18 12:00:00+00:00,77300.920000,77778.110000,77297.970000,77637.430000,0.325590,1779109199999,0,0
0.154381,0.106506,2026-05-18 13:00:00+00:00,77654.270000,77659.830000,76718.390000,76944.270000,2.188850,1779112799999,0,0
0.158089,0.111966,2026-05-18 14:00:00+00:00,76871.340000,76961.440000,76256.130000,76401.070000,1.306510,1779116399999,0,0
0.148176,0.110160,2026-05-18 15:00:00+00:00,76360.840000,76431.390000,76067.000000,76411.180000,0.676450,1779119999999,0,0
0.131688,0.107830,2026-05-18 16:00:00+00:00,76348.040000,76642.340000,76235.960000,76440.060000,0.672230,1779123599999,0,0
0.149688,0.112357,2026-05-18 17:00:00+00:00,76409.790000,76750.570000,76409.790000,76750.570000,0.145630,1779127199999,0,0
0.141451,0.106422,2026-05-18 18:00:00+00:00,76686.960000,76686.960000,76172.570000,76281.860000,0.535480,1779130799999,0,0
0.160575,0.106092,2026-05-18 19:00:00+00:00,76270.490000,76977.020000,76270.490000,76887.840000,0.914530,1779134399999,0,0
0.168993,0.108477,2026-05-18 20:00:00+00:00,76965.110000,77165.670000,76899.410000,76939.840000,4.628480,1779137999999,0,0
0.152898,0.098501,2026-05-18 21:00:00+00:00,76902.330000,77179.970000,76832.830000,77105.270000,5.240050,1779141599999,0,0
0.149020,0.096106,2026-05-18 22:00:00+00:00,77132.350000,77219.870000,76932.480000,77007.730000,2.890770,1779145199999,0,0
0.146159,0.094859,2026-05-18 23:00:00+00:00,77073.230000,77147.350000,76990.560000,77006.420000,0.116510,1779148799999,0,0
0.128799,0.096787,2026-05-19 00:00:00+00:00,77006.420000,77367.620000,76967.270000,77149.180000,5.172820,1779152399999,0,0
0.140422,0.097043,2026-05-19 01:00:00+00:00,77105.690000,77129.870000,76661.890000,76661.890000,0.310820,1779155999999,0,0
0.138654,0.096707,2026-05-19 02:00:00+00:00,76661.890000,76950.000000,76500.000000,76621.350000,0.057280,1779159599999,0,0
0.124434,0.097406,2026-05-19 03:00:00+00:00,76595.470000,76843.700000,76595.470000,76790.670000,0.026280,1779163199999,0,0
0.126864,0.098297,2026-05-19 04:00:00+00:00,76766.960000,76949.620000,76692.150000,76901.580000,0.088910,1779166799999,0,0
0.121723,0.096289,2026-05-19 05:00:00+00:00,76938.890000,77000.000000,76651.580000,76928.610000,0.065090,1779170399999,0,0
0.115031,0.095316,2026-05-19 06:00:00+00:00,76977.510000,77101.260000,76937.680000,77042.220000,0.136250,1779173999999,0,0
0.125725,0.096916,2026-05-19 07:00:00+00:00,77032.900000,77282.810000,76986.130000,77218.910000,0.033240,1779177599999,0,0
0.115706,0.094831,2026-05-19 08:00:00+00:00,77255.760000,77282.810000,76967.030000,77059.530000,0.026410,1779181199999,0,0
0.118685,0.093722,2026-05-19 09:00:00+00:00,77051.770000,77054.450000,76743.270000,76777.640000,0.054340,1779184799999,0,0
0.116839,0.095881,2026-05-19 10:00:00+00:00,76806.790000,77098.040000,76724.680000,77049.260000,0.038030,1779188399999,0,0
0.117239,0.095849,2026-05-19 11:00:00+00:00,77052.720000,77069.630000,76670.490000,76726.620000,1.307090,1779191999999,0,0
0.116821,0.094840,2026-05-19 12:00:00+00:00,76689.860000,76985.670000,76681.250000,76985.670000,1.384560,1779195599999,0,0
0.112089,0.095349,2026-05-19 13:00:00+00:00,76934.530000,77050.150000,76594.690000,76884.550000,1.262670,1779199199999,0,0
0.126488,0.092700,2026-05-19 14:00:00+00:00,76859.120000,77007.390000,76153.560000,76404.780000,2.909310,1779202799999,0,0
0.126344,0.093716,2026-05-19 15:00:00+00:00,76401.110000,76684.580000,76370.040000,76481.580000,0.522030,1779206399999,0,0
0.138416,0.100027,2026-05-19 16:00:00+00:00,76513.070000,76898.910000,76439.890000,76898.910000,2.286410,1779209999999,0,0
0.135086,0.098310,2026-05-19 17:00:00+00:00,76898.910000,77005.340000,76722.250000,76818.750000,8.703490,1779213599999,0,0
0.121637,0.093589,2026-05-19 18:00:00+00:00,76852.750000,76949.870000,76785.370000,76821.620000,0.493670,1779217199999,0,0
0.122799,0.094442,2026-05-19 19:00:00+00:00,76851.010000,77066.300000,76805.800000,76880.000000,2.558590,1779220799999,0,0
0.127182,0.096200,2026-05-19 20:00:00+00:00,76833.910000,77044.410000,76833.910000,77031.060000,0.117450,1779224399999,0,0
0.117737,0.095438,2026-05-19 21:00:00+00:00,77005.730000,77045.170000,76972.840000,77009.990000,0.568700,1779227999999,0,0
0.120799,0.094210,2026-05-19 22:00:00+00:00,77009.990000,77009.990000,76656.120000,76734.910000,2.281100,1779231599999,0,0
0.117976,0.094563,2026-05-19 23:00:00+00:00,76726.930000,76976.920000,76709.850000,76833.850000,0.045170,1779235199999,0,0
0.111544,0.094815,2026-05-20 00:00:00+00:00,76901.970000,76901.970000,76527.010000,76756.390000,2.794160,1779238799999,0,0
0.111204,0.094695,2026-05-20 01:00:00+00:00,76804.250000,76919.920000,76567.520000,76826.970000,0.335520,1779242399999,0,0
0.107296,0.094175,2026-05-20 02:00:00+00:00,76784.330000,76908.650000,76637.710000,76710.880000,0.054030,1779245999999,0,0
0.101190,0.093441,2026-05-20 03:00:00+00:00,76683.100000,76822.700000,76587.950000,76740.990000,0.111250,1779249599999,0,0
0.099461,0.093823,2026-05-20 04:00:00+00:00,76804.520000,76823.640000,76741.780000,76761.630000,0.169940,1779253199999,0,0
0.131999,0.098536,2026-05-20 05:00:00+00:00,76759.600000,77302.970000,76758.930000,77183.490000,0.698400,1779256799999,0,0
0.148681,0.101626,2026-05-20 06:00:00+00:00,77231.850000,77435.800000,77218.140000,77422.780000,0.369250,1779260399999,0,0
0.137324,0.094998,2026-05-20 07:00:00+00:00,77419.570000,77486.660000,77278.800000,77278.800000,0.973450,1779263999999,0,0
0.138645,0.094900,2026-05-20 08:00:00+00:00,77299.390000,77628.970000,77266.140000,77479.280000,0.090560,1779267599999,0,0
0.138604,0.095992,2026-05-20 09:00:00+00:00,77469.700000,77541.550000,77419.070000,77465.390000,0.580680,1779271199999,0,0
0.122302,0.094286,2026-05-20 10:00:00+00:00,77465.390000,77664.930000,77465.390000,77512.130000,0.088190,1779274799999,0,0
0.119030,0.094096,2026-05-20 11:00:00+00:00,77567.600000,77567.600000,77375.780000,77409.680000,0.032610,1779278399999,0,0
0.126044,0.095380,2026-05-20 12:00:00+00:00,77488.610000,77726.370000,77389.390000,77631.630000,0.322970,1779281999999,0,0
0.131594,0.094357,2026-05-20 13:00:00+00:00,77614.250000,77614.250000,77000.000000,77132.500000,4.656850,1779285599999,0,0
0.128815,0.094422,2026-05-20 14:00:00+00:00,77256.040000,77555.950000,76876.270000,77460.770000,6.720770,1779289199999,0,0
0.120010,0.095947,2026-05-20 15:00:00+00:00,77462.030000,77835.070000,77307.750000,77432.580000,1.487040,1779292799999,0,0
0.098480,0.091355,2026-05-20 16:00:00+00:00,77467.470000,77567.670000,77025.070000,77356.970000,1.077170,1779296399999,0,0
0.103535,0.093036,2026-05-20 17:00:00+00:00,77340.470000,77705.840000,77250.520000,77565.740000,0.685430,1779299999999,0,0
0.104175,0.092946,2026-05-20 18:00:00+00:00,77567.000000,77610.690000,77390.400000,77466.290000,0.709050,1779303599999,0,0
0.100868,0.092805,2026-05-20 19:00:00+00:00,77408.080000,77705.840000,77373.530000,77665.580000,0.439150,1779307199999,0,0
0.107371,0.094060,2026-05-20 20:00:00+00:00,77682.090000,77750.000000,77486.660000,77708.540000,0.355260,1779310799999,0,0
0.102541,0.091413,2026-05-20 21:00:00+00:00,77709.580000,77750.000000,77488.260000,77488.260000,2.607450,1779314399999,0,0
0.099993,0.091375,2026-05-20 22:00:00+00:00,77486.660000,77510.990000,77231.190000,77510.990000,2.932520,1779317999999,0,0
0.095799,0.092146,2026-05-20 23:00:00+00:00,77518.920000,77576.520000,77409.560000,77542.460000,0.317760,1779321599999,0,0
0.122878,0.096943,2026-05-21 00:00:00+00:00,77575.770000,78068.620000,77554.460000,77940.500000,1.911850,1779325199999,0,0
0.119979,0.095349,2026-05-21 01:00:00+00:00,77963.110000,78157.450000,77812.530000,77837.340000,0.566520,1779328799999,0,0
0.116275,0.092540,2026-05-21 02:00:00+00:00,77856.430000,78096.600000,77843.250000,77969.640000,3.147180,1779332399999,0,0
0.125267,0.094431,2026-05-21 03:00:00+00:00,77971.310000,78090.950000,77925.440000,78090.950000,0.274020,1779335999999,0,0
0.118309,0.092643,2026-05-21 04:00:00+00:00,78076.970000,78160.840000,77965.770000,78044.710000,2.093760,1779339599999,0,0
0.113664,0.091124,2026-05-21 05:00:00+00:00,78017.560000,78136.500000,77782.750000,77810.950000,0.315570,1779343199999,0,0
0.115804,0.090116,2026-05-21 06:00:00+00:00,77821.140000,77878.750000,77555.950000,77630.810000,0.247560,1779346799999,0,0
0.113431,0.092759,2026-05-21 07:00:00+00:00,77614.340000,77905.210000,77515.460000,77905.210000,0.253110,1779350399999,0,0
0.117352,0.094281,2026-05-21 08:00:00+00:00,77902.390000,78175.080000,77902.390000,77936.140000,2.672340,1779353999999,0,0
0.110022,0.090021,2026-05-21 09:00:00+00:00,77913.560000,77953.470000,77653.220000,77653.220000,1.719990,1779357599999,0,0
0.126417,0.088139,2026-05-21 10:00:00+00:00,77652.140000,77683.800000,77179.750000,77244.260000,0.376510,1779361199999,0,0
0.125903,0.088691,2026-05-21 11:00:00+00:00,77218.950000,77371.210000,77143.500000,77185.280000,0.440820,1779364799999,0,0
0.116448,0.090612,2026-05-21 12:00:00+00:00,77236.220000,77350.640000,77105.690000,77295.360000,0.242360,1779368399999,0,0
0.122475,0.090474,2026-05-21 13:00:00+00:00,77287.800000,77365.610000,76750.000000,77108.390000,0.862810,1779371999999,0,0
0.124676,0.090030,2026-05-21 14:00:00+00:00,77151.800000,77233.050000,76794.400000,76982.020000,0.428860,1779375599999,0,0
0.124700,0.093192,2026-05-21 15:00:00+00:00,76996.380000,77377.590000,76923.470000,77271.730000,0.234450,1779379199999,0,0
0.123731,0.093254,2026-05-21 16:00:00+00:00,77294.080000,77333.860000,77046.290000,77120.360000,0.712040,1779382799999,0,0
0.173987,0.101984,2026-05-21 17:00:00+00:00,77268.100000,78075.260000,77188.990000,78005.110000,3.540890,1779386399999,0,0
0.177228,0.098150,2026-05-21 18:00:00+00:00,77900.340000,77908.500000,77268.100000,77382.860000,3.044510,1779389999999,0,0
0.168102,0.092520,2026-05-21 19:00:00+00:00,77395.670000,77778.110000,77376.450000,77750.420000,0.513700,1779393599999,0,0
0.153289,0.095430,2026-05-21 20:00:00+00:00,77703.070000,77809.030000,77661.020000,77707.150000,1.380370,1779397199999,0,0
0.138007,0.091961,2026-05-21 21:00:00+00:00,77729.440000,77813.030000,77678.110000,77702.090000,0.384120,1779400799999,0,0
0.127623,0.091823,2026-05-21 22:00:00+00:00,77645.640000,77756.560000,77560.190000,77626.770000,3.462900,1779404399999,0,0
0.125274,0.091467,2026-05-21 23:00:00+00:00,77623.440000,77729.070000,77556.120000,77609.930000,0.157210,1779407999999,0,0
0.122828,0.090717,2026-05-22 00:00:00+00:00,77638.440000,77646.660000,77375.200000,77424.770000,0.683240,1779411599999,0,0
0.120071,0.090917,2026-05-22 01:00:00+00:00,77355.920000,77645.680000,77317.950000,77598.280000,0.161240,1779415199999,0,1
0.115850,0.091076,2026-05-22 02:00:00+00:00,77661.550000,77737.780000,77615.780000,77641.940000,0.115300,1779418799999,0,1
0.115163,0.089933,2026-05-22 03:00:00+00:00,77712.630000,77818.190000,77686.560000,77782.100000,0.177870,1779422399999,0,1
0.105107,0.087734,2026-05-22 04:00:00+00:00,77790.720000,77891.230000,77638.220000,77646.140000,4.600880,1779425999999,0,1
0.105249,0.085932,2026-05-22 05:00:00+00:00,77653.500000,77725.360000,77486.660000,77486.660000,0.553960,1779429599999,0,0
0.099949,0.085369,2026-05-22 06:00:00+00:00,77470.920000,77495.840000,77393.660000,77412.020000,0.076920,1779433199999,0,0
0.095551,0.085730,2026-05-22 07:00:00+00:00,77417.910000,77533.420000,77295.940000,77430.480000,0.504270,1779436799999,0,1
0.098561,0.084877,2026-05-22 08:00:00+00:00,77449.790000,77539.540000,77239.260000,77309.250000,2.779250,1779440399999,0,1
0.096986,0.085204,2026-05-22 09:00:00+00:00,77243.900000,77363.840000,77243.900000,77363.840000,0.005570,1779443999999,0,1
0.095081,0.085745,2026-05-22 10:00:00+00:00,77324.340000,77361.420000,77276.080000,77319.070000,0.035130,1779447599999,0,1
0.096920,0.085982,2026-05-22 11:00:00+00:00,77334.030000,77419.870000,77187.920000,77410.080000,0.313600,1779451199999,0,1
0.102936,0.086596,2026-05-22 12:00:00+00:00,77436.780000,77574.970000,77405.050000,77503.740000,2.292010,1779454799999,0,1
0.105220,0.084718,2026-05-22 13:00:00+00:00,77540.350000,77560.360000,77154.700000,77267.630000,2.208120,1779458399999,0,1
0.130005,0.081013,2026-05-22 14:00:00+00:00,77262.900000,77262.900000,76743.000000,76777.050000,4.795450,1779461999999,0,1
0.128849,0.082836,2026-05-22 15:00:00+00:00,76763.280000,76996.740000,76592.570000,76823.750000,4.918640,1779465599999,0,1
0.123682,0.086859,2026-05-22 16:00:00+00:00,76805.160000,76997.170000,76764.990000,76974.100000,5.079440,1779469199999,0,1
0.124009,0.085117,2026-05-22 17:00:00+00:00,76965.410000,77098.160000,76751.140000,76751.140000,5.807700,1779472799999,0,1
0.128284,0.083912,2026-05-22 18:00:00+00:00,76751.160000,76923.400000,76127.470000,76552.570000,3.636130,1779476399999,0,0
0.145583,0.083202,2026-05-22 19:00:00+00:00,76545.140000,76586.790000,75701.100000,75861.380000,12.199190,1779479999999,0,0
0.146111,0.085521,2026-05-22 20:00:00+00:00,75861.380000,76103.490000,75836.860000,75998.880000,3.494740,1779483599999,0,0
0.139674,0.088635,2026-05-22 21:00:00+00:00,75999.610000,76075.270000,75957.850000,75970.420000,2.871590,1779487199999,0,0
0.139373,0.087741,2026-05-22 22:00:00+00:00,75972.900000,75983.530000,75547.210000,75730.250000,3.247720,1779490799999,0,0
0.139684,0.088606,2026-05-22 23:00:00+00:00,75752.640000,75866.180000,75354.820000,75555.700000,0.477130,1779494399999,0,0
0.135587,0.090514,2026-05-23 00:00:00+00:00,75543.030000,75607.070000,75239.330000,75386.210000,0.862230,1779497999999,0,0
0.131759,0.092475,2026-05-23 01:00:00+00:00,75397.690000,75510.470000,75397.690000,75481.560000,0.270850,1779501599999,0,0
0.132706,0.094001,2026-05-23 02:00:00+00:00,75508.360000,75547.200000,75454.360000,75547.200000,0.316960,1779505199999,0,0
0.130873,0.093778,2026-05-23 03:00:00+00:00,75602.520000,75666.420000,75581.750000,75646.710000,0.220020,1779508799999,0,0
0.123326,0.093109,2026-05-23 04:00:00+00:00,75646.710000,75651.670000,75518.630000,75537.990000,0.131720,1779512399999,0,0
0.119088,0.093075,2026-05-23 05:00:00+00:00,75543.520000,75554.890000,75477.400000,75477.400000,0.042350,1779515999999,0,0
0.110631,0.093777,2026-05-23 06:00:00+00:00,75465.350000,75501.670000,75393.250000,75399.670000,2.710430,1779519599999,0,0
0.139346,0.098089,2026-05-23 07:00:00+00:00,75403.580000,75432.830000,74320.000000,74585.230000,2.131300,1779523199999,1,0
0.140167,0.101018,2026-05-23 08:00:00+00:00,74620.310000,74738.440000,74364.940000,74658.760000,1.085550,1779526799999,1,0
0.132880,0.100302,2026-05-23 09:00:00+00:00,74647.390000,74763.000000,74642.390000,74763.000000,1.231430,1779530399999,1,0
0.130260,0.098747,2026-05-23 10:00:00+00:00,74685.350000,74771.540000,74685.350000,74738.530000,0.084740,1779533999999,1,0
0.128682,0.096884,2026-05-23 11:00:00+00:00,74701.200000,74843.870000,74701.200000,74815.350000,1.185590,1779537599999,1,0
0.123093,0.094944,2026-05-23 12:00:00+00:00,74809.990000,74809.990000,74679.000000,74752.350000,0.445100,1779541199999,1,0
0.153860,0.098173,2026-05-23 13:00:00+00:00,74864.860000,75249.670000,74864.860000,75203.340000,0.599710,1779544799999,1,0
0.182494,0.102762,2026-05-23 14:00:00+00:00,75218.420000,75674.800000,75102.800000,75538.190000,5.944840,1779548399999,0,0
0.171112,0.096508,2026-05-23 15:00:00+00:00,75557.680000,75665.410000,75451.260000,75504.580000,0.720010,1779551999999,0,0
0.157968,0.093019,2026-05-23 16:00:00+00:00,75537.000000,75610.970000,75440.030000,75487.250000,0.039280,1779555599999,0,0
0.154282,0.092867,2026-05-23 17:00:00+00:00,75534.750000,75534.750000,75407.780000,75499.880000,0.248070,1779559199999,0,0
0.167852,0.095664,2026-05-23 18:00:00+00:00,75499.890000,75960.580000,75477.620000,75833.750000,8.325720,1779562799999,0,0
0.171184,0.096497,2026-05-23 19:00:00+00:00,75838.140000,75985.000000,75786.730000,75964.640000,0.284640,1779566399999,0,0
0.182139,0.112618,2026-05-23 20:00:00+00:00,76000.000000,77275.180000,75986.830000,77275.180000,8.914060,1779569999999,0,0
0.184546,0.106706,2026-05-23 21:00:00+00:00,77279.000000,77393.400000,76532.110000,76735.650000,0.539170,1779573599999,0,0
0.193402,0.092785,2026-05-23 22:00:00+00:00,76832.820000,76881.890000,76405.660000,76603.880000,0.202000,1779577199999,0,0
0.167244,0.094015,2026-05-23 23:00:00+00:00,76547.750000,76799.960000,76547.750000,76772.080000,0.335830,1779580799999,0,0
0.159005,0.094824,2026-05-24 00:00:00+00:00,76775.630000,76923.640000,76633.140000,76849.470000,2.782220,1779584399999,0,0
0.137235,0.092995,2026-05-24 01:00:00+00:00,76842.490000,76937.890000,76772.140000,76871.190000,2.997340,1779587999999,0,0
0.124567,0.092142,2026-05-24 02:00:00+00:00,76891.110000,76911.060000,76713.280000,76837.970000,0.094710,1779591599999,0,0
0.118831,0.091254,2026-05-24 03:00:00+00:00,76832.110000,76995.100000,76770.000000,76770.000000,0.105090,1779595199999,0,0
0.104065,0.090545,2026-05-24 04:00:00+00:00,76812.040000,76848.580000,76729.650000,76791.840000,0.086190,1779598799999,0,0
0.092334,0.090006,2026-05-24 05:00:00+00:00,76789.770000,76848.580000,76668.710000,76841.790000,2.736770,1779602399999,0,0
0.090966,0.090266,2026-05-24 06:00:00+00:00,76831.420000,77051.490000,76644.620000,77001.330000,2.760620,1779605999999,0,0
0.081253,0.087472,2026-05-24 07:00:00+00:00,76991.480000,77030.970000,76801.430000,76801.430000,0.523230,1779609599999,0,0
0.079190,0.086846,2026-05-24 08:00:00+00:00,76814.800000,76832.370000,76748.260000,76822.670000,0.037900,1779613199999,0,0
0.083443,0.089533,2026-05-24 09:00:00+00:00,76831.360000,77032.110000,76831.360000,77032.110000,0.119740,1779616799999,0,0
0.092117,0.090695,2026-05-24 10:00:00+00:00,77032.110000,77516.960000,76937.440000,77200.610000,5.829920,1779620399999,0,0
0.096848,0.089889,2026-05-24 11:00:00+00:00,77261.750000,77341.860000,77216.120000,77310.290000,5.136290,1779623999999,0,0
0.097105,0.087381,2026-05-24 12:00:00+00:00,77291.180000,77308.070000,77055.690000,77114.070000,0.641720,1779627599999,0,0
0.104417,0.084517,2026-05-24 13:00:00+00:00,77109.680000,77125.880000,76565.430000,76805.970000,2.886280,1779631199999,0,0
0.111939,0.082633,2026-05-24 14:00:00+00:00,76821.350000,76824.990000,76188.190000,76453.990000,6.961830,1779634799999,0,0
0.112765,0.083056,2026-05-24 15:00:00+00:00,76464.900000,76548.460000,76341.540000,76394.040000,1.443470,1779638399999,0,0
0.117268,0.087050,2026-05-24 16:00:00+00:00,76388.660000,76724.680000,76369.390000,76684.800000,4.206180,1779641999999,0,0
0.122739,0.087844,2026-05-24 17:00:00+00:00,76693.400000,76777.350000,76598.130000,76699.220000,9.864480,1779645599999,0,0
0.110853,0.085754,2026-05-24 18:00:00+00:00,76709.520000,76792.790000,76614.010000,76627.280000,0.140000,1779649199999,0,0
0.121015,0.086594,2026-05-24 19:00:00+00:00,76735.890000,76780.910000,76623.360000,76780.910000,0.018250,1779652799999,0,0
0.118198,0.085819,2026-05-24 20:00:00+00:00,76793.610000,76793.610000,76617.550000,76641.860000,0.029510,1779656399999,0,0
0.132103,0.081737,2026-05-24 21:00:00+00:00,76671.060000,76746.320000,76103.720000,76145.550000,0.716040,1779659999999,0,0
0.147483,0.087716,2026-05-24 22:00:00+00:00,76181.890000,76992.420000,76176.130000,76802.000000,0.164420,1779663599999,0,0
0.169681,0.095530,2026-05-24 23:00:00+00:00,76835.800000,77205.180000,76835.800000,77098.760000,2.839550,1779667199999,0,0
0.150502,0.089662,2026-05-25 00:00:00+00:00,77127.410000,77284.060000,77104.350000,77133.140000,2.867180,1779670799999,0,0
0.146514,0.086784,2026-05-25 01:00:00+00:00,77153.230000,77254.540000,76906.950000,76909.560000,5.691720,1779674399999,0,0
0.148268,0.087726,2026-05-25 02:00:00+00:00,77020.390000,77445.910000,77020.390000,77101.450000,0.933450,1779677999999,0,0
0.123331,0.088569,2026-05-25 03:00:00+00:00,77168.220000,77168.220000,76999.820000,77039.890000,0.100270,1779681599999,0,0
0.137524,0.089925,2026-05-25 04:00:00+00:00,77030.580000,77425.950000,76984.640000,77382.100000,0.308220,1779685199999,0,0
0.145207,0.090629,2026-05-25 05:00:00+00:00,77360.290000,77501.200000,77314.420000,77390.030000,0.915830,1779688799999,0,0
0.129044,0.088279,2026-05-25 06:00:00+00:00,77413.920000,77621.140000,77241.570000,77396.530000,0.661430,1779692399999,0,0
0.124512,0.088241,2026-05-25 07:00:00+00:00,77448.920000,77494.060000,77200.980000,77376.240000,0.204510,1779695999999,0,0
0.122877,0.088448,2026-05-25 08:00:00+00:00,77421.380000,77464.630000,77291.920000,77441.610000,0.111740,1779699599999,0,0
0.110679,0.088879,2026-05-25 09:00:00+00:00,77486.630000,77674.000000,77422.870000,77616.600000,6.126500,1779703199999,0,0
0.103562,0.087729,2026-05-25 10:00:00+00:00,77573.490000,77698.620000,77513.490000,77552.870000,0.070480,1779706799999,0,0
0.101291,0.085258,2026-05-25 11:00:00+00:00,77486.810000,77524.830000,77328.410000,77368.430000,0.252180,1779710399999,0,0
0.097038,0.085349,2026-05-25 12:00:00+00:00,77364.950000,77431.270000,77300.940000,77390.090000,2.827010,1779713999999,0,0
0.087634,0.085274,2026-05-25 13:00:00+00:00,77390.090000,77449.580000,77301.410000,77337.300000,2.881150,1779717599999,0,0
0.104926,0.087984,2026-05-25 14:00:00+00:00,77337.300000,77749.590000,77308.330000,77729.550000,0.398620,1779721199999,0,0
0.103558,0.087616,2026-05-25 15:00:00+00:00,77743.250000,77875.410000,77576.530000,77651.100000,3.365390,1779724799999,0,0
0.096224,0.085658,2026-05-25 16:00:00+00:00,77641.000000,77827.600000,77520.150000,77743.800000,0.203910,1779728399999,0,0
0.096067,0.084982,2026-05-25 17:00:00+00:00,77740.110000,77792.730000,77551.680000,77566.100000,0.447590,1779731999999,0,0
0.094053,0.084315,2026-05-25 18:00:00+00:00,77553.940000,77655.420000,77553.940000,77576.970000,0.111830,1779735599999,0,0
0.088556,0.084105,2026-05-25 19:00:00+00:00,77540.880000,77540.880000,77362.520000,77442.090000,0.245410,1779739199999,0,0
0.094735,0.082722,2026-05-25 20:00:00+00:00,77413.570000,77500.350000,77246.160000,77296.270000,2.931010,1779742799999,0,0
0.095413,0.083537,2026-05-25 21:00:00+00:00,77318.820000,77380.460000,77286.100000,77345.660000,0.130510,1779746399999,0,0
0.101626,0.083076,2026-05-25 22:00:00+00:00,77382.680000,77436.460000,77050.000000,77126.910000,0.114540,1779749999999,0,0
0.103197,0.084149,2026-05-25 23:00:00+00:00,77093.000000,77347.560000,77093.000000,77347.560000,0.046820,1779753599999,0,0
0.118947,0.082036,2026-05-26 00:00:00+00:00,77299.390000,77310.500000,76563.060000,76822.770000,2.996270,1779757199999,0,0
0.125373,0.080108,2026-05-26 01:00:00+00:00,76794.360000,76890.860000,76585.970000,76749.300000,0.576510,1779760799999,0,0
0.119213,0.082502,2026-05-26 02:00:00+00:00,76701.320000,76815.180000,76508.570000,76617.630000,1.468870,1779764399999,0,0
0.119268,0.083846,2026-05-26 03:00:00+00:00,76646.770000,76692.190000,76458.840000,76660.100000,0.139950,1779767999999,0,0
0.120224,0.085916,2026-05-26 04:00:00+00:00,76641.960000,76794.650000,76627.390000,76751.840000,0.312460,1779771599999,0,0
0.119868,0.087711,2026-05-26 05:00:00+00:00,76720.910000,76965.450000,76714.590000,76896.200000,0.197320,1779775199999,0,0
0.118780,0.087754,2026-05-26 06:00:00+00:00,76907.500000,77029.170000,76813.700000,76926.360000,0.046920,1779778799999,0,0
0.115433,0.086342,2026-05-26 07:00:00+00:00,76931.080000,76931.080000,76607.640000,76738.190000,0.045600,1779782399999,0,0
0.112707,0.086426,2026-05-26 08:00:00+00:00,76726.940000,76835.800000,76684.610000,76719.730000,0.233020,1779785999999,0,0
0.104924,0.087265,2026-05-26 09:00:00+00:00,76717.650000,76795.230000,76656.270000,76656.270000,0.007970,1779789599999,0,0
0.164270,0.095106,2026-05-26 10:00:00+00:00,76653.790000,77613.960000,76600.000000,77439.650000,0.212350,1779793199999,0,0
0.164989,0.094525,2026-05-26 11:00:00+00:00,77433.700000,77491.660000,77189.130000,77236.380000,3.903160,1779796799999,0,0
0.144343,0.087185,2026-05-26 12:00:00+00:00,77199.820000,77227.290000,76890.910000,77086.400000,0.144310,1779800399999,0,0
0.137816,0.088863,2026-05-26 13:00:00+00:00,77115.250000,77445.910000,76718.390000,77218.080000,5.760080,1779803999999,0,0
0.132303,0.087612,2026-05-26 14:00:00+00:00,77226.210000,78064.220000,76748.250000,76913.020000,3.645880,1779807599999,0,0
0.130433,0.084032,2026-05-26 15:00:00+00:00,76913.020000,76999.880000,76270.880000,76533.910000,6.103240,1779811199999,0,0
0.126326,0.084785,2026-05-26 16:00:00+00:00,76537.750000,76686.140000,76250.000000,76531.710000,1.317360,1779814799999,0,0
0.138794,0.083813,2026-05-26 17:00:00+00:00,76540.120000,76642.060000,75858.040000,75963.000000,1.077140,1779818399999,0,0
0.142169,0.083497,2026-05-26 18:00:00+00:00,75954.640000,76243.400000,75807.280000,75840.730000,0.405500,1779821999999,0,0
0.136728,0.086792,2026-05-26 19:00:00+00:00,75832.710000,76101.770000,75813.820000,76027.270000,1.573930,1779825599999,0,0
0.140666,0.088348,2026-05-26 20:00:00+00:00,76068.470000,76192.910000,76000.470000,76094.790000,0.506730,1779829199999,0,0
0.133893,0.085661,2026-05-26 21:00:00+00:00,76123.950000,76129.380000,75877.960000,75877.960000,0.519710,1779832799999,0,0
0.131423,0.085754,2026-05-26 22:00:00+00:00,75906.980000,75991.890000,75692.440000,75731.230000,0.586300,1779836399999,0,0
0.128733,0.088263,2026-05-26 23:00:00+00:00,75866.870000,75969.620000,75842.370000,75924.570000,0.359570,1779839999999,0,0
0.137447,0.090986,2026-05-27 00:00:00+00:00,75976.170000,76092.340000,75893.250000,76092.340000,0.109950,1779843599999,0,0
0.121551,0.089208,2026-05-27 01:00:00+00:00,76092.340000,76092.340000,75854.530000,75880.720000,0.158280,1779847199999,0,0
0.115908,0.089070,2026-05-27 02:00:00+00:00,75886.860000,75894.810000,75696.640000,75849.720000,0.519210,1779850799999,0,0
0.113152,0.089882,2026-05-27 03:00:00+00:00,75892.260000,75976.170000,75645.260000,75677.300000,0.046730,1779854399999,0,0
0.110254,0.090441,2026-05-27 04:00:00+00:00,75665.380000,75711.270000,75328.590000,75585.990000,1.686290,1779857999999,0,0
0.106974,0.091689,2026-05-27 05:00:00+00:00,75633.710000,75710.250000,75609.200000,75699.350000,1.242080,1779861599999,0,1
0.113258,0.093362,2026-05-27 06:00:00+00:00,75731.140000,75872.510000,75704.720000,75872.510000,0.023590,1779865199999,0,1
0.116938,0.093238,2026-05-27 07:00:00+00:00,75869.780000,75969.620000,75793.640000,75969.620000,0.113390,1779868799999,0,1
0.110058,0.091554,2026-05-27 08:00:00+00:00,75974.330000,76050.640000,75863.050000,75866.260000,0.028710,1779872399999,0,1
0.109419,0.091288,2026-05-27 09:00:00+00:00,75880.540000,75939.490000,75710.690000,75906.140000,0.007350,1779875999999,0,1
0.105054,0.091141,2026-05-27 10:00:00+00:00,75899.400000,76007.890000,75878.440000,75945.090000,2.822150,1779879599999,0,1
0.103838,0.089853,2026-05-27 11:00:00+00:00,75967.770000,76030.380000,75767.360000,75784.890000,0.186780,1779883199999,0,1
0.106156,0.088804,2026-05-27 12:00:00+00:00,75767.140000,76150.080000,75598.630000,75687.680000,0.272080,1779886799999,0,1
0.138472,0.085925,2026-05-27 13:00:00+00:00,75744.670000,75744.670000,74884.800000,74983.450000,0.890570,1779890399999,0,0
0.141172,0.086137,2026-05-27 14:00:00+00:00,75116.120000,75250.740000,74779.160000,75062.480000,0.470450,1779893999999,0,1
0.139491,0.090568,2026-05-27 15:00:00+00:00,75036.300000,75499.920000,74994.530000,75284.040000,4.354060,1779897599999,0,1
0.136986,0.089522,2026-05-27 16:00:00+00:00,75342.600000,75351.650000,75003.000000,75297.330000,4.455000,1779901199999,0,1
0.139927,0.086256,2026-05-27 17:00:00+00:00,75301.580000,75347.340000,74704.150000,74844.890000,4.179300,1779904799999,0,0
0.138198,0.088041,2026-05-27 18:00:00+00:00,74874.450000,75022.030000,74681.820000,75020.240000,4.128200,1779908399999,0,1
0.133006,0.090858,2026-05-27 19:00:00+00:00,75040.500000,75262.700000,74962.980000,75077.260000,2.354640,1779911999999,0,1
0.136330,0.091286,2026-05-27 20:00:00+00:00,75061.980000,75424.200000,75061.980000,75286.070000,0.415990,1779915599999,0,1
0.153357,0.088883,2026-05-27 21:00:00+00:00,75256.980000,75256.980000,74337.570000,74337.570000,0.733330,1779919199999,0,0
0.151312,0.090047,2026-05-27 22:00:00+00:00,74422.690000,74719.220000,74287.620000,74427.170000,0.507540,1779922799999,0,0
0.134771,0.093220,2026-05-27 23:00:00+00:00,74402.890000,74541.340000,74251.160000,74467.650000,0.654050,1779926399999,0,0
0.133467,0.093865,2026-05-28 00:00:00+00:00,74447.630000,74578.360000,74388.240000,74578.360000,0.381010,1779929999999,0,0
0.135627,0.092864,2026-05-28 01:00:00+00:00,74581.300000,74592.590000,74186.180000,74300.620000,3.064090,1779933599999,0,0
0.127849,0.092572,2026-05-28 02:00:00+00:00,74365.360000,74382.200000,74140.540000,74316.570000,1.107890,1779937199999,0,0
0.151831,0.099202,2026-05-28 03:00:00+00:00,74296.710000,74355.760000,73086.860000,73268.000000,5.919130,1779940799999,0,0
0.150022,0.107405,2026-05-28 04:00:00+00:00,73266.040000,73266.040000,72769.330000,73174.840000,5.947530,1779944399999,0,0
0.145066,0.105557,2026-05-28 05:00:00+00:00,73174.840000,73199.520000,72959.290000,72978.520000,0.377330,1779947999999,0,0
0.147963,0.107728,2026-05-28 06:00:00+00:00,72975.030000,73215.660000,72792.260000,73195.480000,0.338390,1779951599999,0,0
0.165554,0.111630,2026-05-28 07:00:00+00:00,73205.650000,73505.970000,73165.680000,73461.460000,0.135400,1779955199999,0,0
0.144226,0.102970,2026-05-28 08:00:00+00:00,73435.230000,73435.230000,73239.820000,73340.510000,0.066050,1779958799999,0,0
0.146355,0.101416,2026-05-28 09:00:00+00:00,73348.180000,73525.260000,73315.510000,73520.320000,0.013600,1779962399999,0,0
0.147840,0.101474,2026-05-28 10:00:00+00:00,73541.800000,73600.070000,73391.720000,73454.910000,0.201480,1779965999999,0,0
0.132645,0.099929,2026-05-28 11:00:00+00:00,73409.240000,73515.160000,73359.340000,73493.840000,0.040680,1779969599999,0,0
0.124983,0.100283,2026-05-28 12:00:00+00:00,73514.730000,73572.850000,73269.060000,73531.690000,0.120430,1779973199999,0,0
0.137657,0.105779,2026-05-28 13:00:00+00:00,73560.160000,73560.160000,72794.390000,72999.860000,0.927610,1779976799999,0,0
0.128639,0.108448,2026-05-28 14:00:00+00:00,73011.490000,73512.900000,72609.200000,73030.760000,0.714730,1779980399999,0,0
0.119161,0.105243,2026-05-28 15:00:00+00:00,73010.690000,73147.690000,72731.530000,72904.890000,0.506640,1779983999999,0,0
0.141366,0.110021,2026-05-28 16:00:00+00:00,72893.720000,73424.510000,72763.710000,73409.910000,1.312750,1779987599999,0,0
0.153220,0.110723,2026-05-28 17:00:00+00:00,73437.750000,73716.510000,73304.280000,73510.530000,1.319770,1779991199999,0,0
0.149333,0.102787,2026-05-28 18:00:00+00:00,73617.970000,73731.290000,73574.280000,73716.260000,6.974900,1779994799999,0,0
0.145981,0.099986,2026-05-28 19:00:00+00:00,73623.770000,73623.770000,73378.530000,73378.530000,0.545440,1779998399999,0,0
0.145608,0.098240,2026-05-28 20:00:00+00:00,73443.530000,73685.780000,73275.550000,73596.970000,0.388860,1780001999999,0,0
0.147633,0.101552,2026-05-28 21:00:00+00:00,73607.840000,73896.390000,73553.230000,73833.640000,0.162820,1780005599999,0,0
0.136713,0.097812,2026-05-28 22:00:00+00:00,73887.070000,73941.200000,73476.310000,73476.310000,0.295490,1780009199999,0,0
0.135831,0.096772,2026-05-28 23:00:00+00:00,73513.050000,73680.020000,73513.050000,73622.270000,2.896470,1780012799999,0,0
0.137711,0.097453,2026-05-29 00:00:00+00:00,73682.440000,73872.400000,73657.990000,73721.830000,0.140990,1780016399999,0,0
0.121764,0.094838,2026-05-29 01:00:00+00:00,73771.500000,73838.250000,73475.640000,73574.560000,0.423890,1780019999999,0,0
0.129927,0.092775,2026-05-29 02:00:00+00:00,73585.610000,73643.920000,73185.920000,73219.700000,1.618590,1780023599999,0,0
0.116563,0.092810,2026-05-29 03:00:00+00:00,73252.940000,73461.010000,73252.940000,73314.670000,0.086050,1780027199999,0,0
0.116552,0.095481,2026-05-29 04:00:00+00:00,73311.440000,73500.000000,73230.630000,73500.000000,0.028550,1780030799999,0,0
0.125896,0.096484,2026-05-29 05:00:00+00:00,73513.610000,73701.470000,73501.140000,73687.960000,0.178130,1780034399999,0,0
0.129205,0.095879,2026-05-29 06:00:00+00:00,73718.500000,73927.830000,73679.910000,73794.670000,0.139610,1780037999999,0,0
0.125901,0.093211,2026-05-29 07:00:00+00:00,73789.500000,73833.110000,73398.520000,73497.640000,2.834060,1780041599999,0,0
0.121354,0.093572,2026-05-29 08:00:00+00:00,73645.490000,73813.890000,73645.490000,73654.430000,0.051830,1780045199999,0,0
0.117232,0.095668,2026-05-29 09:00:00+00:00,73660.310000,73888.860000,73660.310000,73749.610000,2.830750,1780048799999,0,0
0.107185,0.093782,2026-05-29 10:00:00+00:00,73749.610000,73752.390000,73593.290000,73635.870000,1.454040,1780052399999,0,0
0.112142,0.093111,2026-05-29 11:00:00+00:00,73636.120000,73676.510000,73407.390000,73461.710000,0.080390,1780055999999,0,0
0.114946,0.093216,2026-05-29 12:00:00+00:00,73463.070000,73463.070000,73230.630000,73309.370000,2.896410,1780059599999,0,0
0.117229,0.093539,2026-05-29 13:00:00+00:00,73294.190000,73294.800000,72940.000000,73186.730000,0.283840,1780063199999,0,0
0.116494,0.093643,2026-05-29 14:00:00+00:00,73164.510000,73205.440000,72533.900000,73122.110000,1.329600,1780066799999,0,0
0.156993,0.102425,2026-05-29 15:00:00+00:00,73102.160000,74200.000000,73038.790000,73825.110000,3.661570,1780070399999,0,0
0.168616,0.106773,2026-05-29 16:00:00+00:00,73837.360000,74105.250000,73583.300000,74081.510000,3.411500,1780073999999,0,0
0.152021,0.096505,2026-05-29 17:00:00+00:00,74107.080000,74368.120000,73921.200000,73993.120000,3.605710,1780077599999,0,0
0.174275,0.094606,2026-05-29 18:00:00+00:00,73974.890000,74069.310000,73217.200000,73358.950000,7.097350,1780081199999,0,0
0.163155,0.095727,2026-05-29 19:00:00+00:00,73381.230000,73715.880000,73255.760000,73513.410000,0.415650,1780084799999,0,0
0.141784,0.098745,2026-05-29 20:00:00+00:00,73538.520000,73754.460000,73536.390000,73680.730000,0.613980,1780088399999,0,0
0.135809,0.096279,2026-05-29 21:00:00+00:00,73680.730000,73829.720000,73429.560000,73436.140000,7.219760,1780091999999,0,0
0.134246,0.095723,2026-05-29 22:00:00+00:00,73439.230000,73571.670000,73386.170000,73489.220000,0.320380,1780095599999,0,0
0.123220,0.095652,2026-05-29 23:00:00+00:00,73465.440000,73496.070000,73345.890000,73481.410000,1.480320,1780099199999,0,0
0.118375,0.095456,2026-05-30 00:00:00+00:00,73490.030000,73569.790000,73414.470000,73526.600000,1.504120,1780102799999,0,0
0.123698,0.096537,2026-05-30 01:00:00+00:00,73538.610000,73664.280000,73483.340000,73664.280000,3.078560,1780106399999,0,0
0.127661,0.096913,2026-05-30 02:00:00+00:00,73664.290000,73791.220000,73606.090000,73787.310000,0.146030,1780109999999,0,0
0.123160,0.095270,2026-05-30 03:00:00+00:00,73787.300000,73800.000000,73531.050000,73533.270000,2.948740,1780113599999,0,0
0.123780,0.095196,2026-05-30 04:00:00+00:00,73532.260000,73568.200000,73230.630000,73366.230000,0.337070,1780117199999,0,0
0.117339,0.097373,2026-05-30 05:00:00+00:00,73393.730000,73643.530000,73370.360000,73628.570000,3.139350,1780120799999,0,0
0.115633,0.097842,2026-05-30 06:00:00+00:00,73627.300000,73696.280000,73542.910000,73568.550000,0.370900,1780124399999,0,0
0.107671,0.095470,2026-05-30 07:00:00+00:00,73581.710000,73599.410000,73497.450000,73540.970000,0.351570,1780127999999,0,0
0.105662,0.095519,2026-05-30 08:00:00+00:00,73556.630000,73565.550000,73523.460000,73523.460000,0.078760,1780131599999,0,0
0.107797,0.096048,2026-05-30 09:00:00+00:00,73522.410000,73607.640000,73522.400000,73600.180000,2.785750,1780135199999,0,0
0.105413,0.096436,2026-05-30 10:00:00+00:00,73607.570000,73665.860000,73590.860000,73632.280000,0.154900,1780138799999,0,0
0.102626,0.095656,2026-05-30 11:00:00+00:00,73653.210000,73653.210000,73578.120000,73601.300000,0.095240,1780142399999,0,0
0.106360,0.096099,2026-05-30 12:00:00+00:00,73609.210000,73709.000000,73591.250000,73673.060000,0.842700,1780145999999,0,0
0.118519,0.097754,2026-05-30 13:00:00+00:00,73709.000000,73819.470000,73701.350000,73803.720000,0.272180,1780149599999,0,0
0.130624,0.098938,2026-05-30 14:00:00+00:00,73835.390000,74088.320000,73826.420000,73952.160000,7.775180,1780153199999,0,0
0.128457,0.097629,2026-05-30 15:00:00+00:00,73950.700000,74039.860000,73854.280000,73936.000000,4.105010,1780156799999,0,0
0.120210,0.095937,2026-05-30 16:00:00+00:00,73933.030000,73988.590000,73880.240000,73946.610000,1.489180,1780160399999,0,0
0.122331,0.096627,2026-05-30 17:00:00+00:00,73940.990000,74031.160000,73830.750000,74019.860000,1.593260,1780163999999,0,0
0.119877,0.096804,2026-05-30 18:00:00+00:00,74030.160000,74224.300000,73814.510000,74038.230000,6.975880,1780167599999,0,0
0.112445,0.096077,2026-05-30 19:00:00+00:00,74050.390000,74224.300000,73819.240000,74005.520000,6.902930,1780171199999,0,0
0.109925,0.095827,2026-05-30 20:00:00+00:00,74015.090000,74113.360000,73930.310000,73968.500000,2.747660,1780174799999,0,0
0.106569,0.095715,2026-05-30 21:00:00+00:00,73992.190000,74048.890000,73936.200000,73957.360000,0.179570,1780178399999,0,0
0.104707,0.095604,2026-05-30 22:00:00+00:00,73980.540000,73980.540000,73805.800000,73897.770000,0.199950,1780181999999,0,0
0.102415,0.095296,2026-05-30 23:00:00+00:00,73897.780000,73993.370000,73612.670000,73850.050000,2.984960,1780185599999,0,0
0.105869,0.096744,2026-05-31 00:00:00+00:00,73878.760000,74047.890000,73854.370000,74047.890000,5.418940,1780189199999,0,0
0.107109,0.096965,2026-05-31 01:00:00+00:00,74045.170000,74404.680000,73793.720000,74051.300000,8.447920,1780192799999,0,0
0.102300,0.095302,2026-05-31 02:00:00+00:00,74049.600000,74263.430000,73910.550000,74093.760000,0.525540,1780196399999,0,0
0.109336,0.096099,2026-05-31 03:00:00+00:00,74110.960000,74239.080000,74076.830000,74177.040000,0.090680,1780199999999,0,0
0.110541,0.095906,2026-05-31 04:00:00+00:00,74159.670000,74229.280000,74135.320000,74195.960000,0.068830,1780203599999,0,0
0.105048,0.095084,2026-05-31 05:00:00+00:00,74205.830000,74219.980000,74058.140000,74058.140000,1.726890,1780207199999,0,0
0.104654,0.095083,2026-05-31 06:00:00+00:00,74027.270000,74107.770000,74023.240000,74073.990000,0.016690,1780210799999,0,0
0.107457,0.095132,2026-05-31 07:00:00+00:00,74057.960000,74057.960000,73851.960000,73897.220000,0.061570,1780214399999,0,0
0.107812,0.095270,2026-05-31 08:00:00+00:00,73910.040000,73990.320000,73868.030000,73977.720000,0.046550,1780217999999,0,0
0.108313,0.095214,2026-05-31 09:00:00+00:00,73956.750000,74022.610000,73848.470000,73848.470000,0.014780,1780221599999,0,0
0.108400,0.094693,2026-05-31 10:00:00+00:00,73852.210000,73868.610000,73749.950000,73850.360000,1.690410,1780225199999,0,0
0.110797,0.095664,2026-05-31 11:00:00+00:00,73885.390000,73987.580000,73885.390000,73984.950000,0.405950,1780228799999,0,0
0.110404,0.095104,2026-05-31 12:00:00+00:00,73942.150000,73980.820000,73888.820000,73919.670000,0.206350,1780232399999,0,0
0.108805,0.094183,2026-05-31 13:00:00+00:00,73924.910000,74009.820000,73845.100000,73877.170000,0.115200,1780235999999,0,1
0.120936,0.094584,2026-05-31 14:00:00+00:00,73880.070000,73880.070000,73516.670000,73604.510000,0.663880,1780239599999,0,0
0.119994,0.095236,2026-05-31 15:00:00+00:00,73602.050000,73767.730000,73602.050000,73663.000000,0.034810,1780243199999,0,0
0.115864,0.095730,2026-05-31 16:00:00+00:00,73655.640000,73737.840000,73381.320000,73547.030000,1.190010,1780246799999,0,0
0.117710,0.096447,2026-05-31 17:00:00+00:00,73561.500000,73739.380000,73476.710000,73704.360000,0.208770,1780250399999,0,0
0.116597,0.096602,2026-05-31 18:00:00+00:00,73709.390000,73710.570000,73600.000000,73606.090000,0.032970,1780253999999,0,0
0.114160,0.095634,2026-05-31 19:00:00+00:00,73603.460000,73638.310000,73475.090000,73542.690000,0.025830,1780257599999,0,0
0.118185,0.097102,2026-05-31 20:00:00+00:00,73586.550000,73764.380000,73586.550000,73727.770000,0.092170,1780261199999,0,0
0.132250,0.099097,2026-05-31 21:00:00+00:00,73763.090000,73916.930000,73615.340000,73883.410000,0.052940,1780264799999,0,1
0.131923,0.097984,2026-05-31 22:00:00+00:00,73889.030000,74008.380000,73697.360000,73960.500000,0.205110,1780268399999,0,1
0.129954,0.096513,2026-05-31 23:00:00+00:00,74002.770000,74179.350000,73516.670000,73672.190000,0.305010,1780271999999,0,1
0.132260,0.097334,2026-06-01 00:00:00+00:00,73689.310000,74082.520000,73689.310000,73910.000000,0.200000,1780275599999,0,1
0.142566,0.098998,2026-06-01 01:00:00+00:00,73903.140000,73903.140000,73300.000000,73300.000000,0.180490,1780279199999,0,0
0.147327,0.100477,2026-06-01 02:00:00+00:00,73293.680000,73853.810000,73250.640000,73804.890000,0.228990,1780282799999,0,1
0.148957,0.102378,2026-06-01 03:00:00+00:00,73839.110000,74000.000000,73749.190000,73769.910000,0.118240,1780286399999,0,1
0.130461,0.095566,2026-06-01 04:00:00+00:00,73777.240000,73847.730000,73412.530000,73565.680000,0.077010,1780289999999,0,1
0.135766,0.095474,2026-06-01 05:00:00+00:00,73521.120000,73542.050000,73327.390000,73361.740000,0.143250,1780293599999,0,1
0.139521,0.095496,2026-06-01 06:00:00+00:00,73368.630000,73368.630000,72990.000000,73143.550000,0.061800,1780297199999,0,1
0.143618,0.096901,2026-06-01 07:00:00+00:00,73134.150000,73212.290000,72698.320000,72833.670000,0.346890,1780300799999,0,1
0.142410,0.097596,2026-06-01 08:00:00+00:00,72828.380000,72932.120000,72640.000000,72908.280000,0.358580,1780304399999,0,1
0.135733,0.097652,2026-06-01 09:00:00+00:00,72921.500000,73082.000000,72800.000000,72878.750000,2.351310,1780307999999,0,1
0.135266,0.097451,2026-06-01 10:00:00+00:00,72858.300000,72911.530000,72573.410000,72750.340000,0.293630,1780311599999,0,1
0.142470,0.098517,2026-06-01 11:00:00+00:00,72742.310000,72772.390000,72300.150000,72478.300000,0.551750,1780315199999,0,1
0.146424,0.100536,2026-06-01 12:00:00+00:00,72495.490000,72605.940000,71888.710000,72222.190000,1.152110,1780318799999,0,1
0.153126,0.106872,2026-06-01 13:00:00+00:00,72222.610000,72234.660000,71409.090000,71717.050000,10.708050,1780322399999,0,1
0.152812,0.112576,2026-06-01 14:00:00+00:00,71691.120000,71892.120000,71420.000000,71539.230000,2.546050,1780325999999,0,1
0.152391,0.120328,2026-06-01 15:00:00+00:00,71565.010000,71673.210000,71069.890000,71087.930000,4.022770,1780329599999,0,0
0.161212,0.122639,2026-06-01 16:00:00+00:00,71104.000000,71587.230000,70698.910000,71568.630000,3.162730,1780333199999,0,1
0.174581,0.123871,2026-06-01 17:00:00+00:00,71576.430000,71784.590000,71481.390000,71670.210000,3.465590,1780336799999,0,1
0.147089,0.110383,2026-06-01 18:00:00+00:00,71631.640000,71701.750000,71400.000000,71511.200000,0.845380,1780340399999,0,1
0.147735,0.110109,2026-06-01 19:00:00+00:00,71513.680000,71672.060000,71404.670000,71576.250000,1.375900,1780343999999,0,1
0.144873,0.110342,2026-06-01 20:00:00+00:00,71567.310000,71700.360000,71455.490000,71455.490000,0.958760,1780347599999,0,1
0.141646,0.120226,2026-06-01 21:00:00+00:00,71455.490000,71461.620000,70946.920000,71047.140000,0.563590,1780351199999,0,0
0.141200,0.119377,2026-06-01 22:00:00+00:00,70974.160000,71443.680000,70853.650000,71424.770000,0.821440,1780354799999,0,1
0.140615,0.119136,2026-06-01 23:00:00+00:00,71415.560000,71572.250000,71235.810000,71419.550000,0.942270,1780358399999,0,1
0.122150,0.111302,2026-06-02 00:00:00+00:00,71423.270000,71423.270000,71111.400000,71290.780000,0.304220,1780361999999,0,1
0.143168,0.125157,2026-06-02 01:00:00+00:00,71300.000000,71384.390000,70644.770000,70644.770000,2.008590,1780365599999,0,1
0.145127,0.123767,2026-06-02 02:00:00+00:00,70656.800000,70847.150000,70100.000000,70689.310000,11.603160,1780369199999,0,1
0.142139,0.117736,2026-06-02 03:00:00+00:00,70872.910000,71035.690000,70844.410000,70935.280000,0.671650,1780372799999,0,1
0.139617,0.112973,2026-06-02 04:00:00+00:00,70984.620000,71050.900000,70708.030000,70810.190000,4.111330,1780376399999,0,1
0.146721,0.116964,2026-06-02 05:00:00+00:00,70805.310000,70844.070000,70272.750000,70272.750000,0.835320,1780379999999,0,1
0.150075,0.118991,2026-06-02 06:00:00+00:00,70273.770000,70448.230000,69974.820000,70013.820000,0.986860,1780383599999,0,1
0.145078,0.114079,2026-06-02 07:00:00+00:00,70113.080000,70255.340000,69762.390000,70120.640000,0.531280,1780387199999,0,1
0.147848,0.117556,2026-06-02 08:00:00+00:00,70102.080000,70131.590000,69765.780000,69787.220000,0.278970,1780390799999,0,1
0.151050,0.123810,2026-06-02 09:00:00+00:00,69812.960000,69818.200000,69375.000000,69413.960000,0.303210,1780394399999,0,1
0.152324,0.115733,2026-06-02 10:00:00+00:00,69432.000000,69729.010000,69432.000000,69681.000000,0.075090,1780397999999,0,1
0.150510,0.113910,2026-06-02 11:00:00+00:00,69659.270000,69659.270000,69417.130000,69496.080000,0.206660,1780401599999,0,1
0.150888,0.123231,2026-06-02 12:00:00+00:00,69450.010000,69520.810000,69000.000000,69000.000000,7.776300,1780405199999,0,1
0.151277,0.129199,2026-06-02 13:00:00+00:00,69000.000000,69174.690000,68761.500000,68761.500000,6.484900,1780408799999,0,1
0.153276,0.152523,2026-06-02 14:00:00+00:00,68810.400000,68810.400000,67650.870000,68003.620000,8.566410,1780412399999,0,1
0.148667,0.177861,2026-06-02 15:00:00+00:00,67997.180000,68060.620000,67100.070000,67310.190000,2.426550,1780415999999,0,0
0.150919,0.178148,2026-06-02 16:00:00+00:00,67263.330000,68126.700000,67247.080000,67420.000000,8.682480,1780419599999,0,0
0.152046,0.167884,2026-06-02 17:00:00+00:00,67425.660000,67832.240000,67395.190000,67468.060000,2.149640,1780423199999,0,0
0.146962,0.165733,2026-06-02 18:00:00+00:00,67508.130000,67647.570000,67145.330000,67343.950000,1.189350,1780426799999,0,0
0.142466,0.160645,2026-06-02 19:00:00+00:00,67410.500000,67473.740000,66435.120000,67282.870000,1.714400,1780430399999,0,0
0.150189,0.159586,2026-06-02 20:00:00+00:00,67300.630000,67663.660000,66934.990000,67580.260000,7.189050,1780433999999,0,0
0.152574,0.162431,2026-06-02 21:00:00+00:00,67608.890000,68056.870000,67415.610000,67578.960000,20.394270,1780437599999,0,1
0.151001,0.199975,2026-06-02 22:00:00+00:00,67580.250000,67580.250000,66200.000000,66398.950000,14.145890,1780441199999,0,0
0.152661,0.197119,2026-06-02 23:00:00+00:00,66392.310000,66845.650000,66221.080000,66764.810000,4.586320,1780444799999,0,0
0.162506,0.180725,2026-06-03 00:00:00+00:00,66749.690000,67147.080000,66689.900000,66945.390000,5.209710,1780448399999,0,0
0.140501,0.167232,2026-06-03 01:00:00+00:00,66957.300000,67053.010000,66491.240000,66915.870000,0.870730,1780451999999,0,0
0.139292,0.169118,2026-06-03 02:00:00+00:00,66918.470000,66918.470000,66593.670000,66593.670000,0.664260,1780455599999,0,0
0.148360,0.190173,2026-06-03 03:00:00+00:00,66618.550000,66643.910000,65467.580000,65827.380000,7.947130,1780459199999,0,0
0.155979,0.186244,2026-06-03 04:00:00+00:00,65861.800000,66605.510000,65861.800000,66453.150000,0.451710,1780462799999,0,0
0.213461,0.194792,2026-06-03 05:00:00+00:00,66561.640000,67373.480000,66492.480000,67349.270000,1.959160,1780466399999,0,1
0.200631,0.179431,2026-06-03 06:00:00+00:00,67353.640000,67500.000000,66979.450000,66979.450000,0.819150,1780469999999,0,0
0.189467,0.155124,2026-06-03 07:00:00+00:00,66970.560000,67329.930000,66889.150000,67228.090000,1.497980,1780473599999,0,1
0.183175,0.148230,2026-06-03 08:00:00+00:00,67233.480000,67249.830000,66988.500000,67039.200000,0.174750,1780477199999,0,0
0.167933,0.141449,2026-06-03 09:00:00+00:00,67033.760000,67343.360000,66682.420000,67112.000000,2.541520,1780480799999,0,1
0.158290,0.136790,2026-06-03 10:00:00+00:00,67090.710000,67457.720000,67073.960000,67288.240000,0.424360,1780484399999,0,1
0.156143,0.127913,2026-06-03 11:00:00+00:00,67339.330000,67373.010000,67075.870000,67075.870000,1.549210,1780487999999,0,1
0.153226,0.123648,2026-06-03 12:00:00+00:00,67053.000000,67139.780000,66816.870000,67086.010000,1.271660,1780491599999,0,1
0.154547,0.120674,2026-06-03 13:00:00+00:00,67119.120000,67258.220000,66653.090000,66883.880000,4.594690,1780495199999,0,1
0.153048,0.121550,2026-06-03 14:00:00+00:00,66883.880000,66971.270000,66667.130000,66826.430000,0.278930,1780498799999,0,1
0.161655,0.143565,2026-06-03 15:00:00+00:00,66864.630000,66878.590000,66100.000000,66100.000000,2.541730,1780502399999,0,1
0.160805,0.148382,2026-06-03 16:00:00+00:00,66113.920000,66341.200000,65575.530000,66063.000000,3.504040,1780505999999,0,1
0.150491,0.134652,2026-06-03 17:00:00+00:00,66067.930000,66176.120000,65721.310000,65980.250000,5.297980,1780509599999,0,1
0.151331,0.133762,2026-06-03 18:00:00+00:00,66068.600000,66119.370000,65762.230000,66049.570000,0.816100,1780513199999,0,1
0.165504,0.152894,2026-06-03 19:00:00+00:00,66027.720000,66055.030000,65278.610000,65492.640000,6.254340,1780516799999,0,1
0.167974,0.172979,2026-06-03 20:00:00+00:00,65463.430000,65604.450000,64758.210000,65010.300000,5.028710,1780520399999,0,0
0.192095,0.166003,2026-06-03 21:00:00+00:00,65009.750000,65858.530000,65002.590000,65763.690000,7.268370,1780523999999,0,1
0.190186,0.183917,2026-06-03 22:00:00+00:00,65791.920000,65812.540000,64796.860000,64922.050000,3.767720,1780527599999,0,1
0.168089,0.208340,2026-06-03 23:00:00+00:00,64962.830000,64962.830000,64106.480000,64151.820000,5.446340,1780531199999,0,1
0.167523,0.216686,2026-06-04 00:00:00+00:00,64119.110000,64416.200000,62867.740000,63310.660000,12.190260,1780534799999,0,1
0.161770,0.216342,2026-06-04 01:00:00+00:00,63358.870000,63500.140000,62105.260000,62242.640000,7.555620,1780538399999,0,0
0.191719,0.234166,2026-06-04 02:00:00+00:00,62218.630000,63630.600000,61392.860000,63213.620000,12.803840,1780541999999,0,0
0.232469,0.236071,2026-06-04 03:00:00+00:00,63268.650000,64530.640000,63266.080000,64371.570000,2.111000,1780545599999,0,1
0.217589,0.224058,2026-06-04 04:00:00+00:00,64372.280000,64747.520000,64299.000000,64412.130000,1.257050,1780549199999,0,1
0.206640,0.211347,2026-06-04 05:00:00+00:00,64406.490000,64406.490000,63671.970000,63973.740000,0.736520,1780552799999,0,0
0.205791,0.208330,2026-06-04 06:00:00+00:00,63919.650000,64472.050000,63881.480000,64032.680000,1.710860,1780556399999,0,0
0.191970,0.212777,2026-06-04 07:00:00+00:00,64055.110000,64065.070000,63512.890000,63664.350000,2.584270,1780559999999,0,0
0.168271,0.214990,2026-06-04 08:00:00+00:00,63616.110000,63821.030000,63285.200000,63710.280000,0.860310,1780563599999,0,0
0.166284,0.214233,2026-06-04 09:00:00+00:00,63618.270000,63618.270000,62726.820000,63225.410000,3.808750,1780567199999,0,0
0.169420,0.228936,2026-06-04 10:00:00+00:00,63195.180000,63195.180000,62298.130000,62409.420000,5.862070,1780570799999,1,0
0.175650,0.224913,2026-06-04 11:00:00+00:00,62469.190000,62816.960000,62241.690000,62559.180000,5.802540,1780574399999,1,0
0.224048,0.223572,2026-06-04 12:00:00+00:00,62559.190000,63933.500000,62434.650000,63778.560000,1.298820,1780577999999,0,0
0.211959,0.214570,2026-06-04 13:00:00+00:00,63681.220000,64261.800000,63103.160000,64205.190000,2.397070,1780581599999,0,1
0.184356,0.200554,2026-06-04 14:00:00+00:00,64245.850000,64481.930000,63819.610000,63965.060000,3.669220,1780585199999,0,0
0.179526,0.193468,2026-06-04 15:00:00+00:00,63925.040000,64397.260000,63721.600000,63954.140000,1.882240,1780588799999,0,1
0.191041,0.199218,2026-06-04 16:00:00+00:00,63849.930000,63897.650000,63481.780000,63591.840000,0.604530,1780592399999,0,0
0.171745,0.203428,2026-06-04 17:00:00+00:00,63545.220000,63710.280000,62966.480000,63542.700000,1.594780,1780595999999,0,0
0.171564,0.195884,2026-06-04 18:00:00+00:00,63558.090000,64127.430000,63206.440000,63821.850000,6.231680,1780599599999,0,1
0.168166,0.191928,2026-06-04 19:00:00+00:00,63821.600000,64141.830000,63524.710000,63634.700000,4.783680,1780603199999,0,1
0.164486,0.189182,2026-06-04 20:00:00+00:00,63605.040000,63654.030000,63209.510000,63581.830000,1.137570,1780606799999,0,0
0.165523,0.188431,2026-06-04 21:00:00+00:00,63624.050000,63862.670000,63135.130000,63304.890000,4.030190,1780610399999,0,0
0.156823,0.185595,2026-06-04 22:00:00+00:00,63225.000000,63764.830000,63216.820000,63725.920000,5.865810,1780613999999,0,1
0.147980,0.186700,2026-06-04 23:00:00+00:00,63758.340000,63919.090000,63398.300000,63892.970000,2.902880,1780617599999,0,1
0.144971,0.187426,2026-06-05 00:00:00+00:00,63842.160000,63971.290000,63399.510000,63402.690000,1.278710,1780621199999,0,1
0.147888,0.191747,2026-06-05 01:00:00+00:00,63426.120000,63551.580000,63079.340000,63365.990000,2.862460,1780624799999,0,1
0.171159,0.210914,2026-06-05 02:00:00+00:00,63371.730000,63427.850000,62600.890000,62637.570000,3.908060,1780628399999,0,0
0.170864,0.214180,2026-06-05 03:00:00+00:00,62611.810000,62898.600000,62346.200000,62723.990000,1.388690,1780631999999,0,0
0.180514,0.212659,2026-06-05 04:00:00+00:00,62742.470000,63627.010000,62480.150000,63619.400000,1.749570,1780635599999,0,1
0.203429,0.226997,2026-06-05 05:00:00+00:00,63619.400000,63697.840000,62276.780000,62313.330000,2.258050,1780639199999,0,0
0.199426,0.234780,2026-06-05 06:00:00+00:00,62276.770000,62613.170000,61145.120000,61951.630000,12.083010,1780642799999,0,0
0.197028,0.222229,2026-06-05 07:00:00+00:00,61997.790000,63007.380000,61448.670000,63007.380000,7.865040,1780646399999,0,1
0.203462,0.227100,2026-06-05 08:00:00+00:00,63103.160000,63109.650000,62352.680000,62382.720000,4.774890,1780649999999,0,0
0.194792,0.220430,2026-06-05 09:00:00+00:00,62644.600000,63263.300000,62578.020000,62852.840000,4.741780,1780653599999,0,1
0.181531,0.211612,2026-06-05 10:00:00+00:00,62862.110000,62862.110000,62408.320000,62497.020000,7.415760,1780657199999,0,1
0.191303,0.225475,2026-06-05 11:00:00+00:00,62549.130000,62633.660000,61980.800000,61980.800000,1.769600,1780660799999,0,0
0.175514,0.224088,2026-06-05 12:00:00+00:00,61968.330000,62472.220000,61654.450000,61965.640000,6.817890,1780664399999,0,1
0.196827,0.239843,2026-06-05 13:00:00+00:00,62003.660000,62283.810000,60755.560000,60755.560000,10.938610,1780667999999,0,0
0.193420,0.240957,2026-06-05 14:00:00+00:00,60738.110000,61174.890000,60358.580000,60888.730000,14.075060,1780671599999,0,0
0.190704,0.234350,2026-06-05 15:00:00+00:00,60906.960000,61110.570000,60082.000000,60487.630000,10.266930,1780675199999,0,0
0.213157,0.241479,2026-06-05 16:00:00+00:00,60448.020000,61505.860000,59802.180000,61430.430000,21.355040,1780678799999,0,1
0.210997,0.242235,2026-06-05 17:00:00+00:00,61460.580000,61485.300000,60680.560000,60800.340000,6.613990,1780682399999,0,0
0.191568,0.248181,2026-06-05 18:00:00+00:00,60823.780000,60910.550000,59154.720000,59427.660000,26.255010,1780685999999,1,0
0.213116,0.248509,2026-06-05 19:00:00+00:00,59200.000000,60444.100000,59137.180000,60374.390000,8.754250,1780689599999,0,0
0.222716,0.239552,2026-06-05 20:00:00+00:00,60324.560000,61715.370000,59957.310000,61666.250000,3.312010,1780693199999,0,1
0.209306,0.235275,2026-06-05 21:00:00+00:00,61631.140000,61980.800000,61485.300000,61665.970000,1.189090,1780696799999,0,1
0.176295,0.219813,2026-06-05 22:00:00+00:00,61626.130000,61937.970000,61238.190000,61563.660000,1.609240,1780700399999,0,1
0.191276,0.224580,2026-06-05 23:00:00+00:00,61631.220000,61742.440000,60558.120000,61106.880000,2.701790,1780703999999,0,0
0.193206,0.225313,2026-06-06 00:00:00+00:00,61110.570000,61510.960000,61110.570000,61307.950000,3.462860,1780707599999,0,0
0.182042,0.225099,2026-06-06 01:00:00+00:00,61298.540000,61384.630000,60975.210000,61064.070000,0.758390,1780711199999,0,0
0.181874,0.226299,2026-06-06 02:00:00+00:00,61057.120000,61176.260000,60711.760000,61000.000000,0.503670,1780714799999,0,0
0.182270,0.229159,2026-06-06 03:00:00+00:00,60920.590000,60939.830000,60515.320000,60665.120000,0.974700,1780718399999,0,0
0.199126,0.237682,2026-06-06 04:00:00+00:00,60690.940000,60804.180000,59500.000000,60053.470000,3.502310,1780721999999,0,0
0.202603,0.237224,2026-06-06 05:00:00+00:00,60090.880000,61052.630000,59604.950000,60958.490000,5.403160,1780725599999,0,0
0.188237,0.234077,2026-06-06 06:00:00+00:00,60966.040000,61253.310000,60722.330000,60749.910000,8.073160,1780729199999,0,0
0.169070,0.222872,2026-06-06 07:00:00+00:00,60783.220000,61208.470000,60739.670000,61014.190000,0.688100,1780732799999,0,0
0.163034,0.219170,2026-06-06 08:00:00+00:00,60984.290000,61479.200000,60891.210000,61263.620000,1.933940,1780736399999,0,0
0.158844,0.213055,2026-06-06 09:00:00+00:00,61249.990000,61325.010000,60909.680000,60993.630000,0.589460,1780739999999,0,0
0.163431,0.223992,2026-06-06 10:00:00+00:00,60983.720000,60983.720000,60069.540000,60604.680000,18.749380,1780743599999,1,0
0.157210,0.217293,2026-06-06 11:00:00+00:00,60601.080000,60982.450000,60569.970000,60800.020000,0.651380,1780747199999,0,0
0.154170,0.214450,2026-06-06 12:00:00+00:00,60814.990000,61182.780000,60660.300000,61017.510000,1.245340,1780750799999,0,0
0.151375,0.211943,2026-06-06 13:00:00+00:00,61019.510000,61078.260000,60708.720000,60803.120000,0.395430,1780754399999,0,0
0.149541,0.210197,2026-06-06 14:00:00+00:00,60815.360000,60991.720000,60797.510000,60800.610000,0.895170,1780757999999,0,0
0.145301,0.203419,2026-06-06 15:00:00+00:00,60872.280000,60922.290000,60402.680000,60814.400000,1.119190,1780761599999,0,0
0.135197,0.205293,2026-06-06 16:00:00+00:00,60721.560000,60933.020000,60505.550000,60728.260000,1.574600,1780765199999,1,0
0.139082,0.211535,2026-06-06 17:00:00+00:00,60822.160000,60827.530000,60533.380000,60573.820000,0.636680,1780768799999,1,0
0.141315,0.207945,2026-06-06 18:00:00+00:00,60604.150000,60722.330000,60411.190000,60657.830000,0.278590,1780772399999,1,0
0.142907,0.206510,2026-06-06 19:00:00+00:00,60614.300000,60774.990000,60540.260000,60674.070000,0.208020,1780775999999,1,0
0.138375,0.201788,2026-06-06 20:00:00+00:00,60627.190000,60748.010000,60540.260000,60714.760000,0.602510,1780779599999,1,0
0.138631,0.198796,2026-06-06 21:00:00+00:00,60706.880000,61002.910000,60706.880000,60761.550000,0.117180,1780783199999,1,0
0.140011,0.202428,2026-06-06 22:00:00+00:00,60744.180000,60811.870000,60439.810000,60547.320000,0.524350,1780786799999,1,0
0.146414,0.203912,2026-06-06 23:00:00+00:00,60579.850000,60919.110000,60562.980000,60908.450000,0.713860,1780790399999,1,0
0.144734,0.201563,2026-06-07 00:00:00+00:00,60865.450000,60977.590000,60765.040000,60771.970000,0.386680,1780793999999,1,0
0.152740,0.208090,2026-06-07 01:00:00+00:00,60789.790000,61636.920000,60760.300000,61518.870000,0.510740,1780797599999,1,0
0.149739,0.206435,2026-06-07 02:00:00+00:00,61468.960000,61549.600000,61197.450000,61515.060000,3.521450,1780801199999,1,0
0.143030,0.191766,2026-06-07 03:00:00+00:00,61478.700000,61752.360000,61440.650000,61653.740000,4.230000,1780804799999,0,0
0.146816,0.197160,2026-06-07 04:00:00+00:00,61685.230000,61883.450000,61511.200000,61876.220000,0.167960,1780808399999,0,0
0.149089,0.195036,2026-06-07 05:00:00+00:00,61842.070000,62159.230000,61650.000000,61737.530000,2.043000,1780811999999,0,0
0.152716,0.199797,2026-06-07 06:00:00+00:00,61672.520000,62250.230000,61624.120000,62094.620000,1.319590,1780815599999,0,0
0.150318,0.203497,2026-06-07 07:00:00+00:00,62059.000000,62400.000000,62024.340000,62400.000000,0.970230,1780819199999,0,0
0.146837,0.202821,2026-06-07 08:00:00+00:00,62390.050000,62919.580000,62280.200000,62832.790000,1.252950,1780822799999,0,0
0.147421,0.198816,2026-06-07 09:00:00+00:00,62822.370000,62887.840000,62422.490000,62564.870000,0.458520,1780826399999,0,0
0.155515,0.203377,2026-06-07 10:00:00+00:00,62481.360000,62569.230000,62317.580000,62317.580000,0.171930,1780829999999,0,0
0.143944,0.197213,2026-06-07 11:00:00+00:00,62380.110000,62733.000000,62380.110000,62626.230000,4.819350,1780833599999,0,0
0.151314,0.212020,2026-06-07 12:00:00+00:00,62629.380000,62637.750000,61599.470000,61907.890000,2.250480,1780837199999,0,0
0.159936,0.219934,2026-06-07 13:00:00+00:00,61834.830000,61850.000000,61663.040000,61761.490000,0.678910,1780840799999,0,0
0.134408,0.198467,2026-06-07 14:00:00+00:00,61711.720000,62295.260000,61711.720000,61781.480000,0.341730,1780844399999,0,0
0.137199,0.198580,2026-06-07 15:00:00+00:00,61879.020000,62163.290000,61689.780000,62062.710000,7.488610,1780847999999,0,0
0.136530,0.195106,2026-06-07 16:00:00+00:00,62091.630000,62317.270000,61970.420000,62051.610000,4.960540,1780851599999,0,0
0.127038,0.180381,2026-06-07 17:00:00+00:00,62062.260000,62318.700000,62057.410000,62159.630000,5.060260,1780855199999,0,0
0.129382,0.179639,2026-06-07 18:00:00+00:00,62216.260000,62307.370000,62030.920000,62030.920000,0.959120,1780858799999,0,0
0.164725,0.212611,2026-06-07 19:00:00+00:00,62037.010000,62039.240000,61199.430000,61292.030000,6.775900,1780862399999,1,0
0.160570,0.205567,2026-06-07 20:00:00+00:00,61312.210000,61950.290000,61286.210000,61929.380000,0.432310,1780865999999,1,0
0.156951,0.197594,2026-06-07 21:00:00+00:00,61867.780000,61995.260000,61676.940000,61772.820000,4.484540,1780869599999,1,0
0.163731,0.199148,2026-06-07 22:00:00+00:00,61794.980000,64210.490000,61772.120000,62864.460000,11.789730,1780873199999,0,0
0.152394,0.195673,2026-06-07 23:00:00+00:00,62858.590000,63393.750000,62812.180000,63303.490000,9.597360,1780876799999,0,0
0.136948,0.181059,2026-06-08 00:00:00+00:00,63303.490000,63822.480000,63148.470000,63638.160000,7.308360,1780880399999,0,0
0.156976,0.176850,2026-06-08 01:00:00+00:00,63620.510000,63634.260000,62731.230000,63180.520000,1.918900,1780883999999,0,0
0.177503,0.180997,2026-06-08 02:00:00+00:00,63236.560000,63239.900000,62955.330000,63108.260000,0.517930,1780887599999,0,0
0.165333,0.165877,2026-06-08 03:00:00+00:00,63138.860000,63424.000000,62983.850000,63140.840000,0.199160,1780891199999,0,0
0.183412,0.181941,2026-06-08 04:00:00+00:00,63165.490000,63165.490000,62638.400000,62714.180000,4.370040,1780894799999,0,0
0.185644,0.181528,2026-06-08 05:00:00+00:00,62768.630000,62832.420000,62434.410000,62726.180000,1.130040,1780898399999,0,0
0.170281,0.167469,2026-06-08 06:00:00+00:00,62768.640000,63150.200000,62768.640000,63008.130000,0.103260,1780901999999,0,0
0.162271,0.168441,2026-06-08 07:00:00+00:00,62994.810000,63344.100000,62854.410000,63335.640000,0.100600,1780905599999,0,0
0.150728,0.155215,2026-06-08 08:00:00+00:00,63260.570000,63260.570000,62994.750000,63119.840000,0.088000,1780909199999,0,0
0.136018,0.150415,2026-06-08 09:00:00+00:00,63127.290000,63561.850000,63127.290000,63491.190000,4.386730,1780912799999,0,0
0.134867,0.149438,2026-06-08 10:00:00+00:00,63521.110000,63539.780000,63098.580000,63147.550000,5.484800,1780916399999,0,0
0.129489,0.145299,2026-06-08 11:00:00+00:00,63150.500000,63862.670000,63068.020000,63465.860000,8.841810,1780919999999,0,0
0.138637,0.152453,2026-06-08 12:00:00+00:00,63489.050000,63903.810000,62715.410000,63843.440000,3.626950,1780923599999,0,0
0.135753,0.142574,2026-06-08 13:00:00+00:00,63880.870000,63930.740000,63393.750000,63776.040000,0.547840,1780927199999,0,0
0.134248,0.135518,2026-06-08 14:00:00+00:00,63790.260000,64076.040000,63587.460000,63969.560000,2.968720,1780930799999,0,1
0.136235,0.133932,2026-06-08 15:00:00+00:00,63956.480000,64210.530000,63757.330000,63817.940000,4.659260,1780934399999,0,1
0.139440,0.138265,2026-06-08 16:00:00+00:00,63703.490000,64040.920000,63480.000000,63509.500000,8.686540,1780937999999,0,1
0.124828,0.134617,2026-06-08 17:00:00+00:00,63509.500000,63638.820000,63300.000000,63532.850000,12.588290,1780941599999,0,1
0.114381,0.127161,2026-06-08 18:00:00+00:00,63525.640000,63690.570000,63351.120000,63483.970000,1.449470,1780945199999,0,1
0.123163,0.126935,2026-06-08 19:00:00+00:00,63448.740000,63582.200000,63357.280000,63368.060000,0.363860,1780948799999,0,0
0.120749,0.121959,2026-06-08 20:00:00+00:00,63410.010000,63471.460000,63193.720000,63470.130000,0.424610,1780952399999,0,1
0.141948,0.123591,2026-06-08 21:00:00+00:00,63459.930000,63850.660000,63459.930000,63777.800000,3.569580,1780955999999,0,1
0.135786,0.120306,2026-06-08 22:00:00+00:00,63650.600000,63674.650000,63216.550000,63410.850000,0.845470,1780959599999,0,1
0.145235,0.123876,2026-06-08 23:00:00+00:00,63442.570000,63614.090000,62957.990000,63107.850000,0.803360,1780963199999,0,0
0.165553,0.132997,2026-06-09 00:00:00+00:00,63072.570000,63178.000000,62430.660000,62548.970000,3.893650,1780966799999,0,0
0.164553,0.128593,2026-06-09 01:00:00+00:00,62581.320000,62866.370000,62553.980000,62767.100000,0.795670,1780970399999,0,0
0.162776,0.123807,2026-06-09 02:00:00+00:00,62792.100000,62856.120000,62543.750000,62841.920000,0.179490,1780973999999,0,0
0.149636,0.115955,2026-06-09 03:00:00+00:00,62875.640000,62975.640000,62704.620000,62881.290000,0.261770,1780977599999,0,0
0.170309,0.118740,2026-06-09 04:00:00+00:00,62874.840000,63398.140000,62739.740000,63272.540000,2.011480,1780981199999,0,1
0.173617,0.117545,2026-06-09 05:00:00+00:00,63225.560000,63506.750000,63116.020000,63341.880000,0.321920,1780984799999,0,1
0.160691,0.109245,2026-06-09 06:00:00+00:00,63319.720000,63476.890000,63236.420000,63289.110000,0.294800,1780988399999,0,1
0.160429,0.109026,2026-06-09 07:00:00+00:00,63367.570000,63453.200000,62911.180000,63180.190000,3.825660,1780991999999,0,1
0.162194,0.112508,2026-06-09 08:00:00+00:00,63204.240000,63204.240000,62793.190000,62862.580000,1.120040,1780995599999,0,1
0.152905,0.115100,2026-06-09 09:00:00+00:00,62857.770000,62893.190000,62588.890000,62684.010000,0.236520,1780999199999,0,1
0.145396,0.111919,2026-06-09 10:00:00+00:00,62753.370000,62839.460000,62630.920000,62775.340000,0.559950,1781002799999,0,1
0.143439,0.110199,2026-06-09 11:00:00+00:00,62790.900000,62792.290000,62494.040000,62731.660000,0.431540,1781006399999,0,1
0.137828,0.108196,2026-06-09 12:00:00+00:00,62712.700000,62878.510000,62434.410000,62643.860000,7.407920,1781009999999,0,0
0.144832,0.109366,2026-06-09 13:00:00+00:00,62630.630000,62748.190000,62151.440000,62358.470000,4.134930,1781013599999,0,0
0.168568,0.127915,2026-06-09 14:00:00+00:00,62306.660000,62371.650000,61168.950000,61471.230000,9.085820,1781017199999,0,0
0.166895,0.141370,2026-06-09 15:00:00+00:00,61476.850000,61712.820000,61066.920000,61069.670000,1.404830,1781020799999,0,0
0.176654,0.126445,2026-06-09 16:00:00+00:00,61113.050000,61459.660000,60794.570000,61407.800000,4.750250,1781024399999,0,0
0.199976,0.128013,2026-06-09 17:00:00+00:00,61405.720000,61875.430000,61405.720000,61701.980000,8.964780,1781027999999,0,0
0.194326,0.118230,2026-06-09 18:00:00+00:00,61722.260000,61943.450000,61628.030000,61799.310000,3.879590,1781031599999,0,0
0.198342,0.113962,2026-06-09 19:00:00+00:00,61779.580000,62082.440000,61743.730000,62082.440000,0.486130,1781035199999,0,0
0.197874,0.111975,2026-06-09 20:00:00+00:00,62094.050000,62270.760000,61925.830000,62093.390000,2.805040,1781038799999,0,0
0.183477,0.108713,2026-06-09 21:00:00+00:00,62110.820000,62149.840000,61701.780000,61781.760000,2.675760,1781042399999,0,0
0.167048,0.109324,2026-06-09 22:00:00+00:00,61757.550000,61939.650000,61666.110000,61698.560000,0.241320,1781045999999,0,0
0.151996,0.107140,2026-06-09 23:00:00+00:00,61740.030000,61866.810000,61563.000000,61712.860000,0.278140,1781049599999,0,0
0.153187,0.109243,2026-06-10 00:00:00+00:00,61715.850000,61891.120000,61469.540000,61869.990000,0.354930,1781053199999,0,0
0.147634,0.108603,2026-06-10 01:00:00+00:00,61910.120000,61953.730000,61590.490000,61684.970000,7.169660,1781056799999,0,0
0.153260,0.112095,2026-06-10 02:00:00+00:00,61789.500000,61791.690000,61247.520000,61297.190000,0.337080,1781060399999,0,0
0.144644,0.110272,2026-06-10 03:00:00+00:00,61310.530000,61567.700000,61307.930000,61567.040000,1.325110,1781063999999,0,0
0.142883,0.109572,2026-06-10 04:00:00+00:00,61537.270000,61554.920000,61200.000000,61252.860000,0.401390,1781067599999,0,0
0.141297,0.107191,2026-06-10 05:00:00+00:00,61313.640000,61384.270000,61076.720000,61351.000000,0.666920,1781071199999,0,0
0.143683,0.104998,2026-06-10 06:00:00+00:00,61342.170000,61517.100000,61205.230000,61469.360000,0.101460,1781074799999,0,0
0.156574,0.104747,2026-06-10 07:00:00+00:00,61469.060000,61773.280000,61469.060000,61688.670000,0.083940,1781078399999,0,0
0.148500,0.103374,2026-06-10 08:00:00+00:00,61639.860000,61711.640000,61177.220000,61246.990000,0.159170,1781081999999,0,0
0.148265,0.102173,2026-06-10 09:00:00+00:00,61286.400000,61404.520000,60795.010000,61338.150000,0.890580,1781085599999,0,0
0.138114,0.100532,2026-06-10 10:00:00+00:00,61338.150000,61427.260000,61160.350000,61375.310000,0.091980,1781089199999,0,0
0.144018,0.100581,2026-06-10 11:00:00+00:00,61389.830000,61401.060000,60879.310000,61037.190000,0.244710,1781092799999,1,0
0.163185,0.102577,2026-06-10 12:00:00+00:00,61011.120000,61956.090000,60976.250000,61581.610000,7.445100,1781096399999,0,0
0.193262,0.110587,2026-06-10 13:00:00+00:00,61550.080000,62447.700000,61445.340000,62103.790000,5.452390,1781099999999,0,0
0.190617,0.104189,2026-06-10 14:00:00+00:00,62072.450000,62223.950000,61834.190000,62149.930000,1.718950,1781103599999,0,0
0.191335,0.104126,2026-06-10 15:00:00+00:00,62193.820000,62850.000000,61862.340000,62620.060000,6.556760,1781107199999,0,0
0.200166,0.101556,2026-06-10 16:00:00+00:00,62616.400000,62616.400000,61939.650000,62198.640000,2.897440,1781110799999,0,0
0.200115,0.099368,2026-06-10 17:00:00+00:00,62254.950000,62362.730000,61666.100000,61948.820000,5.282800,1781114399999,0,0
0.176761,0.098491,2026-06-10 18:00:00+00:00,61975.410000,62149.780000,61654.450000,61865.570000,4.930870,1781117999999,0,0
0.171233,0.098460,2026-06-10 19:00:00+00:00,61893.820000,62039.220000,61696.800000,62000.330000,0.601480,1781121599999,0,0
0.165361,0.098227,2026-06-10 20:00:00+00:00,61938.950000,61938.950000,61693.820000,61801.540000,0.406970,1781125199999,0,0
0.166955,0.098130,2026-06-10 21:00:00+00:00,61797.170000,61797.170000,61201.130000,61320.760000,1.632500,1781128799999,1,0
0.162570,0.097665,2026-06-10 22:00:00+00:00,61288.810000,61559.450000,61132.580000,61396.530000,8.484040,1781132399999,1,0
0.150596,0.097493,2026-06-10 23:00:00+00:00,61348.800000,61593.540000,61182.390000,61519.300000,0.265260,1781135999999,1,0
0.164142,0.098981,2026-06-11 00:00:00+00:00,61526.150000,61973.900000,61526.150000,61807.600000,4.366330,1781139599999,1,0
0.187040,0.102312,2026-06-11 01:00:00+00:00,61825.710000,62386.570000,61825.710000,62226.600000,5.261920,1781143199999,0,0
0.182060,0.099111,2026-06-11 02:00:00+00:00,62210.670000,62311.320000,61953.190000,62158.060000,0.504570,1781146799999,0,0
0.184141,0.101499,2026-06-11 03:00:00+00:00,62151.310000,62823.680000,62039.560000,62710.960000,4.030390,1781150399999,0,0
0.185749,0.102721,2026-06-11 04:00:00+00:00,62675.270000,62866.690000,62567.440000,62742.190000,0.227720,1781153999999,0,0
0.177742,0.096809,2026-06-11 05:00:00+00:00,62676.300000,62733.320000,62570.440000,62609.830000,0.477810,1781157599999,0,0
0.176711,0.097528,2026-06-11 06:00:00+00:00,62636.140000,62999.900000,62570.440000,62794.750000,0.766770,1781161199999,0,0
0.174482,0.097768,2026-06-11 07:00:00+00:00,62771.730000,62804.020000,62617.930000,62712.290000,0.506440,1781164799999,0,0
0.170097,0.097941,2026-06-11 08:00:00+00:00,62779.230000,63015.730000,62749.180000,62935.770000,0.296360,1781168399999,0,0
0.168354,0.098377,2026-06-11 09:00:00+00:00,62954.800000,62957.730000,62808.490000,62957.730000,0.073990,1781171999999,0,0
0.164473,0.098151,2026-06-11 10:00:00+00:00,62941.550000,63175.990000,62824.410000,63161.770000,0.730290,1781175599999,0,0
0.153525,0.097493,2026-06-11 11:00:00+00:00,63148.230000,63263.870000,63087.110000,63119.170000,0.414530,1781179199999,0,0
0.136089,0.096037,2026-06-11 12:00:00+00:00,63121.190000,63175.490000,62560.300000,63025.590000,2.633970,1781182799999,0,0
0.120187,0.095837,2026-06-11 13:00:00+00:00,63000.990000,63250.580000,62676.100000,63058.460000,2.824680,1781186399999,0,0
0.115188,0.095979,2026-06-11 14:00:00+00:00,63060.160000,63088.660000,62732.370000,62751.590000,2.136310,1781189999999,0,0
0.112478,0.095738,2026-06-11 15:00:00+00:00,62726.800000,62871.180000,62534.970000,62737.780000,0.740700,1781193599999,0,0
0.108716,0.095428,2026-06-11 16:00:00+00:00,62775.620000,62826.690000,62554.140000,62589.100000,0.729800,1781197199999,0,0
0.169531,0.107206,2026-06-11 17:00:00+00:00,62584.260000,63639.580000,62360.870000,63639.580000,6.448420,1781200799999,0,0
0.170647,0.107192,2026-06-11 18:00:00+00:00,63647.740000,63777.920000,63346.160000,63465.560000,8.674160,1781204399999,0,0
0.145827,0.096383,2026-06-11 19:00:00+00:00,63437.270000,63908.870000,63405.310000,63610.560000,2.132250,1781207999999,0,0
0.146532,0.096390,2026-06-11 20:00:00+00:00,63614.690000,63662.630000,63275.660000,63406.390000,0.629130,1781211599999,0,0
0.145980,0.095995,2026-06-11 21:00:00+00:00,63397.990000,63580.230000,63397.990000,63479.450000,0.427200,1781215199999,0,0
0.125345,0.096306,2026-06-11 22:00:00+00:00,63548.630000,63648.580000,63491.900000,63559.260000,0.188390,1781218799999,0,0
0.130456,0.095986,2026-06-11 23:00:00+00:00,63495.090000,63681.740000,63352.570000,63603.920000,0.387910,1781222399999,0,0
0.132304,0.095664,2026-06-12 00:00:00+00:00,63600.190000,63803.330000,63558.090000,63641.540000,3.871520,1781225999999,0,0
0.137295,0.095437,2026-06-12 01:00:00+00:00,63640.940000,63640.940000,63305.280000,63413.130000,3.690380,1781229599999,0,0
0.134286,0.095754,2026-06-12 02:00:00+00:00,63456.780000,63774.750000,63456.780000,63619.270000,0.592840,1781233199999,0,0
0.122770,0.095743,2026-06-12 03:00:00+00:00,63651.070000,63651.070000,63389.570000,63516.580000,0.137640,1781236799999,0,0
0.103144,0.095183,2026-06-12 04:00:00+00:00,63523.780000,63834.020000,63443.650000,63700.960000,3.799270,1781240399999,0,0
0.108704,0.095045,2026-06-12 05:00:00+00:00,63669.400000,63669.400000,63313.500000,63375.570000,4.543420,1781243999999,0,0
0.125939,0.094187,2026-06-12 06:00:00+00:00,63347.500000,63395.910000,62870.000000,62980.800000,0.355680,1781247599999,0,0
0.122792,0.095179,2026-06-12 07:00:00+00:00,63062.770000,63185.320000,62990.980000,63142.530000,0.347430,1781251199999,0,0
0.136549,0.098381,2026-06-12 08:00:00+00:00,63185.330000,63633.250000,63185.330000,63457.190000,3.477430,1781254799999,0,0
0.157347,0.100501,2026-06-12 09:00:00+00:00,63471.530000,63955.680000,63471.530000,63815.960000,0.229640,1781258399999,0,0
0.148200,0.096867,2026-06-12 10:00:00+00:00,63757.330000,63779.180000,63631.540000,63702.280000,0.635570,1781261999999,0,0
0.141616,0.095029,2026-06-12 11:00:00+00:00,63700.310000,63888.330000,61999.990000,63779.330000,10.489940,1781265599999,0,0
0.138660,0.095238,2026-06-12 12:00:00+00:00,63760.620000,63769.240000,63389.570000,63453.310000,0.745750,1781269199999,0,0
0.131265,0.094951,2026-06-12 13:00:00+00:00,63461.060000,63494.810000,63046.240000,63228.450000,0.912310,1781272799999,0,0
0.163839,0.101015,2026-06-12 14:00:00+00:00,63222.520000,63985.060000,63204.210000,63970.350000,8.797660,1781276399999,0,0
0.165633,0.099988,2026-06-12 15:00:00+00:00,63995.000000,64386.530000,63561.850000,63561.850000,3.344680,1781279999999,0,0
0.166022,0.097156,2026-06-12 16:00:00+00:00,63589.390000,64002.930000,63510.450000,63973.390000,1.389800,1781283599999,0,0
0.166247,0.097740,2026-06-12 17:00:00+00:00,64003.460000,64075.720000,63770.200000,63830.060000,0.460190,1781287199999,0,0
0.147805,0.094926,2026-06-12 18:00:00+00:00,63869.410000,63942.300000,63676.770000,63700.000000,1.381560,1781290799999,0,0
0.123328,0.094634,2026-06-12 19:00:00+00:00,63700.020000,63772.530000,63601.350000,63601.350000,0.298550,1781294399999,0,0
0.122680,0.094506,2026-06-12 20:00:00+00:00,63611.430000,63692.240000,63406.750000,63465.420000,7.540590,1781297999999,0,0
0.117932,0.094826,2026-06-12 21:00:00+00:00,63460.030000,63628.240000,63458.590000,63505.260000,0.481870,1781301599999,0,0
0.114688,0.094896,2026-06-12 22:00:00+00:00,63474.770000,63628.250000,63474.770000,63520.840000,0.303000,1781305199999,0,0
0.114782,0.094930,2026-06-12 23:00:00+00:00,63460.060000,63586.660000,63434.330000,63586.660000,0.639740,1781308799999,0,0
0.114929,0.094855,2026-06-13 00:00:00+00:00,63577.390000,63625.000000,63512.760000,63625.000000,3.607340,1781312399999,0,0
0.123376,0.095543,2026-06-13 01:00:00+00:00,63612.040000,63858.310000,63612.040000,63810.740000,7.326900,1781315999999,0,0
0.116740,0.094895,2026-06-13 02:00:00+00:00,63832.600000,63832.600000,63478.300000,63652.550000,3.999780,1781319599999,0,0
0.114126,0.094124,2026-06-13 03:00:00+00:00,63643.260000,63727.610000,63451.300000,63560.220000,0.285410,1781323199999,0,0
0.105800,0.094272,2026-06-13 04:00:00+00:00,63545.660000,63655.020000,63502.660000,63560.770000,0.213580,1781326799999,0,0
0.102765,0.094577,2026-06-13 05:00:00+00:00,63541.290000,63595.590000,63520.740000,63595.590000,0.264430,1781330399999,0,0
0.113358,0.095546,2026-06-13 06:00:00+00:00,63592.420000,63744.740000,63592.420000,63744.740000,0.089620,1781333999999,0,0
0.121452,0.095624,2026-06-13 07:00:00+00:00,63703.380000,63878.830000,63692.600000,63810.460000,0.373450,1781337599999,0,0
0.118138,0.094748,2026-06-13 08:00:00+00:00,63832.470000,63885.440000,63770.360000,63821.540000,0.274110,1781341199999,0,0
0.114154,0.094281,2026-06-13 09:00:00+00:00,63821.550000,63825.420000,63743.450000,63743.450000,0.074800,1781344799999,0,0
0.111620,0.094396,2026-06-13 10:00:00+00:00,63756.640000,63883.560000,63756.640000,63817.390000,0.074140,1781348399999,0,0
0.118163,0.095391,2026-06-13 11:00:00+00:00,63913.110000,63970.340000,63899.210000,63953.800000,0.031950,1781351999999,0,0
0.134594,0.096332,2026-06-13 12:00:00+00:00,63964.130000,64300.640000,63924.680000,64138.400000,3.663220,1781355599999,0,0
0.134400,0.095358,2026-06-13 13:00:00+00:00,64117.650000,64241.020000,64066.850000,64090.580000,0.634320,1781359199999,0,0
0.136118,0.095023,2026-06-13 14:00:00+00:00,64145.380000,64237.530000,64112.720000,64218.650000,0.376540,1781362799999,0,0
0.139177,0.095683,2026-06-13 15:00:00+00:00,64229.430000,64357.510000,64190.350000,64292.460000,4.033470,1781366399999,0,0
0.127307,0.094570,2026-06-13 16:00:00+00:00,64253.590000,64267.730000,63868.510000,64042.420000,5.717900,1781369999999,0,0
0.120458,0.094185,2026-06-13 17:00:00+00:00,64052.400000,64115.910000,63957.930000,63976.500000,0.477760,1781373599999,0,0
0.116349,0.094921,2026-06-13 18:00:00+00:00,63991.540000,64272.050000,63991.540000,64144.820000,0.232110,1781377199999,0,0
0.128194,0.096365,2026-06-13 19:00:00+00:00,64165.510000,64320.660000,64159.190000,64320.660000,4.071420,1781380799999,0,0
0.121611,0.094968,2026-06-13 20:00:00+00:00,64295.410000,64295.410000,64233.770000,64274.920000,2.066390,1781384399999,0,0
0.126706,0.094937,2026-06-13 21:00:00+00:00,64290.010000,64751.350000,64222.860000,64456.000000,4.716300,1781387999999,0,0
0.127349,0.095154,2026-06-13 22:00:00+00:00,64456.000000,64569.540000,64371.690000,64467.010000,4.510890,1781391599999,0,0
0.111523,0.093897,2026-06-13 23:00:00+00:00,64465.170000,64589.400000,64393.860000,64440.920000,0.490140,1781395199999,0,0
0.115124,0.094476,2026-06-14 00:00:00+00:00,64457.260000,64577.860000,64377.010000,64552.920000,0.719940,1781398799999,0,0
0.116973,0.094762,2026-06-14 01:00:00+00:00,64564.650000,64710.770000,64515.360000,64578.340000,6.898910,1781402399999,0,0
0.108652,0.094034,2026-06-14 02:00:00+00:00,64574.930000,64636.570000,64486.330000,64501.160000,0.089690,1781405999999,0,0
0.109304,0.094032,2026-06-14 03:00:00+00:00,64493.540000,64543.930000,64479.840000,64495.340000,0.273850,1781409599999,0,0
0.109971,0.093956,2026-06-14 04:00:00+00:00,64550.000000,64550.000000,64333.460000,64345.810000,0.420660,1781413199999,0,0
0.104374,0.093792,2026-06-14 05:00:00+00:00,64356.680000,64416.560000,64318.160000,64370.890000,0.175830,1781416799999,0,0
0.102076,0.093639,2026-06-14 06:00:00+00:00,64431.980000,64466.720000,64251.200000,64261.020000,0.305710,1781420399999,0,0
0.104177,0.094165,2026-06-14 07:00:00+00:00,64284.400000,64427.990000,64245.850000,64427.990000,0.126300,1781423999999,0,0
0.106795,0.094717,2026-06-14 08:00:00+00:00,64424.340000,64515.050000,64397.040000,64470.220000,0.030690,1781427599999,0,0
0.112507,0.094575,2026-06-14 09:00:00+00:00,64443.340000,64612.020000,64339.070000,64612.020000,0.034660,1781431199999,0,0
0.111653,0.094095,2026-06-14 10:00:00+00:00,64577.340000,64654.570000,64537.990000,64540.870000,0.347600,1781434799999,0,0
0.110558,0.093721,2026-06-14 11:00:00+00:00,64512.020000,64644.440000,64480.930000,64602.260000,0.174650,1781438399999,0,0
0.113514,0.093700,2026-06-14 12:00:00+00:00,64549.250000,64549.250000,64312.970000,64315.120000,3.347700,1781441999999,0,0
0.113672,0.093672,2026-06-14 13:00:00+00:00,64396.000000,64396.000000,64258.400000,64330.100000,1.805510,1781445599999,0,0
0.122965,0.093836,2026-06-14 14:00:00+00:00,64276.810000,64336.890000,63874.350000,63977.150000,3.476800,1781449199999,1,0
0.124881,0.094008,2026-06-14 15:00:00+00:00,63977.440000,64144.520000,63977.440000,64032.740000,0.797410,1781452799999,1,0
0.120532,0.094153,2026-06-14 16:00:00+00:00,64054.230000,64202.050000,63942.510000,63946.270000,0.492080,1781456399999,1,0
0.129992,0.093887,2026-06-14 17:00:00+00:00,63942.000000,64025.820000,63705.690000,63705.690000,0.381680,1781459999999,1,0
0.130417,0.094293,2026-06-14 18:00:00+00:00,63743.910000,63805.190000,63688.720000,63802.810000,0.090520,1781463599999,1,0
0.127298,0.094622,2026-06-14 19:00:00+00:00,63817.170000,63844.910000,63752.010000,63803.870000,0.085150,1781467199999,1,0
0.138767,0.095684,2026-06-14 20:00:00+00:00,63837.940000,64080.130000,63788.560000,64039.210000,0.378850,1781470799999,1,0
0.200944,0.113284,2026-06-14 21:00:00+00:00,64026.810000,65638.740000,64026.810000,65314.870000,7.838750,1781474399999,1,0
0.189891,0.112676,2026-06-14 22:00:00+00:00,65318.150000,65635.460000,64965.980000,65376.420000,9.443000,1781477999999,0,0
0.179471,0.101578,2026-06-14 23:00:00+00:00,65400.960000,65794.090000,65275.640000,65759.690000,1.909560,1781481599999,0,0
0.181973,0.100607,2026-06-15 00:00:00+00:00,65769.470000,65873.580000,65507.110000,65627.860000,3.750320,1781485199999,0,0
0.193311,0.097857,2026-06-15 01:00:00+00:00,65621.280000,65707.010000,65396.350000,65492.170000,3.767890,1781488799999,0,0
0.175681,0.097266,2026-06-15 02:00:00+00:00,65470.580000,65735.900000,65438.800000,65449.670000,0.650650,1781492399999,0,0
0.183885,0.101388,2026-06-15 03:00:00+00:00,65448.170000,65980.770000,65434.960000,65903.030000,0.965390,1781495999999,0,0
0.176581,0.100380,2026-06-15 04:00:00+00:00,65892.570000,65907.280000,65644.480000,65665.460000,0.679200,1781499599999,0,0
0.161499,0.098039,2026-06-15 05:00:00+00:00,65651.430000,65874.350000,65636.620000,65873.680000,0.101730,1781503199999,0,0
0.147824,0.098254,2026-06-15 06:00:00+00:00,65818.800000,65977.990000,65778.110000,65844.990000,0.205870,1781506799999,0,0
0.123089,0.096288,2026-06-15 07:00:00+00:00,65777.650000,65998.810000,65645.200000,65645.200000,0.113880,1781510399999,0,0
0.088560,0.095469,2026-06-15 08:00:00+00:00,65680.990000,65799.350000,65628.340000,65684.700000,0.143600,1781513999999,0,0
0.082633,0.095206,2026-06-15 09:00:00+00:00,65700.080000,65779.580000,65528.270000,65604.150000,0.073550,1781517599999,0,0
0.087315,0.097288,2026-06-15 10:00:00+00:00,65629.250000,65947.600000,65629.250000,65904.230000,0.832130,1781521199999,0,0
0.107083,0.101863,2026-06-15 11:00:00+00:00,65922.010000,66365.270000,65878.440000,66239.320000,8.765310,1781524799999,0,0
0.118809,0.103510,2026-06-15 12:00:00+00:00,66239.320000,66590.420000,66188.170000,66590.000000,2.205340,1781528399999,0,0
0.113242,0.099012,2026-06-15 13:00:00+00:00,66557.710000,66937.360000,66437.070000,66451.470000,2.414990,1781531999999,0,0
0.110057,0.097295,2026-06-15 14:00:00+00:00,66420.790000,66691.410000,66316.040000,66615.450000,1.733760,1781535599999,0,0
0.129729,0.107429,2026-06-15 15:00:00+00:00,66591.200000,67276.270000,66591.200000,67276.270000,1.863860,1781539199999,0,0
0.129879,0.105109,2026-06-15 16:00:00+00:00,67200.520000,67275.690000,67106.500000,67191.180000,1.475880,1781542799999,0,0
0.129911,0.098128,2026-06-15 17:00:00+00:00,67080.680000,67084.270000,66701.490000,66868.700000,3.895410,1781546399999,0,0
0.129001,0.098151,2026-06-15 18:00:00+00:00,66824.260000,66926.310000,66720.890000,66842.460000,0.652340,1781549999999,0,0
0.119640,0.097692,2026-06-15 19:00:00+00:00,66791.570000,66898.880000,66382.840000,66582.770000,1.293050,1781553599999,0,0
0.112179,0.097004,2026-06-15 20:00:00+00:00,66553.760000,66650.120000,66510.290000,66510.290000,0.285890,1781557199999,0,0
0.098702,0.096101,2026-06-15 21:00:00+00:00,66520.440000,66547.700000,66354.090000,66388.440000,6.043750,1781560799999,0,0
0.095294,0.095107,2026-06-15 22:00:00+00:00,66454.890000,66467.870000,66105.550000,66216.500000,0.156160,1781564399999,0,0
0.090466,0.095296,2026-06-15 23:00:00+00:00,66205.700000,66359.150000,66138.650000,66325.900000,0.236270,1781567999999,0,0
0.088144,0.095318,2026-06-16 00:00:00+00:00,66307.510000,66456.030000,66264.290000,66267.150000,0.392060,1781571599999,0,0
0.087228,0.094764,2026-06-16 01:00:00+00:00,66271.450000,66407.110000,66271.450000,66348.000000,0.597020,1781575199999,0,0
0.108715,0.094042,2026-06-16 02:00:00+00:00,66310.690000,66357.980000,65688.020000,65746.950000,2.811810,1781578799999,0,0
0.108619,0.096555,2026-06-16 03:00:00+00:00,65732.880000,66163.540000,65659.420000,66163.540000,5.657050,1781582399999,0,0
0.103717,0.097981,2026-06-16 04:00:00+00:00,66163.220000,66297.720000,65780.760000,65860.500000,7.427060,1781585999999,0,0
0.094452,0.103870,2026-06-16 05:00:00+00:00,65952.590000,66123.490000,65929.820000,66079.450000,1.130920,1781589599999,0,0
0.114881,0.108698,2026-06-16 06:00:00+00:00,66095.630000,66544.680000,66095.630000,66457.870000,3.490540,1781593199999,0,0
0.107289,0.106270,2026-06-16 07:00:00+00:00,66382.650000,66479.640000,66294.670000,66368.870000,0.229450,1781596799999,0,0
0.131028,0.108735,2026-06-16 08:00:00+00:00,66381.630000,66982.410000,66381.630000,66961.570000,4.163470,1781600399999,0,1
0.132719,0.108149,2026-06-16 09:00:00+00:00,66827.970000,66918.010000,66491.300000,66534.620000,0.374260,1781603999999,0,0
0.118153,0.106596,2026-06-16 10:00:00+00:00,66535.330000,66766.200000,66524.700000,66525.500000,0.067500,1781607599999,0,0
0.099493,0.103940,2026-06-16 11:00:00+00:00,66510.410000,66581.580000,66363.320000,66486.920000,0.061000,1781611199999,0,0
0.099665,0.104297,2026-06-16 12:00:00+00:00,66494.000000,66815.070000,66392.060000,66433.710000,0.443990,1781614799999,0,0
0.108678,0.107315,2026-06-16 13:00:00+00:00,66443.150000,66472.130000,65940.800000,66093.630000,2.820860,1781618399999,0,0
0.114560,0.110098,2026-06-16 14:00:00+00:00,66140.800000,66311.640000,65396.620000,65641.570000,8.961100,1781621999999,0,0
0.111563,0.107089,2026-06-16 15:00:00+00:00,65681.490000,65988.990000,65637.120000,65891.350000,5.629950,1781625599999,0,0
0.106433,0.104022,2026-06-16 16:00:00+00:00,65868.280000,65947.710000,65695.730000,65759.550000,0.210860,1781629199999,0,0
0.103355,0.103453,2026-06-16 17:00:00+00:00,65776.910000,66021.670000,65712.090000,65984.940000,2.824210,1781632799999,0,0
0.100893,0.103729,2026-06-16 18:00:00+00:00,65959.190000,66226.340000,65801.680000,65843.340000,0.728340,1781636399999,0,0
0.099925,0.103941,2026-06-16 19:00:00+00:00,65844.880000,65844.880000,65547.520000,65656.250000,1.531990,1781639999999,0,0
0.095924,0.103785,2026-06-16 20:00:00+00:00,65621.620000,65877.580000,65613.950000,65857.780000,0.234140,1781643599999,0,0
0.095520,0.104000,2026-06-16 21:00:00+00:00,65883.400000,65932.890000,65659.160000,65770.450000,0.163050,1781647199999,0,0
0.090674,0.102804,2026-06-16 22:00:00+00:00,65716.970000,65867.060000,65692.390000,65739.770000,0.104600,1781650799999,0,0
0.088212,0.102968,2026-06-16 23:00:00+00:00,65787.240000,65834.260000,65640.900000,65672.740000,0.247250,1781654399999,0,0
0.085574,0.103276,2026-06-17 00:00:00+00:00,65716.730000,65834.840000,65688.370000,65753.290000,0.708410,1781657999999,0,0
0.090771,0.105647,2026-06-17 01:00:00+00:00,65723.120000,65934.470000,65474.360000,65927.930000,2.260330,1781661599999,0,0
0.089444,0.104703,2026-06-17 02:00:00+00:00,65941.820000,66169.000000,65791.630000,65907.300000,2.413960,1781665199999,0,0
0.086286,0.103389,2026-06-17 03:00:00+00:00,65900.120000,65901.370000,65721.910000,65831.760000,1.042150,1781668799999,0,0
0.086879,0.103447,2026-06-17 04:00:00+00:00,65877.370000,66057.980000,65790.940000,65895.620000,0.199740,1781672399999,0,0
0.085619,0.103578,2026-06-17 05:00:00+00:00,65887.940000,65960.360000,65758.950000,65832.960000,0.294080,1781675999999,0,0
0.089843,0.104927,2026-06-17 06:00:00+00:00,65817.790000,65904.530000,65593.330000,65628.800000,0.634920,1781679599999,0,0
0.092016,0.105066,2026-06-17 07:00:00+00:00,65605.750000,65708.380000,65263.160000,65521.840000,0.339610,1781683199999,0,0
0.107936,0.108031,2026-06-17 08:00:00+00:00,65539.530000,65539.530000,64863.630000,65000.320000,2.053080,1781686799999,0,0
0.112302,0.108545,2026-06-17 09:00:00+00:00,64943.650000,65081.270000,64847.020000,64869.440000,0.156430,1781690399999,0,0
0.107538,0.103089,2026-06-17 10:00:00+00:00,64972.660000,64976.940000,64786.920000,64790.920000,1.180650,1781693999999,0,0
0.106062,0.101706,2026-06-17 11:00:00+00:00,64757.440000,64865.280000,64557.890000,64832.220000,3.361330,1781697599999,0,0
0.116342,0.105421,2026-06-17 12:00:00+00:00,64769.610000,65066.430000,64604.990000,65043.080000,1.564020,1781701199999,0,0
0.129593,0.107541,2026-06-17 13:00:00+00:00,65043.090000,65368.080000,64849.740000,65284.290000,3.554530,1781704799999,0,0
0.116168,0.105146,2026-06-17 14:00:00+00:00,65218.420000,65461.340000,64847.810000,65131.880000,0.958820,1781708399999,0,0
0.153688,0.108679,2026-06-17 15:00:00+00:00,65145.810000,65843.000000,65004.220000,65771.070000,7.812630,1781711999999,0,0
0.159007,0.109575,2026-06-17 16:00:00+00:00,65771.070000,66437.500000,65771.070000,65864.630000,2.607070,1781715599999,0,1
0.140157,0.106556,2026-06-17 17:00:00+00:00,65884.920000,66191.580000,65818.440000,66061.650000,3.009340,1781719199999,0,1
0.146953,0.107506,2026-06-17 18:00:00+00:00,66086.780000,66086.780000,64827.840000,65512.100000,5.920680,1781722799999,0,1
0.171723,0.115617,2026-06-17 19:00:00+00:00,65531.670000,65632.600000,64017.000000,64303.290000,6.070960,1781726399999,0,0
0.159916,0.117259,2026-06-17 20:00:00+00:00,64293.020000,64477.640000,64199.710000,64428.240000,1.992270,1781729999999,0,1
0.137000,0.104261,2026-06-17 21:00:00+00:00,64432.020000,64444.890000,64146.780000,64247.990000,0.436490,1781733599999,0,0
0.132545,0.104518,2026-06-17 22:00:00+00:00,64248.970000,64410.330000,63971.290000,64295.030000,0.134400,1781737199999,0,0
0.137255,0.107124,2026-06-17 23:00:00+00:00,64306.050000,64521.280000,64285.260000,64453.170000,0.071080,1781740799999,0,1
0.124758,0.106945,2026-06-18 00:00:00+00:00,64506.840000,64691.420000,64474.320000,64477.060000,0.412080,1781744399999,0,1
0.122498,0.105869,2026-06-18 01:00:00+00:00,64505.340000,64794.750000,64486.780000,64566.000000,0.484100,1781747999999,0,1
0.135784,0.106637,2026-06-18 02:00:00+00:00,64570.600000,64774.120000,64508.620000,64707.750000,0.332840,1781751599999,0,1
0.128746,0.107699,2026-06-18 03:00:00+00:00,64623.280000,64631.260000,64281.880000,64299.080000,0.611710,1781755199999,0,1
0.128003,0.110514,2026-06-18 04:00:00+00:00,64290.880000,64290.880000,63837.560000,63957.540000,1.984820,1781758799999,0,0
0.115289,0.108427,2026-06-18 05:00:00+00:00,63849.640000,64014.840000,63739.740000,63989.740000,0.436950,1781762399999,0,0
0.106461,0.106768,2026-06-18 06:00:00+00:00,63966.670000,64118.080000,63859.600000,64092.320000,0.301240,1781765999999,0,0
0.130571,0.110161,2026-06-18 07:00:00+00:00,64100.650000,64486.080000,64014.550000,64486.080000,0.366490,1781769599999,0,1
0.124515,0.108302,2026-06-18 08:00:00+00:00,64458.590000,64631.320000,64382.180000,64407.930000,0.087660,1781773199999,0,1
0.110653,0.106173,2026-06-18 09:00:00+00:00,64374.680000,64476.140000,64225.540000,64225.540000,0.194590,1781776799999,0,1
0.107567,0.106554,2026-06-18 10:00:00+00:00,64173.610000,64173.610000,63929.200000,64169.670000,0.200330,1781780399999,0,0
0.106794,0.107590,2026-06-18 11:00:00+00:00,64153.260000,64204.520000,63886.760000,63967.840000,0.320190,1781783999999,0,0
0.114209,0.109032,2026-06-18 12:00:00+00:00,63979.480000,64383.040000,63939.920000,64314.120000,0.334190,1781787599999,0,1
0.114194,0.109234,2026-06-18 13:00:00+00:00,64377.570000,64440.360000,63812.790000,63966.440000,0.709410,1781791199999,0,0
0.110569,0.109495,2026-06-18 14:00:00+00:00,63967.700000,64207.730000,63600.020000,63789.250000,0.911870,1781794799999,0,0
0.151606,0.124736,2026-06-18 15:00:00+00:00,63809.050000,63809.050000,62298.990000,62374.770000,6.011510,1781798399999,0,0
0.154458,0.125273,2026-06-18 16:00:00+00:00,62358.240000,62810.090000,62358.240000,62678.940000,0.787830,1781801999999,0,0
0.148484,0.110348,2026-06-18 17:00:00+00:00,62649.820000,62741.110000,62276.780000,62611.490000,0.543600,1781805599999,0,0
0.136509,0.106860,2026-06-18 18:00:00+00:00,62620.790000,62964.320000,62593.850000,62703.900000,0.397410,1781809199999,0,0
0.159500,0.111956,2026-06-18 19:00:00+00:00,62704.970000,63014.680000,62636.820000,62944.180000,1.543140,1781812799999,0,0
0.166267,0.110738,2026-06-18 20:00:00+00:00,62964.360000,63218.750000,62964.360000,63122.320000,0.486410,1781816399999,0,0
0.141842,0.109613,2026-06-18 21:00:00+00:00,63092.620000,63118.830000,62876.980000,62949.690000,1.369050,1781819999999,0,0
0.135781,0.110457,2026-06-18 22:00:00+00:00,62964.190000,62964.190000,62756.760000,62875.880000,0.188040,1781823599999,0,0
0.131249,0.110364,2026-06-18 23:00:00+00:00,62876.650000,62984.560000,62769.160000,62984.560000,0.222640,1781827199999,0,0
0.123756,0.110992,2026-06-19 00:00:00+00:00,62950.260000,63081.080000,62863.680000,62975.360000,0.049370,1781830799999,0,0
0.116882,0.110169,2026-06-19 01:00:00+00:00,63026.380000,63093.610000,62858.230000,63025.590000,1.649530,1781834399999,0,0
0.111963,0.109400,2026-06-19 02:00:00+00:00,63032.080000,63056.470000,62904.780000,63029.310000,0.358510,1781837999999,0,0
0.111377,0.110727,2026-06-19 03:00:00+00:00,63029.200000,63029.200000,62393.770000,62774.620000,2.272720,1781841599999,0,0
0.118663,0.114629,2026-06-19 04:00:00+00:00,62759.040000,62877.390000,62442.960000,62442.960000,0.814640,1781845199999,0,0
0.118402,0.113404,2026-06-19 05:00:00+00:00,62467.250000,62751.010000,62467.250000,62741.830000,0.054370,1781848799999,0,0
0.130942,0.113840,2026-06-19 06:00:00+00:00,62747.540000,62911.190000,62725.970000,62897.350000,0.076060,1781852399999,0,0
0.114908,0.111274,2026-06-19 07:00:00+00:00,62897.640000,62900.360000,62511.220000,62616.260000,0.239320,1781855999999,0,0
0.113853,0.110681,2026-06-19 08:00:00+00:00,62615.640000,62785.330000,62549.920000,62577.300000,0.179960,1781859599999,0,0
0.113145,0.110004,2026-06-19 09:00:00+00:00,62628.810000,62628.810000,62345.200000,62405.790000,0.253700,1781863199999,0,0
0.112085,0.109923,2026-06-19 10:00:00+00:00,62384.070000,62567.890000,62384.070000,62539.720000,0.134500,1781866799999,0,0
0.118293,0.110198,2026-06-19 11:00:00+00:00,62557.190000,62676.670000,62461.650000,62628.100000,1.252600,1781870399999,0,0
0.126760,0.109327,2026-06-19 12:00:00+00:00,62635.790000,62858.630000,62327.510000,62827.960000,1.575010,1781873999999,0,0
0.157591,0.110574,2026-06-19 13:00:00+00:00,62826.250000,63434.160000,62714.100000,63221.500000,11.602270,1781877599999,0,0
0.152443,0.109107,2026-06-19 14:00:00+00:00,63218.440000,63418.220000,63023.940000,63205.830000,1.158790,1781881199999,0,0
0.136014,0.106444,2026-06-19 15:00:00+00:00,63207.800000,63270.950000,63039.960000,63215.910000,0.243550,1781884799999,0,0
0.140150,0.107974,2026-06-19 16:00:00+00:00,63206.540000,63385.600000,62951.960000,62968.950000,6.621950,1781888399999,0,0
0.140043,0.108942,2026-06-19 17:00:00+00:00,62969.020000,63228.670000,62876.390000,63216.780000,3.655170,1781891999999,0,0
0.136352,0.109550,2026-06-19 18:00:00+00:00,63197.630000,63318.180000,62988.050000,63115.740000,7.231100,1781895599999,0,0
0.128082,0.108619,2026-06-19 19:00:00+00:00,63106.320000,63118.430000,62949.010000,63008.380000,0.379240,1781899199999,0,0
0.132354,0.109028,2026-06-19 20:00:00+00:00,63034.730000,63271.430000,62982.700000,63226.600000,0.702840,1781902799999,0,0
0.124605,0.108619,2026-06-19 21:00:00+00:00,63235.090000,63290.360000,63061.100000,63065.730000,0.765120,1781906399999,0,0
0.121363,0.108642,2026-06-19 22:00:00+00:00,63069.300000,63374.990000,63051.390000,63318.640000,3.832610,1781909999999,0,0
0.136036,0.110151,2026-06-19 23:00:00+00:00,63340.140000,63644.550000,63286.600000,63535.890000,3.677240,1781913599999,0,0
0.126111,0.108432,2026-06-20 00:00:00+00:00,63568.520000,63859.760000,63479.180000,63561.440000,1.974750,1781917199999,0,0
0.114153,0.106796,2026-06-20 01:00:00+00:00,63538.090000,63624.140000,63404.510000,63569.170000,2.032050,1781920799999,0,0
0.118152,0.107864,2026-06-20 02:00:00+00:00,63569.170000,63569.170000,63348.090000,63366.040000,2.225860,1781924399999,0,0
0.111794,0.108236,2026-06-20 03:00:00+00:00,63326.830000,63503.640000,63326.830000,63447.730000,0.021450,1781927999999,0,0
0.114734,0.109075,2026-06-20 04:00:00+00:00,63469.850000,63612.940000,63418.240000,63587.270000,0.025370,1781931599999,0,0
0.118567,0.109138,2026-06-20 05:00:00+00:00,63566.860000,63872.350000,63566.860000,63677.200000,1.356510,1781935199999,0,0
0.116768,0.108405,2026-06-20 06:00:00+00:00,63679.470000,63750.810000,63661.740000,63745.590000,0.056350,1781938799999,0,0
0.110589,0.107332,2026-06-20 07:00:00+00:00,63745.910000,63796.060000,63627.350000,63716.960000,1.096060,1781942399999,0,0
0.115031,0.108820,2026-06-20 08:00:00+00:00,63615.330000,63649.220000,63417.820000,63417.820000,0.061480,1781945999999,0,0
0.116233,0.109404,2026-06-20 09:00:00+00:00,63447.660000,63760.000000,63439.720000,63758.270000,0.103960,1781949599999,0,0
0.117397,0.109673,2026-06-20 10:00:00+00:00,63747.380000,63763.510000,63633.850000,63669.310000,0.012770,1781953199999,0,0
0.105160,0.107143,2026-06-20 11:00:00+00:00,63708.170000,63784.140000,63654.800000,63687.970000,0.331330,1781956799999,0,0
0.106826,0.107237,2026-06-20 12:00:00+00:00,63684.010000,63793.290000,63584.050000,63585.330000,0.075000,1781960399999,0,0
0.113057,0.108312,2026-06-20 13:00:00+00:00,63667.200000,63667.200000,63306.320000,63397.140000,0.091390,1781963999999,0,0
0.134622,0.111084,2026-06-20 14:00:00+00:00,63308.790000,64123.000000,63169.840000,63925.210000,1.694940,1781967599999,0,0
0.151963,0.112401,2026-06-20 15:00:00+00:00,63902.970000,64372.740000,63850.000000,64142.860000,1.699190,1781971199999,0,0
0.131774,0.108303,2026-06-20 16:00:00+00:00,64117.340000,64117.340000,63930.000000,64019.380000,0.982480,1781974799999,0,0
0.131311,0.108065,2026-06-20 17:00:00+00:00,64013.460000,64013.460000,63771.880000,63860.570000,1.165450,1781978399999,0,0
0.127986,0.108225,2026-06-20 18:00:00+00:00,63857.800000,63900.000000,63805.000000,63805.000000,0.326080,1781981999999,0,0
0.119332,0.108609,2026-06-20 19:00:00+00:00,63839.930000,63945.990000,63836.780000,63936.220000,0.152910,1781985599999,0,0
0.117933,0.108711,2026-06-20 20:00:00+00:00,63959.990000,63978.450000,63858.010000,63930.430000,0.125070,1781989199999,0,0
0.118792,0.108204,2026-06-20 21:00:00+00:00,63956.100000,64078.450000,63930.000000,64035.720000,1.479710,1781992799999,0,0
0.141165,0.110083,2026-06-20 22:00:00+00:00,63984.170000,64338.240000,63984.170000,64301.780000,0.584830,1781996399999,0,0
0.139796,0.109498,2026-06-20 23:00:00+00:00,64271.600000,64328.750000,64250.000000,64312.800000,0.090310,1781999999999,0,0
0.122462,0.107259,2026-06-21 00:00:00+00:00,64288.540000,64312.800000,64250.000000,64282.730000,1.673910,1782003599999,0,0
0.113021,0.107054,2026-06-21 01:00:00+00:00,64285.840000,64312.800000,64225.020000,64266.020000,0.236060,1782007199999,0,0
0.108493,0.107143,2026-06-21 02:00:00+00:00,64236.870000,64281.660000,64224.000000,64261.670000,0.188300,1782010799999,0,0
0.118512,0.109007,2026-06-21 03:00:00+00:00,64253.630000,64469.290000,64233.910000,64438.310000,0.074920,1782014399999,0,0
0.116710,0.108764,2026-06-21 04:00:00+00:00,64400.100000,64555.750000,64273.050000,64273.050000,0.088840,1782017999999,0,0
0.112048,0.108318,2026-06-21 05:00:00+00:00,64285.830000,64351.160000,64225.000000,64256.480000,0.017970,1782021599999,0,0
0.103617,0.107341,2026-06-21 06:00:00+00:00,64265.780000,64323.210000,64200.000000,64290.740000,0.223540,1782025199999,0,0
0.102602,0.107604,2026-06-21 07:00:00+00:00,64309.760000,64309.760000,64176.000000,64187.770000,0.037860,1782028799999,0,0
0.107695,0.108774,2026-06-21 08:00:00+00:00,64214.660000,64214.660000,63875.010000,63982.760000,0.183640,1782032399999,0,0
0.107237,0.108576,2026-06-21 09:00:00+00:00,64017.650000,64253.350000,63962.190000,64208.200000,0.589200,1782035999999,0,0
0.120109,0.110007,2026-06-21 10:00:00+00:00,64214.480000,64392.340000,64209.300000,64353.270000,0.052740,1782039599999,0,0
0.109694,0.108204,2026-06-21 11:00:00+00:00,64381.200000,64456.790000,64117.890000,64117.890000,0.390930,1782043199999,0,0
0.110598,0.107933,2026-06-21 12:00:00+00:00,64171.360000,64200.250000,63965.180000,64200.250000,0.133780,1782046799999,0,0
0.109905,0.107176,2026-06-21 13:00:00+00:00,64138.840000,64169.110000,64027.540000,64115.910000,0.118890,1782050399999,0,0
0.106366,0.107210,2026-06-21 14:00:00+00:00,64132.500000,64146.510000,64014.160000,64142.020000,0.211040,1782053999999,0,0
0.111144,0.108077,2026-06-21 15:00:00+00:00,64161.190000,64312.960000,64110.690000,64256.110000,0.332110,1782057599999,0,0
0.107987,0.107579,2026-06-21 16:00:00+00:00,64228.000000,64259.000000,64054.270000,64152.340000,0.103160,1782061199999,0,0
0.106693,0.107372,2026-06-21 17:00:00+00:00,64174.180000,64214.700000,64072.050000,64177.060000,0.045810,1782064799999,0,0
0.105965,0.106995,2026-06-21 18:00:00+00:00,64161.150000,64224.110000,63965.740000,64166.390000,0.053440,1782068399999,0,0
0.109280,0.107458,2026-06-21 19:00:00+00:00,64224.080000,64275.000000,64176.450000,64233.640000,0.149920,1782071999999,0,0
0.121329,0.109756,2026-06-21 20:00:00+00:00,64228.090000,64228.090000,63725.200000,63852.650000,0.231870,1782075599999,0,0
0.124846,0.110679,2026-06-21 21:00:00+00:00,63839.270000,63942.000000,63531.970000,63797.230000,1.547930,1782079199999,0,0
0.116287,0.108387,2026-06-21 22:00:00+00:00,63757.350000,63854.240000,63596.330000,63810.300000,0.228060,1782082799999,0,0
0.135355,0.113951,2026-06-21 23:00:00+00:00,63717.950000,63795.630000,63286.140000,63308.830000,0.734290,1782086399999,1,0
0.153717,0.114395,2026-06-22 00:00:00+00:00,63436.510000,64102.840000,63386.480000,63866.180000,0.883410,1782089999999,0,0
0.189889,0.116894,2026-06-22 01:00:00+00:00,63930.340000,64799.650000,63857.120000,64577.230000,2.206520,1782093599999,0,0
0.179054,0.112489,2026-06-22 02:00:00+00:00,64611.600000,64626.270000,64240.990000,64265.780000,0.228420,1782097199999,0,0
0.168740,0.110726,2026-06-22 03:00:00+00:00,64225.540000,64423.340000,63925.870000,63932.670000,0.794020,1782100799999,0,0
0.162791,0.109775,2026-06-22 04:00:00+00:00,63981.720000,64103.350000,63872.710000,64103.340000,0.183870,1782104399999,0,0
0.156593,0.111241,2026-06-22 05:00:00+00:00,64096.850000,64318.160000,64086.440000,64239.610000,0.215870,1782107999999,0,0
0.141582,0.110536,2026-06-22 06:00:00+00:00,64247.290000,64307.670000,63950.640000,64022.740000,0.335680,1782111599999,0,0
0.142427,0.109981,2026-06-22 07:00:00+00:00,63991.310000,64377.600000,63987.290000,64207.660000,0.249610,1782115199999,0,0
0.142579,0.109674,2026-06-22 08:00:00+00:00,64178.070000,64312.960000,64050.380000,64151.390000,0.300080,1782118799999,0,0
0.128931,0.108653,2026-06-22 09:00:00+00:00,64162.830000,64219.870000,64070.390000,64135.570000,0.043720,1782122399999,0,0
0.124336,0.108165,2026-06-22 10:00:00+00:00,64134.890000,64274.960000,64103.930000,64132.800000,0.114730,1782125999999,0,0
0.158186,0.111663,2026-06-22 11:00:00+00:00,64140.430000,64786.240000,64121.300000,64684.400000,0.588570,1782129599999,0,0
0.170977,0.113182,2026-06-22 12:00:00+00:00,64648.100000,65204.920000,64588.320000,65147.970000,4.384740,1782133199999,0,0
0.163173,0.111597,2026-06-22 13:00:00+00:00,65158.040000,65574.220000,64943.830000,65521.850000,4.281020,1782136799999,0,1
0.164370,0.109832,2026-06-22 14:00:00+00:00,65574.240000,65582.130000,64862.510000,64956.690000,0.465790,1782140399999,0,1
0.170004,0.110522,2026-06-22 15:00:00+00:00,65043.570000,65123.140000,64741.150000,64824.350000,0.670220,1782143999999,0,1
0.145216,0.109518,2026-06-22 16:00:00+00:00,64855.590000,64855.590000,64521.670000,64758.900000,0.952340,1782147599999,0,1
0.141357,0.109789,2026-06-22 17:00:00+00:00,64725.810000,64726.690000,64402.390000,64600.000000,0.810900,1782151199999,0,1
0.140785,0.110421,2026-06-22 18:00:00+00:00,64605.690000,64725.020000,64318.160000,64360.810000,0.366040,1782154799999,0,1
0.128283,0.108848,2026-06-22 19:00:00+00:00,64332.610000,64489.110000,64300.010000,64489.110000,0.946150,1782158399999,0,1
0.120481,0.107624,2026-06-22 20:00:00+00:00,64473.880000,64661.450000,64365.520000,64422.140000,0.145740,1782161999999,0,1
0.115152,0.107240,2026-06-22 21:00:00+00:00,64437.540000,64476.450000,64173.610000,64283.530000,0.290890,1782165599999,0,1
0.120922,0.108883,2026-06-22 22:00:00+00:00,64339.810000,64385.080000,63818.280000,63936.610000,0.371920,1782169199999,0,1
0.123163,0.108012,2026-06-22 23:00:00+00:00,63947.490000,64042.980000,63907.900000,64018.920000,0.293610,1782172799999,0,1
0.125551,0.107233,2026-06-23 00:00:00+00:00,64019.000000,64131.570000,63857.300000,64113.930000,1.047060,1782176399999,0,1
0.117799,0.106959,2026-06-23 01:00:00+00:00,64150.190000,64247.000000,63913.950000,64176.100000,0.336610,1782179999999,0,1
0.112677,0.106251,2026-06-23 02:00:00+00:00,64182.740000,64250.790000,64090.550000,64208.490000,1.171950,1782183599999,0,1
0.111131,0.106255,2026-06-23 03:00:00+00:00,64166.750000,64166.750000,63977.270000,64067.060000,0.052580,1782187199999,0,1
0.123783,0.109790,2026-06-23 04:00:00+00:00,64072.770000,64096.990000,63612.070000,63612.070000,0.401820,1782190799999,0,0
0.127337,0.112026,2026-06-23 05:00:00+00:00,63635.070000,63736.810000,63352.130000,63384.140000,0.579090,1782194399999,0,0
0.132043,0.114850,2026-06-23 06:00:00+00:00,63394.750000,63394.750000,62578.600000,62948.840000,1.294990,1782197999999,0,0
0.132733,0.115462,2026-06-23 07:00:00+00:00,62907.060000,63080.910000,62881.260000,62923.010000,0.421080,1782201599999,0,0
0.137321,0.120832,2026-06-23 08:00:00+00:00,62883.120000,62911.310000,61950.000000,62380.570000,2.947370,1782205199999,0,0
0.137782,0.123851,2026-06-23 09:00:00+00:00,62404.640000,62510.630000,62353.990000,62374.700000,0.141840,1782208799999,0,0
0.130226,0.118629,2026-06-23 10:00:00+00:00,62398.220000,62567.280000,62240.740000,62319.760000,0.233850,1782212399999,0,0
0.138330,0.120321,2026-06-23 11:00:00+00:00,62391.100000,62623.360000,62322.280000,62504.610000,0.605020,1782215999999,0,0
0.136020,0.121407,2026-06-23 12:00:00+00:00,62497.470000,62555.410000,62221.850000,62258.300000,0.318110,1782219599999,0,0
0.135011,0.118088,2026-06-23 13:00:00+00:00,62260.660000,62528.760000,61976.710000,62459.090000,0.907480,1782223199999,0,0
0.137243,0.116807,2026-06-23 14:00:00+00:00,62484.590000,62835.780000,62442.960000,62448.880000,0.898000,1782226799999,0,0
0.121872,0.113850,2026-06-23 15:00:00+00:00,62459.630000,62502.660000,62230.150000,62466.760000,0.325380,1782230399999,0,0
0.123572,0.113554,2026-06-23 16:00:00+00:00,62479.440000,62838.600000,62421.140000,62547.950000,0.519800,1782233999999,0,0
0.118642,0.113316,2026-06-23 17:00:00+00:00,62552.540000,62685.700000,62321.620000,62363.060000,0.422670,1782237599999,0,0
0.116041,0.115208,2026-06-23 18:00:00+00:00,62378.240000,62457.880000,62109.570000,62229.710000,0.427140,1782241199999,0,0
0.114143,0.113108,2026-06-23 19:00:00+00:00,62260.640000,62450.000000,62230.830000,62414.180000,0.991750,1782244799999,0,0
0.119245,0.112503,2026-06-23 20:00:00+00:00,62420.190000,62506.310000,62386.950000,62462.620000,0.245780,1782248399999,0,0
0.120027,0.110727,2026-06-23 21:00:00+00:00,62497.050000,62656.830000,62474.340000,62592.460000,0.153230,1782251999999,0,0
0.119638,0.109376,2026-06-23 22:00:00+00:00,62590.890000,62763.290000,62517.050000,62579.200000,0.330900,1782255599999,0,0
0.129081,0.108900,2026-06-23 23:00:00+00:00,62582.740000,62763.290000,62500.790000,62747.400000,0.326370,1782259199999,0,0
0.151110,0.109748,2026-06-24 00:00:00+00:00,62748.300000,63020.210000,62729.650000,62995.320000,0.977430,1782262799999,0,1
0.145227,0.108345,2026-06-24 01:00:00+00:00,63016.810000,63093.370000,62821.710000,62967.000000,0.104600,1782266399999,0,1
0.135372,0.107637,2026-06-24 02:00:00+00:00,62900.000000,62900.000000,62640.470000,62693.310000,0.095870,1782269999999,0,0
0.131761,0.107293,2026-06-24 03:00:00+00:00,62658.130000,62820.640000,62472.260000,62744.230000,0.598210,1782273599999,0,0
0.122787,0.106579,2026-06-24 04:00:00+00:00,62714.690000,62790.770000,62536.340000,62775.440000,0.137170,1782277199999,0,0
0.124327,0.106746,2026-06-24 05:00:00+00:00,62750.570000,63050.000000,62708.480000,62886.500000,0.743850,1782280799999,0,1
0.114694,0.105861,2026-06-24 06:00:00+00:00,62854.750000,62912.510000,62740.590000,62740.590000,0.248880,1782284399999,0,0
0.109746,0.105459,2026-06-24 07:00:00+00:00,62746.340000,62841.040000,62623.360000,62678.170000,0.212920,1782287999999,0,0
0.105917,0.105168,2026-06-24 08:00:00+00:00,62651.410000,62798.770000,62616.060000,62796.490000,0.083300,1782291599999,0,0
0.104510,0.105044,2026-06-24 09:00:00+00:00,62796.490000,62796.490000,62644.330000,62687.450000,0.046090,1782295199999,0,0
0.110062,0.105774,2026-06-24 10:00:00+00:00,62637.910000,62645.010000,62434.410000,62455.800000,0.432210,1782298799999,0,0
0.125554,0.107305,2026-06-24 11:00:00+00:00,62441.490000,63182.130000,62326.630000,62893.420000,7.706560,1782302399999,0,1
0.125635,0.107314,2026-06-24 12:00:00+00:00,62921.820000,62963.730000,62612.650000,62612.650000,1.574920,1782305999999,0,1
0.159869,0.113254,2026-06-24 13:00:00+00:00,62592.340000,62592.340000,61290.980000,61327.540000,5.776960,1782309599999,0,1
0.161593,0.117431,2026-06-24 14:00:00+00:00,61319.170000,61462.810000,60908.730000,61097.760000,1.544980,1782313199999,0,1
0.158603,0.120115,2026-06-24 15:00:00+00:00,61105.030000,61113.280000,60253.290000,60286.770000,4.950110,1782316799999,0,0
0.155715,0.130622,2026-06-24 16:00:00+00:00,60340.870000,60652.420000,59668.170000,59889.600000,7.048090,1782320399999,0,0
0.153384,0.136477,2026-06-24 17:00:00+00:00,59835.440000,60039.140000,59123.660000,59428.000000,3.593740,1782323999999,1,0
0.153936,0.136770,2026-06-24 18:00:00+00:00,59412.210000,59983.490000,59349.590000,59588.680000,4.942530,1782327599999,1,0
0.179621,0.139761,2026-06-24 19:00:00+00:00,59637.960000,59945.920000,59485.200000,59925.910000,2.575540,1782331199999,1,0
0.212759,0.136946,2026-06-24 20:00:00+00:00,59882.610000,61192.720000,59882.610000,60986.310000,0.986290,1782334799999,0,0
0.211885,0.127211,2026-06-24 21:00:00+00:00,60986.310000,61130.580000,60698.200000,61107.650000,0.729230,1782338399999,0,0
0.196638,0.119530,2026-06-24 22:00:00+00:00,61161.100000,61253.310000,60807.260000,60807.260000,0.631950,1782341999999,0,0
0.195847,0.120228,2026-06-24 23:00:00+00:00,60861.420000,61061.550000,60861.420000,61061.550000,0.317640,1782345599999,0,0
0.184888,0.124040,2026-06-25 00:00:00+00:00,61077.450000,61137.570000,60748.770000,60775.120000,0.951080,1782349199999,0,0
0.162861,0.128917,2026-06-25 01:00:00+00:00,60830.270000,60959.550000,60748.770000,60894.060000,0.218420,1782352799999,0,0
0.163434,0.127035,2026-06-25 02:00:00+00:00,60906.330000,60931.410000,60690.950000,60738.420000,0.173560,1782356399999,0,0
0.166845,0.124736,2026-06-25 03:00:00+00:00,60822.630000,60900.610000,60693.070000,60889.670000,0.242310,1782359999999,0,0
0.194028,0.123347,2026-06-25 04:00:00+00:00,60895.030000,61382.030000,60807.260000,61374.620000,0.190140,1782363599999,0,0
0.191669,0.118458,2026-06-25 05:00:00+00:00,61404.520000,61760.760000,61404.520000,61646.750000,0.803630,1782367199999,0,1
0.176068,0.114104,2026-06-25 06:00:00+00:00,61655.180000,61832.320000,61635.020000,61778.600000,0.333360,1782370799999,0,1
0.161078,0.111558,2026-06-25 07:00:00+00:00,61762.090000,61939.650000,61689.060000,61869.650000,0.080930,1782374399999,0,1
0.153427,0.111348,2026-06-25 08:00:00+00:00,61794.870000,61806.210000,61690.520000,61690.520000,0.057910,1782377999999,0,1
0.141923,0.111833,2026-06-25 09:00:00+00:00,61717.070000,61777.860000,61617.030000,61724.840000,0.090910,1782381599999,0,1
0.144178,0.113992,2026-06-25 10:00:00+00:00,61680.990000,61715.810000,61281.310000,61281.310000,0.280660,1782385199999,0,0
0.141239,0.113568,2026-06-25 11:00:00+00:00,61307.350000,61486.520000,60999.620000,61281.060000,10.767280,1782388799999,0,0
0.120834,0.110042,2026-06-25 12:00:00+00:00,61284.330000,61716.410000,61092.980000,61205.370000,0.647580,1782392399999,0,1
0.182476,0.146841,2026-06-25 13:00:00+00:00,61274.130000,61345.250000,58150.000000,58256.130000,8.192770,1782395999999,1,0
0.190796,0.149401,2026-06-25 14:00:00+00:00,58315.160000,60467.780000,58315.160000,59503.560000,10.765060,1782399599999,0,0
0.209870,0.136499,2026-06-25 15:00:00+00:00,59460.460000,59656.250000,58882.400000,59565.550000,20.059040,1782403199999,0,0
0.176552,0.121335,2026-06-25 16:00:00+00:00,59565.000000,60144.680000,59047.760000,59323.830000,12.552910,1782406799999,0,0
0.192101,0.124639,2026-06-25 17:00:00+00:00,59326.610000,59711.110000,59145.840000,59654.410000,4.995770,1782410399999,0,0
0.191986,0.121212,2026-06-25 18:00:00+00:00,59680.760000,59741.280000,59358.980000,59501.960000,2.995560,1782413999999,0,0
0.159797,0.133033,2026-06-25 19:00:00+00:00,59509.980000,59509.980000,59191.640000,59330.610000,1.073170,1782417599999,0,0
0.158733,0.133986,2026-06-25 20:00:00+00:00,59323.210000,59736.970000,59312.560000,59405.420000,6.872270,1782421199999,0,0
0.205846,0.135955,2026-06-25 21:00:00+00:00,59468.210000,60238.950000,59466.980000,60202.800000,8.251540,1782424799999,0,1
0.201761,0.136719,2026-06-25 22:00:00+00:00,60202.800000,60202.800000,59681.110000,59841.200000,14.588360,1782428399999,0,0
0.185655,0.136080,2026-06-25 23:00:00+00:00,59910.990000,60175.100000,59690.220000,59690.220000,4.075540,1782431999999,0,0
0.170844,0.132786,2026-06-26 00:00:00+00:00,59805.820000,59886.330000,59643.480000,59669.680000,1.763370,1782435599999,0,0
0.140352,0.142811,2026-06-26 01:00:00+00:00,59671.280000,59765.310000,59245.830000,59416.320000,0.703450,1782439199999,0,0
0.151040,0.185735,2026-06-26 02:00:00+00:00,59425.540000,59425.540000,58386.320000,58552.910000,9.826080,1782442799999,1,0
0.204308,0.170179,2026-06-26 03:00:00+00:00,58570.520000,60111.000000,58372.730000,59978.650000,1.692140,1782446399999,0,0
0.207808,0.158980,2026-06-26 04:00:00+00:00,60074.600000,60202.890000,59852.110000,59904.250000,0.640640,1782449999999,0,0
0.172868,0.133264,2026-06-26 05:00:00+00:00,59916.000000,60020.440000,59778.360000,59932.000000,0.380260,1782453599999,0,0
0.189680,0.128408,2026-06-26 06:00:00+00:00,59888.830000,60402.110000,59706.930000,60331.430000,0.979830,1782457199999,0,0
0.187612,0.123920,2026-06-26 07:00:00+00:00,60316.300000,60740.710000,60288.410000,60526.170000,0.869640,1782460799999,0,1
0.172411,0.124327,2026-06-26 08:00:00+00:00,60559.810000,60559.810000,60166.480000,60231.140000,0.416220,1782464399999,0,0
0.180858,0.129965,2026-06-26 09:00:00+00:00,60226.300000,60226.300000,59628.880000,59731.260000,0.409230,1782467999999,0,0
0.180724,0.135714,2026-06-26 10:00:00+00:00,59741.170000,59798.320000,59285.190000,59285.190000,0.710540,1782471599999,0,0
0.173354,0.129304,2026-06-26 11:00:00+00:00,59393.860000,59516.810000,59296.180000,59350.640000,0.190620,1782475199999,0,0
0.166356,0.122394,2026-06-26 12:00:00+00:00,59378.260000,59920.070000,58998.390000,59231.680000,1.287000,1782478799999,0,0
0.197945,0.127313,2026-06-26 13:00:00+00:00,59240.170000,60176.120000,58539.060000,60161.840000,9.246950,1782482399999,0,0
0.187945,0.124724,2026-06-26 14:00:00+00:00,60164.850000,60273.410000,59375.900000,59683.590000,5.357750,1782485999999,0,0
0.182553,0.120002,2026-06-26 15:00:00+00:00,59606.480000,60492.960000,59606.480000,60336.010000,4.615400,1782489599999,0,0
0.182451,0.120713,2026-06-26 16:00:00+00:00,60340.580000,60547.170000,59986.730000,60044.290000,0.697980,1782493199999,0,0
0.171044,0.118671,2026-06-26 17:00:00+00:00,60032.080000,60284.460000,59967.460000,60063.100000,4.147200,1782496799999,0,0
0.164095,0.123814,2026-06-26 18:00:00+00:00,60035.540000,60141.920000,59567.460000,59667.460000,0.755970,1782500399999,0,0
0.163803,0.124014,2026-06-26 19:00:00+00:00,59678.210000,60106.670000,59670.340000,59761.600000,0.601590,1782503999999,0,0
0.152915,0.122762,2026-06-26 20:00:00+00:00,59794.970000,59975.700000,59607.820000,59720.670000,3.918260,1782507599999,0,0
0.161299,0.122471,2026-06-26 21:00:00+00:00,59709.800000,60165.600000,59682.410000,59972.250000,3.531400,1782511199999,0,0
0.162780,0.122035,2026-06-26 22:00:00+00:00,59910.580000,60095.070000,59781.280000,60062.750000,0.243380,1782514799999,0,0
0.149554,0.118612,2026-06-26 23:00:00+00:00,60062.600000,60109.660000,59940.800000,60096.020000,0.083520,1782518399999,0,0
0.132674,0.117988,2026-06-27 00:00:00+00:00,60127.680000,60178.120000,59913.050000,60049.020000,0.642360,1782521999999,0,0
0.133202,0.119756,2026-06-27 01:00:00+00:00,60031.590000,60031.590000,59949.040000,59962.440000,0.184030,1782525599999,0,0
0.153664,0.121867,2026-06-27 02:00:00+00:00,59949.490000,60382.610000,59941.930000,60314.900000,7.143080,1782529199999,0,0
0.157567,0.121891,2026-06-27 03:00:00+00:00,60283.530000,60394.990000,60173.780000,60321.850000,0.233090,1782532799999,0,0
0.141549,0.118750,2026-06-27 04:00:00+00:00,60321.850000,60482.400000,60238.940000,60238.940000,8.738140,1782536399999,0,0
0.142916,0.118661,2026-06-27 05:00:00+00:00,60252.020000,60286.760000,60150.400000,60275.520000,0.237100,1782539999999,0,0
0.142790,0.118810,2026-06-27 06:00:00+00:00,60240.210000,60546.010000,60134.500000,60368.080000,6.945120,1782543599999,0,0
0.145040,0.119580,2026-06-27 07:00:00+00:00,60376.020000,60566.920000,60294.120000,60544.650000,0.143210,1782547199999,0,0
0.134556,0.118082,2026-06-27 08:00:00+00:00,60541.010000,60541.010000,60416.000000,60454.670000,0.203250,1782550799999,0,0
0.128498,0.117506,2026-06-27 09:00:00+00:00,60497.060000,60497.060000,60311.680000,60416.200000,0.025710,1782554399999,0,0
0.124902,0.117454,2026-06-27 10:00:00+00:00,60435.680000,60460.300000,60329.700000,60382.120000,0.610430,1782557999999,0,0
0.122297,0.117766,2026-06-27 11:00:00+00:00,60441.620000,60447.490000,60191.410000,60363.310000,3.669940,1782561599999,0,0
0.122975,0.117771,2026-06-27 12:00:00+00:00,60348.590000,60465.070000,60282.350000,60416.610000,4.088910,1782565199999,0,0
0.129515,0.118638,2026-06-27 13:00:00+00:00,60436.650000,60634.700000,60393.260000,60582.450000,0.144440,1782568799999,0,0
0.134932,0.118173,2026-06-27 14:00:00+00:00,60518.610000,60717.340000,60518.610000,60637.270000,0.152270,1782572399999,0,0
0.142854,0.117874,2026-06-27 15:00:00+00:00,60599.060000,60914.550000,60599.060000,60840.980000,1.227800,1782575999999,0,0
0.140550,0.117214,2026-06-27 16:00:00+00:00,60836.680000,60848.960000,60689.820000,60812.570000,0.194630,1782579599999,0,0
0.136458,0.118740,2026-06-27 17:00:00+00:00,60804.120000,60804.120000,60437.670000,60527.670000,4.539980,1782583199999,0,0
0.131972,0.119462,2026-06-27 18:00:00+00:00,60525.980000,60567.990000,60456.180000,60543.130000,0.119530,1782586799999,0,0
0.140589,0.122678,2026-06-27 19:00:00+00:00,60598.240000,60600.540000,60095.810000,60177.020000,0.482730,1782590399999,0,0
0.142125,0.123358,2026-06-27 20:00:00+00:00,60226.560000,60300.990000,60219.960000,60258.520000,0.169900,1782593999999,0,0
0.135969,0.120082,2026-06-27 21:00:00+00:00,60286.310000,60477.880000,60144.090000,60186.010000,0.192510,1782597599999,0,0
0.132452,0.119091,2026-06-27 22:00:00+00:00,60201.890000,60249.570000,59871.780000,60223.890000,0.478590,1782601199999,0,0
0.137041,0.121067,2026-06-27 23:00:00+00:00,60239.250000,60298.280000,59976.290000,60034.550000,0.223880,1782604799999,0,0
0.137475,0.120202,2026-06-28 00:00:00+00:00,60065.000000,60197.460000,60031.590000,60184.410000,0.097090,1782608399999,0,0
0.143803,0.120347,2026-06-28 01:00:00+00:00,60150.640000,60261.070000,60000.000000,60219.260000,7.377750,1782611999999,0,0
0.133530,0.118676,2026-06-28 02:00:00+00:00,60226.330000,60342.790000,60057.710000,60165.810000,0.519570,1782615599999,0,0
0.131103,0.118710,2026-06-28 03:00:00+00:00,60185.220000,60281.190000,60165.680000,60165.680000,0.093390,1782619199999,0,0
0.126025,0.118184,2026-06-28 04:00:00+00:00,60209.160000,60233.390000,60127.620000,60147.650000,0.084530,1782622799999,0,0
0.128436,0.121526,2026-06-28 05:00:00+00:00,60129.000000,60143.690000,59786.330000,59987.740000,3.732500,1782626399999,0,0
0.125408,0.121860,2026-06-28 06:00:00+00:00,60009.680000,60020.270000,59827.520000,60004.050000,3.452560,1782629999999,0,0
0.137024,0.121572,2026-06-28 07:00:00+00:00,60024.910000,60233.340000,60024.910000,60201.930000,0.047690,1782633599999,0,0
0.158793,0.121985,2026-06-28 08:00:00+00:00,60239.740000,60520.370000,60177.430000,60432.770000,0.032990,1782637199999,0,0
0.148322,0.119364,2026-06-28 09:00:00+00:00,60296.000000,60446.740000,60281.650000,60281.650000,0.049660,1782640799999,0,0
0.143578,0.119121,2026-06-28 10:00:00+00:00,60256.060000,60269.380000,60075.000000,60194.160000,0.181900,1782644399999,0,0
0.143751,0.118646,2026-06-28 11:00:00+00:00,60178.840000,60362.950000,60129.570000,60362.950000,0.277960,1782647999999,0,0
0.138124,0.119195,2026-06-28 12:00:00+00:00,60332.870000,60437.670000,60211.310000,60275.620000,0.074350,1782651599999,0,0
0.134306,0.120462,2026-06-28 13:00:00+00:00,60213.160000,60230.320000,59994.380000,60114.500000,0.912670,1782655199999,0,0
0.132594,0.119364,2026-06-28 14:00:00+00:00,60084.690000,60208.510000,60043.170000,60092.590000,0.064030,1782658799999,0,0
0.137787,0.120358,2026-06-28 15:00:00+00:00,60037.220000,60097.480000,59816.480000,59866.710000,1.042410,1782662399999,0,0
0.142681,0.122626,2026-06-28 16:00:00+00:00,59905.980000,59945.000000,59581.370000,59695.130000,0.605920,1782665999999,0,0
0.141478,0.122227,2026-06-28 17:00:00+00:00,59684.050000,59837.160000,59362.160000,59578.480000,7.284000,1782669599999,0,0
0.138431,0.120111,2026-06-28 18:00:00+00:00,59594.820000,59695.710000,59500.420000,59596.100000,0.258820,1782673199999,0,0
0.139212,0.120860,2026-06-28 19:00:00+00:00,59625.560000,59658.450000,59264.900000,59480.420000,3.742240,1782676799999,0,0
0.142838,0.120301,2026-06-28 20:00:00+00:00,59489.820000,59737.040000,59489.820000,59643.070000,0.426820,1782680399999,0,0
0.143072,0.121714,2026-06-28 21:00:00+00:00,59663.210000,59764.640000,59356.180000,59408.510000,3.714340,1782683999999,0,0
0.149147,0.129581,2026-06-28 22:00:00+00:00,59458.510000,59894.480000,58938.360000,59066.340000,7.552840,1782687599999,0,0
0.163936,0.127262,2026-06-28 23:00:00+00:00,59013.850000,59835.770000,59013.850000,59523.420000,0.695840,1782691199999,0,0
0.178446,0.126481,2026-06-29 00:00:00+00:00,59582.850000,59643.480000,59030.000000,59643.480000,1.190440,1782694799999,0,0
0.148837,0.121562,2026-06-29 01:00:00+00:00,59671.060000,59689.110000,59220.420000,59474.140000,0.489020,1782698399999,0,0
0.161078,0.120125,2026-06-29 02:00:00+00:00,59389.450000,59800.000000,58922.520000,59752.880000,2.847900,1782701999999,0,0
0.180649,0.120681,2026-06-29 03:00:00+00:00,59773.360000,60219.650000,59773.360000,60053.830000,2.145520,1782705599999,0,0
0.166487,0.119136,2026-06-29 04:00:00+00:00,60068.530000,60068.530000,59786.330000,59828.640000,0.259960,1782709199999,0,0
0.168577,0.118000,2026-06-29 05:00:00+00:00,59856.780000,60075.000000,59400.000000,60075.000000,0.504450,1782712799999,0,0
0.172332,0.117735,2026-06-29 06:00:00+00:00,60095.320000,60347.410000,60058.770000,60089.800000,0.247390,1782716399999,0,0
0.157282,0.115791,2026-06-29 07:00:00+00:00,60054.000000,60174.380000,59951.060000,60113.720000,0.083680,1782719999999,0,0
0.161440,0.117955,2026-06-29 08:00:00+00:00,60031.150000,60080.210000,59779.130000,59835.130000,0.348220,1782723599999,0,0
0.161317,0.116791,2026-06-29 09:00:00+00:00,59841.530000,60084.830000,59813.720000,60043.430000,0.122640,1782727199999,0,0
0.151470,0.116397,2026-06-29 10:00:00+00:00,60075.000000,60304.430000,60075.000000,60096.680000,0.609200,1782730799999,0,0
0.135383,0.114239,2026-06-29 11:00:00+00:00,60087.090000,60150.110000,59826.170000,59951.060000,0.547240,1782734399999,0,0
0.131253,0.113273,2026-06-29 12:00:00+00:00,59967.420000,60767.220000,59591.560000,59977.320000,1.859180,1782737999999,0,0
0.136872,0.115097,2026-06-29 13:00:00+00:00,59972.810000,60332.350000,59355.470000,59563.490000,1.625880,1782741599999,0,0
0.137607,0.116734,2026-06-29 14:00:00+00:00,59557.840000,59668.150000,59023.260000,59426.240000,1.656260,1782745199999,0,0
0.155821,0.116028,2026-06-29 15:00:00+00:00,59417.220000,59939.600000,59108.050000,59912.730000,1.318400,1782748799999,0,0
0.158092,0.115183,2026-06-29 16:00:00+00:00,59810.900000,59994.380000,59591.100000,59865.650000,0.306260,1782752399999,0,0
0.167759,0.114025,2026-06-29 17:00:00+00:00,59910.050000,60672.380000,59910.050000,60390.320000,1.008210,1782755999999,0,1
0.166342,0.112644,2026-06-29 18:00:00+00:00,60383.330000,60524.010000,60184.290000,60262.600000,0.619790,1782759599999,0,1
0.155251,0.110237,2026-06-29 19:00:00+00:00,60280.650000,60551.740000,60154.390000,60440.480000,1.499180,1782763199999,0,1
0.150104,0.110695,2026-06-29 20:00:00+00:00,60422.920000,60527.560000,60298.910000,60298.910000,1.578040,1782766799999,0,1
0.153000,0.110901,2026-06-29 21:00:00+00:00,60289.470000,60570.000000,60260.450000,60510.380000,0.511620,1782770399999,0,1
0.149249,0.111224,2026-06-29 22:00:00+00:00,60476.760000,60496.450000,60352.800000,60368.740000,0.526130,1782773999999,0,1
0.148261,0.110817,2026-06-29 23:00:00+00:00,60361.870000,60374.450000,60208.500000,60253.780000,0.303350,1782777599999,0,1
0.159812,0.112893,2026-06-30 00:00:00+00:00,60222.390000,60248.100000,59692.600000,59841.270000,6.819180,1782781199999,0,0
0.153147,0.112353,2026-06-30 01:00:00+00:00,59848.940000,60044.230000,59776.800000,59926.530000,1.094000,1782784799999,0,1
0.138838,0.110861,2026-06-30 02:00:00+00:00,59940.290000,60023.030000,59761.150000,60007.820000,0.242970,1782788399999,0,1
0.139054,0.111582,2026-06-30 03:00:00+00:00,59947.310000,60009.620000,59599.270000,59615.100000,0.233700,1782791999999,0,1
0.137812,0.111986,2026-06-30 04:00:00+00:00,59622.940000,59705.670000,59438.970000,59496.440000,0.707400,1782795599999,0,0
0.134963,0.109910,2026-06-30 05:00:00+00:00,59498.340000,59652.060000,59370.910000,59652.060000,0.168530,1782799199999,0,1
0.135661,0.109999,2026-06-30 06:00:00+00:00,59652.070000,59693.710000,59528.770000,59562.990000,0.137900,1782802799999,0,0
0.129844,0.109338,2026-06-30 07:00:00+00:00,59627.420000,59627.420000,59454.200000,59530.020000,0.359060,1782806399999,0,0
0.133229,0.110358,2026-06-30 08:00:00+00:00,59540.660000,59555.230000,59200.770000,59281.190000,0.171540,1782809999999,0,0
0.132025,0.110335,2026-06-30 09:00:00+00:00,59304.210000,59410.930000,59258.440000,59387.080000,0.614930,1782813599999,0,0
0.128013,0.110029,2026-06-30 10:00:00+00:00,59391.450000,59400.880000,59301.030000,59350.500000,0.175560,1782817199999,0,0
0.125017,0.110452,2026-06-30 11:00:00+00:00,59342.360000,59403.050000,59135.510000,59186.460000,5.387870,1782820799999,0,0
0.149696,0.118229,2026-06-30 12:00:00+00:00,59167.170000,59167.170000,58406.520000,58406.520000,2.904110,1782824399999,0,0
0.154285,0.118325,2026-06-30 13:00:00+00:00,58416.290000,58762.250000,58280.000000,58681.650000,4.633180,1782827999999,0,0
0.149389,0.116603,2026-06-30 14:00:00+00:00,58730.310000,59245.830000,58452.990000,58500.000000,3.320970,1782831599999,0,0
0.140261,0.117862,2026-06-30 15:00:00+00:00,58484.900000,58801.370000,58206.630000,58373.050000,1.001880,1782835199999,0,0
0.141057,0.116136,2026-06-30 16:00:00+00:00,58366.890000,58599.490000,58227.640000,58477.960000,1.398970,1782838799999,0,0
0.136924,0.114843,2026-06-30 17:00:00+00:00,58477.960000,58627.340000,58320.980000,58413.310000,0.199940,1782842399999,0,0
0.149832,0.115672,2026-06-30 18:00:00+00:00,58416.290000,58675.760000,58341.310000,58675.760000,4.776720,1782845999999,0,0
0.167510,0.114505,2026-06-30 19:00:00+00:00,58674.930000,58845.190000,58588.160000,58805.500000,1.425250,1782849599999,0,0
0.152130,0.111861,2026-06-30 20:00:00+00:00,58762.250000,58869.560000,58675.760000,58762.040000,0.562540,1782853199999,0,0
0.143054,0.111620,2026-06-30 21:00:00+00:00,58732.600000,58742.580000,58528.230000,58633.720000,0.214070,1782856799999,0,0
0.136574,0.111342,2026-06-30 22:00:00+00:00,58675.760000,58762.250000,58507.730000,58602.200000,0.317090,1782860399999,0,0
0.123960,0.110723,2026-06-30 23:00:00+00:00,58613.680000,58672.130000,58582.390000,58632.520000,0.186550,1782863999999,0,0
0.122356,0.110664,2026-07-01 00:00:00+00:00,58631.510000,58745.820000,58355.370000,58570.240000,0.358660,1782867599999,0,0
0.136084,0.110756,2026-07-01 01:00:00+00:00,58580.350000,59100.000000,57800.000000,58780.560000,6.563150,1782871199999,0,0
0.172067,0.111369,2026-07-01 02:00:00+00:00,58775.110000,59177.060000,58624.270000,59108.210000,5.145280,1782874799999,0,0
0.171387,0.110179,2026-07-01 03:00:00+00:00,59064.960000,59304.320000,58868.770000,59187.890000,4.703490,1782878399999,0,0
0.165584,0.108844,2026-07-01 04:00:00+00:00,59163.770000,59443.380000,59069.070000,59327.540000,1.114790,1782881999999,0,0
0.158451,0.108262,2026-07-01 05:00:00+00:00,59324.430000,59369.910000,59132.520000,59139.390000,0.855100,1782885599999,0,0
0.157433,0.109836,2026-07-01 06:00:00+00:00,59151.450000,59156.410000,58543.300000,58733.630000,0.595370,1782889199999,0,0
0.148031,0.110279,2026-07-01 07:00:00+00:00,58753.730000,58773.180000,58617.420000,58750.890000,1.051430,1782892799999,0,0
0.149863,0.110107,2026-07-01 08:00:00+00:00,58755.170000,58952.070000,58486.040000,58952.070000,0.434510,1782896399999,0,0
0.145914,0.109459,2026-07-01 09:00:00+00:00,58952.140000,59064.960000,58856.690000,58935.230000,0.198980,1782899999999,0,0
0.136964,0.108541,2026-07-01 10:00:00+00:00,58923.940000,58923.940000,58632.530000,58650.000000,0.473110,1782903599999,1,0
0.134123,0.108188,2026-07-01 11:00:00+00:00,58655.610000,58752.820000,58529.000000,58563.610000,0.827540,1782907199999,1,0
0.123756,0.107014,2026-07-01 12:00:00+00:00,58632.520000,58640.220000,58330.140000,58566.970000,6.993760,1782910799999,1,0
0.186085,0.112035,2026-07-01 13:00:00+00:00,58544.670000,59492.460000,58544.670000,59492.460000,3.738360,1782914399999,1,0
0.185289,0.111174,2026-07-01 14:00:00+00:00,59454.160000,60075.000000,59228.740000,59516.960000,17.696060,1782917999999,1,0
0.175365,0.109192,2026-07-01 15:00:00+00:00,59540.660000,60515.310000,59519.880000,60157.220000,4.840160,1782921599999,0,0
0.172815,0.108861,2026-07-01 16:00:00+00:00,60151.230000,60256.050000,59868.540000,59887.490000,3.644250,1782925199999,1,0
0.167370,0.108379,2026-07-01 17:00:00+00:00,59901.610000,60235.950000,59799.800000,60184.750000,0.574720,1782928799999,0,0
0.166971,0.109942,2026-07-01 18:00:00+00:00,60180.870000,60283.490000,60034.380000,60158.210000,0.614180,1782932399999,0,0
0.162518,0.109124,2026-07-01 19:00:00+00:00,60189.320000,60319.060000,60031.130000,60031.130000,0.257550,1782935999999,0,0
0.156744,0.109602,2026-07-01 20:00:00+00:00,60044.650000,60189.320000,59852.470000,60118.160000,7.973770,1782939599999,0,0
0.172235,0.112046,2026-07-01 21:00:00+00:00,60128.720000,60859.600000,60128.720000,60815.700000,3.396260,1782943199999,0,0
0.169209,0.111444,2026-07-01 22:00:00+00:00,60824.660000,61321.460000,60354.060000,60490.860000,7.411810,1782946799999,0,0
0.169387,0.110031,2026-07-01 23:00:00+00:00,60461.780000,60461.780000,60000.000000,60033.870000,5.582830,1782950399999,0,0
0.150685,0.110351,2026-07-02 00:00:00+00:00,60016.350000,60016.350000,59593.670000,59704.000000,0.987740,1782953999999,1,0
0.144101,0.110507,2026-07-02 01:00:00+00:00,59755.090000,60308.220000,59726.680000,60171.720000,0.665380,1782957599999,1,0
0.153596,0.112173,2026-07-02 02:00:00+00:00,60188.610000,60480.000000,60037.180000,60442.680000,0.837440,1782961199999,0,0
0.156966,0.111399,2026-07-02 03:00:00+00:00,60430.610000,61110.550000,60341.780000,61054.210000,0.899600,1782964799999,0,0
0.145790,0.109228,2026-07-02 04:00:00+00:00,61013.130000,61031.800000,60739.150000,60794.750000,0.433560,1782968399999,0,0
0.142067,0.107702,2026-07-02 05:00:00+00:00,60791.250000,60866.350000,60485.820000,60535.280000,4.592760,1782971999999,0,0
0.134810,0.108685,2026-07-02 06:00:00+00:00,60503.680000,60628.120000,60267.680000,60275.810000,0.426700,1782975599999,1,0
0.126141,0.108678,2026-07-02 07:00:00+00:00,60257.200000,60298.470000,60117.970000,60129.920000,0.333310,1782979199999,1,0
0.133662,0.109434,2026-07-02 08:00:00+00:00,60133.460000,60535.400000,60133.460000,60508.870000,0.281040,1782982799999,0,0
0.165681,0.112104,2026-07-02 09:00:00+00:00,60508.890000,61422.600000,60385.740000,61190.430000,11.773390,1782986399999,0,0
0.160420,0.110214,2026-07-02 10:00:00+00:00,61183.950000,61326.050000,61060.190000,61260.180000,1.130730,1782989999999,0,0
0.145966,0.107095,2026-07-02 11:00:00+00:00,61227.190000,61379.030000,61132.500000,61376.600000,2.212220,1782993599999,0,0
0.149444,0.107378,2026-07-02 12:00:00+00:00,61356.930000,61608.720000,61169.580000,61551.400000,4.127530,1782997199999,0,0
0.156271,0.109059,2026-07-02 13:00:00+00:00,61551.420000,62034.690000,61519.730000,61937.750000,9.791920,1783000799999,0,0
0.153822,0.108662,2026-07-02 14:00:00+00:00,61919.100000,62199.020000,61418.150000,61659.630000,7.705250,1783004399999,0,0
0.151471,0.108183,2026-07-02 15:00:00+00:00,61686.690000,61832.620000,61443.410000,61616.390000,1.173360,1783007999999,0,0
0.139645,0.107937,2026-07-02 16:00:00+00:00,61623.420000,61773.260000,61160.840000,61675.690000,0.675660,1783011599999,0,0
0.135114,0.108097,2026-07-02 17:00:00+00:00,61667.810000,61939.530000,61620.230000,61665.420000,4.129050,1783015199999,0,0
0.127378,0.107919,2026-07-02 18:00:00+00:00,61691.340000,61860.310000,61685.140000,61747.650000,0.474250,1783018799999,0,0
0.115909,0.107681,2026-07-02 19:00:00+00:00,61737.770000,61742.740000,61443.410000,61443.410000,2.160990,1783022399999,0,0
0.100819,0.106908,2026-07-02 20:00:00+00:00,61486.660000,61588.520000,61349.940000,61588.520000,2.464870,1783025999999,0,0
0.094836,0.106285,2026-07-02 21:00:00+00:00,61573.170000,61616.390000,61509.880000,61581.560000,1.654290,1783029599999,0,0
0.088299,0.104773,2026-07-02 22:00:00+00:00,61573.150000,61573.150000,61437.750000,61529.900000,0.076520,1783033199999,0,0
0.087788,0.104497,2026-07-02 23:00:00+00:00,61486.660000,61585.760000,61352.980000,61557.610000,0.772720,1783036799999,0,0
0.095325,0.105639,2026-07-03 00:00:00+00:00,61573.150000,61573.150000,61270.440000,61313.710000,1.330130,1783040399999,0,0
0.098985,0.106474,2026-07-03 01:00:00+00:00,61318.100000,61728.200000,61313.680000,61601.240000,0.422130,1783043999999,0,0
0.101018,0.106546,2026-07-03 02:00:00+00:00,61612.280000,61650.310000,61313.680000,61453.070000,0.093550,1783047599999,0,0
0.095001,0.105122,2026-07-03 03:00:00+00:00,61443.410000,61586.080000,61332.310000,61444.550000,0.122900,1783051199999,0,0
0.092379,0.104241,2026-07-03 04:00:00+00:00,61455.530000,61534.000000,61349.950000,61454.300000,0.724010,1783054799999,0,0
0.109314,0.106733,2026-07-03 05:00:00+00:00,61443.410000,61786.880000,61443.410000,61708.130000,0.234170,1783058399999,0,0
0.113841,0.106913,2026-07-03 06:00:00+00:00,61707.440000,61833.780000,61616.390000,61735.850000,0.176310,1783061999999,0,0
0.108469,0.104580,2026-07-03 07:00:00+00:00,61710.910000,61978.670000,61685.670000,61758.440000,7.703550,1783065599999,0,0
0.114305,0.105047,2026-07-03 08:00:00+00:00,61766.840000,61889.680000,61575.950000,61575.950000,0.219700,1783069199999,0,0
0.116996,0.105527,2026-07-03 09:00:00+00:00,61573.150000,61755.590000,61554.450000,61746.130000,0.022100,1783072799999,0,0
0.130917,0.107260,2026-07-03 10:00:00+00:00,61735.760000,62048.820000,61679.020000,61919.100000,3.786790,1783076399999,0,0
0.135100,0.106923,2026-07-03 11:00:00+00:00,61892.640000,62088.700000,61860.320000,62032.180000,3.752930,1783079999999,0,0
0.122867,0.105348,2026-07-03 12:00:00+00:00,62016.180000,62182.630000,61908.200000,61962.510000,0.223740,1783083599999,0,0
0.129689,0.105844,2026-07-03 13:00:00+00:00,61985.000000,62269.810000,61962.350000,62131.170000,1.128540,1783087199999,0,0
0.128794,0.106532,2026-07-03 14:00:00+00:00,62114.020000,62245.300000,61714.090000,62168.410000,1.632740,1783090799999,0,0
0.117331,0.106016,2026-07-03 15:00:00+00:00,62182.980000,62383.020000,61832.620000,61919.160000,1.343130,1783094399999,0,0
0.112959,0.106101,2026-07-03 16:00:00+00:00,61923.470000,62096.960000,61916.380000,62092.080000,0.397720,1783097999999,0,0
0.117737,0.106882,2026-07-03 17:00:00+00:00,62135.330000,62301.060000,62135.330000,62178.570000,4.903930,1783101599999,0,0
0.108615,0.105704,2026-07-03 18:00:00+00:00,62202.320000,62256.460000,62120.940000,62212.130000,3.640720,1783105199999,0,0
0.105016,0.104970,2026-07-03 19:00:00+00:00,62212.170000,62308.290000,62157.890000,62225.310000,0.505560,1783108799999,0,0
0.139813,0.108746,2026-07-03 20:00:00+00:00,62225.690000,62892.640000,62196.830000,62740.750000,10.382420,1783112399999,0,0
0.139157,0.108830,2026-07-03 21:00:00+00:00,62783.990000,62956.970000,62522.730000,62740.760000,1.350660,1783115999999,0,0
0.118012,0.105599,2026-07-03 22:00:00+00:00,62740.750000,62740.750000,62525.660000,62598.840000,0.188810,1783119599999,0,0
0.115286,0.105793,2026-07-03 23:00:00+00:00,62569.100000,62704.370000,62536.450000,62607.320000,0.139180,1783123199999,0,0
0.117366,0.106861,2026-07-04 00:00:00+00:00,62603.200000,62931.210000,62594.010000,62776.060000,2.236040,1783126799999,0,0
0.109990,0.107119,2026-07-04 01:00:00+00:00,62776.050000,62776.050000,62423.270000,62481.280000,4.105940,1783130399999,0,0
0.108579,0.106897,2026-07-04 02:00:00+00:00,62485.130000,62567.490000,62452.880000,62538.960000,3.590260,1783133999999,0,0
0.103820,0.106413,2026-07-04 03:00:00+00:00,62527.840000,62740.730000,62501.470000,62653.390000,0.207810,1783137599999,0,0
0.099525,0.105707,2026-07-04 04:00:00+00:00,62642.840000,62740.740000,62617.760000,62657.150000,0.409390,1783141199999,0,0
0.096655,0.105380,2026-07-04 05:00:00+00:00,62697.490000,62697.490000,62471.830000,62471.830000,0.206470,1783144799999,0,0
0.093037,0.104960,2026-07-04 06:00:00+00:00,62473.880000,62527.000000,62344.720000,62507.110000,0.416200,1783148399999,0,0
0.089271,0.104415,2026-07-04 07:00:00+00:00,62505.690000,62611.020000,62486.130000,62582.790000,0.066960,1783151999999,0,0
0.089749,0.104380,2026-07-04 08:00:00+00:00,62596.760000,62640.810000,62533.920000,62611.020000,0.180890,1783155599999,0,0
0.089049,0.104033,2026-07-04 09:00:00+00:00,62572.520000,62572.520000,62448.780000,62508.910000,0.080500,1783159199999,0,0
0.089199,0.104042,2026-07-04 10:00:00+00:00,62496.670000,62543.970000,62479.230000,62524.530000,0.031140,1783162799999,0,0
0.087619,0.103464,2026-07-04 11:00:00+00:00,62499.440000,62545.980000,62478.580000,62505.640000,0.198170,1783166399999,0,0
0.093558,0.105222,2026-07-04 12:00:00+00:00,62505.640000,62680.850000,62505.640000,62673.120000,0.868350,1783169999999,0,0
0.092610,0.104910,2026-07-04 13:00:00+00:00,62659.080000,62758.070000,62550.850000,62588.570000,1.952660,1783173599999,0,0
0.091341,0.104173,2026-07-04 14:00:00+00:00,62599.680000,62721.700000,62599.680000,62673.690000,0.045630,1783177199999,0,0
0.112515,0.106893,2026-07-04 15:00:00+00:00,62697.500000,63043.460000,62697.500000,62928.670000,2.042840,1783180799999,0,0
0.113342,0.106411,2026-07-04 16:00:00+00:00,62913.730000,62966.470000,62751.510000,62913.730000,4.871240,1783184399999,0,0
0.131153,0.107737,2026-07-04 17:00:00+00:00,62870.480000,63418.940000,62819.400000,63293.580000,15.731250,1783187999999,0,0
0.131005,0.107413,2026-07-04 18:00:00+00:00,63287.570000,63349.240000,63115.000000,63164.090000,10.049700,1783191599999,0,0
0.121351,0.105880,2026-07-04 19:00:00+00:00,63159.290000,63449.910000,63118.890000,63308.580000,5.146070,1783195199999,0,0
0.116503,0.106235,2026-07-04 20:00:00+00:00,63302.930000,63387.100000,63164.740000,63238.640000,0.799630,1783198799999,0,0
0.110350,0.105779,2026-07-04 21:00:00+00:00,63235.990000,63453.490000,63216.440000,63321.930000,0.948200,1783202399999,0,0
0.102419,0.105941,2026-07-04 22:00:00+00:00,63317.520000,63317.520000,63180.000000,63197.910000,0.819670,1783205999999,0,0
0.098297,0.105662,2026-07-04 23:00:00+00:00,63180.000000,63229.380000,62940.170000,63173.190000,8.358440,1783209599999,0,0
0.097762,0.105824,2026-07-05 00:00:00+00:00,63137.870000,63137.870000,62926.800000,62987.820000,7.418070,1783213199999,0,0
0.096630,0.105748,2026-07-05 01:00:00+00:00,62989.090000,63026.680000,62800.010000,62870.480000,4.645910,1783216799999,0,0
0.096220,0.105061,2026-07-05 02:00:00+00:00,62913.730000,62917.740000,62613.890000,62699.020000,0.367110,1783220399999,0,0
0.094062,0.104015,2026-07-05 03:00:00+00:00,62697.500000,62778.730000,62689.370000,62777.000000,0.277980,1783223999999,0,0
0.093768,0.104008,2026-07-05 04:00:00+00:00,62780.640000,62959.690000,62708.830000,62833.460000,0.049420,1783227599999,0,0
0.090563,0.103402,2026-07-05 05:00:00+00:00,62827.240000,62827.240000,62686.000000,62758.860000,0.546820,1783231199999,0,0
0.090164,0.103495,2026-07-05 06:00:00+00:00,62740.750000,62826.310000,62672.600000,62788.840000,0.026380,1783234799999,0,0
0.103165,0.106425,2026-07-05 07:00:00+00:00,62805.550000,63042.820000,62729.540000,63042.820000,0.162060,1783238399999,0,0
0.098896,0.105778,2026-07-05 08:00:00+00:00,63043.460000,63086.700000,62909.420000,62923.520000,0.180620,1783241999999,0,0
0.099881,0.106306,2026-07-05 09:00:00+00:00,62913.730000,62919.560000,62481.280000,62611.020000,1.712800,1783245599999,0,0
0.098123,0.105997,2026-07-05 10:00:00+00:00,62586.910000,62740.750000,62567.770000,62740.750000,0.389700,1783249199999,0,0
0.094426,0.105094,2026-07-05 11:00:00+00:00,62745.100000,62783.990000,62625.000000,62681.340000,0.047300,1783252799999,0,0
0.092329,0.104451,2026-07-05 12:00:00+00:00,62654.260000,62763.340000,62596.770000,62740.750000,0.395590,1783256399999,0,0
0.093865,0.105258,2026-07-05 13:00:00+00:00,62741.670000,62819.400000,62659.140000,62791.810000,0.642330,1783259999999,0,0
0.092583,0.104821,2026-07-05 14:00:00+00:00,62798.950000,62828.880000,62682.920000,62815.680000,0.057890,1783263599999,0,0
0.090630,0.104641,2026-07-05 15:00:00+00:00,62808.010000,62945.710000,62683.720000,62740.750000,3.878670,1783267199999,0,0
0.093353,0.105393,2026-07-05 16:00:00+00:00,62731.070000,62766.480000,62572.500000,62630.040000,5.230710,1783270799999,0,0
0.092339,0.105006,2026-07-05 17:00:00+00:00,62644.760000,62783.990000,62600.870000,62631.640000,0.263750,1783274399999,0,0
0.097999,0.106459,2026-07-05 18:00:00+00:00,62631.830000,62848.970000,62631.830000,62827.240000,0.283560,1783277999999,0,0
0.095774,0.106077,2026-07-05 19:00:00+00:00,62783.990000,62864.260000,62740.750000,62784.000000,0.941310,1783281599999,0,0
0.090133,0.104531,2026-07-05 20:00:00+00:00,62784.000000,62848.700000,62719.180000,62731.660000,6.715360,1783285199999,0,0
0.114005,0.107691,2026-07-05 21:00:00+00:00,62697.500000,63219.400000,62554.050000,63117.470000,6.316710,1783288799999,0,0
0.153946,0.111472,2026-07-05 22:00:00+00:00,63086.710000,63943.640000,63003.170000,63745.740000,4.462460,1783292399999,0,1
0.145132,0.109645,2026-07-05 23:00:00+00:00,63760.180000,63999.960000,63580.560000,63637.540000,2.743680,1783295999999,0,1
0.128555,0.106345,2026-07-06 00:00:00+00:00,63648.890000,63773.610000,63376.640000,63773.610000,8.261480,1783299599999,0,1
0.128698,0.107009,2026-07-06 01:00:00+00:00,63762.420000,63917.190000,63562.400000,63581.730000,2.855690,1783303199999,0,1
0.124400,0.107845,2026-07-06 02:00:00+00:00,63602.460000,63669.370000,63380.400000,63453.590000,4.028140,1783306799999,0,1
0.115008,0.107992,2026-07-06 03:00:00+00:00,63475.900000,63475.900000,63173.190000,63274.020000,0.516970,1783310399999,0,1
0.107887,0.106954,2026-07-06 04:00:00+00:00,63286.190000,63384.430000,63214.670000,63259.680000,0.373740,1783313999999,0,1
0.101775,0.105727,2026-07-06 05:00:00+00:00,63241.390000,63251.840000,62953.800000,63128.940000,0.458660,1783317599999,0,0
0.100892,0.106234,2026-07-06 06:00:00+00:00,63115.800000,63152.520000,62985.760000,62985.760000,0.896780,1783321199999,0,0
0.094108,0.104772,2026-07-06 07:00:00+00:00,62968.260000,63117.120000,62890.620000,63090.980000,0.199540,1783324799999,0,0
0.091718,0.104491,2026-07-06 08:00:00+00:00,63117.470000,63216.440000,62868.780000,62890.790000,1.001580,1783328399999,0,0
0.097923,0.105909,2026-07-06 09:00:00+00:00,62890.530000,62890.530000,62644.250000,62672.060000,0.842600,1783331999999,0,0
0.096137,0.105105,2026-07-06 10:00:00+00:00,62666.460000,63038.380000,62666.460000,62870.480000,3.792020,1783335599999,0,0
0.101220,0.106379,2026-07-06 11:00:00+00:00,62842.990000,62981.060000,62522.730000,62522.730000,0.362650,1783339199999,0,0
0.121747,0.114311,2026-07-06 12:00:00+00:00,62500.000000,62500.000000,61672.300000,61746.130000,9.352410,1783342799999,0,0
0.123203,0.114184,2026-07-06 13:00:00+00:00,61714.100000,62022.720000,61322.370000,61776.990000,3.104250,1783346399999,1,0
0.124986,0.109501,2026-07-06 14:00:00+00:00,61789.370000,62394.790000,61724.330000,62029.240000,1.151810,1783349999999,1,0
0.197754,0.122768,2026-07-06 15:00:00+00:00,62048.830000,63535.970000,62048.830000,63519.150000,10.851340,1783353599999,0,0
0.187449,0.118306,2026-07-06 16:00:00+00:00,63541.600000,63852.760000,63409.800000,63711.140000,0.756890,1783357199999,0,0
0.149612,0.107302,2026-07-06 17:00:00+00:00,63735.370000,63925.870000,63576.670000,63576.670000,1.369090,1783360799999,0,0
0.149040,0.107551,2026-07-06 18:00:00+00:00,63581.710000,63868.850000,63576.910000,63705.290000,3.862170,1783364399999,0,0
0.151268,0.109056,2026-07-06 19:00:00+00:00,63700.440000,63868.850000,63662.780000,63717.860000,3.821170,1783367999999,0,0
0.144577,0.110236,2026-07-06 20:00:00+00:00,63735.370000,63877.590000,63588.770000,63835.540000,0.274890,1783371599999,0,0
0.165182,0.113574,2026-07-06 21:00:00+00:00,63830.120000,64649.500000,63821.860000,64476.370000,13.168540,1783375199999,0,0
0.157731,0.112448,2026-07-06 22:00:00+00:00,64491.820000,64491.820000,64167.820000,64215.510000,1.600460,1783378799999,0,0
0.155332,0.111042,2026-07-06 23:00:00+00:00,64229.520000,64335.960000,64033.630000,64033.630000,1.342420,1783382399999,0,0
0.134948,0.110219,2026-07-07 00:00:00+00:00,64038.090000,64310.190000,64012.790000,64206.660000,0.529680,1783385999999,0,0
0.120859,0.110348,2026-07-07 01:00:00+00:00,64171.910000,64171.910000,63777.000000,63831.960000,0.466460,1783389599999,0,0
0.105313,0.112739,2026-07-07 02:00:00+00:00,63843.190000,63904.950000,63302.930000,63312.600000,3.276280,1783393199999,0,0
0.103212,0.110963,2026-07-07 03:00:00+00:00,63346.170000,63402.960000,63157.890000,63173.190000,0.220900,1783396799999,0,0
0.095923,0.104519,2026-07-07 04:00:00+00:00,63165.990000,63267.040000,63072.550000,63106.860000,0.182740,1783400399999,0,0
0.093828,0.102113,2026-07-07 05:00:00+00:00,63110.840000,63279.990000,62827.240000,63136.340000,0.286770,1783403999999,0,0
0.097260,0.106880,2026-07-07 06:00:00+00:00,63133.600000,63393.750000,63027.000000,63355.580000,0.334790,1783407599999,0,0
0.092982,0.106756,2026-07-07 07:00:00+00:00,63346.170000,63444.980000,63068.550000,63068.550000,0.116640,1783411199999,0,0
0.093043,0.106547,2026-07-07 08:00:00+00:00,63086.700000,63157.830000,62998.540000,63097.870000,0.159330,1783414799999,0,0
0.092778,0.106646,2026-07-07 09:00:00+00:00,63100.770000,63335.120000,63058.540000,63259.680000,3.767070,1783418399999,0,0
0.091124,0.106731,2026-07-07 10:00:00+00:00,63290.750000,63447.720000,63232.790000,63259.680000,0.136790,1783421999999,0,0
0.091326,0.106782,2026-07-07 11:00:00+00:00,63273.600000,63456.470000,63122.240000,63401.340000,0.293150,1783425599999,0,0
0.094851,0.107450,2026-07-07 12:00:00+00:00,63416.960000,63852.760000,63416.960000,63483.770000,0.837720,1783429199999,0,0
0.096742,0.108242,2026-07-07 13:00:00+00:00,63467.750000,63467.750000,63000.000000,63070.950000,5.988110,1783432799999,0,0
0.116218,0.109714,2026-07-07 14:00:00+00:00,63054.900000,63626.710000,62700.000000,63595.580000,6.111670,1783436399999,0,0
0.148875,0.112116,2026-07-07 15:00:00+00:00,63569.320000,64081.330000,63389.420000,63929.050000,17.649340,1783439999999,0,1
0.135769,0.109190,2026-07-07 16:00:00+00:00,63951.600000,64227.320000,63768.000000,63994.840000,9.267880,1783443599999,0,1
0.133783,0.107877,2026-07-07 17:00:00+00:00,63988.630000,64220.750000,63899.050000,64182.710000,0.195750,1783447199999,0,1
0.141908,0.108485,2026-07-07 18:00:00+00:00,64167.820000,64167.820000,63683.730000,63683.730000,4.850900,1783450799999,0,1
0.126571,0.108984,2026-07-07 19:00:00+00:00,63683.620000,63877.700000,63393.750000,63780.540000,0.733550,1783454399999,0,1
0.105741,0.106694,2026-07-07 20:00:00+00:00,63821.860000,63890.860000,63623.680000,63682.890000,1.352110,1783457999999,0,1
0.111495,0.107929,2026-07-07 21:00:00+00:00,63717.860000,63848.870000,63334.610000,63383.830000,4.449520,1783461599999,0,0
0.107296,0.106635,2026-07-07 22:00:00+00:00,63415.870000,63642.500000,63202.800000,63551.980000,6.149310,1783465199999,0,1
0.101658,0.105609,2026-07-07 23:00:00+00:00,63562.390000,63717.720000,63331.780000,63339.510000,0.204990,1783468799999,0,0
0.104253,0.105861,2026-07-08 00:00:00+00:00,63369.550000,63742.150000,63335.620000,63614.980000,4.528600,1783472399999,0,1
0.110144,0.107216,2026-07-08 01:00:00+00:00,63605.640000,63642.500000,62913.910000,63010.570000,5.398370,1783475999999,0,0
0.111604,0.107325,2026-07-08 02:00:00+00:00,63030.950000,63061.710000,62575.270000,62989.900000,5.459840,1783479599999,0,0
0.107133,0.103776,2026-07-08 03:00:00+00:00,62993.250000,63093.360000,62738.850000,62763.240000,1.074210,1783483199999,0,0
0.108940,0.104285,2026-07-08 04:00:00+00:00,62776.510000,62909.770000,62690.440000,62738.980000,0.626400,1783486799999,0,0
0.106793,0.103383,2026-07-08 05:00:00+00:00,62794.020000,62854.790000,62575.270000,62629.470000,0.231650,1783490399999,0,0
0.103531,0.104364,2026-07-08 06:00:00+00:00,62626.950000,62745.080000,62474.260000,62622.250000,0.495170,1783493999999,0,0
0.115874,0.107172,2026-07-08 07:00:00+00:00,62644.070000,62894.570000,62546.230000,62894.570000,0.188590,1783497599999,0,0
0.130648,0.111242,2026-07-08 08:00:00+00:00,62885.270000,62919.610000,61863.510000,62014.990000,0.737990,1783501199999,0,0
0.128961,0.112791,2026-07-08 09:00:00+00:00,62006.830000,62169.300000,61756.260000,62059.410000,4.123310,1783504799999,0,0
0.119601,0.107262,2026-07-08 10:00:00+00:00,62076.480000,62178.570000,61832.370000,62142.470000,4.019840,1783508399999,0,0
0.128157,0.109073,2026-07-08 11:00:00+00:00,62181.150000,62366.330000,62080.350000,62314.850000,0.722700,1783511999999,0,0
0.120789,0.109481,2026-07-08 12:00:00+00:00,62309.660000,62422.230000,61971.180000,61971.180000,0.429660,1783515599999,0,0
0.115644,0.109350,2026-07-08 13:00:00+00:00,61969.980000,62057.900000,61659.630000,61930.210000,1.084350,1783519199999,0,0
0.108947,0.107634,2026-07-08 14:00:00+00:00,61962.350000,62153.860000,61735.630000,61933.580000,0.933970,1783522799999,0,0
0.114573,0.110154,2026-07-08 15:00:00+00:00,61920.230000,61920.230000,61551.240000,61668.560000,4.160610,1783526399999,0,0
0.129902,0.110874,2026-07-08 16:00:00+00:00,61704.530000,62135.330000,61694.090000,62118.380000,3.887050,1783529999999,0,0
0.140088,0.110084,2026-07-08 17:00:00+00:00,62105.810000,62380.480000,62038.160000,62099.450000,3.951300,1783533599999,0,0
0.119128,0.106642,2026-07-08 18:00:00+00:00,62113.540000,62321.320000,62048.830000,62188.290000,0.350540,1783537199999,0,0
0.120980,0.106704,2026-07-08 19:00:00+00:00,62248.440000,62265.060000,62080.350000,62265.060000,0.245140,1783540799999,0,0
0.116548,0.106073,2026-07-08 20:00:00+00:00,62265.060000,62295.660000,62062.460000,62106.420000,3.868970,1783544399999,0,0
0.109189,0.106388,2026-07-08 21:00:00+00:00,62113.570000,62227.460000,61971.180000,62227.460000,0.522260,1783547999999,0,0
0.118079,0.106932,2026-07-08 22:00:00+00:00,62218.000000,62343.010000,62218.000000,62324.420000,0.283130,1783551599999,0,0
0.112108,0.105936,2026-07-08 23:00:00+00:00,62307.550000,62332.680000,62186.680000,62303.490000,3.567100,1783555199999,0,0
0.113291,0.105865,2026-07-09 00:00:00+00:00,62298.840000,62304.080000,62092.940000,62108.940000,0.149310,1783558799999,0,0
0.117423,0.106420,2026-07-09 01:00:00+00:00,62123.010000,62623.360000,61869.000000,61904.660000,1.735920,1783562399999,1,0
0.115759,0.106217,2026-07-09 02:00:00+00:00,61904.520000,62112.190000,61712.050000,61787.150000,6.267200,1783565999999,1,0
0.111801,0.105440,2026-07-09 03:00:00+00:00,61781.810000,62029.000000,61747.660000,61978.700000,0.265800,1783569599999,1,0
0.152486,0.109123,2026-07-09 04:00:00+00:00,62006.920000,62451.910000,61985.510000,62451.910000,4.379020,1783573199999,0,0
0.155462,0.108048,2026-07-09 05:00:00+00:00,62458.000000,62608.920000,62260.000000,62564.620000,4.438010,1783576799999,0,0
0.157030,0.107160,2026-07-09 06:00:00+00:00,62590.000000,62975.700000,62481.910000,62954.500000,0.841790,1783580399999,0,0
0.153871,0.106928,2026-07-09 07:00:00+00:00,62954.690000,63250.000000,62804.020000,62986.770000,2.165630,1783583999999,0,0
0.140659,0.104753,2026-07-09 08:00:00+00:00,62968.260000,63084.990000,62871.200000,62885.910000,0.197890,1783587599999,0,0
0.135391,0.105377,2026-07-09 09:00:00+00:00,62904.340000,62986.000000,62806.590000,62953.000000,0.371740,1783591199999,0,0
0.136039,0.106294,2026-07-09 10:00:00+00:00,62944.330000,63042.810000,62702.120000,62731.740000,0.279890,1783594799999,0,0
0.130236,0.106547,2026-07-09 11:00:00+00:00,62781.890000,62815.520000,62588.280000,62787.440000,0.441390,1783598399999,0,0
0.125118,0.105886,2026-07-09 12:00:00+00:00,62789.790000,62952.990000,62471.840000,62661.130000,4.433180,1783601999999,1,0
0.137246,0.107726,2026-07-09 13:00:00+00:00,62670.890000,63227.800000,62528.670000,63032.370000,0.923070,1783605599999,0,0
0.131058,0.107538,2026-07-09 14:00:00+00:00,63055.010000,63118.000000,62675.230000,63019.000000,0.713120,1783609199999,0,0
0.104607,0.104194,2026-07-09 15:00:00+00:00,63038.390000,63247.060000,62848.970000,62860.140000,1.309050,1783612799999,0,0
0.103087,0.104546,2026-07-09 16:00:00+00:00,62878.690000,62996.390000,62575.270000,62690.640000,1.807000,1783616399999,1,0
0.112510,0.106002,2026-07-09 17:00:00+00:00,62735.240000,63174.570000,62670.890000,63085.570000,1.275870,1783619999999,0,0
0.123745,0.107641,2026-07-09 18:00:00+00:00,63182.250000,63481.780000,63079.350000,63199.790000,6.557430,1783623599999,0,0
0.110857,0.104756,2026-07-09 19:00:00+00:00,63213.700000,63349.000000,63144.360000,63261.090000,4.564040,1783627199999,0,0
0.112529,0.104260,2026-07-09 20:00:00+00:00,63267.510000,63325.640000,63192.210000,63310.280000,1.633580,1783630799999,0,0
0.110019,0.103872,2026-07-09 21:00:00+00:00,63331.610000,63382.340000,63190.000000,63258.720000,1.698110,1783634399999,0,0
0.100143,0.103998,2026-07-09 22:00:00+00:00,63272.950000,63388.670000,63238.250000,63238.250000,1.026850,1783637999999,0,0
0.097944,0.104047,2026-07-09 23:00:00+00:00,63224.690000,63325.730000,63068.600000,63290.950000,2.341660,1783641599999,0,0
0.098616,0.104342,2026-07-10 00:00:00+00:00,63231.720000,63233.110000,62953.000000,63112.590000,0.242850,1783645199999,0,0
0.137310,0.108077,2026-07-10 01:00:00+00:00,63117.470000,63938.750000,62960.380000,63712.000000,4.716820,1783648799999,0,0
0.155155,0.109291,2026-07-10 02:00:00+00:00,63745.900000,64042.000000,63712.000000,63977.950000,5.349600,1783652399999,0,0
0.139657,0.105782,2026-07-10 03:00:00+00:00,63969.680000,64031.510000,63844.000000,63912.020000,1.216120,1783655999999,0,0
0.131869,0.104464,2026-07-10 04:00:00+00:00,63981.490000,64163.380000,63871.260000,64035.160000,0.265240,1783659599999,0,0
0.134074,0.105298,2026-07-10 05:00:00+00:00,64020.200000,64198.500000,63966.880000,64089.660000,0.140940,1783663199999,0,0
0.121802,0.105318,2026-07-10 06:00:00+00:00,64106.170000,64109.870000,63846.030000,63863.700000,3.685450,1783666799999,0,0
0.116611,0.105483,2026-07-10 07:00:00+00:00,63868.700000,64005.580000,63826.080000,63981.180000,0.175440,1783670399999,0,0
0.131059,0.107531,2026-07-10 08:00:00+00:00,63987.400000,64372.000000,63987.250000,64247.890000,0.563040,1783673999999,0,0
0.132192,0.107626,2026-07-10 09:00:00+00:00,64235.710000,64490.930000,64148.510000,64388.440000,4.109800,1783677599999,0,0
0.121540,0.105555,2026-07-10 10:00:00+00:00,64370.960000,64490.930000,64307.850000,64415.670000,7.428650,1783681199999,0,0
0.112179,0.103904,2026-07-10 11:00:00+00:00,64415.670000,64478.890000,64360.740000,64408.600000,0.117240,1783684799999,0,0
0.099661,0.103704,2026-07-10 12:00:00+00:00,64433.140000,64603.000000,64274.900000,64297.870000,4.971210,1783688399999,0,0
0.099853,0.104887,2026-07-10 13:00:00+00:00,64317.840000,64699.980000,64150.460000,64526.150000,3.720800,1783691999999,0,0
0.112012,0.106557,2026-07-10 14:00:00+00:00,64478.310000,64499.630000,63817.500000,63909.570000,6.008530,1783695599999,0,0
0.111099,0.106292,2026-07-10 15:00:00+00:00,63927.840000,64186.970000,63908.070000,64015.430000,1.060820,1783699199999,0,0
0.105811,0.104199,2026-07-10 16:00:00+00:00,64051.070000,64209.260000,63844.000000,64130.630000,4.177420,1783702799999,0,0
0.107214,0.104003,2026-07-10 17:00:00+00:00,64132.310000,64138.150000,63816.130000,63817.500000,0.386710,1783706399999,0,0
0.107336,0.103791,2026-07-10 18:00:00+00:00,63817.500000,64008.990000,63745.000000,63797.410000,3.924200,1783709999999,0,0
0.101429,0.102786,2026-07-10 19:00:00+00:00,63802.700000,64052.480000,63786.700000,63929.190000,3.853450,1783713599999,0,0
0.101942,0.102529,2026-07-10 20:00:00+00:00,63911.470000,63918.660000,63679.000000,63856.800000,3.649950,1783717199999,0,0
0.105223,0.102999,2026-07-10 21:00:00+00:00,63853.360000,64097.340000,63851.250000,64015.570000,3.666230,1783720799999,0,0
0.115934,0.104388,2026-07-10 22:00:00+00:00,64018.020000,64171.210000,63979.000000,64125.120000,0.667090,1783724399999,0,0
0.112837,0.103458,2026-07-10 23:00:00+00:00,64113.150000,64193.090000,64024.140000,64169.350000,0.950910,1783727999999,0,0
0.108028,0.102456,2026-07-11 00:00:00+00:00,64139.580000,64159.880000,64037.240000,64126.690000,0.388280,1783731599999,0,0
0.106066,0.103066,2026-07-11 01:00:00+00:00,64119.990000,64318.050000,64008.910000,64020.200000,1.168550,1783735199999,0,0
0.105973,0.103552,2026-07-11 02:00:00+00:00,64008.910000,64167.870000,63990.000000,64167.870000,0.127290,1783738799999,0,0
0.109234,0.104153,2026-07-11 03:00:00+00:00,64168.900000,64206.990000,64096.010000,64185.880000,0.740770,1783742399999,0,0
0.102390,0.102824,2026-07-11 04:00:00+00:00,64146.420000,64206.990000,64099.880000,64158.590000,0.122720,1783745999999,0,0
0.101820,0.102751,2026-07-11 05:00:00+00:00,64133.670000,64207.000000,64114.430000,64184.350000,3.782490,1783749599999,0,0
0.103676,0.103106,2026-07-11 06:00:00+00:00,64152.830000,64265.980000,64125.240000,64237.610000,1.149050,1783753199999,0,0
0.098902,0.102828,2026-07-11 07:00:00+00:00,64218.280000,64234.970000,64171.910000,64171.910000,0.725440,1783756799999,0,0
0.098105,0.102854,2026-07-11 08:00:00+00:00,64170.570000,64296.200000,64169.590000,64267.480000,1.031740,1783760399999,0,0
0.096660,0.102720,2026-07-11 09:00:00+00:00,64272.750000,64280.860000,64165.440000,64172.780000,0.087300,1783763999999,0,0
0.094978,0.102400,2026-07-11 10:00:00+00:00,64188.750000,64196.520000,64147.290000,64179.720000,0.211920,1783767599999,0,0
0.093590,0.102030,2026-07-11 11:00:00+00:00,64179.730000,64225.560000,64175.020000,64207.810000,0.098360,1783771199999,0,0
0.093684,0.102053,2026-07-11 12:00:00+00:00,64207.820000,64239.770000,64134.890000,64134.890000,0.032870,1783774799999,0,0
0.094102,0.102294,2026-07-11 13:00:00+00:00,64203.010000,64263.540000,64179.090000,64255.550000,0.160880,1783778399999,0,0
0.100763,0.103365,2026-07-11 14:00:00+00:00,64243.150000,64500.000000,64243.150000,64339.010000,4.837060,1783781999999,0,0
0.096310,0.102429,2026-07-11 15:00:00+00:00,64366.950000,64475.710000,63813.140000,64177.800000,7.694420,1783785599999,0,0
0.095709,0.102377,2026-07-11 16:00:00+00:00,64188.070000,64263.660000,64113.670000,64172.780000,0.128600,1783789199999,0,0
0.098873,0.102794,2026-07-11 17:00:00+00:00,64186.580000,64409.750000,64186.580000,64312.780000,3.515160,1783792799999,0,0
0.100340,0.103023,2026-07-11 18:00:00+00:00,64300.450000,64390.770000,64285.330000,64330.110000,0.633160,1783796399999,0,0
0.094770,0.101520,2026-07-11 19:00:00+00:00,64323.980000,64347.090000,64215.530000,64294.210000,0.331920,1783799999999,0,0
0.099712,0.102256,2026-07-11 20:00:00+00:00,64291.300000,64443.000000,64288.910000,64386.240000,0.283140,1783803599999,0,0
0.098743,0.102227,2026-07-11 21:00:00+00:00,64382.620000,64422.730000,64336.060000,64336.480000,0.490370,1783807199999,0,0
0.097596,0.102352,2026-07-11 22:00:00+00:00,64361.830000,64405.630000,64141.900000,64215.470000,0.245290,1783810799999,0,0
0.111959,0.104164,2026-07-11 23:00:00+00:00,64203.760000,64228.450000,63829.600000,63844.000000,2.766330,1783814399999,0,0
0.112772,0.103817,2026-07-12 00:00:00+00:00,63830.000000,63922.820000,63717.730000,63830.870000,5.901600,1783817999999,0,0
0.120923,0.104572,2026-07-12 01:00:00+00:00,63843.170000,64175.880000,63843.170000,64128.200000,5.512000,1783821599999,0,0
0.120650,0.104593,2026-07-12 02:00:00+00:00,64078.980000,64132.660000,64042.010000,64097.950000,0.095260,1783825199999,0,0
0.110377,0.102424,2026-07-12 03:00:00+00:00,64089.160000,64213.350000,64062.860000,64209.840000,0.028860,1783828799999,0,0
0.111506,0.102707,2026-07-12 04:00:00+00:00,64213.350000,64234.620000,63956.890000,64023.740000,0.061040,1783832399999,0,0
0.108788,0.102844,2026-07-12 05:00:00+00:00,64012.660000,64035.660000,63912.550000,63994.220000,0.266440,1783835999999,0,0
0.108844,0.103297,2026-07-12 06:00:00+00:00,63968.790000,63968.790000,63646.000000,63763.460000,4.084040,1783839599999,0,0
0.109094,0.103254,2026-07-12 07:00:00+00:00,63772.910000,63901.250000,63772.910000,63882.050000,0.141060,1783843199999,0,0
0.112397,0.103997,2026-07-12 08:00:00+00:00,63910.000000,64103.170000,63910.000000,63979.000000,0.139410,1783846799999,0,0
0.105966,0.103207,2026-07-12 09:00:00+00:00,63987.260000,64009.000000,63781.470000,63998.000000,0.040870,1783850399999,0,0
0.103784,0.103017,2026-07-12 10:00:00+00:00,63908.400000,63908.400000,63857.290000,63861.870000,0.039850,1783853999999,0,0
0.106403,0.103303,2026-07-12 11:00:00+00:00,63896.490000,64025.580000,63853.420000,64014.580000,0.022150,1783857599999,0,0
0.106462,0.103742,2026-07-12 12:00:00+00:00,63983.210000,64124.250000,63968.890000,64035.840000,3.753680,1783861199999,0,0
0.098488,0.102200,2026-07-12 13:00:00+00:00,64028.640000,64093.850000,64016.780000,64024.610000,0.029370,1783864799999,0,0
0.110442,0.103874,2026-07-12 14:00:00+00:00,64019.180000,64284.740000,63983.210000,64201.080000,0.231660,1783868399999,0,1
0.111053,0.103849,2026-07-12 15:00:00+00:00,64207.300000,64256.290000,64145.530000,64159.730000,0.345130,1783871999999,0,1
0.102181,0.102713,2026-07-12 16:00:00+00:00,64178.630000,64180.050000,64075.000000,64148.330000,0.310800,1783875599999,0,1
0.102002,0.102877,2026-07-12 17:00:00+00:00,64155.280000,64178.950000,64021.080000,64084.910000,0.259820,1783879199999,0,1
0.099783,0.102771,2026-07-12 18:00:00+00:00,64084.910000,64152.970000,64020.720000,64152.970000,0.090110,1783882799999,0,1
0.103029,0.103646,2026-07-12 19:00:00+00:00,64145.090000,64243.840000,64145.090000,64243.840000,0.093080,1783886399999,0,1
0.099317,0.102782,2026-07-12 20:00:00+00:00,64232.210000,64240.420000,64177.040000,64196.050000,0.034710,1783889999999,0,1
0.106910,0.103858,2026-07-12 21:00:00+00:00,64208.840000,64228.240000,63894.210000,63894.210000,0.194850,1783893599999,0,0
0.104913,0.103460,2026-07-12 22:00:00+00:00,63896.500000,63899.080000,63678.380000,63899.080000,7.574440,1783897199999,0,0
0.102070,0.101770,2026-07-12 23:00:00+00:00,63890.000000,63890.000000,63726.640000,63786.020000,0.124340,1783900799999,0,0
0.109283,0.103444,2026-07-13 00:00:00+00:00,63755.300000,64394.060000,63591.330000,64031.840000,1.044800,1783904399999,0,1
0.123324,0.105693,2026-07-13 01:00:00+00:00,64052.730000,64052.730000,63393.400000,63393.400000,14.645020,1783907999999,0,0
0.123668,0.105924,2026-07-13 02:00:00+00:00,63411.460000,63520.080000,63250.000000,63379.930000,13.360260,1783911599999,0,0
0.128466,0.106239,2026-07-13 03:00:00+00:00,63354.710000,63354.710000,62736.280000,62829.500000,7.419310,1783915199999,0,0
0.130319,0.107526,2026-07-13 04:00:00+00:00,62791.130000,62905.590000,62648.160000,62670.960000,0.640360,1783918799999,0,0
0.126290,0.102720,2026-07-13 05:00:00+00:00,62690.460000,62907.340000,62500.000000,62780.870000,0.756050,1783922399999,0,0
0.127147,0.104567,2026-07-13 06:00:00+00:00,62831.810000,62858.400000,62733.400000,62789.520000,2.058270,1783925999999,0,0
0.136996,0.106583,2026-07-13 07:00:00+00:00,62789.520000,63059.040000,62766.880000,63011.610000,11.532480,1783929599999,0,0
0.151838,0.107333,2026-07-13 08:00:00+00:00,62992.220000,63296.770000,62965.650000,63193.070000,0.558970,1783933199999,0,0
0.137429,0.105487,2026-07-13 09:00:00+00:00,63181.020000,63193.650000,63095.710000,63114.590000,0.022920,1783936799999,0,0
0.127877,0.105995,2026-07-13 10:00:00+00:00,63111.840000,63144.640000,62910.480000,62910.480000,0.163100,1783940399999,0,0
0.122487,0.106256,2026-07-13 11:00:00+00:00,62910.660000,63138.280000,62910.660000,62920.000000,0.072170,1783943999999,0,0
0.118568,0.107886,2026-07-13 12:00:00+00:00,62887.000000,62909.650000,62575.270000,62583.700000,5.940970,1783947599999,0,0
0.122296,0.110068,2026-07-13 13:00:00+00:00,62620.520000,62763.290000,62175.170000,62320.330000,5.414670,1783951199999,0,0
0.133535,0.109660,2026-07-13 14:00:00+00:00,62301.930000,62763.290000,62114.090000,62763.290000,11.397820,1783954799999,0,0
0.135878,0.109433,2026-07-13 15:00:00+00:00,62788.000000,62973.690000,62567.140000,62610.890000,4.135200,1783958399999,0,0
0.122495,0.108852,2026-07-13 16:00:00+00:00,62600.170000,62600.290000,62227.000000,62258.040000,3.872130,1783961999999,0,0
0.127589,0.110616,2026-07-13 17:00:00+00:00,62288.080000,62370.740000,61903.720000,61903.720000,9.697830,1783965599999,1,0
0.126389,0.109251,2026-07-13 18:00:00+00:00,61922.730000,62064.780000,61819.420000,62036.630000,2.517710,1783969199999,1,0
0.139529,0.109936,2026-07-13 19:00:00+00:00,62038.470000,62260.000000,61987.820000,62260.000000,4.118100,1783972799999,1,0
0.129479,0.107960,2026-07-13 20:00:00+00:00,62261.670000,62316.370000,62057.360000,62194.000000,3.666570,1783976399999,1,0
0.118130,0.106409,2026-07-13 21:00:00+00:00,62209.300000,62209.300000,61910.370000,62096.970000,0.307040,1783979999999,1,0
0.120052,0.106854,2026-07-13 22:00:00+00:00,62094.270000,62230.910000,61925.880000,61925.880000,14.650940,1783983599999,1,0
0.135785,0.108286,2026-07-13 23:00:00+00:00,61921.560000,62338.890000,61895.800000,62338.890000,3.662750,1783987199999,1,0
0.162403,0.109351,2026-07-14 00:00:00+00:00,62343.010000,62680.480000,62300.350000,62560.920000,0.634350,1783990799999,1,0
0.143761,0.106469,2026-07-14 01:00:00+00:00,62540.590000,62638.080000,62464.470000,62546.460000,7.578910,1783994399999,1,0
0.132162,0.104775,2026-07-14 02:00:00+00:00,62496.370000,62637.760000,62339.970000,62571.480000,0.846760,1783997999999,1,0
0.131885,0.105088,2026-07-14 03:00:00+00:00,62575.090000,62620.400000,62331.320000,62557.000000,0.075820,1784001599999,1,0
0.138892,0.106907,2026-07-14 04:00:00+00:00,62580.660000,62763.290000,62548.250000,62754.410000,0.928340,1784005199999,1,0
0.133901,0.106898,2026-07-14 05:00:00+00:00,62740.170000,62856.590000,62709.880000,62730.330000,0.129020,1784008799999,1,0
0.122962,0.105912,2026-07-14 06:00:00+00:00,62729.860000,62771.740000,62578.180000,62606.040000,0.106900,1784012399999,1,0
0.121795,0.106131,2026-07-14 07:00:00+00:00,62604.840000,62660.120000,62524.000000,62529.310000,0.334150,1784015999999,1,0
0.122571,0.106293,2026-07-14 08:00:00+00:00,62517.760000,62788.000000,62465.120000,62690.940000,3.911060,1784019599999,1,0
0.116652,0.106036,2026-07-14 09:00:00+00:00,62681.310000,62747.070000,62545.790000,62623.530000,0.090420,1784023199999,1,0
0.111646,0.105731,2026-07-14 10:00:00+00:00,62639.610000,62887.000000,62639.610000,62835.600000,0.133320,1784026799999,1,0
0.114757,0.105924,2026-07-14 11:00:00+00:00,62778.810000,62919.990000,62725.250000,62867.060000,2.055090,1784030399999,1,0
0.168224,0.110306,2026-07-14 12:00:00+00:00,62845.970000,63971.280000,62783.800000,63920.570000,2.635380,1784033999999,0,0
0.164839,0.109917,2026-07-14 13:00:00+00:00,63969.740000,64173.600000,63707.970000,63829.430000,1.295280,1784037599999,0,0
0.146799,0.107871,2026-07-14 14:00:00+00:00,63823.890000,64327.150000,63585.010000,64316.660000,10.080180,1784041199999,0,0
0.148027,0.109452,2026-07-14 15:00:00+00:00,64302.870000,64961.770000,64196.580000,64748.170000,13.335240,1784044799999,0,0
0.139845,0.108983,2026-07-14 16:00:00+00:00,64765.450000,64885.340000,64606.470000,64735.750000,1.164410,1784048399999,0,0
0.135378,0.108224,2026-07-14 17:00:00+00:00,64702.410000,64702.410000,64318.160000,64642.800000,5.488300,1784051999999,0,0
0.136776,0.108700,2026-07-14 18:00:00+00:00,64628.190000,64636.000000,64481.650000,64560.610000,0.554990,1784055599999,0,0
0.128596,0.108530,2026-07-14 19:00:00+00:00,64589.860000,64696.490000,64492.470000,64571.360000,1.369910,1784059199999,0,0
0.118725,0.107695,2026-07-14 20:00:00+00:00,64522.760000,64564.060000,64416.970000,64564.060000,3.934020,1784062799999,0,0
0.111574,0.107636,2026-07-14 21:00:00+00:00,64585.360000,64880.110000,64527.250000,64654.550000,1.830760,1784066399999,0,0
0.111416,0.108534,2026-07-14 22:00:00+00:00,64659.890000,65092.520000,64516.690000,64866.160000,3.129030,1784069999999,0,0
0.101213,0.107849,2026-07-14 23:00:00+00:00,64854.240000,65032.000000,64782.640000,65032.000000,0.907850,1784073599999,0,0
0.089817,0.105516,2026-07-15 00:00:00+00:00,65050.000000,65050.000000,64759.790000,64842.860000,10.622580,1784077199999,0,0
0.083347,0.105340,2026-07-15 01:00:00+00:00,64842.860000,64856.650000,64655.580000,64655.580000,11.167500,1784080799999,0,0
0.081472,0.104698,2026-07-15 02:00:00+00:00,64674.800000,64748.440000,64488.460000,64504.910000,15.289790,1784084399999,0,0
0.083808,0.105471,2026-07-15 03:00:00+00:00,64496.680000,64835.890000,64496.680000,64811.450000,0.971810,1784087999999,0,0
0.085678,0.105989,2026-07-15 04:00:00+00:00,64796.110000,64867.000000,64723.490000,64756.520000,0.028870,1784091599999,0,0
0.084961,0.104953,2026-07-15 05:00:00+00:00,64741.330000,64963.060000,64614.080000,64963.060000,0.111450,1784095199999,0,0
0.085822,0.104685,2026-07-15 06:00:00+00:00,64934.790000,65250.000000,64825.550000,64825.550000,1.820100,1784098799999,0,0
0.089059,0.105094,2026-07-15 07:00:00+00:00,64788.740000,64873.820000,64500.000000,64561.040000,0.740210,1784102399999,0,0
0.088237,0.104654,2026-07-15 08:00:00+00:00,64575.710000,64774.950000,64575.710000,64774.950000,0.119740,1784105999999,0,0
0.090978,0.104168,2026-07-15 09:00:00+00:00,64775.010000,64916.780000,64671.090000,64671.090000,0.373260,1784109599999,0,0
0.091045,0.102721,2026-07-15 10:00:00+00:00,64655.910000,64850.620000,64636.000000,64656.790000,0.400220,1784113199999,0,0
0.094553,0.102770,2026-07-15 11:00:00+00:00,64632.630000,64760.080000,64632.630000,64742.090000,0.255440,1784116799999,0,0
0.130016,0.106938,2026-07-15 12:00:00+00:00,64743.080000,65250.000000,64618.350000,65153.620000,3.772190,1784120399999,0,0
0.130823,0.106123,2026-07-15 13:00:00+00:00,65163.980000,65559.600000,64891.990000,65092.420000,3.230100,1784123999999,0,0
0.132003,0.105047,2026-07-15 14:00:00+00:00,65131.000000,65520.970000,65093.250000,65389.770000,2.427850,1784127599999,0,0
0.136486,0.105809,2026-07-15 15:00:00+00:00,65360.710000,65574.840000,65276.210000,65417.490000,0.419800,1784131199999,0,0
0.126434,0.104649,2026-07-15 16:00:00+00:00,65425.200000,65461.040000,64788.380000,65118.180000,6.358740,1784134799999,0,0
0.119831,0.105150,2026-07-15 17:00:00+00:00,65128.260000,65177.420000,64984.340000,65059.310000,3.877160,1784138399999,0,0
0.116513,0.104500,2026-07-15 18:00:00+00:00,65073.430000,65148.020000,64867.010000,64867.010000,4.282000,1784141999999,0,0
0.111595,0.103789,2026-07-15 19:00:00+00:00,64872.170000,64985.850000,64756.370000,64983.080000,0.338730,1784145599999,0,0
0.109829,0.103480,2026-07-15 20:00:00+00:00,64992.190000,65040.560000,64900.620000,64973.160000,4.713990,1784149199999,0,0
0.103866,0.103214,2026-07-15 21:00:00+00:00,64990.650000,65010.810000,64800.000000,64819.220000,9.365350,1784152799999,0,0
0.100120,0.102703,2026-07-15 22:00:00+00:00,64828.290000,64969.670000,64774.290000,64864.210000,0.441870,1784156399999,0,0
0.096909,0.101823,2026-07-15 23:00:00+00:00,64864.990000,64929.770000,64721.280000,64772.490000,3.752840,1784159999999,0,0
0.103442,0.102926,2026-07-16 00:00:00+00:00,64763.100000,64837.960000,64396.010000,64583.110000,8.090120,1784163599999,0,0
0.104112,0.102698,2026-07-16 01:00:00+00:00,64594.090000,64821.150000,64383.910000,64731.040000,2.248070,1784167199999,0,0
0.103374,0.102716,2026-07-16 02:00:00+00:00,64719.960000,64734.270000,64584.260000,64634.510000,0.415540,1784170799999,0,0
0.098898,0.102250,2026-07-16 03:00:00+00:00,64639.540000,64746.770000,64573.820000,64619.950000,0.340660,1784174399999,0,0
0.096091,0.101793,2026-07-16 04:00:00+00:00,64633.670000,64683.410000,64551.350000,64632.180000,0.982700,1784177999999,0,0
