high_30_lc,low_30_lc,timestamp,open,high,low,close,volume,close_time,high_30,low_30
0.064943,0.091141,2026-01-17 11:00:00+00:00,95102.760000,95298.610000,95069.470000,95294.600000,0.184550,1768651199999,0,0
0.064518,0.091245,2026-01-17 12:00:00+00:00,95307.970000,95401.780000,95232.630000,95243.940000,0.457740,1768654799999,0,0
0.064441,0.091163,2026-01-17 13:00:00+00:00,95248.960000,95442.050000,95190.580000,95413.130000,0.397990,1768658399999,0,0
0.065204,0.092006,2026-01-17 14:00:00+00:00,95413.380000,95544.080000,95372.940000,95460.160000,0.893050,1768661999999,0,0
0.066768,0.090639,2026-01-17 15:00:00+00:00,95459.080000,95642.810000,95414.670000,95580.080000,1.876440,1768665599999,0,0
0.068148,0.091757,2026-01-17 16:00:00+00:00,95572.440000,95572.440000,95216.090000,95306.810000,2.456460,1768669199999,0,0
0.069058,0.091977,2026-01-17 17:00:00+00:00,95290.740000,95441.940000,95289.170000,95372.700000,2.211930,1768672799999,0,0
0.070190,0.092103,2026-01-17 18:00:00+00:00,95378.080000,95476.670000,95350.780000,95428.920000,0.645430,1768676399999,0,0
0.069632,0.090630,2026-01-17 19:00:00+00:00,95418.290000,95418.290000,95294.210000,95317.990000,0.128070,1768679999999,0,0
0.069215,0.090355,2026-01-17 20:00:00+00:00,95296.680000,95387.030000,95285.560000,95375.440000,1.546170,1768683599999,0,0
0.068276,0.089707,2026-01-17 21:00:00+00:00,95367.710000,95386.680000,95277.050000,95279.870000,0.149850,1768687199999,0,0
0.067906,0.089999,2026-01-17 22:00:00+00:00,95316.430000,95316.430000,95050.000000,95192.760000,0.963680,1768690799999,0,0
0.067874,0.090362,2026-01-17 23:00:00+00:00,95197.000000,95211.820000,95122.690000,95139.130000,0.702280,1768694399999,0,0
0.067340,0.089745,2026-01-18 00:00:00+00:00,95143.440000,95248.490000,95058.760000,95123.430000,0.440820,1768697999999,0,1
0.068843,0.092010,2026-01-18 01:00:00+00:00,95113.800000,95113.800000,94800.040000,94956.250000,1.231970,1768701599999,0,0
0.068946,0.091623,2026-01-18 02:00:00+00:00,94990.510000,95065.820000,94887.250000,95009.800000,0.405580,1768705199999,0,1
0.069879,0.092136,2026-01-18 03:00:00+00:00,95029.120000,95198.280000,95021.820000,95191.420000,0.486260,1768708799999,0,1
0.068690,0.090419,2026-01-18 04:00:00+00:00,95155.530000,95191.240000,95071.480000,95099.670000,0.255440,1768712399999,0,1
0.067594,0.088396,2026-01-18 05:00:00+00:00,95101.480000,95220.050000,95054.530000,95183.380000,0.410450,1768715999999,0,1
0.067566,0.088053,2026-01-18 06:00:00+00:00,95182.050000,95214.360000,95141.660000,95181.610000,0.163180,1768719599999,0,1
0.068589,0.088563,2026-01-18 07:00:00+00:00,95150.190000,95186.190000,95035.020000,95043.200000,0.081000,1768723199999,0,1
0.069414,0.088813,2026-01-18 08:00:00+00:00,95038.260000,95166.260000,95019.990000,95166.260000,0.052880,1768726799999,0,1
0.071145,0.090030,2026-01-18 09:00:00+00:00,95183.760000,95291.960000,95167.970000,95278.560000,0.451350,1768730399999,0,1
0.070298,0.088171,2026-01-18 10:00:00+00:00,95272.880000,95272.880000,95080.020000,95175.330000,0.154780,1768733999999,0,1
0.070299,0.087490,2026-01-18 11:00:00+00:00,95292.440000,95292.440000,95055.120000,95242.890000,0.004330,1768737599999,0,1
0.070592,0.087685,2026-01-18 12:00:00+00:00,95241.400000,95241.400000,95072.740000,95130.770000,0.214000,1768741199999,0,1
0.070299,0.087314,2026-01-18 13:00:00+00:00,95098.750000,95192.410000,94945.270000,95152.670000,0.541070,1768744799999,0,1
0.071213,0.089395,2026-01-18 14:00:00+00:00,95149.040000,95338.110000,94924.860000,94931.120000,2.661210,1768748399999,0,0
0.071229,0.089000,2026-01-18 15:00:00+00:00,94949.070000,95124.220000,94898.870000,95062.580000,0.663910,1768751999999,0,1
0.072299,0.089672,2026-01-18 16:00:00+00:00,95105.630000,95179.250000,95066.280000,95172.670000,0.556480,1768755599999,0,1
0.070778,0.087488,2026-01-18 17:00:00+00:00,95167.380000,95278.450000,95162.150000,95218.590000,0.972840,1768759199999,0,1
0.072220,0.088544,2026-01-18 18:00:00+00:00,95238.970000,95514.460000,95159.380000,95436.800000,0.774470,1768762799999,0,1
0.070724,0.086993,2026-01-18 19:00:00+00:00,95485.390000,95510.660000,95345.700000,95377.130000,0.641530,1768766399999,0,1
0.069715,0.085847,2026-01-18 20:00:00+00:00,95359.760000,95472.020000,95288.670000,95296.650000,0.319720,1768769999999,0,1
0.071148,0.087137,2026-01-18 21:00:00+00:00,95297.260000,95434.830000,95297.260000,95423.370000,0.167400,1768773599999,0,1
0.072945,0.088791,2026-01-18 22:00:00+00:00,95412.700000,95529.160000,95404.020000,95488.810000,0.453030,1768777199999,0,1
0.090776,0.117736,2026-01-18 23:00:00+00:00,95506.460000,95506.460000,93591.220000,93752.570000,4.058350,1768780799999,0,0
0.107391,0.144311,2026-01-19 00:00:00+00:00,93675.570000,93675.570000,92000.000000,92786.350000,5.704300,1768784399999,0,0
0.108093,0.145070,2026-01-19 01:00:00+00:00,92609.520000,92861.690000,92241.110000,92561.500000,1.252640,1768787999999,0,0
0.106399,0.139093,2026-01-19 02:00:00+00:00,92564.010000,92769.200000,92453.080000,92607.810000,0.451190,1768791599999,0,0
0.105976,0.133643,2026-01-19 03:00:00+00:00,92596.040000,92795.040000,92503.540000,92678.770000,0.161330,1768795199999,0,0
0.100774,0.120875,2026-01-19 04:00:00+00:00,92613.580000,92795.000000,92499.250000,92673.160000,0.500570,1768798799999,0,0
0.100604,0.116825,2026-01-19 05:00:00+00:00,92662.390000,92831.590000,92518.780000,92518.780000,0.456840,1768802399999,0,0
0.101949,0.115860,2026-01-19 06:00:00+00:00,92526.460000,92693.890000,92519.360000,92560.170000,0.128580,1768805999999,0,0
0.106877,0.118261,2026-01-19 07:00:00+00:00,92629.260000,92838.860000,92561.300000,92838.860000,0.280240,1768809599999,0,0
0.111636,0.120791,2026-01-19 08:00:00+00:00,92811.860000,93351.890000,92718.410000,93282.280000,1.151560,1768813199999,0,0
0.101217,0.111840,2026-01-19 09:00:00+00:00,93260.000000,93260.000000,92951.940000,93057.920000,1.103550,1768816799999,0,0
0.086615,0.100852,2026-01-19 10:00:00+00:00,92976.930000,93084.780000,92904.970000,92998.830000,0.232900,1768820399999,0,0
0.087602,0.101254,2026-01-19 11:00:00+00:00,92999.830000,93232.740000,92993.930000,93194.870000,0.291510,1768823999999,0,0
0.089974,0.102964,2026-01-19 12:00:00+00:00,93160.030000,93215.730000,93010.300000,93050.010000,0.806580,1768827599999,0,0
0.089429,0.102153,2026-01-19 13:00:00+00:00,93043.170000,93136.400000,92834.480000,93032.430000,1.065780,1768831199999,0,0
0.088553,0.102290,2026-01-19 14:00:00+00:00,93009.330000,93030.170000,92715.710000,92820.540000,0.733980,1768834799999,0,0
0.088734,0.102387,2026-01-19 15:00:00+00:00,92814.510000,93061.400000,92814.510000,93061.400000,1.480890,1768838399999,0,1
0.091674,0.106104,2026-01-19 16:00:00+00:00,93064.570000,93406.110000,93010.860000,93324.530000,0.752750,1768841999999,0,1
0.083449,0.099385,2026-01-19 17:00:00+00:00,93316.500000,93384.680000,93159.490000,93239.430000,0.325540,1768845599999,0,1
0.077012,0.095897,2026-01-19 18:00:00+00:00,93220.510000,93256.400000,92942.740000,93064.730000,0.169370,1768849199999,0,1
0.073946,0.095085,2026-01-19 19:00:00+00:00,93087.750000,93147.760000,92999.160000,93106.920000,0.647430,1768852799999,0,1
0.072833,0.095932,2026-01-19 20:00:00+00:00,93186.590000,93268.610000,93088.370000,93124.330000,0.051010,1768856399999,0,1
0.071307,0.096453,2026-01-19 21:00:00+00:00,93172.000000,93336.890000,93014.550000,93028.710000,0.322570,1768859999999,0,1
0.074214,0.102143,2026-01-19 22:00:00+00:00,93013.570000,93039.330000,92556.700000,92559.540000,0.449600,1768863599999,0,1
0.074471,0.102298,2026-01-19 23:00:00+00:00,92629.640000,92741.580000,92162.730000,92628.770000,3.208500,1768867199999,0,1
0.074380,0.099902,2026-01-20 00:00:00+00:00,92628.770000,92811.340000,92359.680000,92671.320000,0.702280,1768870799999,0,1
0.075486,0.097642,2026-01-20 01:00:00+00:00,92710.190000,92862.510000,92550.940000,92729.740000,1.407290,1768874399999,0,1
0.075947,0.095468,2026-01-20 02:00:00+00:00,92680.540000,92699.760000,92332.300000,92576.650000,1.099140,1768877999999,0,1
0.077869,0.095254,2026-01-20 03:00:00+00:00,92570.060000,92650.430000,92298.480000,92428.300000,1.360520,1768881599999,0,1
0.082886,0.100250,2026-01-20 04:00:00+00:00,92385.830000,92475.140000,92066.670000,92066.670000,0.404600,1768885199999,0,1
0.090308,0.107760,2026-01-20 05:00:00+00:00,92024.540000,92024.540000,91304.570000,91631.030000,6.048360,1768888799999,0,1
0.101491,0.120926,2026-01-20 06:00:00+00:00,91617.060000,91617.060000,90811.690000,90925.310000,8.058950,1768892399999,0,1
0.103745,0.119538,2026-01-20 07:00:00+00:00,90973.570000,91260.480000,90971.460000,91193.460000,0.698760,1768895999999,0,1
0.102398,0.116695,2026-01-20 08:00:00+00:00,91149.280000,91237.530000,90699.000000,91062.530000,4.956770,1768899599999,0,1
0.099762,0.111085,2026-01-20 09:00:00+00:00,91014.500000,91071.040000,90894.140000,91033.820000,2.615190,1768903199999,0,1
0.101509,0.108719,2026-01-20 10:00:00+00:00,91053.460000,91277.130000,91053.460000,91262.520000,0.153060,1768906799999,0,1
0.100412,0.105516,2026-01-20 11:00:00+00:00,91305.860000,91455.920000,91220.240000,91220.240000,1.383160,1768910399999,0,1
0.099040,0.102246,2026-01-20 12:00:00+00:00,91231.100000,91295.870000,91060.380000,91277.050000,0.743080,1768913999999,0,1
0.101632,0.106001,2026-01-20 13:00:00+00:00,91275.850000,91275.850000,90765.460000,90889.400000,1.465490,1768917599999,0,1
0.105922,0.111999,2026-01-20 14:00:00+00:00,90988.950000,91328.800000,90277.170000,90495.030000,22.595860,1768921199999,0,0
0.104078,0.110713,2026-01-20 15:00:00+00:00,90649.730000,90767.290000,89878.600000,90614.820000,7.446050,1768924799999,0,0
0.105222,0.114952,2026-01-20 16:00:00+00:00,90767.820000,90970.000000,90035.640000,90147.560000,1.162130,1768928399999,0,0
0.110089,0.121703,2026-01-20 17:00:00+00:00,90166.040000,90483.440000,89449.660000,89802.380000,9.467110,1768931999999,0,0
0.112617,0.125045,2026-01-20 18:00:00+00:00,89809.270000,89912.760000,89385.780000,89458.770000,3.011120,1768935599999,0,0
0.112082,0.122818,2026-01-20 19:00:00+00:00,89602.470000,89792.240000,89296.430000,89728.270000,2.351780,1768939199999,0,0
0.112290,0.123104,2026-01-20 20:00:00+00:00,89614.460000,89853.490000,89424.380000,89648.040000,1.985900,1768942799999,0,0
0.107712,0.118179,2026-01-20 21:00:00+00:00,89660.470000,89842.720000,89434.660000,89527.030000,0.326430,1768946399999,0,0
0.120524,0.138101,2026-01-20 22:00:00+00:00,89500.000000,89651.930000,88120.710000,88456.540000,4.950730,1768949999999,0,0
0.124167,0.144084,2026-01-20 23:00:00+00:00,88554.010000,88554.010000,87952.880000,88416.880000,1.064680,1768953599999,0,0
0.122571,0.141832,2026-01-21 00:00:00+00:00,88431.300000,88999.990000,88282.780000,88918.030000,1.846500,1768957199999,0,0
0.119550,0.139210,2026-01-21 01:00:00+00:00,88895.730000,89137.550000,88862.690000,89003.140000,1.021330,1768960799999,0,0
0.106002,0.124778,2026-01-21 02:00:00+00:00,89076.180000,89338.440000,89000.000000,89053.320000,2.525370,1768964399999,0,0
0.103653,0.122940,2026-01-21 03:00:00+00:00,89083.340000,89602.510000,89083.340000,89429.680000,3.017970,1768967999999,0,0
0.102384,0.122552,2026-01-21 04:00:00+00:00,89422.820000,89622.970000,89372.260000,89440.340000,0.379400,1768971599999,0,0
0.107860,0.126184,2026-01-21 05:00:00+00:00,89436.690000,90097.060000,89436.690000,89937.640000,3.879470,1768975199999,0,0
0.107548,0.126010,2026-01-21 06:00:00+00:00,89909.780000,89917.950000,89533.390000,89639.660000,1.317700,1768978799999,0,0
0.108215,0.129886,2026-01-21 07:00:00+00:00,89604.150000,89731.490000,89116.840000,89170.950000,3.001510,1768982399999,0,0
0.109995,0.133054,2026-01-21 08:00:00+00:00,89216.490000,89339.470000,88996.570000,89194.580000,2.065450,1768985999999,0,0
0.107321,0.131404,2026-01-21 09:00:00+00:00,89218.130000,89469.840000,89156.360000,89171.670000,0.783610,1768989599999,0,0
0.104303,0.130248,2026-01-21 10:00:00+00:00,89084.990000,89385.080000,89070.450000,89269.870000,1.343940,1768993199999,0,0
0.099182,0.129525,2026-01-21 11:00:00+00:00,89235.620000,89374.560000,88752.800000,88799.030000,3.775900,1768996799999,0,0
0.096807,0.128837,2026-01-21 12:00:00+00:00,88775.380000,88846.960000,88213.910000,88729.760000,6.808100,1769000399999,0,0
0.092897,0.125258,2026-01-21 13:00:00+00:00,88714.180000,88997.000000,88564.440000,88719.930000,2.782920,1769003999999,0,0
0.108995,0.141746,2026-01-21 14:00:00+00:00,88612.780000,89969.180000,88612.780000,89813.810000,17.615820,1769007599999,0,0
0.112492,0.145850,2026-01-21 15:00:00+00:00,89881.190000,90525.350000,89769.450000,90218.280000,12.973840,1769011199999,0,1
0.115064,0.164771,2026-01-21 16:00:00+00:00,90381.210000,90381.210000,87587.040000,87587.040000,11.184460,1769014799999,1,0
0.122607,0.175929,2026-01-21 17:00:00+00:00,87747.140000,88089.430000,87270.380000,87864.360000,4.702230,1769018399999,0,0
0.117329,0.165387,2026-01-21 18:00:00+00:00,87870.760000,88649.850000,87660.580000,88388.910000,0.269670,1769021999999,0,0
0.157174,0.202064,2026-01-21 19:00:00+00:00,88649.730000,90452.050000,88148.120000,90354.730000,0.494090,1769025599999,0,0
0.138150,0.179633,2026-01-21 20:00:00+00:00,90244.010000,90244.010000,89438.040000,90199.970000,1.314060,1769029199999,0,0
0.094436,0.127018,2026-01-21 21:00:00+00:00,90199.930000,90376.660000,89997.210000,90042.230000,0.541900,1769032799999,0,0
0.103577,0.135032,2026-01-21 22:00:00+00:00,90332.210000,90418.820000,89794.150000,89794.150000,0.343180,1769036399999,0,0
0.114252,0.143123,2026-01-21 23:00:00+00:00,89743.250000,90268.740000,89307.090000,89615.970000,0.572280,1769039999999,0,0
0.127955,0.153131,2026-01-22 00:00:00+00:00,89611.290000,90111.390000,89336.250000,90068.450000,0.184240,1769043599999,0,0
0.128509,0.152882,2026-01-22 01:00:00+00:00,90067.220000,90199.680000,89854.060000,90195.280000,0.228690,1769047199999,0,0
0.120582,0.144268,2026-01-22 02:00:00+00:00,90196.250000,90412.120000,89904.130000,89904.130000,0.313060,1769050799999,0,0
0.121020,0.145650,2026-01-22 03:00:00+00:00,90175.820000,90175.820000,89685.680000,89955.550000,0.079860,1769054399999,0,0
0.110258,0.137696,2026-01-22 04:00:00+00:00,90138.150000,90186.440000,89752.620000,90180.700000,0.039140,1769057999999,0,0
0.094500,0.126392,2026-01-22 05:00:00+00:00,90178.920000,90178.920000,89843.430000,90075.230000,0.132030,1769061599999,0,0
0.079259,0.113494,2026-01-22 06:00:00+00:00,90197.410000,90266.850000,89877.790000,90266.250000,0.189100,1769065199999,0,0
0.078374,0.113526,2026-01-22 07:00:00+00:00,90258.950000,90258.950000,89820.240000,90039.870000,0.286340,1769068799999,0,0
0.078754,0.113928,2026-01-22 08:00:00+00:00,90033.330000,90036.730000,89762.010000,90013.630000,0.019020,1769072399999,0,0
0.079518,0.114974,2026-01-22 09:00:00+00:00,90002.170000,90112.460000,89827.240000,89863.350000,0.015550,1769075999999,0,0
0.080548,0.115095,2026-01-22 10:00:00+00:00,90202.430000,90202.430000,89895.010000,90129.540000,0.009190,1769079599999,0,0
0.079694,0.112800,2026-01-22 11:00:00+00:00,90265.100000,90265.100000,89828.740000,89900.030000,0.626430,1769083199999,0,0
0.080048,0.108865,2026-01-22 12:00:00+00:00,89900.010000,90108.110000,89777.020000,90088.390000,0.705130,1769086799999,0,0
0.083189,0.109889,2026-01-22 13:00:00+00:00,90087.650000,90302.190000,89500.000000,89770.580000,0.056990,1769090399999,0,0
0.090699,0.120772,2026-01-22 14:00:00+00:00,89762.400000,89762.400000,89071.480000,89155.760000,0.547490,1769093999999,0,0
0.093773,0.125664,2026-01-22 15:00:00+00:00,89034.760000,89409.000000,88537.080000,89021.060000,1.671250,1769097599999,0,0
0.098932,0.118325,2026-01-22 16:00:00+00:00,89101.580000,89266.670000,88752.850000,89043.660000,1.178200,1769101199999,0,0
0.115373,0.120947,2026-01-22 17:00:00+00:00,89122.900000,89610.710000,89114.290000,89610.710000,0.258370,1769104799999,0,0
0.116082,0.112557,2026-01-22 18:00:00+00:00,89517.820000,89745.920000,89318.760000,89318.760000,0.419530,1769108399999,0,0
0.112265,0.106538,2026-01-22 19:00:00+00:00,89379.990000,89917.730000,89137.550000,89853.060000,0.178680,1769111999999,0,0
0.112244,0.107657,2026-01-22 20:00:00+00:00,89684.950000,89956.820000,89404.740000,89404.740000,0.487900,1769115599999,0,0
0.111612,0.106109,2026-01-22 21:00:00+00:00,89497.570000,89638.690000,89266.670000,89388.130000,0.676020,1769119199999,0,0
0.111206,0.104745,2026-01-22 22:00:00+00:00,89262.570000,89524.520000,89174.480000,89346.460000,0.427500,1769122799999,0,0
0.115975,0.106364,2026-01-22 23:00:00+00:00,89267.830000,89609.310000,89194.280000,89579.270000,0.152660,1769126399999,0,0
0.116655,0.106883,2026-01-23 00:00:00+00:00,89580.020000,89659.490000,89450.570000,89580.950000,0.714120,1769129999999,0,0
0.118247,0.106718,2026-01-23 01:00:00+00:00,89611.810000,89935.680000,89572.860000,89935.680000,0.193080,1769133599999,0,0
0.115742,0.104893,2026-01-23 02:00:00+00:00,89935.520000,89987.100000,89661.670000,89681.880000,0.214940,1769137199999,0,0
0.112631,0.101590,2026-01-23 03:00:00+00:00,89696.600000,89937.470000,89691.660000,89893.950000,0.215100,1769140799999,0,0
0.113306,0.102900,2026-01-23 04:00:00+00:00,89923.780000,90073.020000,89899.710000,90000.610000,0.184180,1769144399999,0,0
0.111330,0.102873,2026-01-23 05:00:00+00:00,90037.420000,90037.420000,89518.070000,89643.040000,0.314700,1769147999999,0,0
0.110862,0.104404,2026-01-23 06:00:00+00:00,89608.290000,89823.510000,89400.000000,89540.420000,0.284100,1769151599999,0,0
0.107826,0.102131,2026-01-23 07:00:00+00:00,89559.740000,89633.450000,89469.160000,89621.500000,0.295630,1769155199999,0,0
0.110601,0.106981,2026-01-23 08:00:00+00:00,89563.560000,89639.610000,89185.610000,89227.720000,0.854350,1769158799999,0,0
0.113228,0.110716,2026-01-23 09:00:00+00:00,89218.560000,89393.600000,88905.340000,88963.240000,1.006280,1769162399999,0,0
0.109380,0.107155,2026-01-23 10:00:00+00:00,89000.440000,89140.750000,88900.000000,89020.150000,0.502670,1769165999999,0,0
0.110379,0.107010,2026-01-23 11:00:00+00:00,89035.810000,89330.790000,89035.810000,89198.930000,0.195110,1769169599999,0,0
0.109849,0.105900,2026-01-23 12:00:00+00:00,89233.960000,89364.520000,89127.270000,89364.520000,0.051550,1769173199999,0,0
0.104215,0.100322,2026-01-23 13:00:00+00:00,89289.410000,89457.530000,89267.180000,89358.380000,0.409770,1769176799999,0,0
0.107289,0.102727,2026-01-23 14:00:00+00:00,89361.620000,89729.830000,88685.230000,88917.180000,5.017860,1769180399999,0,0
0.116546,0.106329,2026-01-23 15:00:00+00:00,89054.750000,89857.980000,88603.570000,89657.070000,3.939330,1769183999999,0,0
0.133315,0.116897,2026-01-23 16:00:00+00:00,89715.460000,90488.360000,89527.130000,90201.740000,2.525590,1769187599999,0,0
0.131844,0.113509,2026-01-23 17:00:00+00:00,90113.770000,91237.150000,89998.620000,90645.720000,0.870610,1769191199999,0,0
0.124826,0.106908,2026-01-23 18:00:00+00:00,90592.350000,91045.170000,90492.280000,90601.480000,0.794310,1769194799999,0,0
0.123833,0.109537,2026-01-23 19:00:00+00:00,90478.210000,90505.070000,89596.220000,90003.570000,4.790840,1769198399999,0,0
0.133779,0.119750,2026-01-23 20:00:00+00:00,89961.430000,90199.960000,89250.000000,89516.570000,0.919680,1769201999999,0,0
0.133356,0.120885,2026-01-23 21:00:00+00:00,89512.370000,89733.310000,89346.560000,89346.560000,0.488980,1769205599999,0,0
0.131885,0.118086,2026-01-23 22:00:00+00:00,89358.980000,89827.330000,89358.980000,89676.550000,0.537910,1769209199999,0,0
0.127591,0.114176,2026-01-23 23:00:00+00:00,89608.960000,89630.480000,89501.260000,89626.830000,0.223770,1769212799999,0,0
0.117992,0.105122,2026-01-24 00:00:00+00:00,89589.590000,89648.070000,89427.240000,89475.320000,0.110050,1769216399999,0,0
0.113557,0.101429,2026-01-24 01:00:00+00:00,89469.410000,89607.850000,89462.440000,89560.800000,0.193630,1769219999999,0,0
0.110069,0.099020,2026-01-24 02:00:00+00:00,89582.110000,89713.740000,89576.180000,89709.980000,0.095020,1769223599999,0,0
0.108982,0.098246,2026-01-24 03:00:00+00:00,89684.570000,89932.850000,89684.570000,89792.000000,0.255770,1769227199999,0,0
0.104808,0.095670,2026-01-24 04:00:00+00:00,89782.640000,89851.860000,89684.220000,89805.460000,2.068760,1769230799999,0,0
0.100918,0.093391,2026-01-24 05:00:00+00:00,89844.240000,89846.490000,89736.270000,89796.660000,0.367300,1769234399999,0,0
0.099324,0.093658,2026-01-24 06:00:00+00:00,89799.040000,89799.040000,89639.470000,89662.790000,0.387720,1769237999999,0,0
0.099837,0.094504,2026-01-24 07:00:00+00:00,89665.410000,89704.370000,89564.250000,89630.810000,0.322400,1769241599999,0,0
0.100417,0.093493,2026-01-24 08:00:00+00:00,89643.480000,89687.090000,89595.410000,89687.090000,0.123440,1769245199999,0,0
0.100588,0.091830,2026-01-24 09:00:00+00:00,89670.320000,89674.650000,89577.930000,89584.290000,0.012760,1769248799999,0,0
0.102587,0.090952,2026-01-24 10:00:00+00:00,89614.630000,89651.600000,89561.220000,89561.220000,0.012740,1769252399999,0,0
0.103469,0.089339,2026-01-24 11:00:00+00:00,89637.830000,89674.160000,89593.650000,89616.370000,0.005410,1769255999999,0,0
0.104030,0.088717,2026-01-24 12:00:00+00:00,89579.660000,89610.200000,89500.000000,89511.290000,0.054740,1769259599999,0,0
0.106501,0.089424,2026-01-24 13:00:00+00:00,89551.930000,89551.990000,89393.800000,89393.800000,0.026230,1769263199999,0,0
0.109281,0.087689,2026-01-24 14:00:00+00:00,89366.250000,89523.170000,89209.440000,89465.850000,0.400510,1769266799999,0,0
0.111248,0.088819,2026-01-24 15:00:00+00:00,89467.560000,89493.690000,89290.480000,89290.480000,0.487870,1769270399999,0,0
0.110916,0.088873,2026-01-24 16:00:00+00:00,89310.310000,89353.960000,89176.000000,89308.960000,0.489890,1769273999999,0,0
0.108915,0.087823,2026-01-24 17:00:00+00:00,89304.340000,89431.080000,89304.340000,89387.090000,0.080600,1769277599999,0,0
0.107337,0.086751,2026-01-24 18:00:00+00:00,89395.970000,89458.900000,89362.510000,89406.940000,0.323840,1769281199999,0,0
0.105553,0.085639,2026-01-24 19:00:00+00:00,89409.480000,89409.480000,89264.200000,89349.550000,0.061970,1769284799999,0,1
0.105068,0.084659,2026-01-24 20:00:00+00:00,89349.000000,89405.650000,89347.870000,89371.120000,0.045740,1769288399999,0,1
0.106114,0.084271,2026-01-24 21:00:00+00:00,89359.830000,89377.550000,89301.780000,89377.530000,0.199110,1769291999999,0,1
0.107108,0.084618,2026-01-24 22:00:00+00:00,89413.900000,89484.210000,89326.820000,89449.350000,0.129120,1769295599999,0,1
0.106956,0.085070,2026-01-24 23:00:00+00:00,89449.350000,89452.960000,89272.040000,89272.040000,0.376210,1769299199999,0,1
0.107202,0.084667,2026-01-25 00:00:00+00:00,89248.830000,89301.900000,89154.710000,89300.000000,0.189500,1769302799999,0,1
0.107743,0.085039,2026-01-25 01:00:00+00:00,89334.270000,89334.270000,89106.030000,89185.000000,0.204430,1769306399999,0,1
0.108295,0.085515,2026-01-25 02:00:00+00:00,89180.000000,89266.850000,89105.960000,89155.630000,0.239040,1769309999999,0,1
0.110273,0.087716,2026-01-25 03:00:00+00:00,89190.020000,89191.700000,88873.310000,88955.360000,0.798630,1769313599999,0,1
0.109944,0.087243,2026-01-25 04:00:00+00:00,88957.680000,89107.450000,88942.040000,88999.300000,0.336550,1769317199999,0,1
0.108912,0.086359,2026-01-25 05:00:00+00:00,89014.370000,89059.130000,88891.970000,89009.730000,0.165830,1769320799999,0,1
0.109146,0.086762,2026-01-25 06:00:00+00:00,88973.300000,88973.300000,88657.970000,88866.810000,0.398020,1769324399999,0,1
0.111421,0.089162,2026-01-25 07:00:00+00:00,88819.610000,88819.610000,88645.220000,88666.590000,0.055000,1769327999999,0,0
0.115985,0.094473,2026-01-25 08:00:00+00:00,88645.230000,88748.030000,88136.750000,88282.300000,0.492110,1769331599999,0,0
0.116758,0.094500,2026-01-25 09:00:00+00:00,88317.570000,88483.970000,88237.540000,88424.290000,0.006530,1769335199999,0,0
0.118617,0.094883,2026-01-25 10:00:00+00:00,88425.180000,88659.850000,88425.180000,88659.850000,0.274210,1769338799999,0,0
0.113575,0.090652,2026-01-25 11:00:00+00:00,88724.830000,88724.830000,88426.430000,88565.180000,0.032840,1769342399999,0,0
0.110516,0.087374,2026-01-25 12:00:00+00:00,88579.150000,88799.880000,88479.210000,88772.560000,0.058890,1769345999999,0,1
0.111340,0.087473,2026-01-25 13:00:00+00:00,88777.430000,88999.640000,88694.300000,88894.380000,0.569440,1769349599999,0,1
0.108325,0.085487,2026-01-25 14:00:00+00:00,88938.410000,88938.870000,88624.910000,88695.960000,0.542200,1769353199999,0,0
0.111886,0.089038,2026-01-25 15:00:00+00:00,88684.600000,88773.140000,88406.540000,88406.540000,1.368440,1769356799999,0,0
0.115114,0.093035,2026-01-25 16:00:00+00:00,88456.310000,88456.310000,87586.720000,88095.190000,2.950990,1769360399999,0,0
0.118290,0.096856,2026-01-25 17:00:00+00:00,88083.770000,88125.140000,87798.040000,87862.990000,1.645110,1769363999999,0,0
0.123812,0.103158,2026-01-25 18:00:00+00:00,87900.000000,87999.990000,86869.720000,87428.590000,4.445740,1769367599999,0,0
0.137258,0.117907,2026-01-25 19:00:00+00:00,87426.230000,87480.650000,86207.420000,86584.690000,5.969030,1769371199999,0,0
0.138747,0.118392,2026-01-25 20:00:00+00:00,86529.660000,86674.060000,86272.420000,86627.130000,3.258010,1769374799999,0,0
0.131714,0.110982,2026-01-25 21:00:00+00:00,86769.500000,87000.000000,86434.910000,86630.350000,0.765550,1769378399999,0,0
0.130493,0.108859,2026-01-25 22:00:00+00:00,86562.530000,86776.240000,86268.850000,86557.010000,2.180560,1769381999999,0,0
0.128541,0.105335,2026-01-25 23:00:00+00:00,86462.710000,86816.970000,86094.070000,86649.270000,1.949020,1769385599999,0,0
0.128572,0.103798,2026-01-26 00:00:00+00:00,86656.430000,87144.160000,86526.880000,86846.390000,1.500470,1769389199999,0,0
0.139036,0.110830,2026-01-26 01:00:00+00:00,86896.050000,87785.040000,86824.700000,87636.510000,3.935610,1769392799999,0,0
0.130621,0.105448,2026-01-26 02:00:00+00:00,87521.920000,87952.880000,87475.120000,87550.030000,0.992180,1769396399999,0,0
0.118041,0.097710,2026-01-26 03:00:00+00:00,87515.760000,87669.870000,87136.510000,87136.510000,2.420350,1769399999999,0,0
0.125607,0.102648,2026-01-26 04:00:00+00:00,87306.270000,87952.880000,87225.680000,87781.450000,0.480080,1769403599999,0,0
0.134537,0.109966,2026-01-26 05:00:00+00:00,87774.130000,87929.600000,87682.860000,87879.920000,0.173820,1769407199999,0,0
0.127385,0.103658,2026-01-26 06:00:00+00:00,87832.950000,88015.620000,87784.710000,87935.470000,0.652720,1769410799999,0,0
0.124973,0.102951,2026-01-26 07:00:00+00:00,87864.000000,88134.550000,87773.580000,88040.350000,0.425920,1769414399999,0,0
0.121273,0.101303,2026-01-26 08:00:00+00:00,88035.570000,88382.230000,87903.020000,87990.350000,0.602130,1769417999999,0,0
0.122313,0.105070,2026-01-26 09:00:00+00:00,87897.580000,87908.230000,87600.000000,87641.410000,0.181310,1769421599999,0,0
0.116495,0.102940,2026-01-26 10:00:00+00:00,87776.880000,88004.010000,87776.880000,87904.390000,0.143620,1769425199999,0,0
0.108341,0.099987,2026-01-26 11:00:00+00:00,87931.770000,87996.850000,87776.000000,87837.500000,0.589910,1769428799999,0,0
0.095970,0.092988,2026-01-26 12:00:00+00:00,87917.410000,87976.690000,87750.540000,87847.250000,0.065690,1769432399999,0,0
0.093331,0.093320,2026-01-26 13:00:00+00:00,87837.460000,88043.770000,87706.510000,87951.130000,0.276110,1769435999999,0,0
0.092922,0.095526,2026-01-26 14:00:00+00:00,87969.390000,88492.170000,87469.700000,88219.600000,6.484220,1769439599999,0,0
0.085539,0.093984,2026-01-26 15:00:00+00:00,88249.380000,88883.790000,87341.470000,87655.240000,3.246950,1769443199999,0,0
0.083599,0.093989,2026-01-26 16:00:00+00:00,87713.420000,87952.880000,87207.520000,87738.010000,2.107710,1769446799999,0,0
0.080127,0.092000,2026-01-26 17:00:00+00:00,87700.000000,87834.200000,87098.750000,87658.040000,1.329830,1769450399999,0,0
0.086989,0.098076,2026-01-26 18:00:00+00:00,87679.400000,88333.330000,87679.400000,88228.300000,0.867090,1769453999999,0,0
0.087378,0.096032,2026-01-26 19:00:00+00:00,88449.140000,88521.830000,87952.880000,88023.710000,0.998080,1769457599999,0,0
0.086001,0.092534,2026-01-26 20:00:00+00:00,88034.960000,88102.040000,87543.620000,87552.400000,1.025690,1769461199999,0,0
0.090182,0.091849,2026-01-26 21:00:00+00:00,87621.210000,88201.730000,87570.720000,88063.140000,1.105090,1769464799999,0,0
0.096119,0.092954,2026-01-26 22:00:00+00:00,88081.450000,88260.200000,87975.120000,88071.040000,0.632820,1769468399999,0,0
0.097304,0.088311,2026-01-26 23:00:00+00:00,88073.050000,88660.070000,88054.980000,88357.770000,0.666010,1769471999999,0,0
0.098456,0.085749,2026-01-27 00:00:00+00:00,88368.810000,88445.770000,88186.460000,88332.740000,0.181940,1769475599999,0,0
0.098403,0.084735,2026-01-27 01:00:00+00:00,88356.630000,88685.230000,88174.480000,88587.320000,0.368860,1769479199999,0,0
0.106816,0.090113,2026-01-27 02:00:00+00:00,88662.770000,88861.230000,88591.860000,88820.520000,0.461930,1769482799999,0,0
0.104769,0.086398,2026-01-27 03:00:00+00:00,88812.350000,88892.000000,88590.670000,88790.850000,0.189270,1769486399999,0,0
0.102738,0.085586,2026-01-27 04:00:00+00:00,88768.540000,88988.000000,88539.670000,88612.370000,0.167510,1769489999999,0,0
0.101156,0.085867,2026-01-27 05:00:00+00:00,88603.290000,88612.100000,88401.490000,88491.980000,0.366130,1769493599999,0,0
0.102371,0.087872,2026-01-27 06:00:00+00:00,88487.980000,88541.530000,88311.460000,88353.770000,0.156410,1769497199999,0,0
0.100934,0.087612,2026-01-27 07:00:00+00:00,88363.720000,88517.100000,88363.720000,88366.180000,0.192530,1769500799999,0,0
0.095064,0.084814,2026-01-27 08:00:00+00:00,88369.060000,88393.610000,88181.460000,88181.460000,0.066220,1769504399999,0,0
0.096965,0.086197,2026-01-27 09:00:00+00:00,88146.440000,88146.440000,87891.470000,87891.470000,0.031370,1769507999999,0,0
0.097113,0.085986,2026-01-27 10:00:00+00:00,87913.320000,88016.550000,87781.020000,87781.020000,0.222960,1769511599999,0,0
0.097830,0.084527,2026-01-27 11:00:00+00:00,87804.410000,88080.260000,87797.820000,88014.870000,0.059310,1769515199999,0,0
0.098474,0.083598,2026-01-27 12:00:00+00:00,87948.180000,88182.400000,87948.180000,87977.750000,0.201700,1769518799999,0,0
0.094726,0.079169,2026-01-27 13:00:00+00:00,87959.420000,88031.490000,87889.080000,87985.480000,0.365260,1769522399999,0,0
0.095740,0.080671,2026-01-27 14:00:00+00:00,87990.650000,88449.140000,87658.220000,87744.700000,1.060840,1769525999999,1,0
0.097351,0.079942,2026-01-27 15:00:00+00:00,87724.900000,88152.980000,87603.000000,87931.960000,2.430690,1769529599999,0,0
0.111181,0.087847,2026-01-27 16:00:00+00:00,88074.360000,88800.000000,88060.940000,88611.130000,0.967090,1769533199999,0,0
0.109769,0.087811,2026-01-27 17:00:00+00:00,88622.830000,88647.510000,87320.260000,87562.350000,1.027040,1769536799999,1,0
0.111057,0.086424,2026-01-27 18:00:00+00:00,87561.490000,88515.680000,87551.850000,88274.990000,2.612140,1769540399999,0,0
0.116552,0.089358,2026-01-27 19:00:00+00:00,88273.160000,88580.620000,88073.730000,88424.770000,0.898240,1769543999999,0,0
0.133428,0.095425,2026-01-27 20:00:00+00:00,88422.640000,89499.930000,88422.640000,89437.680000,3.108630,1769547599999,0,0
0.128630,0.092572,2026-01-27 21:00:00+00:00,89272.470000,89535.660000,89008.240000,89008.240000,1.147250,1769551199999,0,0
0.115877,0.082734,2026-01-27 22:00:00+00:00,89165.700000,89434.970000,89054.280000,89290.000000,0.524960,1769554799999,0,0
0.121845,0.087384,2026-01-27 23:00:00+00:00,89180.170000,89515.390000,89152.870000,89260.500000,1.429300,1769558399999,0,0
0.123777,0.089122,2026-01-28 00:00:00+00:00,89226.800000,89498.400000,89128.390000,89498.400000,0.464020,1769561999999,0,0
0.124921,0.091916,2026-01-28 01:00:00+00:00,89414.770000,89505.040000,89245.310000,89446.160000,0.440060,1769565599999,0,0
0.114720,0.088884,2026-01-28 02:00:00+00:00,89413.990000,89453.520000,89128.040000,89249.720000,0.454920,1769569199999,0,0
0.110097,0.089375,2026-01-28 03:00:00+00:00,89294.110000,89294.110000,89000.000000,89135.100000,0.569280,1769572799999,0,0
0.107406,0.090105,2026-01-28 04:00:00+00:00,89032.090000,89178.420000,88876.610000,89033.710000,0.488500,1769576399999,0,0
0.095321,0.084252,2026-01-28 05:00:00+00:00,89078.260000,89110.390000,88860.190000,89064.360000,0.349930,1769579999999,0,0
0.091663,0.082786,2026-01-28 06:00:00+00:00,89121.440000,89388.890000,89121.290000,89307.140000,0.772430,1769583599999,0,0
0.082836,0.077467,2026-01-28 07:00:00+00:00,89369.740000,89374.400000,89147.620000,89170.070000,0.185480,1769587199999,0,0
0.083117,0.078404,2026-01-28 08:00:00+00:00,89125.190000,89217.250000,88881.850000,88881.850000,0.364340,1769590799999,0,0
0.088892,0.081235,2026-01-28 09:00:00+00:00,88960.600000,89554.060000,88882.000000,89554.060000,0.386850,1769594399999,0,0
0.091969,0.082332,2026-01-28 10:00:00+00:00,89580.680000,89690.000000,89345.040000,89479.310000,0.348460,1769597999999,0,0
0.094699,0.081682,2026-01-28 11:00:00+00:00,89528.090000,90142.860000,89474.590000,90095.700000,1.906310,1769601599999,0,0
0.096158,0.081972,2026-01-28 12:00:00+00:00,90028.920000,90167.270000,89812.960000,89974.250000,0.600270,1769605199999,0,0
0.095549,0.079004,2026-01-28 13:00:00+00:00,90030.180000,90468.350000,90017.670000,90278.820000,2.355290,1769608799999,0,0
0.102865,0.083403,2026-01-28 14:00:00+00:00,90266.800000,90266.800000,89474.180000,89685.220000,1.010530,1769612399999,0,0
0.106706,0.084710,2026-01-28 15:00:00+00:00,89685.000000,89848.690000,88938.780000,89534.610000,0.741010,1769615999999,0,0
0.105371,0.082809,2026-01-28 16:00:00+00:00,89532.500000,89769.510000,89263.560000,89717.210000,0.690290,1769619599999,0,0
0.117739,0.085675,2026-01-28 17:00:00+00:00,89671.130000,90561.140000,89383.570000,90200.420000,5.293950,1769623199999,0,1
0.115606,0.083558,2026-01-28 18:00:00+00:00,90143.900000,90143.900000,89365.820000,89426.070000,3.543660,1769626799999,0,1
0.113525,0.079735,2026-01-28 19:00:00+00:00,89538.560000,89640.340000,89018.400000,89435.810000,1.544550,1769630399999,0,1
0.105888,0.076830,2026-01-28 20:00:00+00:00,89350.000000,89846.560000,89000.020000,89108.830000,1.279720,1769633999999,0,1
0.109206,0.077374,2026-01-28 21:00:00+00:00,89175.040000,89499.480000,88881.900000,89430.620000,2.038380,1769637599999,0,1
0.109467,0.077417,2026-01-28 22:00:00+00:00,89430.620000,89500.000000,89177.890000,89394.430000,0.227300,1769641199999,0,1
0.103266,0.072324,2026-01-28 23:00:00+00:00,89403.300000,89474.700000,89230.450000,89249.460000,0.565310,1769644799999,0,1
0.103882,0.073209,2026-01-29 00:00:00+00:00,89283.050000,89285.780000,88937.880000,89143.880000,0.625060,1769648399999,0,1
0.109060,0.079152,2026-01-29 01:00:00+00:00,89152.250000,89176.710000,88537.080000,88578.770000,1.537290,1769651999999,0,1
0.122571,0.090778,2026-01-29 02:00:00+00:00,88592.200000,88764.270000,87705.280000,87897.410000,2.141690,1769655599999,0,0
0.124731,0.090428,2026-01-29 03:00:00+00:00,87830.720000,88200.850000,87830.720000,88034.240000,0.785050,1769659199999,0,0
0.127086,0.088828,2026-01-29 04:00:00+00:00,88071.890000,88333.330000,87942.480000,88292.760000,0.655680,1769662799999,0,0
0.121727,0.083602,2026-01-29 05:00:00+00:00,88340.330000,88426.620000,88167.510000,88178.240000,0.221360,1769666399999,0,0
0.117778,0.078428,2026-01-29 06:00:00+00:00,88155.340000,88352.250000,88155.340000,88352.200000,0.625200,1769669999999,0,0
0.117516,0.076754,2026-01-29 07:00:00+00:00,88331.520000,88423.560000,88279.630000,88328.310000,0.148650,1769673599999,0,0
0.122340,0.078284,2026-01-29 08:00:00+00:00,88298.790000,88449.140000,87938.580000,88030.620000,0.400660,1769677199999,0,0
0.125216,0.080755,2026-01-29 09:00:00+00:00,88151.590000,88172.740000,87879.700000,87879.700000,0.072780,1769680799999,0,0
0.122750,0.079126,2026-01-29 10:00:00+00:00,87876.650000,88013.410000,87858.900000,87959.990000,0.240740,1769684399999,0,0
0.121223,0.080287,2026-01-29 11:00:00+00:00,87956.920000,88064.540000,87748.580000,87763.220000,0.491420,1769687999999,0,0
0.119247,0.079640,2026-01-29 12:00:00+00:00,87854.970000,88141.430000,87831.840000,88141.430000,0.227790,1769691599999,0,0
0.115550,0.078703,2026-01-29 13:00:00+00:00,88125.860000,88152.680000,88012.950000,88053.970000,0.234110,1769695199999,0,0
0.125163,0.089210,2026-01-29 14:00:00+00:00,88093.650000,89000.000000,86984.490000,86984.490000,9.920020,1769698799999,0,1
0.171250,0.134386,2026-01-29 15:00:00+00:00,86982.360000,87074.140000,84382.000000,84885.560000,7.179100,1769702399999,0,0
0.177864,0.139794,2026-01-29 16:00:00+00:00,84770.710000,85348.020000,84268.790000,85347.000000,0.971040,1769705999999,0,1
0.180167,0.150176,2026-01-29 17:00:00+00:00,85392.680000,85648.030000,84018.450000,84223.290000,4.827170,1769709599999,0,0
0.194056,0.165264,2026-01-29 18:00:00+00:00,84307.020000,84590.000000,83436.560000,83585.230000,4.118750,1769713199999,0,0
0.179814,0.148758,2026-01-29 19:00:00+00:00,83398.760000,84287.710000,83386.100000,83999.390000,4.261860,1769716799999,0,0
0.178427,0.141669,2026-01-29 20:00:00+00:00,84035.670000,84354.060000,83680.400000,84218.540000,10.890070,1769720399999,0,0
0.173290,0.134995,2026-01-29 21:00:00+00:00,84237.880000,84650.400000,84237.880000,84551.230000,1.009720,1769723999999,0,1
0.158869,0.123670,2026-01-29 22:00:00+00:00,84476.420000,84627.420000,84342.510000,84562.680000,0.421800,1769727599999,0,1
0.148455,0.117010,2026-01-29 23:00:00+00:00,84539.410000,84746.510000,84449.630000,84684.390000,0.530460,1769731199999,0,1
0.147619,0.122317,2026-01-30 00:00:00+00:00,84719.400000,84737.880000,84182.350000,84213.400000,2.324370,1769734799999,0,1
0.163017,0.154436,2026-01-30 01:00:00+00:00,84186.300000,84201.630000,81143.630000,82495.310000,6.578920,1769738399999,0,0
0.167194,0.166360,2026-01-30 02:00:00+00:00,82492.900000,82570.960000,81234.070000,82226.770000,1.615830,1769741999999,0,0
0.159423,0.155863,2026-01-30 03:00:00+00:00,82220.070000,82726.090000,82123.810000,82726.090000,0.283450,1769745599999,0,0
0.160514,0.156653,2026-01-30 04:00:00+00:00,82737.520000,83244.830000,82670.930000,82921.310000,0.383000,1769749199999,0,0
0.142133,0.137605,2026-01-30 05:00:00+00:00,82965.160000,83330.150000,82910.370000,82986.500000,0.475340,1769752799999,0,0
0.132044,0.129661,2026-01-30 06:00:00+00:00,82928.020000,82928.540000,82030.090000,82617.360000,0.732700,1769756399999,0,0
0.132240,0.131079,2026-01-30 07:00:00+00:00,82662.020000,83045.250000,82500.000000,82936.120000,0.212370,1769759999999,0,0
0.133733,0.136324,2026-01-30 08:00:00+00:00,82823.130000,82908.600000,82459.920000,82637.190000,0.384580,1769763599999,0,0
0.130779,0.139270,2026-01-30 09:00:00+00:00,82712.190000,82800.310000,82211.060000,82441.920000,2.272400,1769767199999,0,0
0.126628,0.139587,2026-01-30 10:00:00+00:00,82400.550000,82882.990000,82191.080000,82826.950000,0.282780,1769770799999,0,0
0.123095,0.142243,2026-01-30 11:00:00+00:00,82814.360000,83273.130000,82756.420000,83206.930000,0.315140,1769774399999,0,0
0.104592,0.131972,2026-01-30 12:00:00+00:00,83247.320000,83277.040000,82680.000000,82793.290000,0.114080,1769777999999,0,0
0.097915,0.129645,2026-01-30 13:00:00+00:00,82878.000000,83045.250000,82439.890000,82711.450000,0.555730,1769781599999,0,0
0.093296,0.127250,2026-01-30 14:00:00+00:00,82808.210000,83796.030000,82799.640000,82997.500000,0.859050,1769785199999,0,0
0.095733,0.130557,2026-01-30 15:00:00+00:00,83105.050000,83789.200000,82428.910000,83059.340000,2.406700,1769788799999,0,0
0.091336,0.126665,2026-01-30 16:00:00+00:00,82872.380000,83499.990000,82571.990000,83121.210000,0.974450,1769792399999,0,0
0.089050,0.124838,2026-01-30 17:00:00+00:00,83125.150000,83436.560000,82678.920000,83015.460000,0.708550,1769795999999,0,0
0.108305,0.143501,2026-01-30 18:00:00+00:00,83004.470000,84152.820000,81928.830000,83999.620000,0.749080,1769799599999,0,0
0.119430,0.155105,2026-01-30 19:00:00+00:00,83947.300000,84587.980000,83947.300000,84360.890000,1.699020,1769803199999,0,1
0.099786,0.135263,2026-01-30 20:00:00+00:00,84208.180000,84268.790000,83544.160000,83922.310000,4.306450,1769806799999,0,0
0.098592,0.137042,2026-01-30 21:00:00+00:00,83953.350000,84500.000000,83843.260000,84373.320000,0.757560,1769810399999,0,1
0.097342,0.141955,2026-01-30 22:00:00+00:00,84287.600000,84335.690000,83928.650000,84120.430000,1.040950,1769813999999,0,1
0.095808,0.143747,2026-01-30 23:00:00+00:00,84184.940000,84299.140000,83957.230000,84240.310000,0.432790,1769817599999,0,1
0.090660,0.144384,2026-01-31 00:00:00+00:00,84200.000000,84243.870000,84000.620000,84068.570000,0.389320,1769821199999,0,1
0.086774,0.139586,2026-01-31 01:00:00+00:00,84119.510000,84259.180000,83909.070000,84003.920000,1.005900,1769824799999,0,1
0.086880,0.136904,2026-01-31 02:00:00+00:00,84019.430000,84191.920000,83855.360000,84142.030000,0.351680,1769828399999,0,1
0.082961,0.131776,2026-01-31 03:00:00+00:00,84142.230000,84240.700000,83969.480000,84052.180000,0.132550,1769831999999,0,1
0.078347,0.126352,2026-01-31 04:00:00+00:00,84053.870000,84166.430000,83954.730000,84010.010000,0.308440,1769835599999,0,1
0.070086,0.116709,2026-01-31 05:00:00+00:00,84011.980000,84093.480000,83908.470000,84036.270000,0.637860,1769839199999,0,1
0.073106,0.119294,2026-01-31 06:00:00+00:00,84025.440000,84038.940000,83652.110000,83789.870000,0.628940,1769842799999,0,1
0.077350,0.124448,2026-01-31 07:00:00+00:00,83807.120000,83813.130000,83420.000000,83519.390000,0.179980,1769846399999,0,1
0.086332,0.134405,2026-01-31 08:00:00+00:00,83527.890000,83614.570000,82580.800000,82942.180000,1.097620,1769849999999,0,1
0.090823,0.132546,2026-01-31 09:00:00+00:00,83152.670000,83286.570000,82915.720000,83184.340000,0.031660,1769853599999,0,1
0.093019,0.129846,2026-01-31 10:00:00+00:00,83110.220000,83192.400000,82931.490000,83130.000000,0.374410,1769857199999,0,1
0.093243,0.126764,2026-01-31 11:00:00+00:00,83077.580000,83092.120000,82906.070000,82906.070000,0.043870,1769860799999,0,1
0.096197,0.124107,2026-01-31 12:00:00+00:00,83025.160000,83151.040000,82737.520000,82878.540000,0.237380,1769864399999,0,1
0.099767,0.122047,2026-01-31 13:00:00+00:00,82753.710000,82883.100000,82476.630000,82719.150000,0.346240,1769867999999,0,1
0.121405,0.149072,2026-01-31 14:00:00+00:00,82821.120000,82916.330000,80845.650000,81519.490000,3.636990,1769871599999,0,0
0.132674,0.158383,2026-01-31 15:00:00+00:00,81525.340000,81756.160000,81108.210000,81317.820000,1.742390,1769875199999,0,0
0.145867,0.174362,2026-01-31 16:00:00+00:00,81315.490000,82193.300000,80111.060000,80305.990000,7.797480,1769878799999,0,1
0.183081,0.220519,2026-01-31 17:00:00+00:00,80421.850000,80568.510000,78200.000000,78835.220000,9.320850,1769882399999,0,1
0.203438,0.247677,2026-01-31 18:00:00+00:00,79033.390000,79041.880000,75700.640000,78013.640000,7.585910,1769885999999,0,0
0.199689,0.240936,2026-01-31 19:00:00+00:00,78118.340000,78511.150000,77249.010000,77805.780000,2.314750,1769889599999,0,0
0.198635,0.228779,2026-01-31 20:00:00+00:00,77745.090000,78168.310000,77095.230000,78074.690000,2.512820,1769893199999,0,0
0.198242,0.219241,2026-01-31 21:00:00+00:00,78009.680000,78314.390000,77432.720000,78287.800000,1.511930,1769896799999,0,0
0.182380,0.195887,2026-01-31 22:00:00+00:00,78360.640000,78538.740000,78004.050000,78244.130000,1.198210,1769900399999,0,0
0.184423,0.193728,2026-01-31 23:00:00+00:00,78200.990000,79273.600000,78114.660000,78805.800000,1.573360,1769903999999,0,0
0.179743,0.190537,2026-02-01 00:00:00+00:00,78757.930000,79392.000000,78716.500000,78876.530000,0.560960,1769907599999,0,1
0.159835,0.176320,2026-02-01 01:00:00+00:00,78877.190000,78979.970000,78329.050000,78567.530000,0.303780,1769911199999,0,0
0.159079,0.178066,2026-02-01 02:00:00+00:00,78561.200000,79100.000000,78397.190000,78996.370000,0.988970,1769914799999,0,1
0.149623,0.176311,2026-02-01 03:00:00+00:00,78971.270000,78976.250000,78706.120000,78901.160000,0.772630,1769918399999,0,1
0.137075,0.167542,2026-02-01 04:00:00+00:00,78866.460000,79102.330000,78746.180000,78980.910000,0.241500,1769921999999,0,1
0.138046,0.175683,2026-02-01 05:00:00+00:00,79009.530000,79076.450000,78532.040000,78603.590000,0.360500,1769925599999,0,0
0.133668,0.178040,2026-02-01 06:00:00+00:00,78732.020000,78794.860000,78304.820000,78423.130000,0.797040,1769929199999,0,0
0.124761,0.174740,2026-02-01 07:00:00+00:00,78322.260000,78740.920000,77999.550000,78366.760000,0.417320,1769932799999,0,0
0.123294,0.175895,2026-02-01 08:00:00+00:00,78484.650000,78835.490000,78283.180000,78763.420000,0.128530,1769936399999,0,1
0.122978,0.179466,2026-02-01 09:00:00+00:00,78657.440000,79123.450000,78559.280000,79123.450000,1.105110,1769939999999,0,1
0.111085,0.175841,2026-02-01 10:00:00+00:00,78946.700000,79225.040000,78182.250000,78182.250000,0.565200,1769943599999,0,0
0.108638,0.175867,2026-02-01 11:00:00+00:00,78569.220000,78831.530000,78279.940000,78831.530000,0.108900,1769947199999,0,1
0.104735,0.179107,2026-02-01 12:00:00+00:00,78747.370000,78747.370000,78304.820000,78433.670000,1.272560,1769950799999,0,1
0.098661,0.175685,2026-02-01 13:00:00+00:00,78519.970000,78750.900000,78211.260000,78286.660000,0.456270,1769954399999,0,1
0.094585,0.173730,2026-02-01 14:00:00+00:00,78282.330000,78524.130000,77250.000000,78232.880000,1.622890,1769957999999,0,1
0.094694,0.177306,2026-02-01 15:00:00+00:00,78174.770000,78243.410000,76789.160000,77869.070000,1.311880,1769961599999,0,0
0.101603,0.192836,2026-02-01 16:00:00+00:00,77555.580000,77797.440000,77126.620000,77404.340000,2.708170,1769965199999,0,0
0.101614,0.187817,2026-02-01 17:00:00+00:00,77534.730000,77755.060000,77318.120000,77755.060000,1.034810,1769968799999,0,0
0.105755,0.186313,2026-02-01 18:00:00+00:00,77778.110000,78407.080000,77747.500000,77799.310000,2.153720,1769972399999,0,1
0.109358,0.186377,2026-02-01 19:00:00+00:00,77932.560000,77932.560000,77000.000000,77200.120000,3.520120,1769975999999,0,0
0.114028,0.187461,2026-02-01 20:00:00+00:00,77123.390000,77680.710000,76594.630000,77088.820000,2.191650,1769979599999,0,0
0.119818,0.196485,2026-02-01 21:00:00+00:00,77088.160000,77144.990000,76392.000000,76472.130000,5.066990,1769983199999,0,0
0.132320,0.201244,2026-02-01 22:00:00+00:00,76651.570000,77750.650000,76503.090000,77373.520000,7.787350,1769986799999,0,0
0.131797,0.200392,2026-02-01 23:00:00+00:00,77148.370000,77638.780000,75753.240000,76934.400000,7.796530,1769990399999,0,0
0.124937,0.183497,2026-02-02 00:00:00+00:00,77040.760000,78127.800000,76680.770000,77662.800000,2.242160,1769993999999,0,1
0.128668,0.185129,2026-02-02 01:00:00+00:00,77682.670000,77912.900000,76682.870000,77723.010000,0.927810,1769997599999,0,1
0.126405,0.188897,2026-02-02 02:00:00+00:00,77445.210000,77555.750000,76500.000000,76548.420000,1.570970,1770001199999,0,0
0.138161,0.206014,2026-02-02 03:00:00+00:00,76544.000000,76544.000000,74619.830000,76258.140000,10.334060,1770004799999,0,0
0.136057,0.205249,2026-02-02 04:00:00+00:00,76181.050000,76605.100000,75390.740000,75923.260000,1.073450,1770008399999,0,0
0.145998,0.219104,2026-02-02 05:00:00+00:00,75909.810000,76005.150000,74944.760000,75581.540000,2.146620,1770011999999,0,0
0.153827,0.219823,2026-02-02 06:00:00+00:00,75485.990000,76809.020000,74965.970000,76434.610000,2.675910,1770015599999,1,0
0.155724,0.213919,2026-02-02 07:00:00+00:00,76496.030000,76943.500000,76394.060000,76705.110000,0.764820,1770019199999,1,0
0.137495,0.187649,2026-02-02 08:00:00+00:00,76682.170000,77096.290000,76672.110000,76924.780000,1.593340,1770022799999,1,0
0.145485,0.193924,2026-02-02 09:00:00+00:00,76863.720000,77810.790000,76719.560000,77702.970000,2.984120,1770026399999,0,0
0.143079,0.189693,2026-02-02 10:00:00+00:00,77608.630000,77839.100000,77479.340000,77585.560000,0.408120,1770029999999,0,0
0.136238,0.179763,2026-02-02 11:00:00+00:00,77578.350000,77950.000000,77561.150000,77733.940000,1.170140,1770033599999,0,0
0.147937,0.194090,2026-02-02 12:00:00+00:00,77765.800000,78392.000000,77734.810000,77992.820000,1.009740,1770037199999,0,0
0.157231,0.205544,2026-02-02 13:00:00+00:00,78031.550000,78476.630000,77820.330000,78240.390000,2.587520,1770040799999,0,0
0.154924,0.207933,2026-02-02 14:00:00+00:00,78311.530000,78885.760000,77636.390000,77777.400000,5.863650,1770044399999,0,0
0.171479,0.227380,2026-02-02 15:00:00+00:00,77701.440000,79358.240000,77637.860000,78916.770000,7.640510,1770047999999,0,0
0.166158,0.228003,2026-02-02 16:00:00+00:00,78931.840000,79258.390000,78632.610000,78632.610000,3.013700,1770051599999,0,0
0.132847,0.194330,2026-02-02 17:00:00+00:00,78692.570000,79233.300000,78692.570000,78956.600000,0.647010,1770055199999,0,1
0.123221,0.192367,2026-02-02 18:00:00+00:00,78976.310000,79015.810000,78386.270000,78652.180000,3.344360,1770058799999,0,0
0.115339,0.188891,2026-02-02 19:00:00+00:00,78575.590000,78698.160000,78304.820000,78353.700000,2.257490,1770062399999,0,0
0.113931,0.193441,2026-02-02 20:00:00+00:00,78278.820000,78643.280000,77914.530000,77914.530000,9.634190,1770065999999,0,0
0.116296,0.190751,2026-02-02 21:00:00+00:00,77956.620000,78553.510000,77947.970000,78525.640000,1.010130,1770069599999,0,0
0.118335,0.195181,2026-02-02 22:00:00+00:00,78555.810000,78878.830000,78555.810000,78813.900000,0.710030,1770073199999,0,1
0.102153,0.170792,2026-02-02 23:00:00+00:00,78739.400000,78956.600000,78581.760000,78794.560000,1.093000,1770076799999,0,1
0.096968,0.165369,2026-02-03 00:00:00+00:00,78684.710000,79077.880000,78397.330000,79063.390000,0.326470,1770080399999,0,1
0.094174,0.164672,2026-02-03 01:00:00+00:00,79041.430000,79163.460000,78740.000000,79011.470000,1.217160,1770083999999,0,1
0.104779,0.183477,2026-02-03 02:00:00+00:00,78899.320000,78903.350000,77788.930000,77788.930000,1.527420,1770087599999,0,0
0.115458,0.185652,2026-02-03 03:00:00+00:00,77778.140000,78900.000000,77647.550000,78858.390000,1.232560,1770091199999,0,1
0.125750,0.187477,2026-02-03 04:00:00+00:00,78768.590000,79012.410000,78490.260000,78780.920000,0.472590,1770094799999,0,1
0.120947,0.165614,2026-02-03 05:00:00+00:00,78788.590000,78809.030000,78230.360000,78230.360000,1.328170,1770098399999,0,0
0.126277,0.159172,2026-02-03 06:00:00+00:00,78233.660000,78634.050000,77966.480000,78530.270000,0.596380,1770101999999,0,0
0.133464,0.155614,2026-02-03 07:00:00+00:00,78569.800000,78908.150000,78564.070000,78793.640000,0.072170,1770105599999,0,1
0.132771,0.145311,2026-02-03 08:00:00+00:00,78866.220000,79066.000000,78503.540000,78701.620000,0.368130,1770109199999,0,1
0.133322,0.142855,2026-02-03 09:00:00+00:00,78847.660000,78847.660000,77958.030000,78382.200000,0.579960,1770112799999,0,1
0.139530,0.144686,2026-02-03 10:00:00+00:00,78399.330000,78549.010000,78089.040000,78111.550000,0.244050,1770116399999,0,1
0.144839,0.143839,2026-02-03 11:00:00+00:00,78143.880000,78300.430000,78019.920000,78198.510000,0.214360,1770119999999,0,1
0.150516,0.144458,2026-02-03 12:00:00+00:00,78103.240000,78430.400000,78063.710000,78373.910000,0.155550,1770123599999,0,1
0.147534,0.139021,2026-02-03 13:00:00+00:00,78371.020000,78424.770000,78257.800000,78294.440000,0.602700,1770127199999,0,1
0.163213,0.154485,2026-02-03 14:00:00+00:00,78322.320000,78409.580000,77206.210000,77206.210000,0.832900,1770130799999,0,0
0.167893,0.153833,2026-02-03 15:00:00+00:00,77285.820000,78170.570000,77048.410000,78126.730000,0.886720,1770134399999,0,1
0.186297,0.178951,2026-02-03 16:00:00+00:00,77981.240000,77981.240000,76489.630000,76496.300000,2.207240,1770137999999,0,1
0.227226,0.231132,2026-02-03 17:00:00+00:00,76527.180000,76527.180000,74878.750000,74878.750000,4.064930,1770141599999,0,0
0.268942,0.288196,2026-02-03 18:00:00+00:00,74940.700000,75254.400000,73150.000000,73209.860000,12.318900,1770145199999,1,0
0.280056,0.275659,2026-02-03 19:00:00+00:00,73120.000000,75268.620000,72979.630000,75051.430000,3.006340,1770148799999,0,0
0.342978,0.307879,2026-02-03 20:00:00+00:00,75144.500000,76709.170000,74614.330000,76546.540000,4.171720,1770152399999,0,1
0.248594,0.212910,2026-02-03 21:00:00+00:00,76716.850000,76925.980000,76145.110000,76218.210000,0.620300,1770155999999,0,0
0.202556,0.172507,2026-02-03 22:00:00+00:00,76236.000000,76236.000000,75448.700000,75729.010000,4.906750,1770159599999,0,0
0.201562,0.170746,2026-02-03 23:00:00+00:00,75738.260000,76015.070000,75447.210000,75751.880000,0.766970,1770163199999,0,0
0.220082,0.181657,2026-02-04 00:00:00+00:00,75640.660000,76252.430000,75457.530000,75936.660000,0.464570,1770166799999,0,0
0.236989,0.194475,2026-02-04 01:00:00+00:00,76012.550000,76770.480000,76012.550000,76382.600000,1.858900,1770170399999,0,0
0.227508,0.185233,2026-02-04 02:00:00+00:00,76412.160000,76617.230000,75752.430000,75984.340000,0.391960,1770173999999,0,0
0.226934,0.185721,2026-02-04 03:00:00+00:00,75907.290000,76952.650000,75907.290000,76753.660000,0.827760,1770177599999,0,1
0.230652,0.191857,2026-02-04 04:00:00+00:00,76697.180000,76802.240000,76412.310000,76458.220000,0.266110,1770181199999,0,1
0.213849,0.179817,2026-02-04 05:00:00+00:00,76506.550000,76543.190000,76116.340000,76272.400000,0.087870,1770184799999,0,0
0.174921,0.158098,2026-02-04 06:00:00+00:00,76324.250000,76841.660000,76324.250000,76611.800000,0.577030,1770188399999,0,1
0.159329,0.151828,2026-02-04 07:00:00+00:00,76681.300000,76681.300000,76375.750000,76525.290000,0.261940,1770191999999,0,1
0.152812,0.149366,2026-02-04 08:00:00+00:00,76480.450000,76551.870000,76103.120000,76551.870000,0.375120,1770195599999,0,1
0.151374,0.155284,2026-02-04 09:00:00+00:00,76600.460000,76600.460000,76017.550000,76112.600000,0.161870,1770199199999,0,1
0.144237,0.152733,2026-02-04 10:00:00+00:00,76134.500000,76303.160000,76099.260000,76287.170000,0.471400,1770202799999,0,1
0.135998,0.151346,2026-02-04 11:00:00+00:00,76281.300000,76281.300000,75684.310000,76038.300000,0.196520,1770206399999,0,1
0.127643,0.147449,2026-02-04 12:00:00+00:00,76051.270000,76268.060000,75997.490000,76152.700000,0.570490,1770209999999,0,1
0.143311,0.175379,2026-02-04 13:00:00+00:00,76138.190000,76182.720000,74847.610000,74913.390000,1.177250,1770213599999,0,0
0.154612,0.193169,2026-02-04 14:00:00+00:00,74843.590000,75736.770000,74245.860000,74338.100000,2.536540,1770217199999,0,0
0.150135,0.193185,2026-02-04 15:00:00+00:00,74211.380000,75253.860000,73827.600000,74157.140000,4.270150,1770220799999,0,1
0.156050,0.200945,2026-02-04 16:00:00+00:00,74182.430000,74258.210000,73086.010000,73654.510000,2.345940,1770224399999,0,0
0.182767,0.227100,2026-02-04 17:00:00+00:00,73610.660000,73773.940000,72209.960000,72608.870000,6.552470,1770227999999,0,0
0.197023,0.208247,2026-02-04 18:00:00+00:00,72589.840000,74112.500000,72326.960000,73448.600000,7.731520,1770231599999,0,0
0.213866,0.208647,2026-02-04 19:00:00+00:00,73482.220000,73972.550000,73110.960000,73894.730000,4.344600,1770235199999,0,1
0.183149,0.177818,2026-02-04 20:00:00+00:00,73903.650000,74127.390000,73406.820000,73529.640000,9.835370,1770238799999,0,1
0.186969,0.183149,2026-02-04 21:00:00+00:00,73489.920000,73617.250000,72218.170000,72781.800000,3.337830,1770242399999,0,0
0.189125,0.183787,2026-02-04 22:00:00+00:00,72856.110000,73682.740000,71863.740000,72577.170000,4.900450,1770245999999,0,0
0.198100,0.185126,2026-02-04 23:00:00+00:00,72648.190000,73503.600000,72485.070000,73160.680000,0.843690,1770249599999,0,1
0.188167,0.178453,2026-02-05 00:00:00+00:00,73152.730000,73310.950000,72795.590000,72892.360000,0.684540,1770253199999,0,1
0.175567,0.168103,2026-02-05 01:00:00+00:00,72869.230000,73317.570000,72001.160000,72560.400000,0.994830,1770256799999,0,1
0.195305,0.192650,2026-02-05 02:00:00+00:00,72415.700000,72820.970000,71313.930000,71380.800000,2.282430,1770260399999,0,0
0.203582,0.203533,2026-02-05 03:00:00+00:00,71514.000000,71859.690000,71190.410000,71237.360000,2.744260,1770263999999,0,0
0.206489,0.209402,2026-02-05 04:00:00+00:00,71256.500000,71414.500000,70712.990000,70743.920000,2.373880,1770267599999,0,0
0.208513,0.209167,2026-02-05 05:00:00+00:00,70909.800000,71164.220000,70155.450000,70670.000000,2.478860,1770271199999,0,0
0.201624,0.199981,2026-02-05 06:00:00+00:00,70761.280000,70982.380000,70309.360000,70930.600000,3.476430,1770274799999,0,0
0.190129,0.190462,2026-02-05 07:00:00+00:00,70975.000000,71636.720000,70659.190000,70677.400000,1.913820,1770278399999,0,0
0.185506,0.186458,2026-02-05 08:00:00+00:00,70807.000000,71547.810000,70713.560000,71120.310000,0.692550,1770281999999,0,0
0.192862,0.193273,2026-02-05 09:00:00+00:00,71056.740000,71955.870000,71056.740000,71674.510000,1.456230,1770285599999,0,1
0.176884,0.185863,2026-02-05 10:00:00+00:00,71653.350000,71703.130000,70667.700000,70836.200000,0.390420,1770289199999,0,1
0.174858,0.194482,2026-02-05 11:00:00+00:00,70876.000000,71042.300000,69912.520000,70352.020000,1.593750,1770292799999,0,0
0.174119,0.209086,2026-02-05 12:00:00+00:00,70363.350000,70559.270000,69180.350000,69537.280000,2.682930,1770296399999,0,0
0.172548,0.213655,2026-02-05 13:00:00+00:00,69560.680000,69890.380000,69269.920000,69566.700000,1.722040,1770299999999,0,0
0.165128,0.206339,2026-02-05 14:00:00+00:00,69752.100000,70842.760000,69319.550000,69499.300000,2.825200,1770303599999,0,1
0.206882,0.269440,2026-02-05 15:00:00+00:00,69406.740000,69589.570000,66749.050000,67495.940000,17.516020,1770307199999,0,0
0.211026,0.266332,2026-02-05 16:00:00+00:00,67444.100000,68639.350000,66986.730000,68326.160000,7.480270,1770310799999,0,1
0.234138,0.304101,2026-02-05 17:00:00+00:00,68269.300000,68269.300000,66180.750000,66278.730000,8.093860,1770314399999,0,1
0.247689,0.316627,2026-02-05 18:00:00+00:00,66231.480000,66525.250000,65400.000000,66442.850000,4.871960,1770317999999,0,1
0.243854,0.323783,2026-02-05 19:00:00+00:00,66320.140000,66620.250000,65222.400000,65297.100000,2.025380,1770321599999,0,1
0.276777,0.377946,2026-02-05 20:00:00+00:00,65312.650000,65668.710000,62345.000000,63743.430000,16.471670,1770325199999,0,0
0.288983,0.400254,2026-02-05 21:00:00+00:00,63708.590000,64769.860000,62917.540000,63312.330000,3.446690,1770328799999,0,0
0.270809,0.366197,2026-02-05 22:00:00+00:00,63305.420000,64554.120000,62754.090000,64077.910000,5.284110,1770332399999,0,0
0.277725,0.388473,2026-02-05 23:00:00+00:00,63930.700000,64892.060000,62754.090000,62754.090000,4.058600,1770335999999,0,1
0.264726,0.363098,2026-02-06 00:00:00+00:00,63049.100000,63831.630000,60075.490000,63632.900000,11.818920,1770339599999,1,0
0.306563,0.397194,2026-02-06 01:00:00+00:00,63659.070000,65755.060000,63612.980000,65597.400000,5.257730,1770343199999,0,0
0.247693,0.339429,2026-02-06 02:00:00+00:00,65721.090000,66044.930000,64289.880000,64958.390000,1.639200,1770346799999,0,0
0.212614,0.304295,2026-02-06 03:00:00+00:00,64901.210000,65166.290000,63790.790000,64211.940000,3.696690,1770350399999,1,0
0.197887,0.290950,2026-02-06 04:00:00+00:00,64185.280000,65012.080000,63935.900000,64912.030000,0.716120,1770353999999,0,0
0.266472,0.356443,2026-02-06 05:00:00+00:00,64905.080000,66805.950000,64845.070000,66347.660000,4.920490,1770357599999,0,0
0.240332,0.339876,2026-02-06 06:00:00+00:00,66547.570000,66759.590000,64892.400000,65151.900000,2.194210,1770361199999,0,0
0.221102,0.327405,2026-02-06 07:00:00+00:00,64900.000000,65503.100000,64672.510000,64845.340000,0.626630,1770364799999,1,0
0.198918,0.310326,2026-02-06 08:00:00+00:00,64729.880000,65192.060000,64517.950000,65047.440000,0.271050,1770368399999,1,0
0.215353,0.339092,2026-02-06 09:00:00+00:00,64927.550000,66135.260000,64829.150000,65840.470000,0.319940,1770371999999,1,0
0.207397,0.339793,2026-02-06 10:00:00+00:00,65796.010000,66193.020000,65660.980000,66023.240000,0.355610,1770375599999,1,0
0.162769,0.295337,2026-02-06 11:00:00+00:00,65888.800000,66747.270000,65806.790000,66583.240000,1.821730,1770379199999,1,0
0.140129,0.279250,2026-02-06 12:00:00+00:00,66566.220000,66576.670000,66229.780000,66557.380000,0.649780,1770382799999,1,0
0.149668,0.301153,2026-02-06 13:00:00+00:00,66551.220000,67665.400000,66506.000000,67397.080000,1.710670,1770386399999,0,0
0.165336,0.338296,2026-02-06 14:00:00+00:00,67325.760000,68661.790000,66635.300000,68127.440000,3.506640,1770389999999,1,0
0.147915,0.326992,2026-02-06 15:00:00+00:00,68126.160000,69140.770000,67800.000000,68618.710000,6.054480,1770393599999,1,0
0.159065,0.365034,2026-02-06 16:00:00+00:00,68639.200000,70252.060000,68415.590000,69947.130000,5.400210,1770397199999,0,0
0.175033,0.405441,2026-02-06 17:00:00+00:00,69940.000000,71500.000000,69609.550000,70801.880000,3.187290,1770400799999,0,0
0.136472,0.370734,2026-02-06 18:00:00+00:00,70732.510000,70798.820000,69376.640000,69822.860000,3.045190,1770404399999,0,0
0.133231,0.378701,2026-02-06 19:00:00+00:00,69832.910000,70900.000000,69671.980000,70789.350000,0.915050,1770407999999,0,0
0.127988,0.380354,2026-02-06 20:00:00+00:00,70715.250000,71000.000000,70089.460000,70140.010000,2.599300,1770411599999,0,0
0.121056,0.358802,2026-02-06 21:00:00+00:00,70005.290000,70444.920000,69858.100000,70378.140000,5.042010,1770415199999,0,0
0.129488,0.376381,2026-02-06 22:00:00+00:00,70367.930000,71549.850000,70327.430000,71391.460000,1.520780,1770418799999,0,0
0.110929,0.331065,2026-02-06 23:00:00+00:00,71401.650000,71679.580000,70559.670000,70588.220000,3.118140,1770422399999,0,0
0.097612,0.301411,2026-02-07 00:00:00+00:00,70581.270000,70581.270000,69720.000000,70004.190000,1.574370,1770425999999,0,0
0.080937,0.268035,2026-02-07 01:00:00+00:00,69973.090000,70685.140000,69778.310000,70524.760000,0.326810,1770429599999,0,0
0.074891,0.251823,2026-02-07 02:00:00+00:00,70459.450000,70621.750000,70214.040000,70368.920000,0.189150,1770433199999,0,0
0.071490,0.227693,2026-02-07 03:00:00+00:00,70381.350000,70926.670000,70316.390000,70926.670000,0.574080,1770436799999,0,0
0.070301,0.211275,2026-02-07 04:00:00+00:00,70863.600000,71669.460000,70641.530000,70709.980000,3.283210,1770440399999,0,0
0.070727,0.209402,2026-02-07 05:00:00+00:00,70736.210000,71904.000000,69967.260000,70094.960000,1.187380,1770443999999,0,1
0.090538,0.240955,2026-02-07 06:00:00+00:00,70158.580000,70335.170000,68811.120000,68811.120000,0.865370,1770447599999,0,0
0.114631,0.258961,2026-02-07 07:00:00+00:00,68982.180000,69044.320000,67382.950000,68150.330000,3.840770,1770451199999,0,0
0.127026,0.240501,2026-02-07 08:00:00+00:00,68040.270000,68803.380000,67799.560000,68479.580000,3.342370,1770454799999,0,0
0.140140,0.228411,2026-02-07 09:00:00+00:00,68493.620000,68720.130000,67919.960000,68139.920000,0.461280,1770458399999,0,0
0.149939,0.209559,2026-02-07 10:00:00+00:00,68117.300000,68263.000000,67698.130000,68051.850000,0.252520,1770461999999,1,0
0.157888,0.190056,2026-02-07 11:00:00+00:00,68071.690000,68145.590000,67745.260000,67988.250000,0.165350,1770465599999,1,0
0.193198,0.194099,2026-02-07 12:00:00+00:00,67916.120000,69967.260000,67916.120000,68876.770000,0.588230,1770469199999,0,0
0.210190,0.188544,2026-02-07 13:00:00+00:00,69052.640000,69403.520000,68891.520000,69041.920000,0.490090,1770472799999,0,0
0.193518,0.162159,2026-02-07 14:00:00+00:00,69120.450000,69206.990000,68389.510000,68637.100000,1.527740,1770476399999,1,0
0.202363,0.159761,2026-02-07 15:00:00+00:00,68603.080000,69662.560000,68603.080000,69123.800000,1.046060,1770479999999,0,0
0.203201,0.160683,2026-02-07 16:00:00+00:00,69201.140000,69952.690000,68951.630000,69056.370000,2.645470,1770483599999,0,0
0.193191,0.153088,2026-02-07 17:00:00+00:00,69037.210000,69368.370000,68615.600000,69136.990000,0.332200,1770487199999,1,0
0.212014,0.162732,2026-02-07 18:00:00+00:00,69223.620000,69674.280000,69026.200000,69497.370000,0.405030,1770490799999,0,0
0.203512,0.158393,2026-02-07 19:00:00+00:00,69494.830000,69584.930000,69302.750000,69342.730000,0.485570,1770494399999,0,0
0.204661,0.157030,2026-02-07 20:00:00+00:00,69377.890000,69691.970000,69282.070000,69553.750000,1.045850,1770497999999,0,0
0.199237,0.155820,2026-02-07 21:00:00+00:00,69661.650000,69664.990000,69434.260000,69440.480000,0.443010,1770501599999,0,0
0.185106,0.150746,2026-02-07 22:00:00+00:00,69501.880000,69701.400000,69362.810000,69420.110000,0.611040,1770505199999,0,0
0.170008,0.145425,2026-02-07 23:00:00+00:00,69428.840000,69441.450000,68861.930000,69310.380000,0.891660,1770508799999,1,0
0.166872,0.146237,2026-02-08 00:00:00+00:00,69313.990000,69419.970000,68900.000000,69168.920000,1.172790,1770512399999,1,0
0.164168,0.146878,2026-02-08 01:00:00+00:00,69240.520000,69496.520000,69134.080000,69354.760000,0.265640,1770515999999,1,0
0.152513,0.142148,2026-02-08 02:00:00+00:00,69320.760000,69679.740000,69214.560000,69260.530000,0.322310,1770519599999,1,0
0.146232,0.141783,2026-02-08 03:00:00+00:00,69396.450000,69419.030000,69076.270000,69076.270000,0.281150,1770523199999,1,0
0.141075,0.140379,2026-02-08 04:00:00+00:00,69117.050000,69334.800000,69000.000000,69328.920000,0.066700,1770526799999,1,0
0.136505,0.139823,2026-02-08 05:00:00+00:00,69318.390000,69439.230000,69170.810000,69246.410000,0.352980,1770530399999,1,0
0.132997,0.135538,2026-02-08 06:00:00+00:00,69254.120000,69441.450000,69107.820000,69287.000000,0.190180,1770533999999,1,0
0.145181,0.141436,2026-02-08 07:00:00+00:00,69385.590000,69700.000000,69266.130000,69700.000000,0.063950,1770537599999,1,0
0.175455,0.162490,2026-02-08 08:00:00+00:00,69650.410000,70716.680000,69577.100000,70625.920000,0.696390,1770541199999,0,0
0.167925,0.152251,2026-02-08 09:00:00+00:00,70670.310000,70670.310000,70153.660000,70197.300000,0.052650,1770544799999,0,0
0.162489,0.141055,2026-02-08 10:00:00+00:00,70249.030000,70431.660000,69902.640000,70397.280000,0.494870,1770548399999,0,0
0.189343,0.155489,2026-02-08 11:00:00+00:00,70253.800000,71171.450000,70253.800000,70978.100000,1.379660,1770551999999,0,0
0.198874,0.161903,2026-02-08 12:00:00+00:00,70955.720000,71250.000000,70746.330000,71245.550000,0.162640,1770555599999,0,0
0.196322,0.159858,2026-02-08 13:00:00+00:00,71271.630000,71509.000000,70983.000000,71509.000000,2.148340,1770559199999,0,0
0.186152,0.153020,2026-02-08 14:00:00+00:00,71537.250000,71570.170000,71129.780000,71250.480000,0.322070,1770562799999,0,0
0.182318,0.153148,2026-02-08 15:00:00+00:00,71293.250000,71541.690000,70815.730000,71141.200000,0.198710,1770566399999,0,0
0.187894,0.163508,2026-02-08 16:00:00+00:00,71134.970000,71227.570000,70277.250000,70440.010000,0.155950,1770569999999,0,0
0.180628,0.158468,2026-02-08 17:00:00+00:00,70587.400000,70816.350000,70547.210000,70791.830000,0.449240,1770573599999,0,0
0.173545,0.155646,2026-02-08 18:00:00+00:00,70817.000000,71414.470000,70811.330000,71172.440000,0.269010,1770577199999,0,0
0.156614,0.142142,2026-02-08 19:00:00+00:00,71144.720000,71525.390000,71144.720000,71427.090000,0.917400,1770580799999,0,0
0.144759,0.134848,2026-02-08 20:00:00+00:00,71310.080000,71310.080000,70754.720000,70857.740000,1.074460,1770584399999,0,0
0.139725,0.132107,2026-02-08 21:00:00+00:00,70858.100000,71103.480000,70600.000000,70648.390000,0.464950,1770587999999,0,0
0.139875,0.130149,2026-02-08 22:00:00+00:00,70700.270000,71083.330000,70700.270000,71083.330000,1.161250,1770591599999,0,0
0.148399,0.137843,2026-02-08 23:00:00+00:00,71103.460000,72250.870000,70000.010000,70315.680000,2.217990,1770595199999,0,0
0.151799,0.135306,2026-02-09 00:00:00+00:00,70394.020000,70773.310000,70153.660000,70543.820000,0.518750,1770598799999,0,0
0.147766,0.127967,2026-02-09 01:00:00+00:00,70467.190000,70921.890000,70063.400000,70439.690000,0.404530,1770602399999,0,0
0.151378,0.124606,2026-02-09 02:00:00+00:00,70365.080000,70926.590000,70254.610000,70687.050000,0.338620,1770605999999,0,0
0.170840,0.131312,2026-02-09 03:00:00+00:00,70665.250000,71468.470000,70662.590000,71232.020000,0.355280,1770609599999,0,1
0.161422,0.119190,2026-02-09 04:00:00+00:00,71298.610000,71298.610000,70965.480000,71008.310000,0.263160,1770613199999,0,1
0.160998,0.111588,2026-02-09 05:00:00+00:00,70999.140000,71089.510000,70840.880000,71089.510000,0.592730,1770616799999,0,1
0.173586,0.115064,2026-02-09 06:00:00+00:00,70940.000000,70940.000000,70350.870000,70641.390000,0.311800,1770620399999,0,1
0.184681,0.118265,2026-02-09 07:00:00+00:00,70630.870000,70876.430000,70370.560000,70481.380000,0.240560,1770623999999,0,1
0.195857,0.127722,2026-02-09 08:00:00+00:00,70434.290000,70581.710000,69441.450000,69919.950000,0.177130,1770627599999,0,0
0.208560,0.135127,2026-02-09 09:00:00+00:00,69953.330000,70131.640000,69495.430000,69495.430000,0.651150,1770631199999,0,0
0.226285,0.148890,2026-02-09 10:00:00+00:00,69612.410000,69721.310000,68452.450000,68764.520000,0.954700,1770634799999,0,0
0.226214,0.146598,2026-02-09 11:00:00+00:00,68832.960000,69000.000000,68625.000000,68879.810000,0.162450,1770638399999,0,0
0.222345,0.141333,2026-02-09 12:00:00+00:00,68904.520000,69256.400000,68904.520000,69063.170000,2.069480,1770641999999,0,0
0.217545,0.138832,2026-02-09 13:00:00+00:00,69109.390000,69282.290000,68615.600000,68615.600000,0.092980,1770645599999,1,0
0.220473,0.136403,2026-02-09 14:00:00+00:00,68644.000000,69662.560000,68327.960000,69275.400000,0.768870,1770649199999,0,0
0.223328,0.137448,2026-02-09 15:00:00+00:00,69359.160000,69940.250000,68893.930000,69569.440000,0.493470,1770652799999,0,0
0.216299,0.129171,2026-02-09 16:00:00+00:00,69569.440000,70416.890000,69171.450000,70054.980000,0.445460,1770656399999,0,0
0.221895,0.131268,2026-02-09 17:00:00+00:00,70235.390000,70958.960000,69858.130000,70620.410000,0.534890,1770659999999,0,0
0.204503,0.122636,2026-02-09 18:00:00+00:00,70637.910000,71006.390000,70125.000000,70355.290000,1.632890,1770663599999,0,0
0.214637,0.128192,2026-02-09 19:00:00+00:00,70384.960000,71050.840000,70322.800000,70894.770000,0.255320,1770667199999,0,1
0.226637,0.137066,2026-02-09 20:00:00+00:00,70843.910000,71081.770000,70526.870000,70815.530000,1.480330,1770670799999,0,1
0.224493,0.138640,2026-02-09 21:00:00+00:00,70725.950000,70725.950000,69858.100000,70356.440000,0.487110,1770674399999,0,1
0.218131,0.139351,2026-02-09 22:00:00+00:00,70358.930000,70698.910000,70289.030000,70399.520000,0.545850,1770677999999,0,1
0.206081,0.135976,2026-02-09 23:00:00+00:00,70409.940000,70587.380000,70113.670000,70120.200000,0.043350,1770681599999,0,1
0.201839,0.138582,2026-02-10 00:00:00+00:00,70176.910000,70189.840000,69763.900000,69823.560000,0.455780,1770685199999,0,0
0.185211,0.129611,2026-02-10 01:00:00+00:00,69875.000000,70500.240000,69875.000000,70370.160000,0.138400,1770688799999,0,1
0.168897,0.122702,2026-02-10 02:00:00+00:00,70459.990000,70464.380000,70054.040000,70121.540000,0.250940,1770692399999,0,1
0.158678,0.122067,2026-02-10 03:00:00+00:00,70130.280000,70130.280000,69247.610000,69515.310000,1.339510,1770695999999,0,0
0.152364,0.119123,2026-02-10 04:00:00+00:00,69549.390000,69859.070000,69549.390000,69859.070000,0.306170,1770699599999,0,1
0.149720,0.121740,2026-02-10 05:00:00+00:00,69822.520000,69851.780000,69219.440000,69425.580000,0.149560,1770703199999,0,0
0.157278,0.131903,2026-02-10 06:00:00+00:00,69423.450000,69546.470000,68685.130000,68897.860000,0.612180,1770706799999,0,0
0.152457,0.129486,2026-02-10 07:00:00+00:00,68888.840000,69236.910000,68888.840000,68932.990000,0.048200,1770710399999,0,0
0.148989,0.125192,2026-02-10 08:00:00+00:00,68969.930000,69172.490000,68748.360000,69167.200000,0.041240,1770713999999,0,0
0.148506,0.122906,2026-02-10 09:00:00+00:00,69216.800000,69375.000000,69000.000000,69000.000000,0.068410,1770717599999,0,0
0.147510,0.116095,2026-02-10 10:00:00+00:00,69191.920000,69270.310000,68981.880000,68981.880000,0.436250,1770721199999,0,0
0.155362,0.118739,2026-02-10 11:00:00+00:00,68853.630000,69135.300000,68489.870000,68558.800000,0.496730,1770724799999,0,0
0.162094,0.118929,2026-02-10 12:00:00+00:00,68663.230000,68835.840000,68472.900000,68624.890000,0.265730,1770728399999,0,0
0.171390,0.118406,2026-02-10 13:00:00+00:00,68496.000000,69163.690000,68427.970000,68994.420000,0.305380,1770731999999,0,0
0.168243,0.115208,2026-02-10 14:00:00+00:00,69052.410000,69627.200000,67932.620000,68506.060000,0.511930,1770735599999,0,0
0.176975,0.115585,2026-02-10 15:00:00+00:00,68398.620000,69472.580000,68365.900000,69312.600000,0.250440,1770739199999,0,0
0.182952,0.118880,2026-02-10 16:00:00+00:00,69312.600000,69770.520000,68970.380000,69543.630000,0.254790,1770742799999,0,0
0.173726,0.111312,2026-02-10 17:00:00+00:00,69497.670000,69991.500000,69324.010000,69882.380000,1.007900,1770746399999,0,1
0.172825,0.115510,2026-02-10 18:00:00+00:00,69925.080000,69944.800000,68677.360000,68942.110000,0.322880,1770749999999,0,1
0.171246,0.117084,2026-02-10 19:00:00+00:00,68924.970000,69285.350000,68731.080000,69052.610000,0.426380,1770753599999,0,1
0.167735,0.118138,2026-02-10 20:00:00+00:00,69090.400000,69116.490000,68680.340000,68759.150000,0.256750,1770757199999,0,0
0.168205,0.121178,2026-02-10 21:00:00+00:00,68743.780000,69000.000000,68390.010000,68638.120000,0.293460,1770760799999,0,0
0.162363,0.118428,2026-02-10 22:00:00+00:00,68712.950000,68854.170000,68609.060000,68741.130000,0.371350,1770764399999,0,0
0.155383,0.113441,2026-02-10 23:00:00+00:00,68678.320000,68846.400000,68552.900000,68837.860000,0.233830,1770767999999,0,0
0.157031,0.114565,2026-02-11 00:00:00+00:00,68853.630000,69261.270000,68789.450000,69236.110000,0.276480,1770771599999,0,1
0.147259,0.109819,2026-02-11 01:00:00+00:00,69219.130000,69292.100000,68939.290000,69071.990000,0.243670,1770775199999,0,1
0.139626,0.107866,2026-02-11 02:00:00+00:00,69033.850000,69221.580000,68615.600000,68688.240000,0.189890,1770778799999,0,1
0.146983,0.117102,2026-02-11 03:00:00+00:00,68688.240000,68736.270000,68035.180000,68162.830000,0.681810,1770782399999,0,0
0.156721,0.130849,2026-02-11 04:00:00+00:00,68202.830000,68295.710000,67362.780000,67513.120000,0.611070,1770785999999,0,0
0.157263,0.134141,2026-02-11 05:00:00+00:00,67596.400000,67787.960000,67423.410000,67427.100000,0.725750,1770789599999,0,0
0.164084,0.141183,2026-02-11 06:00:00+00:00,67431.590000,67468.850000,66581.670000,66799.990000,1.534030,1770793199999,0,0
0.164689,0.137731,2026-02-11 07:00:00+00:00,66815.360000,67234.060000,66670.820000,67044.710000,0.417500,1770796799999,0,0
0.160368,0.131511,2026-02-11 08:00:00+00:00,67050.430000,67082.600000,66841.150000,67012.690000,0.068560,1770800399999,0,0
0.155170,0.124555,2026-02-11 09:00:00+00:00,67040.220000,67066.320000,66814.360000,66884.090000,0.110860,1770803999999,0,0
0.162430,0.130885,2026-02-11 10:00:00+00:00,66804.030000,66873.680000,66396.660000,66418.690000,0.351360,1770807599999,1,0
0.167719,0.129078,2026-02-11 11:00:00+00:00,66597.710000,67086.890000,66597.710000,67054.410000,0.342750,1770811199999,0,0
0.171457,0.130304,2026-02-11 12:00:00+00:00,67055.120000,67402.600000,67001.580000,67128.110000,0.666330,1770814799999,0,0
0.156607,0.118383,2026-02-11 13:00:00+00:00,67108.310000,67617.720000,66858.820000,67489.980000,0.444520,1770818399999,0,0
0.152333,0.118810,2026-02-11 14:00:00+00:00,67489.980000,68811.120000,66500.000000,66678.690000,1.835750,1770821999999,0,0
0.149381,0.119290,2026-02-11 15:00:00+00:00,66676.850000,66901.480000,65760.380000,66626.030000,3.504370,1770825599999,0,0
0.152797,0.126041,2026-02-11 16:00:00+00:00,66510.110000,67228.940000,65985.330000,66112.210000,0.936550,1770829199999,1,0
0.153795,0.127416,2026-02-11 17:00:00+00:00,65950.000000,66902.430000,65892.430000,66618.260000,1.288870,1770832799999,0,0
0.168211,0.136411,2026-02-11 18:00:00+00:00,66528.570000,67294.600000,66196.490000,67265.420000,0.601900,1770836399999,0,0
0.156382,0.125645,2026-02-11 19:00:00+00:00,67308.060000,67851.890000,67126.510000,67540.120000,0.582540,1770839999999,0,0
0.141155,0.113909,2026-02-11 20:00:00+00:00,67560.040000,67687.180000,67192.930000,67562.450000,0.457390,1770843599999,0,0
0.142772,0.115214,2026-02-11 21:00:00+00:00,67581.650000,68298.900000,67464.140000,67883.290000,1.926750,1770847199999,0,0
0.141457,0.118082,2026-02-11 22:00:00+00:00,67857.160000,67898.670000,67411.610000,67411.610000,0.254230,1770850799999,0,0
0.145025,0.125341,2026-02-11 23:00:00+00:00,67414.420000,67515.110000,66799.590000,67087.890000,2.215320,1770854399999,0,0
0.143028,0.126442,2026-02-12 00:00:00+00:00,67060.200000,67662.910000,67057.890000,67461.060000,0.968580,1770857999999,0,0
0.146866,0.132948,2026-02-12 01:00:00+00:00,67476.760000,68051.530000,67476.760000,67688.710000,0.886740,1770861599999,0,0
0.131936,0.124232,2026-02-12 02:00:00+00:00,67680.500000,67771.900000,67408.910000,67521.760000,0.684170,1770865199999,0,0
0.121806,0.118514,2026-02-12 03:00:00+00:00,67425.930000,67583.370000,67346.840000,67574.830000,0.231330,1770868799999,0,0
0.114535,0.118794,2026-02-12 04:00:00+00:00,67524.670000,67723.110000,67010.590000,67017.060000,0.469540,1770872399999,0,0
0.110603,0.117385,2026-02-12 05:00:00+00:00,67012.730000,67194.690000,66673.970000,67130.920000,0.347930,1770875999999,0,0
0.108703,0.114512,2026-02-12 06:00:00+00:00,67141.830000,67342.210000,67061.940000,67113.610000,0.076600,1770879599999,0,0
0.106495,0.111465,2026-02-12 07:00:00+00:00,67147.590000,67291.680000,66952.000000,67142.890000,0.031230,1770883199999,0,0
0.105932,0.110202,2026-02-12 08:00:00+00:00,67227.390000,67332.430000,66889.230000,67129.860000,0.153850,1770886799999,0,0
0.111322,0.113545,2026-02-12 09:00:00+00:00,67082.750000,67682.270000,67074.540000,67597.490000,0.093280,1770890399999,0,0
0.121988,0.119007,2026-02-12 10:00:00+00:00,67548.940000,68023.160000,67479.310000,68012.450000,0.138180,1770893999999,0,1
0.116728,0.113352,2026-02-12 11:00:00+00:00,67974.730000,68269.680000,67809.860000,68170.590000,0.201840,1770897599999,0,1
0.111724,0.110185,2026-02-12 12:00:00+00:00,68069.730000,68127.090000,67729.000000,67732.500000,0.129560,1770901199999,0,0
0.120010,0.117466,2026-02-12 13:00:00+00:00,67864.400000,68405.770000,67698.130000,68345.080000,0.517450,1770904799999,0,1
0.126205,0.123670,2026-02-12 14:00:00+00:00,68345.560000,68345.560000,67521.120000,67655.810000,0.688090,1770908399999,0,1
0.133668,0.130591,2026-02-12 15:00:00+00:00,67549.360000,67987.760000,67053.720000,67098.640000,2.075670,1770911999999,0,0
0.155342,0.152535,2026-02-12 16:00:00+00:00,67138.420000,67224.960000,65575.530000,65791.540000,3.987240,1770915599999,0,0
0.169023,0.163018,2026-02-12 17:00:00+00:00,65715.730000,66243.480000,65370.850000,65400.150000,0.513250,1770919199999,1,0
0.163917,0.154019,2026-02-12 18:00:00+00:00,65517.820000,65787.390000,65134.180000,65549.990000,0.783260,1770922799999,1,0
0.164487,0.147825,2026-02-12 19:00:00+00:00,65608.220000,66107.910000,65297.990000,65781.580000,1.757190,1770926399999,0,0
0.159004,0.138715,2026-02-12 20:00:00+00:00,65755.390000,66031.540000,65204.540000,65378.040000,1.930660,1770929999999,1,0
0.157190,0.129812,2026-02-12 21:00:00+00:00,65474.210000,65906.700000,65452.540000,65816.870000,0.503910,1770933599999,1,0
0.169104,0.134365,2026-02-12 22:00:00+00:00,65818.890000,66370.800000,65673.340000,66294.530000,0.507570,1770937199999,0,0
0.161219,0.123480,2026-02-12 23:00:00+00:00,66285.920000,66487.110000,66177.250000,66252.280000,0.920940,1770940799999,1,0
0.156289,0.118552,2026-02-13 00:00:00+00:00,66253.160000,66514.810000,65867.890000,65926.930000,0.865200,1770944399999,1,0
0.153774,0.117200,2026-02-13 01:00:00+00:00,65951.700000,66603.660000,65937.070000,66365.810000,0.515400,1770947999999,1,0
0.163655,0.123315,2026-02-13 02:00:00+00:00,66427.540000,66746.550000,66399.510000,66664.950000,0.669070,1770951599999,0,0
0.154055,0.115696,2026-02-13 03:00:00+00:00,66746.310000,66804.080000,66473.000000,66477.520000,0.255240,1770955199999,0,0
0.154135,0.114035,2026-02-13 04:00:00+00:00,66576.590000,66685.600000,66305.810000,66328.200000,0.160090,1770958799999,1,0
0.151771,0.112714,2026-02-13 05:00:00+00:00,66350.270000,66495.240000,66189.350000,66189.350000,0.292240,1770962399999,1,0
0.153003,0.111975,2026-02-13 06:00:00+00:00,66212.060000,66299.230000,66038.450000,66299.230000,0.222190,1770965999999,1,0
0.152743,0.111448,2026-02-13 07:00:00+00:00,66350.620000,66557.390000,66051.310000,66176.760000,0.402070,1770969599999,1,0
0.151491,0.109350,2026-02-13 08:00:00+00:00,66238.300000,66737.460000,66222.560000,66630.500000,0.197100,1770973199999,1,0
0.154094,0.111465,2026-02-13 09:00:00+00:00,66671.900000,67045.060000,66669.420000,66933.440000,0.193980,1770976799999,1,0
0.143889,0.105416,2026-02-13 10:00:00+00:00,66897.110000,67100.000000,66832.420000,66999.110000,0.086660,1770980399999,1,0
0.139581,0.104368,2026-02-13 11:00:00+00:00,66945.730000,67188.930000,66828.330000,67165.210000,0.162890,1770983999999,1,0
0.133060,0.103150,2026-02-13 12:00:00+00:00,67167.600000,67188.750000,66971.490000,67077.980000,4.192900,1770987599999,1,0
0.135064,0.107520,2026-02-13 13:00:00+00:00,67147.190000,67626.230000,66966.250000,67330.640000,0.577280,1770991199999,0,0
0.144514,0.118270,2026-02-13 14:00:00+00:00,67252.530000,68000.000000,66877.680000,67724.380000,1.979240,1770994799999,1,0
0.161790,0.135023,2026-02-13 15:00:00+00:00,67825.870000,69278.830000,67791.450000,68636.760000,1.567960,1770998399999,0,0
0.162694,0.136521,2026-02-13 16:00:00+00:00,68717.180000,69441.450000,68607.540000,68930.500000,0.814200,1771001999999,0,0
0.145426,0.122083,2026-02-13 17:00:00+00:00,68963.470000,69234.250000,68680.340000,69038.780000,2.383720,1771005599999,0,0
0.143372,0.121066,2026-02-13 18:00:00+00:00,69070.700000,69441.430000,68906.330000,69107.540000,1.379020,1771009199999,0,0
0.140789,0.121719,2026-02-13 19:00:00+00:00,69105.710000,69218.510000,68931.780000,68931.860000,0.358810,1771012799999,0,0
0.145602,0.124868,2026-02-13 20:00:00+00:00,68899.040000,68974.390000,68690.520000,68760.000000,0.705610,1771016399999,0,0
0.143280,0.123365,2026-02-13 21:00:00+00:00,68772.110000,69061.020000,68772.110000,68918.620000,1.470330,1771019999999,0,0
0.137579,0.121457,2026-02-13 22:00:00+00:00,68922.520000,68995.810000,68787.420000,68964.150000,0.291180,1771023599999,0,0
0.126590,0.114296,2026-02-13 23:00:00+00:00,69026.830000,69026.830000,68848.180000,68866.620000,0.126210,1771027199999,0,0
0.118421,0.107264,2026-02-14 00:00:00+00:00,68872.160000,69132.450000,68801.730000,69046.570000,0.270130,1771030799999,0,0
0.107269,0.099918,2026-02-14 01:00:00+00:00,69108.390000,69121.330000,68958.880000,68978.200000,0.236420,1771034399999,0,0
0.094852,0.091753,2026-02-14 02:00:00+00:00,68947.960000,69039.980000,68892.130000,68906.520000,0.114870,1771037999999,0,0
0.094197,0.090037,2026-02-14 03:00:00+00:00,68893.460000,69027.230000,68880.650000,68993.960000,0.069690,1771041599999,0,0
0.097411,0.090669,2026-02-14 04:00:00+00:00,68958.760000,68968.970000,68788.060000,68791.340000,0.049970,1771045199999,0,0
0.102007,0.090272,2026-02-14 05:00:00+00:00,68796.260000,68912.100000,68789.510000,68790.490000,0.127540,1771048799999,0,0
0.106108,0.088574,2026-02-14 06:00:00+00:00,68762.630000,68944.420000,68755.060000,68916.240000,0.050690,1771052399999,0,0
0.117970,0.090414,2026-02-14 07:00:00+00:00,68945.910000,69327.410000,68890.620000,69227.920000,0.299210,1771055999999,0,0
0.134175,0.095157,2026-02-14 08:00:00+00:00,69197.530000,69858.100000,69197.530000,69764.380000,0.229640,1771059599999,0,0
0.134000,0.090471,2026-02-14 09:00:00+00:00,69785.740000,69890.380000,69598.760000,69738.410000,0.073350,1771063199999,0,0
0.130654,0.083755,2026-02-14 10:00:00+00:00,69616.200000,69665.360000,69594.190000,69664.040000,0.021670,1771066799999,0,0
0.160435,0.096200,2026-02-14 11:00:00+00:00,69726.120000,70543.950000,69709.030000,70479.930000,1.480690,1771070399999,0,0
0.166915,0.096871,2026-02-14 12:00:00+00:00,70473.800000,70532.940000,69641.500000,69641.500000,0.195990,1771073999999,0,0
0.173059,0.096037,2026-02-14 13:00:00+00:00,69625.380000,69775.200000,69266.160000,69435.590000,0.427420,1771077599999,0,0
0.174428,0.092273,2026-02-14 14:00:00+00:00,69457.350000,69836.970000,69353.600000,69836.970000,0.440050,1771081199999,0,0
0.175336,0.093071,2026-02-14 15:00:00+00:00,69811.170000,70000.000000,69680.860000,69789.590000,0.109260,1771084799999,0,0
0.161455,0.086688,2026-02-14 16:00:00+00:00,69783.870000,69803.700000,69317.340000,69768.590000,6.310080,1771088399999,0,0
0.149689,0.081695,2026-02-14 17:00:00+00:00,69740.100000,69899.400000,69620.740000,69710.500000,0.059110,1771091999999,0,0
0.142026,0.079281,2026-02-14 18:00:00+00:00,69689.930000,69862.520000,69689.540000,69748.700000,0.129760,1771095599999,0,0
0.141629,0.079470,2026-02-14 19:00:00+00:00,69801.650000,69901.540000,69678.880000,69840.480000,0.184360,1771099199999,0,0
0.143575,0.080071,2026-02-14 20:00:00+00:00,69855.360000,70060.270000,69814.570000,69989.620000,0.558540,1771102799999,0,0
0.140565,0.078553,2026-02-14 21:00:00+00:00,70038.330000,70251.800000,69679.210000,69923.590000,0.693620,1771106399999,0,0
0.138624,0.077384,2026-02-14 22:00:00+00:00,69919.540000,70065.940000,69871.150000,70004.900000,1.069050,1771109999999,0,0
0.138116,0.077798,2026-02-14 23:00:00+00:00,69931.660000,70016.730000,69766.260000,69840.400000,0.145030,1771113599999,0,0
0.139483,0.078623,2026-02-15 00:00:00+00:00,69850.290000,69891.310000,69641.500000,69763.600000,0.140690,1771117199999,0,0
0.137048,0.077316,2026-02-15 01:00:00+00:00,69781.060000,69892.910000,69367.400000,69702.790000,0.569050,1771120799999,0,0
0.140731,0.078354,2026-02-15 02:00:00+00:00,69721.730000,69767.230000,69373.900000,69561.880000,0.173010,1771124399999,0,0
0.146980,0.079693,2026-02-15 03:00:00+00:00,69524.650000,69963.670000,69284.350000,69918.420000,0.464660,1771127999999,0,0
0.154583,0.080973,2026-02-15 04:00:00+00:00,69999.560000,70501.900000,69856.080000,70133.620000,0.688730,1771131599999,0,0
0.153366,0.077251,2026-02-15 05:00:00+00:00,70173.850000,70418.370000,70141.470000,70302.280000,0.241700,1771135199999,0,0
0.152355,0.074549,2026-02-15 06:00:00+00:00,70257.730000,70520.000000,70193.370000,70318.390000,0.947260,1771138799999,0,0
0.165009,0.079196,2026-02-15 07:00:00+00:00,70397.460000,70897.970000,70326.390000,70768.900000,0.192130,1771142399999,0,1
0.164548,0.080484,2026-02-15 08:00:00+00:00,70809.850000,70968.620000,70215.730000,70421.450000,0.406650,1771145999999,0,1
0.162383,0.080174,2026-02-15 09:00:00+00:00,70459.650000,70624.120000,70396.060000,70426.490000,0.177010,1771149599999,0,1
0.162703,0.080847,2026-02-15 10:00:00+00:00,70417.190000,70521.430000,70223.820000,70521.430000,1.933750,1771153199999,0,1
0.159700,0.082813,2026-02-15 11:00:00+00:00,70486.790000,70520.390000,70266.240000,70282.400000,0.188900,1771156799999,0,1
0.173653,0.095067,2026-02-15 12:00:00+00:00,70313.920000,70374.540000,69333.790000,69333.790000,0.709230,1771160399999,0,0
0.179671,0.099567,2026-02-15 13:00:00+00:00,69445.820000,69624.780000,68800.000000,68977.320000,1.169850,1771163999999,0,0
0.170766,0.094110,2026-02-15 14:00:00+00:00,69040.940000,69172.030000,68893.920000,69132.190000,0.141620,1771167599999,0,0
0.170015,0.092676,2026-02-15 15:00:00+00:00,69186.980000,69247.060000,68951.390000,69108.090000,0.471140,1771171199999,0,0
0.165121,0.088375,2026-02-15 16:00:00+00:00,69090.550000,69090.550000,68800.000000,69036.560000,0.382090,1771174799999,0,0
0.169051,0.089857,2026-02-15 17:00:00+00:00,69050.990000,69088.970000,68226.480000,68633.790000,2.303660,1771178399999,0,0
0.174269,0.092610,2026-02-15 18:00:00+00:00,68589.870000,68781.390000,68415.160000,68418.270000,0.303670,1771181999999,0,0
0.174637,0.093094,2026-02-15 19:00:00+00:00,68404.360000,68522.430000,68074.560000,68314.510000,0.608440,1771185599999,0,0
0.174301,0.092056,2026-02-15 20:00:00+00:00,68278.280000,68551.900000,68176.720000,68468.440000,0.564070,1771189199999,0,0
0.181816,0.094623,2026-02-15 21:00:00+00:00,68469.820000,68929.450000,68469.820000,68909.820000,0.263080,1771192799999,0,0
0.170079,0.088847,2026-02-15 22:00:00+00:00,68906.380000,69070.850000,68813.060000,68971.060000,0.199790,1771196399999,0,0
0.151429,0.080288,2026-02-15 23:00:00+00:00,68973.450000,68973.450000,68351.990000,68817.980000,0.752560,1771199999999,0,0
0.152448,0.080500,2026-02-16 00:00:00+00:00,68779.350000,69031.570000,68739.020000,68850.840000,0.236150,1771203599999,0,0
0.158073,0.083647,2026-02-16 01:00:00+00:00,68835.560000,69010.720000,68536.870000,68597.630000,0.168240,1771207199999,0,0
0.167040,0.089310,2026-02-16 02:00:00+00:00,68590.000000,68741.760000,68257.180000,68257.180000,0.135030,1771210799999,0,0
0.165787,0.088692,2026-02-16 03:00:00+00:00,68377.490000,68443.860000,68182.180000,68407.740000,0.080260,1771214399999,0,0
0.174146,0.092637,2026-02-16 04:00:00+00:00,68454.880000,68881.900000,68454.880000,68881.900000,0.192700,1771217999999,0,0
0.164796,0.089945,2026-02-16 05:00:00+00:00,68858.440000,68858.440000,68331.100000,68385.330000,0.014150,1771221599999,0,0
0.157056,0.086925,2026-02-16 06:00:00+00:00,68390.070000,68501.120000,68239.910000,68418.870000,0.013360,1771225199999,0,0
0.149702,0.084700,2026-02-16 07:00:00+00:00,68447.440000,68678.540000,68398.870000,68582.970000,0.033360,1771228799999,0,0
0.150862,0.086601,2026-02-16 08:00:00+00:00,68638.370000,68799.320000,68583.780000,68793.460000,0.014810,1771232399999,0,0
0.150792,0.087894,2026-02-16 09:00:00+00:00,68783.640000,69049.590000,68777.730000,69036.360000,0.009680,1771235999999,0,0
0.139883,0.084034,2026-02-16 10:00:00+00:00,68963.720000,68973.140000,68708.640000,68834.770000,0.074710,1771239599999,0,0
0.135049,0.091873,2026-02-16 11:00:00+00:00,68789.650000,68894.180000,68378.960000,68837.210000,0.193460,1771243199999,0,0
0.158707,0.105203,2026-02-16 12:00:00+00:00,68848.570000,69829.190000,68817.670000,69724.190000,0.393900,1771246799999,0,1
0.157934,0.109865,2026-02-16 13:00:00+00:00,69687.830000,70061.790000,68234.030000,68252.650000,0.459700,1771250399999,0,0
0.154297,0.108894,2026-02-16 14:00:00+00:00,68465.300000,68702.060000,68227.640000,68393.570000,0.142500,1771253999999,0,0
0.148468,0.111188,2026-02-16 15:00:00+00:00,68522.830000,68594.690000,67338.320000,67572.500000,0.633040,1771257599999,0,0
0.151009,0.113242,2026-02-16 16:00:00+00:00,67565.850000,67945.580000,67539.830000,67860.270000,0.265020,1771261199999,0,0
0.149458,0.112863,2026-02-16 17:00:00+00:00,67891.230000,68049.100000,67645.960000,67980.100000,0.562680,1771264799999,0,0
0.138779,0.103327,2026-02-16 18:00:00+00:00,67931.000000,68234.430000,67904.880000,67974.460000,0.284880,1771268399999,0,0
0.137717,0.100578,2026-02-16 19:00:00+00:00,67938.000000,68100.000000,67852.950000,67903.020000,0.164610,1771271999999,0,0
0.148303,0.103956,2026-02-16 20:00:00+00:00,67940.780000,68548.070000,67856.420000,68548.070000,0.281200,1771275599999,0,0
0.156554,0.107612,2026-02-16 21:00:00+00:00,68550.490000,68927.060000,68456.390000,68920.250000,0.267470,1771279199999,0,1
0.141638,0.097419,2026-02-16 22:00:00+00:00,68888.680000,68888.680000,68557.470000,68618.350000,0.247940,1771282799999,0,0
0.141111,0.096435,2026-02-16 23:00:00+00:00,68599.230000,68978.750000,68564.160000,68833.270000,0.503790,1771286399999,0,1
0.141875,0.099350,2026-02-17 00:00:00+00:00,68861.260000,69037.700000,68691.790000,68898.910000,0.139270,1771289999999,0,1
0.143864,0.102760,2026-02-17 01:00:00+00:00,68919.180000,68976.300000,68600.000000,68600.000000,0.238220,1771293599999,0,0
0.149127,0.105108,2026-02-17 02:00:00+00:00,68600.460000,69207.840000,68398.150000,68861.180000,0.154540,1771297199999,0,1
0.143306,0.104127,2026-02-17 03:00:00+00:00,68852.980000,68852.980000,68455.720000,68455.720000,0.031330,1771300799999,0,0
0.138655,0.103182,2026-02-17 04:00:00+00:00,68472.560000,68649.380000,68295.830000,68449.390000,0.277050,1771304399999,0,0
0.133055,0.101073,2026-02-17 05:00:00+00:00,68494.650000,68521.840000,67932.610000,68277.980000,0.236830,1771307999999,0,0
0.129263,0.098819,2026-02-17 06:00:00+00:00,68272.400000,68469.000000,68272.400000,68431.110000,0.050190,1771311599999,0,0
0.123528,0.096642,2026-02-17 07:00:00+00:00,68393.220000,68506.310000,68178.110000,68405.780000,0.061190,1771315199999,0,0
0.121598,0.096090,2026-02-17 08:00:00+00:00,68487.690000,68487.690000,68188.060000,68188.060000,0.032700,1771318799999,0,0
0.121358,0.097407,2026-02-17 09:00:00+00:00,68304.050000,68304.050000,67993.130000,68104.580000,0.050370,1771322399999,0,0
0.122940,0.099968,2026-02-17 10:00:00+00:00,68140.530000,68148.370000,67735.350000,67836.550000,0.115340,1771325999999,0,0
0.123527,0.101261,2026-02-17 11:00:00+00:00,67859.960000,67916.430000,67722.590000,67846.690000,0.059400,1771329599999,0,0
0.121256,0.101961,2026-02-17 12:00:00+00:00,67856.190000,68305.700000,67856.190000,68034.910000,0.169140,1771333199999,0,0
0.121501,0.100941,2026-02-17 13:00:00+00:00,67938.950000,68334.700000,67799.560000,68122.840000,0.139890,1771336799999,0,0
0.134051,0.111909,2026-02-17 14:00:00+00:00,68156.770000,68342.450000,66749.070000,66921.060000,0.903620,1771340399999,0,0
0.139752,0.112207,2026-02-17 15:00:00+00:00,66898.030000,67395.190000,66600.000000,67306.190000,0.738660,1771343999999,0,0
0.141198,0.112228,2026-02-17 16:00:00+00:00,67416.720000,68131.190000,67416.720000,67498.980000,0.516930,1771347599999,0,0
0.137544,0.106942,2026-02-17 17:00:00+00:00,67716.490000,67716.490000,66904.750000,67130.840000,0.604840,1771351199999,0,0
0.150556,0.110153,2026-02-17 18:00:00+00:00,67256.810000,68249.990000,67150.310000,68091.500000,0.588670,1771354799999,0,0
0.149057,0.106696,2026-02-17 19:00:00+00:00,68101.920000,68221.500000,67783.690000,67827.890000,0.704530,1771358399999,0,0
0.137099,0.097016,2026-02-17 20:00:00+00:00,67788.620000,67887.610000,67528.280000,67755.310000,0.999930,1771361999999,0,0
0.136030,0.098268,2026-02-17 21:00:00+00:00,67750.230000,67895.820000,67541.250000,67656.930000,0.366950,1771365599999,0,0
0.137640,0.100591,2026-02-17 22:00:00+00:00,67668.860000,67722.540000,67515.170000,67515.170000,0.483330,1771369199999,0,0
0.140231,0.104786,2026-02-17 23:00:00+00:00,67522.500000,67582.450000,67395.220000,67498.200000,0.312760,1771372799999,0,0
0.138615,0.105879,2026-02-18 00:00:00+00:00,67506.500000,67665.260000,67304.340000,67313.570000,0.456610,1771376399999,0,0
0.138560,0.107451,2026-02-18 01:00:00+00:00,67348.090000,67359.360000,66859.120000,67144.890000,0.747780,1771379999999,0,0
0.132453,0.105320,2026-02-18 02:00:00+00:00,67193.080000,67395.190000,67193.080000,67341.990000,0.280700,1771383599999,0,0
0.136849,0.108268,2026-02-18 03:00:00+00:00,67345.670000,67709.110000,67345.670000,67693.030000,0.115670,1771387199999,0,0
0.133700,0.104878,2026-02-18 04:00:00+00:00,67649.950000,67839.030000,67479.440000,67828.280000,0.658700,1771390799999,0,0
0.121987,0.096782,2026-02-18 05:00:00+00:00,67831.460000,67929.970000,67616.470000,67695.790000,0.166340,1771394399999,0,0
0.121791,0.097015,2026-02-18 06:00:00+00:00,67640.560000,67977.210000,67630.530000,67874.510000,0.188050,1771397999999,0,0
0.130061,0.103606,2026-02-18 07:00:00+00:00,67851.450000,68206.360000,67708.250000,68152.250000,0.218870,1771401599999,0,1
0.128542,0.103344,2026-02-18 08:00:00+00:00,68128.970000,68446.920000,68071.590000,68071.590000,0.189090,1771405199999,0,1
0.126292,0.101718,2026-02-18 09:00:00+00:00,68093.010000,68257.390000,68027.830000,68172.910000,0.071300,1771408799999,0,1
0.127966,0.105088,2026-02-18 10:00:00+00:00,68109.740000,68180.780000,67767.070000,67800.490000,0.171910,1771412399999,0,0
0.130327,0.109192,2026-02-18 11:00:00+00:00,67774.440000,67959.280000,67154.360000,67519.830000,0.335610,1771415999999,0,0
0.126059,0.108818,2026-02-18 12:00:00+00:00,67378.640000,67659.660000,67378.640000,67488.730000,1.846690,1771419599999,0,0
0.121391,0.108513,2026-02-18 13:00:00+00:00,67541.930000,67580.740000,67141.220000,67236.730000,0.367790,1771423199999,0,0
0.122467,0.106969,2026-02-18 14:00:00+00:00,67303.840000,67375.190000,66716.260000,67235.890000,0.843840,1771426799999,0,0
0.127719,0.108571,2026-02-18 15:00:00+00:00,67236.320000,68302.160000,67236.320000,67684.620000,0.750400,1771430399999,0,1
0.126760,0.107163,2026-02-18 16:00:00+00:00,67661.730000,67690.090000,67004.540000,67140.040000,0.926760,1771433999999,0,0
0.128040,0.104715,2026-02-18 17:00:00+00:00,67136.400000,67494.490000,67073.280000,67175.130000,2.910480,1771437599999,0,0
0.133107,0.111336,2026-02-18 18:00:00+00:00,67177.240000,67225.140000,66223.130000,66459.490000,10.250600,1771441199999,0,0
0.140104,0.117404,2026-02-18 19:00:00+00:00,66504.690000,66504.690000,65863.270000,66187.450000,10.344740,1771444799999,0,0
0.137255,0.115701,2026-02-18 20:00:00+00:00,66187.450000,66537.000000,66126.150000,66272.530000,4.017130,1771448399999,0,0
0.136050,0.113946,2026-02-18 21:00:00+00:00,66287.230000,66492.420000,66049.420000,66353.170000,3.043360,1771451999999,0,0
0.135777,0.111301,2026-02-18 22:00:00+00:00,66313.050000,66456.780000,66234.560000,66433.030000,0.794030,1771455599999,0,0
0.133564,0.107482,2026-02-18 23:00:00+00:00,66456.220000,66506.500000,66287.270000,66445.590000,1.366340,1771459199999,0,0
0.133349,0.104790,2026-02-19 00:00:00+00:00,66461.310000,66579.500000,66359.330000,66452.490000,0.435180,1771462799999,0,0
0.145558,0.109299,2026-02-19 01:00:00+00:00,66469.410000,66888.210000,66469.410000,66888.210000,0.650410,1771466399999,0,0
0.147228,0.108179,2026-02-19 02:00:00+00:00,66822.150000,66949.880000,66638.900000,66849.340000,1.035250,1771469999999,0,0
0.140226,0.101793,2026-02-19 03:00:00+00:00,66826.600000,66999.790000,66744.860000,66999.790000,0.364920,1771473599999,0,0
0.141125,0.103172,2026-02-19 04:00:00+00:00,66967.640000,67055.180000,66775.380000,66810.390000,0.814920,1771477199999,0,0
0.142758,0.104263,2026-02-19 05:00:00+00:00,66799.920000,66888.270000,66673.200000,66888.270000,0.205390,1771480799999,0,0
0.152495,0.110942,2026-02-19 06:00:00+00:00,66909.800000,67259.490000,66886.530000,67203.950000,0.752480,1771484399999,0,0
0.147478,0.108882,2026-02-19 07:00:00+00:00,67166.020000,67300.000000,67048.000000,67186.310000,0.574980,1771487999999,0,0
0.139052,0.105554,2026-02-19 08:00:00+00:00,67170.070000,67170.070000,66859.490000,66976.700000,0.514060,1771491599999,0,0
0.134690,0.106199,2026-02-19 09:00:00+00:00,67002.900000,67150.560000,66760.030000,66843.780000,0.457300,1771495199999,0,0
0.130042,0.106169,2026-02-19 10:00:00+00:00,66826.480000,66958.170000,66750.220000,66830.200000,0.461390,1771498799999,0,0
0.129782,0.109395,2026-02-19 11:00:00+00:00,66843.190000,66935.310000,66504.010000,66504.010000,0.754520,1771502399999,0,0
0.126228,0.108751,2026-02-19 12:00:00+00:00,66509.080000,66642.030000,66328.630000,66494.780000,0.653170,1771505999999,0,0
0.131706,0.114969,2026-02-19 13:00:00+00:00,66531.160000,66564.650000,65798.780000,65933.170000,4.455540,1771509599999,1,0
0.132471,0.115068,2026-02-19 14:00:00+00:00,65959.360000,66664.340000,65649.990000,66348.310000,4.296800,1771513199999,0,0
0.132549,0.116851,2026-02-19 15:00:00+00:00,66431.840000,66710.770000,65970.990000,66424.500000,5.385560,1771516799999,0,0
0.122531,0.107211,2026-02-19 16:00:00+00:00,66296.700000,66505.520000,65903.020000,66383.510000,0.435520,1771520399999,0,0
0.121460,0.106038,2026-02-19 17:00:00+00:00,66344.060000,67044.110000,66191.200000,66323.300000,0.894640,1771523999999,0,0
0.133081,0.110656,2026-02-19 18:00:00+00:00,66357.140000,67073.600000,66266.770000,66974.890000,0.546060,1771527599999,0,0
0.139153,0.111803,2026-02-19 19:00:00+00:00,66948.720000,67162.880000,66731.070000,67033.060000,0.378550,1771531199999,0,0
0.132167,0.101412,2026-02-19 20:00:00+00:00,67039.050000,67189.810000,66893.550000,67141.000000,0.634390,1771534799999,0,0
0.134975,0.101613,2026-02-19 21:00:00+00:00,67107.530000,67161.340000,66970.960000,66970.960000,0.201560,1771538399999,0,0
0.139965,0.103688,2026-02-19 22:00:00+00:00,66900.000000,66996.090000,66666.310000,66985.200000,2.472810,1771541999999,0,0
0.144289,0.106781,2026-02-19 23:00:00+00:00,66938.820000,67027.570000,66787.710000,66970.730000,0.353710,1771545599999,0,0
0.152304,0.109724,2026-02-20 00:00:00+00:00,66948.190000,67483.180000,66944.550000,67211.060000,0.999490,1771549199999,0,0
0.148056,0.107567,2026-02-20 01:00:00+00:00,67274.880000,67357.250000,67183.750000,67294.710000,0.321100,1771552799999,0,0
0.140150,0.101856,2026-02-20 02:00:00+00:00,67278.370000,67352.570000,67212.200000,67299.380000,0.329270,1771556399999,0,0
0.136702,0.100352,2026-02-20 03:00:00+00:00,67261.170000,67498.340000,67261.170000,67350.660000,0.619200,1771559999999,0,0
0.132770,0.099206,2026-02-20 04:00:00+00:00,67398.000000,67403.210000,67154.500000,67271.070000,0.244340,1771563599999,0,0
0.135647,0.101834,2026-02-20 05:00:00+00:00,67282.960000,68016.200000,67215.930000,67723.630000,0.988590,1771567199999,0,0
0.138322,0.103990,2026-02-20 06:00:00+00:00,67806.110000,67913.620000,67701.220000,67854.520000,0.352210,1771570799999,0,0
0.127870,0.096898,2026-02-20 07:00:00+00:00,67855.090000,67977.100000,67784.620000,67798.600000,0.405480,1771574399999,0,0
0.127848,0.097403,2026-02-20 08:00:00+00:00,67874.280000,67954.070000,67791.480000,67912.440000,0.149500,1771577999999,0,0
0.132777,0.101382,2026-02-20 09:00:00+00:00,67922.550000,68220.400000,67922.550000,68159.720000,0.541520,1771581599999,0,0
0.129229,0.101209,2026-02-20 10:00:00+00:00,68238.340000,68300.000000,67859.550000,67960.180000,0.955400,1771585199999,0,0
0.131424,0.104987,2026-02-20 11:00:00+00:00,67958.360000,67997.590000,67299.410000,67299.410000,1.278150,1771588799999,0,0
0.130374,0.104265,2026-02-20 12:00:00+00:00,67352.840000,67581.590000,67304.030000,67520.810000,1.202150,1771592399999,0,0
0.138468,0.109302,2026-02-20 13:00:00+00:00,67533.720000,67533.720000,66483.690000,66748.820000,5.344120,1771595999999,0,0
0.141721,0.108265,2026-02-20 14:00:00+00:00,66822.860000,67325.110000,66661.490000,67069.390000,2.127350,1771599599999,0,0
0.148216,0.110018,2026-02-20 15:00:00+00:00,67246.770000,68055.200000,66552.750000,67577.910000,4.060030,1771603199999,0,0
0.145748,0.102598,2026-02-20 16:00:00+00:00,67577.950000,67914.700000,67277.850000,67900.580000,2.464850,1771606799999,0,0
0.137322,0.092745,2026-02-20 17:00:00+00:00,67774.710000,67783.340000,66962.150000,67611.690000,2.749940,1771610399999,0,0
0.137790,0.090055,2026-02-20 18:00:00+00:00,67628.540000,68000.000000,67477.660000,67959.620000,1.385430,1771613999999,0,0
0.142667,0.094278,2026-02-20 19:00:00+00:00,67979.600000,68000.600000,67566.140000,67633.920000,0.878650,1771617599999,0,0
0.145557,0.095689,2026-02-20 20:00:00+00:00,67696.780000,67848.890000,67576.070000,67708.500000,1.064600,1771621199999,0,0
0.148858,0.096909,2026-02-20 21:00:00+00:00,67701.610000,67876.540000,67630.280000,67817.780000,1.449380,1771624799999,0,0
0.155381,0.097959,2026-02-20 22:00:00+00:00,67814.720000,68099.700000,67666.840000,68058.080000,1.618140,1771628399999,0,0
0.155421,0.096206,2026-02-20 23:00:00+00:00,68062.010000,68217.460000,67920.000000,68022.850000,0.877010,1771631999999,0,0
0.152797,0.093672,2026-02-21 00:00:00+00:00,68026.060000,68046.030000,67756.390000,67853.260000,0.556830,1771635599999,0,0
0.146000,0.091142,2026-02-21 01:00:00+00:00,67859.730000,67986.710000,67834.550000,67970.600000,0.548450,1771639199999,0,0
0.141226,0.089724,2026-02-21 02:00:00+00:00,67973.270000,68082.000000,67917.970000,67991.580000,0.450290,1771642799999,0,0
0.142226,0.090817,2026-02-21 03:00:00+00:00,67915.870000,67915.870000,67519.630000,67659.760000,1.897880,1771646399999,0,0
0.143789,0.090520,2026-02-21 04:00:00+00:00,67640.360000,67825.140000,67609.370000,67825.140000,0.894630,1771649999999,0,0
0.141375,0.089982,2026-02-21 05:00:00+00:00,67848.820000,67891.990000,67767.240000,67852.310000,0.960040,1771653599999,0,0
0.137563,0.087892,2026-02-21 06:00:00+00:00,67871.460000,67933.070000,67776.580000,67803.680000,0.589060,1771657199999,0,0
0.135251,0.086968,2026-02-21 07:00:00+00:00,67780.300000,67876.000000,67748.020000,67866.590000,0.014530,1771660799999,0,0
0.136895,0.088060,2026-02-21 08:00:00+00:00,67863.670000,68079.100000,67863.670000,68079.100000,0.339320,1771664399999,0,0
0.136394,0.088474,2026-02-21 09:00:00+00:00,68044.620000,68286.620000,68000.090000,68175.680000,1.001440,1771667999999,0,0
0.132364,0.086163,2026-02-21 10:00:00+00:00,68188.770000,68252.950000,68177.630000,68201.100000,0.174770,1771671599999,0,0
0.132508,0.085402,2026-02-21 11:00:00+00:00,68230.880000,68275.540000,68124.610000,68124.610000,0.419950,1771675199999,0,0
0.134404,0.086488,2026-02-21 12:00:00+00:00,68130.570000,68201.730000,67910.310000,68201.730000,0.374990,1771678799999,0,0
0.142022,0.088188,2026-02-21 13:00:00+00:00,68185.100000,68261.510000,68137.230000,68261.510000,1.033310,1771682399999,0,0
0.151620,0.090234,2026-02-21 14:00:00+00:00,68263.180000,68622.950000,68217.800000,68535.090000,3.023030,1771685999999,0,0
0.152242,0.089608,2026-02-21 15:00:00+00:00,68456.510000,68696.220000,68445.680000,68662.520000,0.584120,1771689599999,0,0
0.145651,0.087115,2026-02-21 16:00:00+00:00,68554.870000,68554.870000,68086.590000,68308.330000,1.144700,1771693199999,0,0
0.145806,0.087314,2026-02-21 17:00:00+00:00,68319.530000,68456.780000,68221.800000,68419.960000,0.808230,1771696799999,0,0
0.144526,0.088257,2026-02-21 18:00:00+00:00,68457.380000,68649.620000,68403.630000,68560.030000,0.483670,1771700399999,0,0
0.141238,0.086543,2026-02-21 19:00:00+00:00,68567.720000,68654.570000,68549.620000,68560.620000,0.381770,1771703999999,0,0
0.140937,0.086982,2026-02-21 20:00:00+00:00,68529.030000,68598.060000,68206.360000,68206.360000,0.949650,1771707599999,0,0
0.139585,0.086051,2026-02-21 21:00:00+00:00,68245.860000,68386.000000,68168.200000,68385.590000,0.398290,1771711199999,0,0
0.141479,0.088975,2026-02-21 22:00:00+00:00,68412.300000,68427.060000,67904.390000,67936.670000,1.354760,1771714799999,0,0
0.141182,0.088815,2026-02-21 23:00:00+00:00,67967.770000,68123.070000,67963.690000,68023.170000,0.132090,1771718399999,0,0
0.137692,0.086833,2026-02-22 00:00:00+00:00,67984.380000,68041.420000,67764.610000,67968.100000,0.204100,1771721999999,0,0
0.138704,0.086443,2026-02-22 01:00:00+00:00,67955.200000,68183.640000,67955.200000,68183.640000,0.473980,1771725599999,0,1
0.139033,0.086619,2026-02-22 02:00:00+00:00,68140.740000,68234.250000,67799.560000,67928.950000,0.979280,1771729199999,0,1
0.138561,0.084404,2026-02-22 03:00:00+00:00,67933.340000,68059.080000,67798.110000,68019.700000,0.714820,1771732799999,0,1
0.139496,0.084176,2026-02-22 04:00:00+00:00,68057.160000,68089.910000,67987.250000,68018.010000,0.301150,1771736399999,0,1
0.140646,0.083735,2026-02-22 05:00:00+00:00,67995.780000,68030.790000,67900.300000,67901.080000,0.034880,1771739999999,0,1
0.143126,0.083693,2026-02-22 06:00:00+00:00,67979.520000,68170.640000,67979.520000,68050.930000,0.679830,1771743599999,0,1
0.142661,0.082552,2026-02-22 07:00:00+00:00,68004.570000,68091.760000,68004.570000,68024.080000,0.107310,1771747199999,0,1
0.141663,0.081228,2026-02-22 08:00:00+00:00,68008.440000,68008.440000,67941.050000,67957.030000,0.164110,1771750799999,0,1
0.140903,0.080536,2026-02-22 09:00:00+00:00,67993.140000,68058.900000,67978.200000,68051.350000,0.053860,1771754399999,0,1
0.143305,0.081061,2026-02-22 10:00:00+00:00,68043.160000,68160.640000,68013.120000,68157.750000,0.438650,1771757999999,0,1
0.144351,0.080532,2026-02-22 11:00:00+00:00,68200.000000,68290.470000,68139.290000,68223.910000,0.138170,1771761599999,0,1
0.143502,0.080417,2026-02-22 12:00:00+00:00,68241.840000,68241.840000,67900.800000,67963.300000,0.329670,1771765199999,0,1
0.149005,0.084012,2026-02-22 13:00:00+00:00,67973.710000,68013.000000,67596.580000,67618.070000,0.683240,1771768799999,0,1
0.150807,0.086360,2026-02-22 14:00:00+00:00,67688.810000,67688.810000,67395.190000,67463.080000,1.412360,1771772399999,0,1
0.150587,0.086944,2026-02-22 15:00:00+00:00,67457.890000,67803.110000,67323.090000,67758.210000,1.317690,1771775999999,0,1
0.149957,0.086904,2026-02-22 16:00:00+00:00,67670.450000,67687.670000,67523.240000,67636.570000,0.442980,1771779599999,0,1
0.147583,0.085897,2026-02-22 17:00:00+00:00,67621.100000,67634.910000,67190.100000,67361.740000,1.121250,1771783199999,0,1
0.145665,0.085468,2026-02-22 18:00:00+00:00,67377.180000,67465.880000,67339.840000,67445.110000,0.312570,1771786799999,0,1
0.143823,0.085361,2026-02-22 19:00:00+00:00,67447.560000,67487.910000,67417.600000,67433.180000,0.223380,1771790399999,0,1
0.143915,0.085495,2026-02-22 20:00:00+00:00,67433.180000,67492.590000,67345.970000,67371.890000,0.373950,1771793999999,0,1
0.145968,0.086498,2026-02-22 21:00:00+00:00,67425.750000,67637.310000,67405.550000,67618.220000,1.267350,1771797599999,0,1
0.146436,0.085963,2026-02-22 22:00:00+00:00,67620.660000,67750.000000,67464.380000,67701.650000,1.533590,1771801199999,0,1
0.139403,0.081953,2026-02-22 23:00:00+00:00,67725.520000,67729.970000,67487.280000,67637.420000,0.985910,1771804799999,0,1
0.153891,0.091804,2026-02-23 00:00:00+00:00,67669.830000,67678.510000,66724.400000,66724.400000,2.680440,1771808399999,0,1
0.209114,0.129353,2026-02-23 01:00:00+00:00,66700.000000,66700.000000,64318.680000,64407.840000,8.310880,1771811999999,1,0
0.218909,0.137190,2026-02-23 02:00:00+00:00,64369.540000,64900.200000,64361.280000,64789.480000,1.475420,1771815599999,0,0
0.205015,0.130948,2026-02-23 03:00:00+00:00,64775.860000,65073.600000,64740.400000,64950.770000,1.605180,1771819199999,0,0
0.194044,0.120793,2026-02-23 04:00:00+00:00,64963.440000,65052.630000,64672.230000,64810.620000,0.382140,1771822799999,0,0
0.189840,0.114606,2026-02-23 05:00:00+00:00,64859.990000,65210.750000,64812.940000,65061.060000,0.828960,1771826399999,0,0
0.200316,0.116166,2026-02-23 06:00:00+00:00,65061.060000,65800.000000,65061.060000,65770.040000,0.761930,1771829999999,0,0
0.200885,0.113124,2026-02-23 07:00:00+00:00,65789.380000,66006.280000,65615.500000,65953.670000,0.428010,1771833599999,0,0
0.183599,0.101981,2026-02-23 08:00:00+00:00,65862.800000,65867.730000,65585.820000,65674.540000,0.484380,1771837199999,0,0
0.195766,0.106461,2026-02-23 09:00:00+00:00,65727.250000,66437.710000,65720.130000,66387.820000,0.909180,1771840799999,0,1
0.200697,0.111482,2026-02-23 10:00:00+00:00,66354.210000,66593.670000,66228.900000,66370.000000,0.501070,1771844399999,0,1
0.183399,0.104441,2026-02-23 11:00:00+00:00,66317.240000,66486.690000,66118.130000,66228.640000,0.324310,1771847999999,0,1
0.185539,0.107368,2026-02-23 12:00:00+00:00,66230.040000,66500.000000,66000.000000,66263.590000,2.398160,1771851599999,0,1
0.176196,0.106139,2026-02-23 13:00:00+00:00,66299.760000,66398.740000,66114.090000,66142.610000,1.013340,1771855199999,0,1
0.172832,0.108574,2026-02-23 14:00:00+00:00,66182.340000,66260.020000,65529.990000,66046.430000,2.420520,1771858799999,0,1
0.165393,0.109457,2026-02-23 15:00:00+00:00,65953.480000,66201.850000,65611.880000,65713.780000,1.798610,1771862399999,0,1
0.154243,0.108389,2026-02-23 16:00:00+00:00,65672.800000,65672.800000,65178.550000,65441.360000,2.035220,1771865999999,0,1
0.156385,0.115570,2026-02-23 17:00:00+00:00,65391.220000,65459.200000,64198.460000,64675.530000,4.387940,1771869599999,0,0
0.156590,0.118698,2026-02-23 18:00:00+00:00,64709.910000,65151.700000,64600.000000,64624.850000,1.961170,1771873199999,0,0
0.152792,0.119939,2026-02-23 19:00:00+00:00,64665.590000,64836.310000,64117.220000,64289.130000,3.601300,1771876799999,0,0
0.149733,0.119260,2026-02-23 20:00:00+00:00,64278.730000,64473.090000,63909.620000,64461.340000,2.550900,1771880399999,0,0
0.146377,0.119538,2026-02-23 21:00:00+00:00,64528.720000,64757.760000,64471.880000,64581.200000,1.958610,1771883999999,0,0
0.139570,0.116348,2026-02-23 22:00:00+00:00,64574.400000,65016.600000,64574.400000,64759.950000,2.028500,1771887599999,0,1
0.132245,0.113563,2026-02-23 23:00:00+00:00,64721.990000,64897.270000,64532.480000,64665.990000,1.573140,1771891199999,0,1
0.129935,0.112259,2026-02-24 00:00:00+00:00,64643.740000,64990.560000,64643.740000,64933.980000,0.310050,1771894799999,0,1
0.140048,0.118784,2026-02-24 01:00:00+00:00,64863.230000,64919.980000,63461.740000,64140.660000,4.817620,1771898399999,0,0
0.144477,0.119823,2026-02-24 02:00:00+00:00,64154.580000,64499.640000,64005.230000,64114.030000,2.117790,1771901999999,0,0
0.147410,0.122584,2026-02-24 03:00:00+00:00,64057.450000,64103.940000,63387.140000,63580.600000,3.159280,1771905599999,0,0
0.155266,0.125657,2026-02-24 04:00:00+00:00,63579.700000,63608.600000,62872.350000,63380.000000,5.773800,1771909199999,0,0
0.160516,0.127607,2026-02-24 05:00:00+00:00,63338.500000,63545.770000,62726.800000,63097.560000,3.260210,1771912799999,0,0
0.160649,0.126706,2026-02-24 06:00:00+00:00,63081.690000,63300.030000,62951.670000,63072.280000,1.064950,1771916399999,0,0
0.158600,0.124810,2026-02-24 07:00:00+00:00,63101.440000,63363.040000,62929.090000,63050.310000,1.879230,1771919999999,0,0
0.164654,0.126796,2026-02-24 08:00:00+00:00,63133.670000,63416.200000,63099.700000,63377.230000,0.550670,1771923599999,0,0
0.160686,0.125131,2026-02-24 09:00:00+00:00,63395.280000,63395.280000,62942.830000,63192.220000,0.967740,1771927199999,0,0
0.154082,0.120659,2026-02-24 10:00:00+00:00,63222.800000,63363.770000,63174.640000,63325.230000,0.405970,1771930799999,0,0
0.151506,0.121683,2026-02-24 11:00:00+00:00,63301.560000,63311.180000,63096.380000,63200.790000,1.643170,1771934399999,0,0
0.146385,0.122652,2026-02-24 12:00:00+00:00,63201.920000,63349.390000,62976.520000,62987.630000,1.545710,1771937999999,0,0
0.144358,0.125069,2026-02-24 13:00:00+00:00,63016.010000,63112.420000,62550.790000,62911.670000,5.044850,1771941599999,1,0
0.147070,0.129050,2026-02-24 14:00:00+00:00,62855.140000,63833.800000,62787.510000,63463.880000,3.148840,1771945199999,1,0
0.160828,0.136864,2026-02-24 15:00:00+00:00,63438.410000,64013.240000,63316.260000,64013.240000,1.549610,1771948799999,1,0
0.157205,0.129574,2026-02-24 16:00:00+00:00,63978.110000,64417.250000,63730.000000,64276.240000,1.660500,1771952399999,0,0
0.146642,0.119381,2026-02-24 17:00:00+00:00,64297.390000,64501.500000,64077.620000,64231.920000,2.695960,1771955999999,1,0
0.147943,0.120348,2026-02-24 18:00:00+00:00,64206.840000,64500.000000,63940.990000,64421.490000,1.634960,1771959599999,0,0
0.153872,0.127291,2026-02-24 19:00:00+00:00,64427.310000,64726.320000,64269.570000,64471.140000,1.368210,1771963199999,0,0
0.153098,0.129367,2026-02-24 20:00:00+00:00,64448.400000,64581.000000,64313.350000,64464.220000,1.076540,1771966799999,0,0
0.153840,0.135763,2026-02-24 21:00:00+00:00,64295.380000,64295.380000,63848.600000,64054.730000,1.404990,1771970399999,1,0
0.149380,0.136916,2026-02-24 22:00:00+00:00,63981.170000,64214.470000,63981.170000,64094.230000,0.325300,1771973999999,1,0
0.139518,0.134585,2026-02-24 23:00:00+00:00,64100.460000,64248.280000,63848.610000,64024.600000,2.518030,1771977599999,1,0
0.130805,0.132727,2026-02-25 00:00:00+00:00,64072.620000,64276.600000,63910.910000,64211.670000,1.353120,1771981199999,1,0
0.162762,0.155954,2026-02-25 01:00:00+00:00,64227.810000,66310.290000,64160.250000,65938.250000,7.488070,1771984799999,0,0
0.152057,0.145988,2026-02-25 02:00:00+00:00,65996.080000,66289.390000,65887.350000,65918.910000,3.942480,1771988399999,0,0
0.120079,0.116964,2026-02-25 03:00:00+00:00,65886.720000,65932.680000,65365.060000,65389.590000,3.516950,1771991999999,0,0
0.122320,0.121311,2026-02-25 04:00:00+00:00,65386.140000,65637.110000,65131.400000,65453.320000,2.916180,1771995599999,0,0
0.127651,0.131706,2026-02-25 05:00:00+00:00,65444.350000,65499.510000,64754.910000,64870.320000,1.895830,1771999199999,1,0
0.135626,0.141276,2026-02-25 06:00:00+00:00,64932.020000,65128.470000,64891.230000,64891.230000,0.714740,1772002799999,1,0
0.132816,0.137599,2026-02-25 07:00:00+00:00,64927.640000,65179.750000,64834.860000,65057.740000,0.973730,1772006399999,1,0
0.138222,0.139467,2026-02-25 08:00:00+00:00,65041.890000,65570.720000,64974.620000,65492.000000,2.030660,1772009999999,1,0
0.132075,0.131059,2026-02-25 09:00:00+00:00,65523.330000,65691.930000,65407.570000,65556.840000,2.151640,1772013599999,1,0
0.118265,0.117123,2026-02-25 10:00:00+00:00,65567.510000,65627.860000,65345.940000,65381.380000,0.926390,1772017199999,1,0
0.113718,0.112874,2026-02-25 11:00:00+00:00,65341.510000,65432.850000,65226.160000,65431.170000,0.145910,1772020799999,1,0
0.121988,0.116903,2026-02-25 12:00:00+00:00,65436.020000,66210.700000,65401.960000,66056.540000,2.385750,1772024399999,1,0
0.132617,0.118571,2026-02-25 13:00:00+00:00,66055.000000,66717.700000,66031.610000,66231.330000,1.997810,1772027999999,1,0
0.146865,0.119011,2026-02-25 14:00:00+00:00,66279.390000,67017.110000,66244.500000,67006.740000,4.280070,1772031599999,1,0
0.159025,0.121959,2026-02-25 15:00:00+00:00,66960.350000,67578.040000,66738.600000,67410.090000,2.171310,1772035199999,1,0
0.174549,0.125247,2026-02-25 16:00:00+00:00,67440.140000,68327.290000,67425.140000,68281.060000,3.222430,1772038799999,0,0
0.183780,0.129071,2026-02-25 17:00:00+00:00,68252.920000,68884.730000,68033.470000,68703.820000,6.735810,1772042399999,0,0
0.183434,0.126267,2026-02-25 18:00:00+00:00,68701.000000,69545.310000,68382.970000,69338.630000,2.702050,1772045999999,0,0
0.173613,0.124661,2026-02-25 19:00:00+00:00,69406.120000,69406.120000,68800.000000,69040.240000,4.957710,1772049599999,0,0
0.167317,0.123901,2026-02-25 20:00:00+00:00,69063.500000,69354.900000,68664.770000,69172.000000,5.663610,1772053199999,0,0
0.168171,0.131031,2026-02-25 21:00:00+00:00,69123.640000,70100.000000,68767.930000,68934.120000,4.428160,1772056799999,0,1
0.163956,0.134286,2026-02-25 22:00:00+00:00,68916.390000,69182.060000,68064.900000,68459.590000,5.520730,1772060399999,0,0
0.153033,0.131665,2026-02-25 23:00:00+00:00,68410.210000,68683.280000,67601.640000,67957.930000,4.383260,1772063999999,0,0
0.138583,0.121393,2026-02-26 00:00:00+00:00,67991.860000,68523.580000,67725.280000,68341.690000,3.327050,1772067599999,0,0
0.118867,0.113461,2026-02-26 01:00:00+00:00,68341.690000,68687.300000,68213.610000,68240.710000,1.893040,1772071199999,0,0
0.100813,0.100927,2026-02-26 02:00:00+00:00,68265.790000,68388.830000,67799.560000,68271.730000,3.947540,1772074799999,0,0
0.092664,0.094792,2026-02-26 03:00:00+00:00,68283.190000,68330.160000,68055.200000,68230.000000,1.763430,1772078399999,0,0
0.096279,0.095640,2026-02-26 04:00:00+00:00,68176.110000,68859.670000,68176.110000,68599.280000,2.607150,1772081999999,0,1
0.100198,0.095288,2026-02-26 05:00:00+00:00,68584.590000,68584.590000,68142.860000,68442.570000,1.241320,1772085599999,0,0
0.102867,0.092598,2026-02-26 06:00:00+00:00,68457.030000,68497.300000,68068.860000,68173.090000,0.416430,1772089199999,0,0
0.111404,0.094784,2026-02-26 07:00:00+00:00,68236.930000,68267.890000,67832.230000,67867.490000,0.909910,1772092799999,0,0
0.115451,0.093585,2026-02-26 08:00:00+00:00,67876.960000,68179.180000,67815.380000,67917.580000,2.057990,1772096399999,0,0
0.131615,0.098566,2026-02-26 09:00:00+00:00,67988.820000,68615.600000,67988.820000,68548.410000,5.048190,1772099999999,0,0
0.135506,0.093364,2026-02-26 10:00:00+00:00,68586.720000,68680.340000,68277.410000,68289.800000,2.711820,1772103599999,0,0
0.136820,0.085923,2026-02-26 11:00:00+00:00,68287.250000,68387.870000,67985.410000,68041.220000,1.257910,1772107199999,0,0
0.143756,0.084067,2026-02-26 12:00:00+00:00,68141.420000,68264.010000,68014.450000,68135.620000,1.081520,1772110799999,0,0
0.156324,0.085725,2026-02-26 13:00:00+00:00,68194.540000,68206.050000,67863.720000,67863.720000,1.159910,1772114399999,0,0
0.167677,0.088020,2026-02-26 14:00:00+00:00,67903.970000,68263.000000,67275.030000,67718.350000,3.606870,1772117999999,0,0
0.175750,0.089914,2026-02-26 15:00:00+00:00,67753.210000,67767.990000,66759.400000,67365.380000,5.345060,1772121599999,0,0
0.191544,0.098446,2026-02-26 16:00:00+00:00,67355.070000,67557.890000,66535.110000,66635.840000,2.936560,1772125199999,1,0
0.193019,0.099512,2026-02-26 17:00:00+00:00,66619.910000,68828.000000,66601.650000,66823.330000,6.533270,1772128799999,0,0
0.195605,0.102011,2026-02-26 18:00:00+00:00,66849.690000,67364.010000,66581.670000,67301.680000,3.507240,1772132399999,0,0
0.193959,0.099649,2026-02-26 19:00:00+00:00,67306.290000,67863.600000,67306.290000,67675.820000,2.276290,1772135999999,0,0
0.174156,0.089664,2026-02-26 20:00:00+00:00,67639.200000,67826.960000,67215.580000,67416.230000,1.442030,1772139599999,0,0
0.165534,0.085904,2026-02-26 21:00:00+00:00,67344.100000,67550.890000,67142.270000,67413.780000,1.183810,1772143199999,0,0
0.167310,0.088283,2026-02-26 22:00:00+00:00,67455.060000,67604.280000,67300.020000,67540.960000,1.754620,1772146799999,0,0
0.171238,0.090915,2026-02-26 23:00:00+00:00,67542.140000,67647.070000,67412.200000,67481.400000,0.415160,1772150399999,0,0
0.172392,0.093228,2026-02-27 00:00:00+00:00,67468.080000,67526.120000,67012.700000,67218.430000,0.759490,1772153999999,0,0
0.170983,0.093091,2026-02-27 01:00:00+00:00,67199.560000,67327.470000,66890.140000,67327.470000,1.242850,1772157599999,0,0
0.169812,0.093585,2026-02-27 02:00:00+00:00,67314.190000,67514.250000,67284.200000,67314.030000,1.355170,1772161199999,0,0
0.176594,0.096338,2026-02-27 03:00:00+00:00,67267.810000,67702.860000,67092.170000,67666.860000,0.750830,1772164799999,0,0
0.167725,0.093665,2026-02-27 04:00:00+00:00,67612.500000,68206.360000,67612.500000,67730.830000,1.532120,1772168399999,0,0
0.151107,0.086132,2026-02-27 05:00:00+00:00,67739.220000,67898.120000,67678.950000,67748.940000,0.374770,1772171999999,0,0
0.148511,0.086405,2026-02-27 06:00:00+00:00,67749.220000,67780.650000,67543.930000,67702.780000,0.258990,1772175599999,0,0
0.149701,0.088359,2026-02-27 07:00:00+00:00,67681.030000,67722.740000,67459.520000,67650.890000,0.433300,1772179199999,0,0
0.157881,0.093652,2026-02-27 08:00:00+00:00,67863.690000,68075.890000,67750.240000,67977.920000,0.477850,1772182799999,0,1
0.155140,0.096291,2026-02-27 09:00:00+00:00,67926.520000,68158.450000,67353.320000,67371.450000,0.864900,1772186399999,0,1
0.164553,0.105043,2026-02-27 10:00:00+00:00,67316.310000,67404.790000,66581.670000,66611.710000,5.832160,1772189999999,0,1
0.170001,0.112135,2026-02-27 11:00:00+00:00,66651.690000,66767.610000,65982.200000,66125.660000,5.018050,1772193599999,0,1
0.168635,0.114803,2026-02-27 12:00:00+00:00,66115.970000,66206.410000,65764.500000,65880.190000,2.640580,1772197199999,0,0
0.167757,0.114463,2026-02-27 13:00:00+00:00,65999.350000,66312.480000,65683.250000,66260.780000,1.889950,1772200799999,0,1
0.165067,0.113601,2026-02-27 14:00:00+00:00,66305.170000,66321.680000,65699.690000,65864.580000,1.820470,1772204399999,0,0
0.161708,0.108737,2026-02-27 15:00:00+00:00,65943.310000,66312.480000,65874.650000,66135.910000,3.002810,1772207999999,0,1
0.168851,0.111960,2026-02-27 16:00:00+00:00,66040.370000,66121.670000,65465.690000,65490.350000,11.728510,1772211599999,0,0
0.173436,0.111063,2026-02-27 17:00:00+00:00,65525.390000,65722.870000,65113.440000,65715.510000,3.603810,1772215199999,0,1
0.175077,0.113149,2026-02-27 18:00:00+00:00,65714.550000,65759.430000,65217.430000,65291.680000,1.898240,1772218799999,0,0
0.173606,0.111567,2026-02-27 19:00:00+00:00,65305.710000,65424.220000,65197.740000,65406.830000,1.373380,1772222399999,0,0
0.168878,0.109592,2026-02-27 20:00:00+00:00,65407.180000,65662.250000,65341.500000,65567.430000,1.134980,1772225999999,0,0
0.158966,0.103639,2026-02-27 21:00:00+00:00,65614.520000,65742.600000,65432.710000,65532.110000,1.067470,1772229599999,0,0
0.156042,0.101307,2026-02-27 22:00:00+00:00,65578.330000,65649.180000,64979.520000,65647.250000,4.962630,1772233199999,0,1
0.159778,0.102308,2026-02-27 23:00:00+00:00,65634.890000,65952.750000,65567.730000,65882.980000,1.449640,1772236799999,0,1
0.160915,0.101721,2026-02-28 00:00:00+00:00,65848.730000,66006.000000,65741.890000,65963.360000,1.088800,1772240399999,0,1
0.155998,0.099385,2026-02-28 01:00:00+00:00,65931.890000,65985.010000,65778.650000,65795.790000,0.394010,1772243999999,0,1
0.158158,0.100636,2026-02-28 02:00:00+00:00,65817.800000,66010.610000,65762.950000,65970.000000,0.178460,1772247599999,0,1
0.157437,0.103199,2026-02-28 03:00:00+00:00,65970.930000,65973.400000,65754.730000,65815.330000,0.318020,1772251199999,0,1
0.154781,0.104551,2026-02-28 04:00:00+00:00,65814.380000,65826.990000,65409.230000,65710.180000,0.942490,1772254799999,0,1
0.151739,0.106048,2026-02-28 05:00:00+00:00,65682.350000,65713.380000,65506.650000,65594.660000,0.349980,1772258399999,0,1
0.202522,0.146873,2026-02-28 06:00:00+00:00,65602.690000,65603.190000,63047.830000,63175.210000,12.634000,1772261999999,1,0
0.206462,0.153113,2026-02-28 07:00:00+00:00,63181.180000,64261.650000,63101.030000,63841.860000,4.144840,1772265599999,0,0
0.186231,0.148126,2026-02-28 08:00:00+00:00,63812.280000,63864.610000,63450.190000,63511.580000,1.549450,1772269199999,1,0
0.173718,0.137874,2026-02-28 09:00:00+00:00,63464.130000,63928.260000,63383.860000,63680.180000,1.085190,1772272799999,1,0
0.172867,0.136459,2026-02-28 10:00:00+00:00,63636.770000,64102.950000,63481.780000,63950.600000,1.660690,1772276399999,1,0
0.161177,0.126371,2026-02-28 11:00:00+00:00,63986.020000,64267.570000,63795.870000,63795.870000,1.259640,1772279999999,1,0
0.164013,0.126460,2026-02-28 12:00:00+00:00,63895.720000,64077.500000,63820.310000,64014.670000,0.649090,1772283599999,1,0
0.190934,0.139613,2026-02-28 13:00:00+00:00,64024.700000,65206.100000,63903.630000,65153.100000,5.648000,1772287199999,0,0
0.179189,0.132285,2026-02-28 14:00:00+00:00,65195.080000,65340.680000,64284.980000,64430.260000,6.839180,1772290799999,1,0
0.168324,0.122230,2026-02-28 15:00:00+00:00,64446.640000,65019.110000,64222.330000,64831.120000,1.762570,1772294399999,1,0
0.177851,0.128429,2026-02-28 16:00:00+00:00,64829.530000,65179.090000,64690.800000,65140.570000,1.319980,1772297999999,1,0
0.183769,0.130280,2026-02-28 17:00:00+00:00,65073.730000,65553.020000,64846.820000,65455.980000,1.974690,1772301599999,1,0
0.190242,0.132895,2026-02-28 18:00:00+00:00,65376.210000,66168.340000,65195.190000,65892.980000,4.418030,1772305199999,1,0
0.196105,0.132209,2026-02-28 19:00:00+00:00,65937.450000,66676.570000,65614.750000,66384.420000,4.415470,1772308799999,0,0
0.201130,0.134499,2026-02-28 20:00:00+00:00,66338.150000,67139.220000,66196.490000,66935.110000,2.479960,1772312399999,0,0
0.183556,0.127013,2026-02-28 21:00:00+00:00,66972.040000,67008.140000,66391.670000,66726.380000,6.789920,1772315999999,0,0
0.178571,0.127279,2026-02-28 22:00:00+00:00,66785.820000,67729.870000,66638.060000,67174.010000,8.902030,1772319599999,0,0
0.167425,0.130788,2026-02-28 23:00:00+00:00,67106.220000,67194.110000,66738.600000,66954.130000,0.770610,1772323199999,0,0
0.149298,0.128587,2026-03-01 00:00:00+00:00,66990.400000,67113.800000,66639.390000,66793.080000,0.848980,1772326799999,0,0
0.151533,0.137411,2026-03-01 01:00:00+00:00,66663.450000,67706.500000,66010.360000,67330.030000,4.173700,1772330399999,0,0
0.140087,0.137313,2026-03-01 02:00:00+00:00,67394.110000,68200.000000,67381.710000,67617.580000,6.569320,1772333999999,0,1
0.115017,0.123650,2026-03-01 03:00:00+00:00,67639.990000,67799.340000,67381.330000,67501.900000,3.832360,1772337599999,0,1
0.098625,0.117033,2026-03-01 04:00:00+00:00,67510.660000,67615.360000,67079.440000,67338.550000,1.787160,1772341199999,0,1
0.086971,0.114432,2026-03-01 05:00:00+00:00,67376.720000,67568.600000,67215.490000,67281.200000,1.262950,1772344799999,0,1
0.086510,0.115128,2026-03-01 06:00:00+00:00,67337.830000,67337.830000,66799.410000,66963.030000,1.511340,1772348399999,0,0
0.084853,0.112517,2026-03-01 07:00:00+00:00,66940.530000,67223.040000,66802.350000,67104.630000,0.712980,1772351999999,0,1
0.091598,0.116672,2026-03-01 08:00:00+00:00,67156.050000,67275.080000,66446.000000,66446.000000,1.552500,1772355599999,0,0
0.096388,0.115919,2026-03-01 09:00:00+00:00,66551.830000,66777.130000,66259.750000,66375.020000,2.138100,1772359199999,0,0
0.097121,0.111044,2026-03-01 10:00:00+00:00,66413.030000,66681.600000,66231.290000,66489.320000,1.196060,1772362799999,0,0
0.102759,0.108473,2026-03-01 11:00:00+00:00,66481.270000,66633.320000,66429.750000,66478.960000,2.003920,1772366399999,0,0
0.108669,0.105905,2026-03-01 12:00:00+00:00,66476.930000,66553.130000,66263.250000,66303.960000,0.880860,1772369999999,0,0
0.117900,0.107854,2026-03-01 13:00:00+00:00,66328.370000,67323.070000,66136.100000,66946.690000,4.054220,1772373599999,0,0
0.124667,0.105776,2026-03-01 14:00:00+00:00,66965.250000,67302.110000,66784.080000,66863.100000,1.802000,1772377199999,0,0
0.120146,0.094853,2026-03-01 15:00:00+00:00,66843.790000,67226.830000,66809.920000,66870.520000,2.119850,1772380799999,0,0
0.134394,0.101932,2026-03-01 16:00:00+00:00,66899.000000,67108.450000,65838.640000,66165.090000,6.868800,1772384399999,0,0
0.143573,0.104453,2026-03-01 17:00:00+00:00,66131.510000,66221.810000,65718.240000,66039.030000,4.624120,1772387999999,0,0
0.146663,0.104031,2026-03-01 18:00:00+00:00,66046.190000,66637.700000,66005.480000,66290.610000,2.362760,1772391599999,0,0
0.148703,0.104308,2026-03-01 19:00:00+00:00,66323.640000,66361.660000,65756.420000,65964.390000,1.675740,1772395199999,0,0
0.156689,0.109781,2026-03-01 20:00:00+00:00,65959.160000,65965.950000,65080.410000,65375.020000,3.779850,1772398799999,1,0
0.155286,0.107619,2026-03-01 21:00:00+00:00,65317.670000,65748.930000,65278.110000,65666.560000,1.567620,1772402399999,0,0
0.156956,0.110352,2026-03-01 22:00:00+00:00,65669.640000,66467.170000,65050.370000,65201.990000,4.816900,1772405999999,1,0
0.160669,0.110098,2026-03-01 23:00:00+00:00,65254.440000,66032.780000,65127.150000,65721.170000,2.129180,1772409599999,0,0
0.177994,0.117072,2026-03-02 00:00:00+00:00,65792.280000,66774.300000,65792.280000,66511.740000,2.167710,1772413199999,0,0
0.164028,0.105225,2026-03-02 01:00:00+00:00,66538.530000,67061.800000,66389.580000,66537.010000,1.359740,1772416799999,0,0
0.147141,0.095310,2026-03-02 02:00:00+00:00,66533.940000,66592.770000,65925.470000,66276.390000,1.886740,1772420399999,0,0
0.154965,0.099886,2026-03-02 03:00:00+00:00,66297.640000,67044.110000,66165.270000,66818.830000,1.860070,1772423999999,0,0
0.163949,0.108119,2026-03-02 04:00:00+00:00,66830.270000,66967.740000,66660.660000,66819.420000,1.272980,1772427599999,0,0
0.155711,0.105059,2026-03-02 05:00:00+00:00,66878.790000,66999.990000,66624.600000,66706.190000,2.841360,1772431199999,0,0
0.160370,0.111792,2026-03-02 06:00:00+00:00,66562.010000,66643.720000,66114.950000,66226.160000,2.200340,1772434799999,0,0
0.159553,0.115428,2026-03-02 07:00:00+00:00,66183.180000,66183.180000,65579.720000,65982.500000,1.770810,1772438399999,0,0
0.153925,0.114312,2026-03-02 08:00:00+00:00,65980.530000,66277.610000,65675.020000,66277.610000,6.344820,1772441999999,0,0
0.149434,0.112996,2026-03-02 09:00:00+00:00,66224.410000,66694.420000,66182.350000,66182.350000,0.717390,1772445599999,0,0
0.132712,0.103354,2026-03-02 10:00:00+00:00,66158.700000,66366.380000,66116.640000,66293.790000,0.742920,1772449199999,0,0
0.125969,0.100339,2026-03-02 11:00:00+00:00,66311.720000,66450.820000,66013.800000,66356.720000,1.403520,1772452799999,0,0
0.127209,0.102040,2026-03-02 12:00:00+00:00,66349.090000,66398.200000,65920.030000,65968.710000,0.794830,1772456399999,0,0
0.134374,0.110243,2026-03-02 13:00:00+00:00,65968.710000,66119.000000,65367.670000,65454.500000,1.498020,1772459999999,1,0
0.153150,0.121838,2026-03-02 14:00:00+00:00,65408.260000,67201.200000,65280.480000,66990.000000,5.529980,1772463599999,1,0
0.223938,0.160152,2026-03-02 15:00:00+00:00,67228.610000,69609.250000,67012.420000,69121.300000,9.809300,1772467199999,0,0
0.205160,0.135175,2026-03-02 16:00:00+00:00,69114.390000,70100.000000,68986.710000,69457.720000,3.603020,1772470799999,0,1
0.155012,0.098373,2026-03-02 17:00:00+00:00,69447.900000,69564.670000,68805.790000,69191.040000,1.986570,1772474399999,0,1
0.160077,0.106958,2026-03-02 18:00:00+00:00,69177.670000,69256.100000,68761.920000,68875.700000,2.237250,1772477999999,0,0
0.171567,0.124132,2026-03-02 19:00:00+00:00,68852.700000,69033.040000,68573.130000,68952.330000,2.987790,1772481599999,0,0
0.189176,0.142992,2026-03-02 20:00:00+00:00,68938.110000,69500.000000,68588.180000,69215.320000,1.731180,1772485199999,0,1
0.186756,0.143397,2026-03-02 21:00:00+00:00,69148.500000,69537.860000,69013.920000,69433.110000,0.857070,1772488799999,0,1
0.173239,0.133223,2026-03-02 22:00:00+00:00,69417.420000,69468.230000,69175.700000,69437.840000,1.444850,1772492399999,0,1
0.164118,0.131505,2026-03-02 23:00:00+00:00,69430.310000,69471.690000,68782.500000,68811.430000,2.035820,1772495999999,0,0
0.144856,0.125003,2026-03-03 00:00:00+00:00,68881.130000,69157.500000,68650.000000,69098.610000,1.240410,1772499599999,0,1
0.109030,0.109333,2026-03-03 01:00:00+00:00,69073.000000,69247.840000,68797.060000,68797.060000,2.018200,1772503199999,0,1
0.091380,0.099426,2026-03-03 02:00:00+00:00,68703.630000,68703.630000,68263.010000,68547.430000,13.454470,1772506799999,0,1
0.091620,0.100805,2026-03-03 03:00:00+00:00,68549.510000,68549.510000,68232.190000,68337.730000,0.493810,1772510399999,0,1
0.092654,0.101812,2026-03-03 04:00:00+00:00,68390.580000,68458.130000,68067.980000,68124.730000,0.360270,1772513999999,0,0
0.096091,0.103596,2026-03-03 05:00:00+00:00,68186.370000,68530.010000,67853.270000,67967.580000,1.541800,1772517599999,0,0
0.098323,0.101245,2026-03-03 06:00:00+00:00,67964.930000,68208.500000,67824.590000,68134.500000,1.296700,1772521199999,0,0
0.103623,0.099988,2026-03-03 07:00:00+00:00,68112.650000,68279.420000,67977.790000,68195.330000,0.642350,1772524799999,0,0
0.121543,0.110165,2026-03-03 08:00:00+00:00,68173.500000,68301.890000,66958.030000,66964.940000,2.605720,1772528399999,0,0
0.136974,0.115118,2026-03-03 09:00:00+00:00,67028.380000,67200.300000,66361.330000,66617.430000,18.002050,1772531999999,0,0
0.136792,0.108396,2026-03-03 10:00:00+00:00,66648.200000,66986.090000,66481.660000,66848.420000,2.022110,1772535599999,0,0
0.150206,0.109000,2026-03-03 11:00:00+00:00,66859.690000,67131.190000,66787.750000,67034.200000,5.491300,1772539199999,0,0
0.160166,0.103126,2026-03-03 12:00:00+00:00,67073.650000,67948.070000,67060.010000,67388.620000,5.323050,1772542799999,0,0
0.167605,0.095588,2026-03-03 13:00:00+00:00,67425.370000,67425.370000,66673.030000,66812.530000,3.222510,1772546399999,0,0
0.179182,0.095461,2026-03-03 14:00:00+00:00,66937.140000,67573.090000,66171.200000,66575.810000,4.564620,1772549999999,1,0
0.198437,0.103134,2026-03-03 15:00:00+00:00,66630.720000,67799.560000,66529.320000,67673.300000,2.395130,1772553599999,1,0
0.214596,0.108813,2026-03-03 16:00:00+00:00,67688.360000,68991.950000,67520.000000,68192.380000,2.811800,1772557199999,0,0
0.191227,0.092719,2026-03-03 17:00:00+00:00,68162.390000,68412.380000,67698.130000,68310.370000,4.075070,1772560799999,0,0
0.188997,0.088382,2026-03-03 18:00:00+00:00,68317.950000,68910.640000,68006.590000,68622.260000,2.236530,1772564399999,0,0
0.192186,0.090954,2026-03-03 19:00:00+00:00,68623.800000,68875.260000,68330.430000,68452.590000,2.882700,1772567999999,0,0
0.197002,0.098684,2026-03-03 20:00:00+00:00,68454.550000,68527.920000,68116.030000,68200.000000,2.519220,1772571599999,0,0
0.190957,0.102305,2026-03-03 21:00:00+00:00,68247.050000,68247.050000,67842.130000,68037.440000,1.534870,1772575199999,0,0
0.183045,0.102984,2026-03-03 22:00:00+00:00,68054.990000,68520.840000,68054.990000,68279.860000,1.429150,1772578799999,0,0
0.176690,0.103375,2026-03-03 23:00:00+00:00,68270.440000,68755.310000,68255.280000,68263.230000,0.555690,1772582399999,0,0
0.163347,0.099333,2026-03-04 00:00:00+00:00,68244.810000,68400.000000,67925.420000,68174.990000,0.188860,1772585999999,0,0
0.151397,0.097090,2026-03-04 01:00:00+00:00,68104.800000,68898.000000,67987.170000,68404.700000,3.799270,1772589599999,0,0
0.128179,0.090068,2026-03-04 02:00:00+00:00,68430.290000,68456.860000,67978.690000,68325.170000,0.734220,1772593199999,0,0
0.128216,0.094435,2026-03-04 03:00:00+00:00,68283.650000,68349.960000,67416.720000,67640.890000,3.439350,1772596799999,1,0
0.127202,0.095617,2026-03-04 04:00:00+00:00,67797.860000,67963.210000,67508.640000,67800.260000,1.665210,1772600399999,1,0
0.129061,0.098240,2026-03-04 05:00:00+00:00,67812.660000,68375.000000,67690.790000,68213.050000,1.084960,1772603999999,1,0
0.129130,0.098193,2026-03-04 06:00:00+00:00,68117.180000,68680.340000,68073.900000,68521.850000,1.421860,1772607599999,1,0
0.143524,0.103314,2026-03-04 07:00:00+00:00,68570.390000,69626.620000,68382.160000,69508.720000,3.776330,1772611199999,1,0
0.184010,0.116721,2026-03-04 08:00:00+00:00,69543.700000,71153.370000,69139.240000,70988.100000,5.720410,1772614799999,1,0
0.188344,0.110135,2026-03-04 09:00:00+00:00,71015.050000,71868.110000,70748.330000,71438.320000,3.937580,1772618399999,0,0
0.164835,0.093278,2026-03-04 10:00:00+00:00,71548.670000,71863.300000,71221.530000,71322.000000,22.297240,1772621999999,0,0
0.169541,0.098416,2026-03-04 11:00:00+00:00,71369.600000,71490.560000,70903.560000,71119.460000,0.369210,1772625599999,0,0
0.181718,0.111460,2026-03-04 12:00:00+00:00,71112.350000,71344.170000,70585.010000,71344.170000,2.713580,1772629199999,1,0
0.199255,0.126306,2026-03-04 13:00:00+00:00,71307.620000,71616.170000,71266.350000,71505.950000,3.064300,1772632799999,1,0
0.196722,0.124118,2026-03-04 14:00:00+00:00,71486.670000,72613.190000,71303.710000,71594.100000,10.920250,1772636399999,1,0
0.229504,0.142220,2026-03-04 15:00:00+00:00,71636.700000,73475.870000,71636.700000,73377.100000,6.627930,1772639999999,0,0
0.199722,0.131319,2026-03-04 16:00:00+00:00,73382.720000,73513.090000,72558.360000,73315.820000,2.858200,1772643599999,0,0
0.135914,0.096057,2026-03-04 17:00:00+00:00,73278.370000,73750.000000,72998.290000,73232.440000,5.600590,1772647199999,0,0
0.123109,0.097858,2026-03-04 18:00:00+00:00,73216.770000,73703.250000,72935.870000,73684.380000,3.087900,1772650799999,0,1
0.112626,0.100083,2026-03-04 19:00:00+00:00,73684.380000,74038.220000,73539.010000,73710.050000,5.343610,1772654399999,0,1
0.111388,0.108599,2026-03-04 20:00:00+00:00,73675.620000,73715.010000,73047.490000,73047.490000,1.555200,1772657999999,0,0
0.109231,0.109662,2026-03-04 21:00:00+00:00,73014.090000,73350.250000,72890.000000,73350.250000,1.396180,1772661599999,0,1
0.104360,0.111532,2026-03-04 22:00:00+00:00,73355.240000,73542.030000,72636.050000,72691.660000,2.054330,1772665199999,0,0
0.098510,0.108515,2026-03-04 23:00:00+00:00,72726.030000,72877.000000,72339.570000,72747.380000,4.716610,1772668799999,0,0
0.088356,0.100214,2026-03-05 00:00:00+00:00,72701.610000,73000.000000,72565.610000,72784.980000,1.042480,1772672399999,0,0
0.083342,0.095819,2026-03-05 01:00:00+00:00,72750.470000,73282.550000,72411.020000,72457.030000,2.113950,1772675999999,0,0
0.078838,0.090105,2026-03-05 02:00:00+00:00,72591.430000,72874.800000,72348.070000,72518.700000,1.711230,1772679599999,0,0
0.083479,0.087243,2026-03-05 03:00:00+00:00,72521.110000,72729.790000,72369.410000,72493.500000,1.772630,1772683199999,0,0
0.095220,0.088168,2026-03-05 04:00:00+00:00,72532.000000,73057.540000,72452.540000,72807.770000,2.730850,1772686799999,0,0
0.104242,0.087128,2026-03-05 05:00:00+00:00,72826.360000,72868.770000,72263.360000,72388.330000,2.030520,1772690399999,0,0
0.112797,0.083854,2026-03-05 06:00:00+00:00,72367.100000,72639.490000,72052.780000,72549.190000,2.574810,1772693999999,0,0
0.122320,0.085449,2026-03-05 07:00:00+00:00,72567.260000,72663.570000,71812.230000,72056.070000,1.289670,1772697599999,0,0
0.127541,0.085775,2026-03-05 08:00:00+00:00,72067.610000,72342.470000,71765.530000,72340.040000,1.202190,1772701199999,0,0
0.131780,0.087855,2026-03-05 09:00:00+00:00,72388.100000,72856.110000,72388.100000,72596.990000,0.961330,1772704799999,0,0
0.148851,0.091355,2026-03-05 10:00:00+00:00,72625.430000,73565.000000,72565.720000,73415.730000,5.013670,1772708399999,0,1
0.145058,0.086128,2026-03-05 11:00:00+00:00,73402.090000,73440.970000,72809.610000,72861.780000,0.963010,1772711999999,0,1
0.142882,0.081069,2026-03-05 12:00:00+00:00,72932.200000,73043.350000,72722.090000,72904.160000,0.988810,1772715599999,0,1
0.148940,0.085188,2026-03-05 13:00:00+00:00,72916.170000,72933.960000,72207.860000,72461.470000,2.693130,1772719199999,0,1
0.156862,0.087760,2026-03-05 14:00:00+00:00,72490.460000,72827.720000,71975.060000,72640.770000,2.116530,1772722799999,0,1
0.169646,0.100878,2026-03-05 15:00:00+00:00,72701.320000,72701.320000,71192.900000,71510.560000,3.642890,1772726399999,0,1
0.173197,0.105624,2026-03-05 16:00:00+00:00,71574.740000,71622.210000,70800.000000,71277.460000,3.557500,1772729999999,0,1
0.170958,0.109102,2026-03-05 17:00:00+00:00,71337.000000,71567.860000,70644.770000,70697.550000,2.050380,1772733599999,0,0
0.167960,0.109412,2026-03-05 18:00:00+00:00,70678.340000,71123.070000,70678.340000,71002.330000,2.699330,1772737199999,0,0
0.162124,0.109183,2026-03-05 19:00:00+00:00,71012.120000,71401.600000,70871.420000,70962.590000,2.371270,1772740799999,0,0
0.155316,0.104309,2026-03-05 20:00:00+00:00,70961.420000,71373.400000,70857.150000,71249.800000,1.078330,1772744399999,0,1
0.150729,0.103082,2026-03-05 21:00:00+00:00,71272.250000,71549.850000,71032.140000,71136.000000,1.165520,1772747999999,0,1
0.143027,0.098208,2026-03-05 22:00:00+00:00,71166.340000,71340.160000,71076.280000,71236.500000,0.625690,1772751599999,0,1
0.146383,0.103545,2026-03-05 23:00:00+00:00,71216.380000,71309.180000,70778.400000,70858.600000,1.152990,1772755199999,0,0
0.143926,0.103907,2026-03-06 00:00:00+00:00,70894.730000,71048.980000,70842.940000,70966.460000,1.048710,1772758799999,0,0
0.147015,0.107111,2026-03-06 01:00:00+00:00,70959.230000,71276.030000,70408.420000,71276.030000,2.502050,1772762399999,0,1
0.135223,0.101572,2026-03-06 02:00:00+00:00,71256.200000,71397.250000,71040.170000,71234.890000,1.350730,1772765999999,0,1
0.129697,0.098612,2026-03-06 03:00:00+00:00,71255.580000,71265.700000,71000.000000,71089.960000,0.637430,1772769599999,0,1
0.133159,0.104355,2026-03-06 04:00:00+00:00,71060.730000,71102.020000,70286.610000,70615.090000,0.622520,1772773199999,0,0
0.134547,0.108071,2026-03-06 05:00:00+00:00,70587.920000,70675.910000,70122.070000,70440.200000,0.817880,1772776799999,0,0
0.131573,0.108197,2026-03-06 06:00:00+00:00,70444.270000,70811.670000,70281.190000,70608.460000,0.301570,1772780399999,0,0
0.140019,0.113830,2026-03-06 07:00:00+00:00,70656.820000,71153.370000,70495.580000,71109.690000,0.655410,1772783999999,0,1
0.131322,0.108764,2026-03-06 08:00:00+00:00,70984.630000,70993.330000,70774.390000,70774.390000,0.418450,1772787599999,0,1
0.126242,0.106946,2026-03-06 09:00:00+00:00,70799.920000,70799.920000,70349.000000,70498.360000,1.147840,1772791199999,0,1
0.121180,0.107779,2026-03-06 10:00:00+00:00,70568.860000,70763.130000,70526.040000,70583.710000,0.502400,1772794799999,0,1
0.122074,0.113472,2026-03-06 11:00:00+00:00,70471.490000,70625.980000,70200.000000,70227.800000,0.990000,1772798399999,0,1
0.124842,0.120026,2026-03-06 12:00:00+00:00,70207.680000,70241.510000,69677.710000,69925.800000,1.062560,1772801999999,0,1
0.129789,0.129355,2026-03-06 13:00:00+00:00,70024.800000,70277.250000,69247.890000,69247.890000,1.019120,1772805599999,0,0
0.144261,0.148790,2026-03-06 14:00:00+00:00,69219.440000,69235.400000,68189.230000,68189.230000,5.363300,1772809199999,0,0
0.144533,0.150212,2026-03-06 15:00:00+00:00,68416.080000,69056.200000,68310.210000,68506.200000,0.702220,1772812799999,0,0
0.139909,0.146538,2026-03-06 16:00:00+00:00,68517.110000,68779.800000,68260.140000,68439.020000,0.591270,1772816399999,0,0
0.140967,0.143888,2026-03-06 17:00:00+00:00,68519.450000,68667.930000,67763.000000,68060.280000,16.497560,1772819999999,0,0
0.140257,0.140601,2026-03-06 18:00:00+00:00,67945.020000,68470.650000,67945.020000,68177.690000,2.818020,1772823599999,0,0
0.136842,0.136661,2026-03-06 19:00:00+00:00,68270.820000,68433.900000,68008.700000,68117.970000,6.639810,1772827199999,0,0
0.136700,0.135756,2026-03-06 20:00:00+00:00,68173.840000,68265.370000,67799.560000,68112.700000,9.050430,1772830799999,0,0
0.138863,0.136520,2026-03-06 21:00:00+00:00,68116.400000,68327.980000,67936.910000,68321.110000,0.856110,1772834399999,0,0
0.134499,0.133197,2026-03-06 22:00:00+00:00,68283.930000,68433.750000,68248.140000,68355.600000,0.752280,1772837999999,0,0
0.129393,0.129974,2026-03-06 23:00:00+00:00,68287.970000,68373.720000,68118.250000,68118.250000,0.272400,1772841599999,0,0
0.124016,0.127041,2026-03-07 00:00:00+00:00,68127.770000,68349.090000,68121.410000,68307.180000,1.244110,1772845199999,0,0
0.118750,0.126097,2026-03-07 01:00:00+00:00,68252.630000,68365.460000,68183.410000,68277.300000,1.164980,1772848799999,0,0
0.115568,0.124451,2026-03-07 02:00:00+00:00,68227.480000,68345.070000,68067.710000,68345.070000,1.585680,1772852399999,0,0
0.114441,0.126360,2026-03-07 03:00:00+00:00,68370.400000,68550.690000,68126.440000,68144.770000,1.442290,1772855999999,0,0
0.113476,0.127092,2026-03-07 04:00:00+00:00,68111.810000,68141.570000,67854.000000,68082.300000,0.729800,1772859599999,0,0
0.111879,0.127892,2026-03-07 05:00:00+00:00,68065.280000,68139.270000,67931.560000,68002.800000,0.567960,1772863199999,0,0
0.114578,0.132358,2026-03-07 06:00:00+00:00,68008.000000,68034.150000,67640.860000,67710.560000,0.457500,1772866799999,0,0
0.112128,0.132790,2026-03-07 07:00:00+00:00,67695.700000,67839.120000,67481.800000,67839.120000,0.747180,1772870399999,0,0
0.108624,0.132094,2026-03-07 08:00:00+00:00,67850.100000,68036.600000,67790.600000,67790.600000,0.265830,1772873999999,0,0
0.107726,0.132044,2026-03-07 09:00:00+00:00,67817.040000,68049.300000,67817.040000,68026.370000,0.072070,1772877599999,0,0
0.104210,0.130976,2026-03-07 10:00:00+00:00,68010.860000,68098.690000,67914.630000,67914.630000,0.182960,1772881199999,0,0
0.100144,0.127130,2026-03-07 11:00:00+00:00,67909.280000,68218.200000,67889.260000,68026.460000,0.493520,1772884799999,0,0
0.099507,0.128294,2026-03-07 12:00:00+00:00,68015.630000,68087.840000,67914.430000,67985.590000,0.132670,1772888399999,0,0
0.098437,0.127941,2026-03-07 13:00:00+00:00,68005.550000,68066.500000,67914.730000,67914.730000,0.187460,1772891999999,0,0
0.100317,0.128653,2026-03-07 14:00:00+00:00,67906.890000,68065.690000,67611.520000,68046.060000,0.327740,1772895599999,0,0
0.100327,0.128714,2026-03-07 15:00:00+00:00,68005.050000,68030.020000,67804.060000,67882.480000,0.285850,1772899199999,0,0
0.100714,0.128621,2026-03-07 16:00:00+00:00,67868.650000,67896.380000,67760.220000,67847.630000,0.119760,1772902799999,0,0
0.101122,0.128099,2026-03-07 17:00:00+00:00,67816.510000,67931.510000,67766.920000,67766.920000,0.161500,1772906399999,0,0
0.102687,0.129593,2026-03-07 18:00:00+00:00,67755.440000,67755.440000,67500.000000,67590.300000,0.700400,1772909999999,0,0
0.110249,0.137704,2026-03-07 19:00:00+00:00,67550.240000,67561.600000,66933.550000,67111.020000,2.044680,1772913599999,0,0
0.110877,0.136883,2026-03-07 20:00:00+00:00,67110.990000,67430.000000,67110.990000,67405.020000,0.255970,1772917199999,0,0
0.111817,0.137753,2026-03-07 21:00:00+00:00,67422.400000,67482.060000,67275.030000,67452.940000,0.177430,1772920799999,0,0
0.107822,0.132461,2026-03-07 22:00:00+00:00,67450.910000,67462.380000,67128.050000,67252.120000,0.287890,1772924399999,0,0
0.107925,0.131351,2026-03-07 23:00:00+00:00,67306.200000,67397.000000,67189.490000,67264.190000,0.891780,1772927999999,0,0
0.106787,0.130177,2026-03-08 00:00:00+00:00,67289.130000,67473.400000,67170.750000,67180.400000,0.320380,1772931599999,0,0
0.109505,0.132482,2026-03-08 01:00:00+00:00,67195.510000,67373.210000,67107.110000,67350.710000,1.053330,1772935199999,0,0
0.110897,0.135526,2026-03-08 02:00:00+00:00,67271.910000,67395.060000,66863.640000,66943.170000,0.941450,1772938799999,0,0
0.110889,0.134860,2026-03-08 03:00:00+00:00,66918.590000,67073.690000,66918.590000,67005.800000,0.545690,1772942399999,0,0
0.112441,0.137965,2026-03-08 04:00:00+00:00,67017.590000,67080.000000,66581.670000,66623.960000,1.216060,1772945999999,0,0
0.116022,0.139264,2026-03-08 05:00:00+00:00,66653.210000,67233.380000,66653.210000,67160.460000,0.531500,1772949599999,0,0
0.118944,0.140685,2026-03-08 06:00:00+00:00,67191.880000,67200.000000,67054.570000,67182.960000,0.113640,1772953199999,0,0
0.110525,0.127898,2026-03-08 07:00:00+00:00,67175.370000,67421.030000,67165.650000,67321.410000,0.352660,1772956799999,0,0
0.115139,0.129461,2026-03-08 08:00:00+00:00,67276.850000,67568.480000,67183.480000,67543.810000,1.205010,1772960399999,0,0
0.116831,0.128567,2026-03-08 09:00:00+00:00,67526.880000,67855.800000,67513.530000,67691.020000,0.836190,1772963999999,0,0
0.121189,0.131039,2026-03-08 10:00:00+00:00,67751.650000,68189.230000,67751.650000,67881.980000,1.210680,1772967599999,0,1
0.120101,0.131589,2026-03-08 11:00:00+00:00,67698.130000,67779.670000,67435.900000,67506.410000,0.436350,1772971199999,0,0
0.122132,0.135717,2026-03-08 12:00:00+00:00,67498.530000,67631.500000,66904.750000,67306.780000,0.992720,1772974799999,0,0
0.121163,0.137248,2026-03-08 13:00:00+00:00,67357.770000,67361.200000,66821.040000,67243.670000,1.287260,1772978399999,0,0
0.118997,0.136933,2026-03-08 14:00:00+00:00,67256.840000,67416.690000,67100.000000,67367.820000,0.703030,1772981999999,0,0
0.116741,0.136480,2026-03-08 15:00:00+00:00,67345.960000,67371.200000,67091.360000,67194.420000,0.365880,1772985599999,0,0
0.112515,0.135176,2026-03-08 16:00:00+00:00,67173.300000,67258.140000,66800.000000,66875.230000,0.527890,1772989199999,0,0
0.110718,0.133721,2026-03-08 17:00:00+00:00,66876.560000,67174.160000,66819.240000,66985.230000,0.767030,1772992799999,0,0
0.109359,0.132828,2026-03-08 18:00:00+00:00,67050.100000,67050.100000,66763.610000,66867.610000,0.453720,1772996399999,0,0
0.115481,0.135111,2026-03-08 19:00:00+00:00,66789.140000,67459.790000,66789.140000,67324.350000,0.651230,1772999999999,0,0
0.114725,0.132736,2026-03-08 20:00:00+00:00,67279.170000,67508.890000,67073.920000,67235.700000,1.117440,1773003599999,0,0
0.109709,0.126148,2026-03-08 21:00:00+00:00,67239.190000,67252.750000,66738.600000,66998.970000,0.809710,1773007199999,0,0
0.120629,0.138517,2026-03-08 22:00:00+00:00,66988.910000,66991.120000,65627.020000,66195.660000,3.007350,1773010799999,1,0
0.126858,0.144374,2026-03-08 23:00:00+00:00,66248.580000,66547.760000,65936.130000,66007.380000,0.652970,1773014399999,1,0
0.127264,0.143333,2026-03-09 00:00:00+00:00,65992.980000,66738.600000,65889.080000,66363.720000,1.488390,1773017999999,1,0
0.128031,0.142392,2026-03-09 01:00:00+00:00,66358.390000,66666.440000,66196.490000,66246.620000,1.179980,1773021599999,1,0
0.127753,0.135979,2026-03-09 02:00:00+00:00,66153.730000,66648.520000,65971.120000,66618.130000,1.270000,1773025199999,1,0
0.137526,0.138198,2026-03-09 03:00:00+00:00,66608.880000,67660.000000,66608.880000,67166.040000,1.767860,1773028799999,1,0
0.134414,0.128710,2026-03-09 04:00:00+00:00,67209.450000,67599.080000,67117.000000,67117.000000,0.700430,1773032399999,1,0
0.145327,0.130486,2026-03-09 05:00:00+00:00,67144.370000,68116.020000,67141.600000,67833.680000,1.102460,1773035999999,0,0
0.144897,0.130244,2026-03-09 06:00:00+00:00,67912.150000,67912.150000,67270.300000,67270.300000,1.077850,1773039599999,1,0
0.147402,0.129758,2026-03-09 07:00:00+00:00,67237.470000,67562.980000,66904.750000,67562.980000,0.726780,1773043199999,1,0
0.158415,0.139549,2026-03-09 08:00:00+00:00,67562.970000,67891.230000,67463.280000,67800.910000,1.061610,1773046799999,0,0
0.160149,0.139453,2026-03-09 09:00:00+00:00,67790.250000,68453.340000,67605.640000,67996.910000,0.873570,1773050399999,0,0
0.151934,0.137879,2026-03-09 10:00:00+00:00,68020.040000,68043.050000,67563.780000,67615.850000,0.564470,1773053999999,1,0
0.141860,0.132534,2026-03-09 11:00:00+00:00,67677.800000,67862.010000,67350.810000,67762.250000,1.053290,1773057599999,1,0
0.146174,0.138520,2026-03-09 12:00:00+00:00,67779.730000,68334.520000,67754.500000,68203.580000,1.518570,1773061199999,1,0
0.154781,0.143690,2026-03-09 13:00:00+00:00,68183.510000,69278.830000,68165.660000,69026.520000,2.064260,1773064799999,0,0
0.142826,0.133791,2026-03-09 14:00:00+00:00,68997.740000,69471.920000,68724.940000,69147.490000,1.168770,1773068399999,0,0
0.122240,0.116685,2026-03-09 15:00:00+00:00,69218.440000,69274.330000,68747.970000,69024.160000,1.456290,1773071999999,0,0
0.120651,0.119139,2026-03-09 16:00:00+00:00,68851.030000,69189.680000,68680.340000,68964.900000,1.443540,1773075599999,0,0
0.125514,0.128937,2026-03-09 17:00:00+00:00,68993.900000,69073.550000,68258.500000,68653.670000,0.539440,1773079199999,0,0
0.125131,0.134393,2026-03-09 18:00:00+00:00,68579.800000,68680.500000,68240.840000,68343.080000,0.664700,1773082799999,1,0
0.125315,0.136997,2026-03-09 19:00:00+00:00,68461.890000,69519.890000,68425.480000,69007.670000,0.681620,1773086399999,0,0
0.122413,0.136711,2026-03-09 20:00:00+00:00,69006.030000,69155.860000,68768.400000,69011.980000,0.384730,1773089999999,0,0
0.106690,0.119910,2026-03-09 21:00:00+00:00,69084.750000,69115.410000,68680.340000,68983.640000,0.646930,1773093599999,0,0
0.104876,0.118088,2026-03-09 22:00:00+00:00,68959.940000,69071.910000,68603.660000,68634.000000,0.491240,1773097199999,1,0
0.104699,0.116230,2026-03-09 23:00:00+00:00,68638.980000,68716.590000,68374.920000,68374.920000,0.507150,1773100799999,1,0
0.112884,0.120296,2026-03-10 00:00:00+00:00,68404.530000,69303.150000,68404.530000,69093.680000,1.672590,1773104399999,1,0
0.123477,0.122342,2026-03-10 01:00:00+00:00,69107.300000,69353.460000,68797.690000,69327.160000,0.830080,1773107999999,1,0
0.137958,0.120748,2026-03-10 02:00:00+00:00,69279.250000,70569.360000,69132.340000,70261.290000,4.837380,1773111599999,0,0
0.131753,0.113141,2026-03-10 03:00:00+00:00,70249.660000,70308.400000,69408.430000,69539.250000,0.989000,1773115199999,1,0
0.134388,0.108587,2026-03-10 04:00:00+00:00,69453.260000,70144.400000,69453.260000,70028.470000,0.327240,1773118799999,0,0
0.140554,0.115995,2026-03-10 05:00:00+00:00,70057.470000,70337.200000,69924.480000,69959.230000,0.125580,1773122399999,0,0
0.134239,0.109004,2026-03-10 06:00:00+00:00,69941.060000,70138.300000,69759.490000,69983.400000,0.243500,1773125999999,0,0
0.148351,0.117150,2026-03-10 07:00:00+00:00,69938.890000,70523.900000,69839.760000,70341.760000,0.912860,1773129599999,0,0
0.154990,0.117808,2026-03-10 08:00:00+00:00,70495.000000,71129.080000,70414.200000,70662.280000,1.752260,1773133199999,0,0
0.161015,0.118224,2026-03-10 09:00:00+00:00,70676.650000,71294.050000,70676.650000,71074.180000,0.965190,1773136799999,0,0
0.150407,0.109337,2026-03-10 10:00:00+00:00,71029.050000,71029.050000,70656.000000,70755.700000,2.177720,1773140399999,0,0
0.140663,0.103820,2026-03-10 11:00:00+00:00,70722.700000,70892.100000,70572.090000,70600.520000,0.292580,1773143999999,0,0
0.136650,0.103679,2026-03-10 12:00:00+00:00,70614.290000,70614.290000,70332.600000,70491.600000,2.950050,1773147599999,0,0
0.136216,0.108284,2026-03-10 13:00:00+00:00,70525.600000,70916.500000,69759.490000,69927.860000,6.007360,1773151199999,0,0
0.160153,0.121853,2026-03-10 14:00:00+00:00,69943.430000,71520.000000,69292.310000,71412.200000,6.634390,1773154799999,0,1
0.157293,0.121010,2026-03-10 15:00:00+00:00,71474.220000,71774.180000,70923.510000,71366.620000,3.935860,1773158399999,0,1
0.124067,0.094313,2026-03-10 16:00:00+00:00,71333.300000,71658.610000,70968.800000,71211.520000,2.298540,1773161999999,0,1
0.124040,0.095651,2026-03-10 17:00:00+00:00,71266.330000,71400.240000,70559.670000,70890.660000,1.797630,1773165599999,0,0
0.134860,0.104910,2026-03-10 18:00:00+00:00,70854.030000,70892.450000,69945.350000,69945.350000,1.274830,1773169199999,0,0
0.141725,0.111248,2026-03-10 19:00:00+00:00,70055.240000,70266.000000,69759.490000,70061.030000,0.832370,1773172799999,0,0
0.139468,0.108416,2026-03-10 20:00:00+00:00,70024.360000,70317.410000,70015.370000,70277.120000,0.896770,1773176399999,0,0
0.141975,0.107259,2026-03-10 21:00:00+00:00,70236.360000,70416.670000,69559.980000,69791.690000,2.328140,1773179999999,0,0
0.147512,0.105502,2026-03-10 22:00:00+00:00,69828.280000,69878.080000,69471.790000,69698.760000,1.136130,1773183599999,0,0
0.151672,0.101365,2026-03-10 23:00:00+00:00,69778.520000,69961.140000,69728.110000,69937.150000,0.328270,1773187199999,0,0
0.159896,0.101615,2026-03-11 00:00:00+00:00,69900.700000,70153.660000,69779.660000,70025.820000,0.430870,1773190799999,0,0
0.156859,0.095573,2026-03-11 01:00:00+00:00,70071.950000,70142.480000,69893.230000,70082.030000,0.227260,1773194399999,0,0
0.155471,0.094701,2026-03-11 02:00:00+00:00,70059.060000,70100.000000,69662.560000,69803.800000,0.609440,1773197999999,0,0
0.161372,0.096259,2026-03-11 03:00:00+00:00,69864.580000,69921.090000,69500.420000,69553.720000,0.711900,1773201599999,0,0
0.168017,0.098360,2026-03-11 04:00:00+00:00,69568.900000,70247.650000,69535.970000,70150.450000,0.215270,1773205199999,0,0
0.166755,0.098029,2026-03-11 05:00:00+00:00,70164.400000,70196.590000,69441.450000,69574.280000,0.410390,1773208799999,0,0
0.166686,0.093939,2026-03-11 06:00:00+00:00,69512.710000,69974.730000,69512.710000,69969.280000,1.094520,1773212399999,0,0
0.165631,0.093916,2026-03-11 07:00:00+00:00,69975.120000,70044.890000,69550.390000,69676.920000,0.151220,1773215999999,0,0
0.162069,0.091780,2026-03-11 08:00:00+00:00,69737.080000,69754.020000,69517.600000,69641.260000,0.144120,1773219599999,0,0
0.158684,0.091884,2026-03-11 09:00:00+00:00,69607.850000,69655.510000,69408.430000,69655.120000,0.593720,1773223199999,0,0
0.155597,0.091011,2026-03-11 10:00:00+00:00,69452.670000,69655.760000,69421.000000,69624.310000,0.140810,1773226799999,0,0
0.164397,0.097347,2026-03-11 11:00:00+00:00,69563.030000,69694.540000,69171.450000,69171.450000,0.277690,1773230399999,1,0
0.163938,0.097075,2026-03-11 12:00:00+00:00,69185.700000,69750.820000,68976.270000,69362.950000,0.125690,1773233999999,0,0
0.184475,0.105032,2026-03-11 13:00:00+00:00,69364.280000,71094.720000,69294.890000,70171.450000,1.938240,1773237599999,0,0
0.194464,0.107539,2026-03-11 14:00:00+00:00,70229.860000,70998.790000,69995.850000,70764.980000,1.501100,1773241199999,0,0
0.166215,0.093381,2026-03-11 15:00:00+00:00,70617.780000,70771.900000,69716.430000,70270.700000,2.119200,1773244799999,0,0
0.161557,0.091322,2026-03-11 16:00:00+00:00,70325.570000,70825.700000,70249.950000,70577.720000,1.141870,1773248399999,0,0
0.167581,0.098619,2026-03-11 17:00:00+00:00,70637.090000,71294.050000,70499.980000,70773.500000,1.259120,1773251999999,0,0
0.166213,0.099850,2026-03-11 18:00:00+00:00,70877.280000,70899.000000,70439.810000,70638.010000,0.713970,1773255599999,0,0
0.164327,0.101089,2026-03-11 19:00:00+00:00,70500.000000,70735.780000,70373.780000,70574.890000,0.994470,1773259199999,0,0
0.158048,0.100099,2026-03-11 20:00:00+00:00,70610.210000,70665.340000,70426.570000,70641.480000,0.209360,1773262799999,0,0
0.158920,0.102590,2026-03-11 21:00:00+00:00,70712.750000,70770.180000,70521.360000,70732.430000,0.148160,1773266399999,0,0
0.155840,0.103134,2026-03-11 22:00:00+00:00,70708.250000,70912.340000,70247.650000,70342.420000,0.397900,1773269999999,0,0
0.144029,0.099721,2026-03-11 23:00:00+00:00,70424.410000,70496.580000,70153.660000,70192.650000,0.094860,1773273599999,0,0
0.127984,0.093590,2026-03-12 00:00:00+00:00,70207.970000,70321.270000,70170.230000,70213.580000,0.254600,1773277199999,0,0
0.129959,0.096995,2026-03-12 01:00:00+00:00,70214.960000,70221.420000,69771.010000,69833.680000,0.309520,1773280799999,0,0
0.138758,0.103191,2026-03-12 02:00:00+00:00,69833.760000,69885.510000,69247.240000,69344.560000,0.151350,1773284399999,1,0
0.138598,0.101968,2026-03-12 03:00:00+00:00,69284.170000,69581.420000,69258.060000,69409.020000,0.450590,1773287999999,1,0
0.135028,0.099951,2026-03-12 04:00:00+00:00,69458.700000,69661.890000,69303.090000,69362.340000,0.089960,1773291599999,1,0
0.136601,0.098634,2026-03-12 05:00:00+00:00,69347.330000,69461.270000,69222.500000,69442.970000,0.069110,1773295199999,1,0
0.136463,0.097534,2026-03-12 06:00:00+00:00,69437.920000,69530.890000,69400.740000,69510.220000,0.224870,1773298799999,1,0
0.139814,0.096844,2026-03-12 07:00:00+00:00,69503.980000,69799.130000,69451.970000,69795.060000,0.273480,1773302399999,1,0
0.140402,0.094991,2026-03-12 08:00:00+00:00,69858.100000,70084.770000,69773.780000,69853.210000,0.084970,1773305999999,0,0
0.136668,0.090369,2026-03-12 09:00:00+00:00,69830.460000,70372.330000,69606.680000,69968.530000,0.119320,1773309599999,0,0
0.149875,0.094684,2026-03-12 10:00:00+00:00,70051.500000,70493.420000,69917.280000,70441.050000,0.307600,1773313199999,0,0
0.155611,0.093823,2026-03-12 11:00:00+00:00,70491.230000,70773.270000,70328.530000,70434.020000,0.268420,1773316799999,0,0
0.153039,0.088901,2026-03-12 12:00:00+00:00,70421.680000,70479.300000,70311.520000,70400.000000,0.937510,1773320399999,0,0
0.161507,0.095946,2026-03-12 13:00:00+00:00,70384.760000,70535.230000,69717.060000,69861.850000,0.289610,1773323999999,0,0
0.162961,0.101234,2026-03-12 14:00:00+00:00,69988.790000,70638.540000,69404.590000,69414.450000,0.189460,1773327599999,1,0
0.171205,0.106232,2026-03-12 15:00:00+00:00,69588.970000,70535.580000,69548.090000,70343.470000,0.401020,1773331199999,0,0
0.170025,0.107534,2026-03-12 16:00:00+00:00,70322.550000,70528.360000,69962.670000,70394.690000,0.360800,1773334799999,0,0
0.142423,0.092050,2026-03-12 17:00:00+00:00,70366.820000,70506.280000,70056.300000,70056.300000,0.114510,1773338399999,1,0
0.136383,0.091579,2026-03-12 18:00:00+00:00,70225.000000,70279.140000,69830.270000,69830.270000,1.534640,1773341999999,1,0
0.140278,0.095254,2026-03-12 19:00:00+00:00,69800.670000,70562.380000,69779.750000,70485.820000,0.997760,1773345599999,0,0
0.138879,0.098905,2026-03-12 20:00:00+00:00,70490.550000,70555.120000,70169.710000,70169.710000,0.057250,1773349199999,1,0
0.127090,0.092181,2026-03-12 21:00:00+00:00,70211.340000,70434.570000,70192.620000,70301.030000,0.342840,1773352799999,1,0
0.122791,0.091650,2026-03-12 22:00:00+00:00,70305.640000,70305.640000,70040.720000,70206.730000,0.131620,1773356399999,1,0
0.124970,0.093757,2026-03-12 23:00:00+00:00,70265.300000,70699.060000,70205.910000,70489.420000,0.625400,1773359999999,1,0
0.150417,0.109299,2026-03-13 00:00:00+00:00,70457.740000,71988.420000,70434.090000,71446.000000,3.382460,1773363599999,0,0
0.149362,0.106274,2026-03-13 01:00:00+00:00,71457.100000,71700.030000,71362.410000,71684.860000,1.252330,1773367199999,0,0
0.126925,0.091898,2026-03-13 02:00:00+00:00,71631.710000,71652.130000,71057.340000,71153.690000,2.089520,1773370799999,1,0
0.130918,0.094380,2026-03-13 03:00:00+00:00,71171.560000,71505.340000,70961.470000,71428.420000,0.721750,1773374399999,1,0
0.135563,0.099684,2026-03-13 04:00:00+00:00,71401.370000,71471.460000,71252.910000,71356.830000,0.205770,1773377999999,1,0
0.136893,0.101733,2026-03-13 05:00:00+00:00,71352.480000,71637.910000,71254.180000,71522.320000,0.345970,1773381599999,1,0
0.131367,0.100189,2026-03-13 06:00:00+00:00,71505.750000,71561.410000,71212.500000,71291.040000,0.011570,1773385199999,1,0
0.130170,0.099289,2026-03-13 07:00:00+00:00,71344.870000,71658.610000,71261.510000,71578.000000,0.062250,1773388799999,1,0
0.131139,0.101722,2026-03-13 08:00:00+00:00,71649.970000,72115.700000,71486.720000,71802.370000,0.665410,1773392399999,0,0
0.125029,0.097636,2026-03-13 09:00:00+00:00,71861.790000,72085.870000,71610.600000,72053.340000,0.168530,1773395999999,0,0
0.120097,0.096241,2026-03-13 10:00:00+00:00,71990.850000,72567.480000,71990.850000,72461.600000,19.779660,1773399599999,0,0
0.106715,0.089935,2026-03-13 11:00:00+00:00,72480.700000,72492.530000,72225.000000,72287.490000,0.272700,1773403199999,0,0
0.110977,0.093567,2026-03-13 12:00:00+00:00,72229.870000,72856.110000,72229.870000,72783.140000,1.146920,1773406799999,0,0
0.128196,0.104931,2026-03-13 13:00:00+00:00,72730.200000,73570.770000,72660.540000,73341.020000,3.322140,1773410399999,0,0
0.120845,0.100520,2026-03-13 14:00:00+00:00,73522.000000,73895.520000,72350.360000,72450.000000,4.737060,1773413999999,0,0
0.124216,0.107315,2026-03-13 15:00:00+00:00,72465.970000,72823.740000,71750.000000,71750.000000,0.990210,1773417599999,0,0
0.116758,0.104761,2026-03-13 16:00:00+00:00,71911.100000,72080.510000,71181.570000,72033.700000,0.880600,1773421199999,0,0
0.124862,0.114014,2026-03-13 17:00:00+00:00,71909.420000,72153.150000,70900.600000,70990.770000,0.493020,1773424799999,0,0
0.127539,0.112848,2026-03-13 18:00:00+00:00,71087.580000,71311.720000,70879.230000,71063.970000,0.766470,1773428399999,0,0
0.118659,0.105107,2026-03-13 19:00:00+00:00,71063.500000,71316.830000,71027.810000,71240.260000,0.283400,1773431999999,0,0
0.120129,0.101547,2026-03-13 20:00:00+00:00,71172.840000,71456.050000,71172.840000,71379.780000,0.318750,1773435599999,0,0
0.120949,0.098135,2026-03-13 21:00:00+00:00,71369.380000,71499.160000,71083.800000,71111.450000,0.275210,1773439199999,0,0
0.127055,0.098334,2026-03-13 22:00:00+00:00,71122.140000,71158.130000,70564.500000,70820.590000,0.474070,1773442799999,0,0
0.132292,0.098207,2026-03-13 23:00:00+00:00,70795.200000,70973.250000,70730.860000,70968.630000,0.070780,1773446399999,0,0
0.134902,0.100314,2026-03-14 00:00:00+00:00,70877.840000,70935.950000,70577.520000,70675.480000,0.123040,1773449999999,0,0
0.129773,0.097471,2026-03-14 01:00:00+00:00,70615.410000,70891.230000,70496.180000,70857.710000,0.126310,1773453599999,0,0
0.127950,0.095410,2026-03-14 02:00:00+00:00,70834.500000,70898.470000,70749.530000,70822.600000,0.137020,1773457199999,0,0
0.129571,0.093976,2026-03-14 03:00:00+00:00,70836.370000,71153.370000,70836.270000,71081.310000,0.250650,1773460799999,0,0
0.127503,0.091952,2026-03-14 04:00:00+00:00,71094.860000,71296.800000,71069.730000,71084.460000,0.150430,1773464399999,0,0
0.123577,0.087806,2026-03-14 05:00:00+00:00,71077.110000,71147.790000,70961.430000,71012.060000,0.103790,1773467999999,0,0
0.131390,0.092646,2026-03-14 06:00:00+00:00,70977.300000,70977.300000,70355.000000,70631.130000,0.342170,1773471599999,0,0
0.134344,0.094316,2026-03-14 07:00:00+00:00,70682.610000,70732.100000,70507.570000,70581.970000,0.047510,1773475199999,0,0
0.131813,0.093376,2026-03-14 08:00:00+00:00,70666.460000,70717.670000,70558.350000,70581.750000,0.024620,1773478799999,0,0
0.131291,0.093573,2026-03-14 09:00:00+00:00,70619.270000,70698.230000,70517.760000,70547.380000,0.127290,1773482399999,0,0
0.128901,0.093313,2026-03-14 10:00:00+00:00,70542.920000,70579.310000,70438.830000,70562.180000,0.023210,1773485999999,0,0
0.128554,0.094182,2026-03-14 11:00:00+00:00,70613.090000,70763.570000,70613.090000,70689.070000,0.086390,1773489599999,0,0
0.125785,0.094329,2026-03-14 12:00:00+00:00,70780.310000,70811.670000,70617.960000,70766.990000,0.028580,1773493199999,0,0
0.121833,0.093926,2026-03-14 13:00:00+00:00,70753.550000,70927.030000,70745.000000,70868.720000,0.199880,1773496799999,0,0
0.119396,0.095030,2026-03-14 14:00:00+00:00,70900.020000,70955.700000,70595.520000,70595.520000,0.175960,1773500399999,0,0
0.118782,0.096374,2026-03-14 15:00:00+00:00,70615.970000,70708.280000,70500.000000,70572.530000,0.059310,1773503999999,0,0
0.116542,0.097036,2026-03-14 16:00:00+00:00,70563.110000,70691.120000,70509.880000,70691.120000,0.044500,1773507599999,0,0
0.115488,0.096804,2026-03-14 17:00:00+00:00,70690.780000,70729.220000,70615.590000,70627.460000,0.044850,1773511199999,0,0
0.114135,0.095629,2026-03-14 18:00:00+00:00,70596.050000,70683.470000,70581.380000,70676.810000,0.117220,1773514799999,0,0
0.113062,0.095354,2026-03-14 19:00:00+00:00,70672.900000,70728.180000,70625.400000,70704.430000,0.024960,1773518399999,0,0
0.113978,0.096288,2026-03-14 20:00:00+00:00,70710.000000,70845.940000,70636.860000,70845.940000,0.095940,1773521999999,0,0
0.112198,0.095743,2026-03-14 21:00:00+00:00,70791.000000,70794.420000,70674.220000,70783.030000,0.070170,1773525599999,0,0
0.110334,0.094442,2026-03-14 22:00:00+00:00,70765.590000,70813.510000,70699.850000,70724.280000,0.143980,1773529199999,1,0
0.119971,0.100378,2026-03-14 23:00:00+00:00,70806.080000,71258.560000,70799.630000,71211.280000,0.318900,1773532799999,0,0
0.119332,0.099986,2026-03-15 00:00:00+00:00,71188.820000,71188.820000,70909.770000,70970.720000,1.099210,1773536399999,1,0
0.115510,0.096443,2026-03-15 01:00:00+00:00,71000.000000,71038.990000,70893.990000,71007.980000,0.044120,1773539999999,1,0
0.124398,0.102081,2026-03-15 02:00:00+00:00,71096.860000,71591.590000,71096.860000,71489.840000,1.903150,1773543599999,0,0
0.121335,0.101117,2026-03-15 03:00:00+00:00,71513.110000,71527.860000,71296.080000,71343.520000,0.057740,1773547199999,1,0
0.117585,0.098308,2026-03-15 04:00:00+00:00,71339.250000,71642.600000,71339.250000,71554.610000,0.223900,1773550799999,1,0
0.115348,0.098586,2026-03-15 05:00:00+00:00,71541.760000,71787.400000,71491.940000,71491.940000,0.326620,1773554399999,1,0
0.112656,0.097450,2026-03-15 06:00:00+00:00,71489.320000,71577.800000,71432.390000,71447.870000,0.080740,1773557999999,1,0
0.112369,0.098897,2026-03-15 07:00:00+00:00,71461.900000,71652.050000,71415.820000,71461.800000,0.154910,1773561599999,1,0
0.115475,0.101215,2026-03-15 08:00:00+00:00,71519.060000,71700.000000,71475.640000,71700.000000,0.132100,1773565199999,1,0
0.115218,0.101212,2026-03-15 09:00:00+00:00,71729.500000,71930.660000,71729.500000,71794.450000,0.174120,1773568799999,0,0
0.107732,0.095517,2026-03-15 10:00:00+00:00,71831.200000,71905.730000,71751.520000,71806.000000,0.024640,1773572399999,0,0
0.106797,0.094800,2026-03-15 11:00:00+00:00,71793.970000,71856.930000,71693.440000,71856.930000,0.046950,1773575999999,0,0
0.105175,0.095641,2026-03-15 12:00:00+00:00,71838.080000,71838.080000,71598.790000,71627.710000,0.072940,1773579599999,1,0
0.102270,0.095459,2026-03-15 13:00:00+00:00,71662.900000,71679.800000,71300.000000,71600.000000,0.214670,1773583199999,1,0
0.101191,0.094418,2026-03-15 14:00:00+00:00,71578.690000,71625.830000,71376.900000,71617.580000,0.582290,1773586799999,1,0
0.101911,0.094624,2026-03-15 15:00:00+00:00,71611.950000,71616.390000,71443.980000,71471.390000,0.101540,1773590399999,1,0
0.103167,0.094545,2026-03-15 16:00:00+00:00,71472.310000,71594.010000,71339.430000,71418.570000,0.122780,1773593999999,1,0
0.108556,0.096442,2026-03-15 17:00:00+00:00,71423.460000,71987.170000,71419.030000,71830.070000,0.140310,1773597599999,0,0
0.108479,0.095423,2026-03-15 18:00:00+00:00,71790.300000,71835.980000,71301.640000,71370.700000,0.145140,1773601199999,1,0
0.108012,0.092403,2026-03-15 19:00:00+00:00,71414.350000,71577.930000,71356.470000,71548.630000,0.246230,1773604799999,1,0
0.110887,0.093052,2026-03-15 20:00:00+00:00,71535.150000,71903.440000,71430.820000,71748.470000,1.119080,1773608399999,1,0
0.115944,0.092979,2026-03-15 21:00:00+00:00,71713.540000,72232.300000,71640.320000,72037.880000,0.157600,1773611999999,1,0
0.133277,0.098525,2026-03-15 22:00:00+00:00,72061.300000,73036.330000,71750.000000,72715.090000,1.538180,1773615599999,1,0
0.132203,0.094194,2026-03-15 23:00:00+00:00,72756.960000,73181.720000,72427.890000,72741.880000,2.715310,1773619199999,0,0
0.124921,0.087301,2026-03-16 00:00:00+00:00,72879.100000,73000.000000,72488.380000,72538.740000,1.527010,1773622799999,1,0
0.132237,0.090814,2026-03-16 01:00:00+00:00,72600.150000,72830.000000,72307.490000,72788.630000,0.100680,1773626399999,1,0
0.135055,0.094808,2026-03-16 02:00:00+00:00,72741.440000,72863.650000,72360.320000,72599.170000,0.224190,1773629999999,1,0
0.155945,0.105902,2026-03-16 03:00:00+00:00,72490.070000,74286.690000,72474.400000,73600.000000,1.676770,1773633599999,0,0
0.159471,0.108101,2026-03-16 04:00:00+00:00,73634.060000,74425.530000,73600.080000,73820.550000,0.759810,1773637199999,0,0
0.144218,0.095683,2026-03-16 05:00:00+00:00,73800.010000,74227.530000,73682.460000,74128.760000,0.510440,1773640799999,0,0
0.134231,0.092540,2026-03-16 06:00:00+00:00,74000.000000,74000.000000,73621.920000,73833.490000,0.136380,1773644399999,0,0
0.130200,0.094473,2026-03-16 07:00:00+00:00,73670.520000,73937.330000,73417.090000,73417.090000,0.082560,1773647999999,0,0
0.127051,0.099324,2026-03-16 08:00:00+00:00,73651.980000,73747.900000,72895.550000,73098.140000,1.236150,1773651599999,1,0
0.117844,0.096596,2026-03-16 09:00:00+00:00,73115.760000,73305.830000,73115.760000,73264.090000,0.028290,1773655199999,1,0
0.123581,0.101702,2026-03-16 10:00:00+00:00,73264.120000,73767.010000,73264.120000,73767.010000,0.093530,1773658799999,0,0
0.113571,0.095097,2026-03-16 11:00:00+00:00,73799.830000,73817.480000,73532.160000,73547.970000,1.680990,1773662399999,0,0
0.104416,0.087172,2026-03-16 12:00:00+00:00,73569.700000,74035.510000,73468.140000,73853.090000,0.856240,1773665999999,0,0
0.104360,0.087415,2026-03-16 13:00:00+00:00,73875.760000,74477.930000,73800.000000,74014.170000,0.905690,1773669599999,0,0
0.096842,0.084081,2026-03-16 14:00:00+00:00,74077.740000,74422.100000,73024.870000,73530.430000,2.286990,1773673199999,1,0
0.103064,0.088555,2026-03-16 15:00:00+00:00,73615.110000,74020.970000,73203.480000,73203.480000,0.703710,1773676799999,1,0
0.108144,0.089689,2026-03-16 16:00:00+00:00,73266.860000,73895.690000,73241.190000,73789.080000,0.142680,1773680399999,1,0
0.115776,0.093569,2026-03-16 17:00:00+00:00,73786.280000,74009.490000,73737.130000,73975.540000,0.214090,1773683999999,0,0
0.110239,0.083972,2026-03-16 18:00:00+00:00,73949.050000,74364.490000,73943.890000,73943.890000,2.071900,1773687599999,0,0
0.110015,0.079831,2026-03-16 19:00:00+00:00,73866.670000,74400.000000,73820.550000,73981.000000,0.522400,1773691199999,0,0
0.116577,0.081219,2026-03-16 20:00:00+00:00,73995.220000,74244.190000,73904.300000,74237.740000,0.363890,1773694799999,0,0
0.123962,0.083951,2026-03-16 21:00:00+00:00,74181.670000,74777.000000,74181.670000,74431.900000,0.720020,1773698399999,0,0
0.128949,0.084724,2026-03-16 22:00:00+00:00,74414.450000,74897.980000,74412.790000,74724.900000,1.640590,1773701999999,0,0
0.130465,0.083988,2026-03-16 23:00:00+00:00,74724.900000,74900.000000,74300.000000,74879.980000,0.415120,1773705599999,0,0
0.139178,0.086080,2026-03-17 00:00:00+00:00,74821.700000,75500.000000,74686.840000,75270.240000,5.698780,1773709199999,0,0
0.151708,0.091244,2026-03-17 01:00:00+00:00,75369.000000,76100.000000,75132.140000,75655.290000,11.040080,1773712799999,0,0
0.144794,0.087826,2026-03-17 02:00:00+00:00,75654.230000,75659.330000,75121.090000,75186.100000,13.465380,1773716399999,0,0
0.141512,0.092060,2026-03-17 03:00:00+00:00,75252.000000,75421.680000,74285.710000,74494.900000,11.486080,1773719999999,0,0
0.137208,0.095003,2026-03-17 04:00:00+00:00,74514.520000,74768.730000,74045.000000,74222.960000,6.847490,1773723599999,0,0
0.129792,0.095308,2026-03-17 05:00:00+00:00,74186.080000,74620.400000,73806.900000,74060.930000,7.782700,1773727199999,0,0
0.123510,0.093433,2026-03-17 06:00:00+00:00,74030.610000,74417.890000,73893.670000,74112.460000,3.170800,1773730799999,0,0
0.120704,0.091736,2026-03-17 07:00:00+00:00,74100.340000,74694.100000,74100.340000,74332.130000,6.026430,1773734399999,0,0
0.116685,0.087678,2026-03-17 08:00:00+00:00,74331.950000,74618.910000,74164.570000,74195.200000,0.611060,1773737999999,0,0
0.117804,0.087161,2026-03-17 09:00:00+00:00,74204.790000,74415.170000,73846.550000,73937.440000,0.257720,1773741599999,0,0
0.119856,0.088695,2026-03-17 10:00:00+00:00,73926.320000,73964.180000,73586.600000,73779.900000,0.516800,1773745199999,0,0
0.122746,0.089372,2026-03-17 11:00:00+00:00,73750.580000,74196.740000,73691.770000,74021.710000,1.649110,1773748799999,0,0
0.124486,0.090870,2026-03-17 12:00:00+00:00,74018.150000,74240.970000,73681.790000,73717.080000,0.145560,1773752399999,0,0
0.120559,0.088724,2026-03-17 13:00:00+00:00,73721.330000,74121.860000,73555.000000,73654.070000,3.732230,1773755999999,0,0
0.128348,0.091599,2026-03-17 14:00:00+00:00,73646.370000,74381.510000,73555.000000,74381.510000,5.833640,1773759599999,0,0
0.128337,0.089162,2026-03-17 15:00:00+00:00,74416.340000,74864.860000,73700.000000,73941.770000,2.940630,1773763199999,0,0
0.125175,0.083994,2026-03-17 16:00:00+00:00,73926.920000,74353.500000,73903.440000,74214.660000,0.592520,1773766799999,0,0
0.132026,0.086830,2026-03-17 17:00:00+00:00,74266.100000,74585.500000,74075.990000,74498.520000,0.303620,1773770399999,0,1
0.135489,0.086334,2026-03-17 18:00:00+00:00,74491.140000,74739.210000,74343.710000,74695.000000,1.086510,1773773999999,0,1
0.134776,0.085439,2026-03-17 19:00:00+00:00,74688.590000,74782.690000,74496.640000,74506.640000,1.109080,1773777599999,0,1
0.134928,0.085076,2026-03-17 20:00:00+00:00,74504.050000,74656.690000,74386.040000,74545.540000,0.153100,1773781199999,0,1
0.139035,0.088792,2026-03-17 21:00:00+00:00,74515.850000,74796.650000,74449.750000,74683.690000,0.180760,1773784799999,0,1
0.137369,0.091078,2026-03-17 22:00:00+00:00,74653.490000,74779.770000,73951.760000,74330.410000,0.260790,1773788399999,0,1
0.138771,0.095227,2026-03-17 23:00:00+00:00,74311.650000,74375.440000,73897.960000,73908.830000,0.377360,1773791999999,0,0
0.131161,0.094646,2026-03-18 00:00:00+00:00,73928.580000,74076.190000,73568.010000,73858.070000,0.266720,1773795599999,0,0
0.123344,0.093688,2026-03-18 01:00:00+00:00,73853.940000,74196.740000,73844.720000,74099.840000,1.390280,1773799199999,0,0
0.124402,0.096071,2026-03-18 02:00:00+00:00,74114.840000,74445.820000,74090.620000,74365.000000,1.494580,1773802799999,0,1
0.116244,0.090656,2026-03-18 03:00:00+00:00,74354.420000,74609.550000,74279.860000,74483.180000,0.289140,1773806399999,0,1
0.109843,0.086808,2026-03-18 04:00:00+00:00,74462.450000,74495.750000,74157.800000,74206.450000,0.146890,1773809999999,0,1
0.113685,0.090724,2026-03-18 05:00:00+00:00,74169.990000,74283.690000,73855.060000,73893.220000,0.574230,1773813599999,0,1
0.114127,0.092205,2026-03-18 06:00:00+00:00,74006.660000,74224.580000,73989.810000,74040.010000,0.072030,1773817199999,0,1
0.114793,0.094479,2026-03-18 07:00:00+00:00,73958.890000,73996.650000,73600.400000,73796.250000,3.031340,1773820799999,0,0
0.115059,0.094270,2026-03-18 08:00:00+00:00,73933.030000,74105.890000,73877.950000,74028.340000,3.310230,1773824399999,0,1
0.115283,0.094231,2026-03-18 09:00:00+00:00,74042.790000,74248.830000,73920.730000,74111.900000,6.664590,1773827999999,0,1
0.112371,0.090700,2026-03-18 10:00:00+00:00,74186.570000,74251.570000,73808.000000,73919.540000,9.577090,1773831599999,0,1
0.133304,0.107040,2026-03-18 11:00:00+00:00,73897.540000,73995.460000,72721.740000,72905.600000,5.966140,1773835199999,0,1
0.145212,0.114251,2026-03-18 12:00:00+00:00,72902.370000,72957.940000,72290.000000,72395.680000,6.681860,1773838799999,0,1
0.144571,0.115446,2026-03-18 13:00:00+00:00,72267.120000,72537.370000,71966.970000,72082.640000,1.649700,1773842399999,0,1
0.161056,0.128277,2026-03-18 14:00:00+00:00,72107.520000,72181.840000,71150.000000,71150.000000,9.406940,1773845999999,0,0
0.160733,0.128085,2026-03-18 15:00:00+00:00,71135.880000,71511.810000,70852.870000,71494.610000,2.445500,1773849599999,0,0
0.153087,0.125434,2026-03-18 16:00:00+00:00,71442.950000,71541.590000,71063.010000,71368.850000,3.335460,1773853199999,0,0
0.149319,0.121432,2026-03-18 17:00:00+00:00,71348.800000,71762.490000,71209.500000,71603.810000,0.606940,1773856799999,0,1
0.152722,0.125010,2026-03-18 18:00:00+00:00,71636.200000,71979.140000,70956.010000,71069.890000,0.842000,1773860399999,0,0
0.153479,0.125815,2026-03-18 19:00:00+00:00,71114.400000,71483.490000,70955.970000,71022.690000,0.271250,1773863999999,0,0
0.148855,0.125240,2026-03-18 20:00:00+00:00,71033.390000,71313.330000,70500.010000,71237.140000,0.796770,1773867599999,0,1
0.145386,0.124529,2026-03-18 21:00:00+00:00,71257.370000,71450.000000,71159.370000,71335.450000,3.208000,1773871199999,0,1
0.132837,0.118341,2026-03-18 22:00:00+00:00,71206.630000,71206.630000,70979.300000,71130.000000,0.202040,1773874799999,0,0
0.128041,0.115675,2026-03-18 23:00:00+00:00,71148.220000,71380.520000,71088.600000,71256.100000,0.291500,1773878399999,0,1
0.126824,0.116640,2026-03-19 00:00:00+00:00,71206.970000,71318.170000,71000.000000,71000.000000,0.477200,1773881999999,0,0
0.124529,0.116264,2026-03-19 01:00:00+00:00,71060.980000,71179.640000,70987.650000,71132.900000,0.150280,1773885599999,0,0
0.122220,0.115634,2026-03-19 02:00:00+00:00,71105.590000,71254.780000,70927.310000,71059.030000,0.139580,1773889199999,0,0
0.121435,0.115010,2026-03-19 03:00:00+00:00,71091.160000,71621.510000,71082.830000,71250.000000,0.326800,1773892799999,0,1
0.123623,0.117769,2026-03-19 04:00:00+00:00,71181.570000,71199.400000,70646.870000,70824.280000,0.459410,1773896399999,0,0
0.122054,0.117413,2026-03-19 05:00:00+00:00,70841.210000,70905.680000,70672.920000,70824.890000,0.305750,1773899999999,0,0
0.120275,0.117965,2026-03-19 06:00:00+00:00,70843.010000,70925.420000,70555.000000,70581.540000,5.208590,1773903599999,0,0
0.126744,0.123365,2026-03-19 07:00:00+00:00,70601.880000,70601.880000,69669.000000,70194.360000,8.402900,1773907199999,0,0
0.128470,0.126155,2026-03-19 08:00:00+00:00,70258.080000,70258.080000,69935.670000,69985.260000,0.108360,1773910799999,0,0
0.127665,0.126526,2026-03-19 09:00:00+00:00,70040.000000,70518.640000,69994.810000,70483.920000,0.198850,1773914399999,0,0
0.126247,0.126137,2026-03-19 10:00:00+00:00,70468.140000,70482.560000,70148.140000,70148.140000,0.012640,1773917999999,0,0
0.123481,0.123716,2026-03-19 11:00:00+00:00,70144.330000,70192.030000,69927.980000,69927.980000,1.172810,1773921599999,0,0
0.129153,0.129613,2026-03-19 12:00:00+00:00,69914.460000,69920.000000,69147.690000,69351.560000,0.462000,1773925199999,0,0
0.129788,0.130197,2026-03-19 13:00:00+00:00,69251.070000,70037.520000,69105.000000,69906.920000,0.441070,1773928799999,0,0
0.131615,0.132612,2026-03-19 14:00:00+00:00,70010.380000,70223.010000,69111.280000,69547.300000,0.647800,1773932399999,0,0
0.124937,0.126825,2026-03-19 15:00:00+00:00,69511.040000,69886.100000,68791.950000,69524.700000,1.723550,1773935999999,0,0
0.119746,0.123678,2026-03-19 16:00:00+00:00,69401.200000,69600.000000,69242.150000,69486.370000,0.236860,1773939599999,0,0
0.124211,0.126099,2026-03-19 17:00:00+00:00,69427.490000,69928.930000,69131.810000,69849.820000,0.220900,1773943199999,0,0
0.124805,0.126585,2026-03-19 18:00:00+00:00,69811.690000,70089.480000,69626.650000,69800.000000,2.785130,1773946799999,0,0
0.126422,0.123180,2026-03-19 19:00:00+00:00,69818.810000,70583.870000,69818.810000,70239.670000,1.202360,1773950399999,0,0
0.132825,0.125037,2026-03-19 20:00:00+00:00,70249.370000,70655.060000,70224.550000,70468.860000,0.150270,1773953999999,0,0
0.126078,0.118763,2026-03-19 21:00:00+00:00,70499.780000,70699.060000,70389.080000,70469.670000,1.646020,1773957599999,0,0
0.128971,0.122822,2026-03-19 22:00:00+00:00,70458.390000,70458.390000,69974.730000,70145.770000,0.293310,1773961199999,0,0
0.132063,0.127220,2026-03-19 23:00:00+00:00,70219.140000,70271.800000,69745.430000,69977.880000,0.138620,1773964799999,0,0
0.129732,0.128462,2026-03-20 00:00:00+00:00,69934.160000,70277.250000,69862.750000,70239.150000,1.577850,1773968399999,0,0
0.135823,0.133176,2026-03-20 01:00:00+00:00,70204.020000,70588.780000,70204.020000,70466.940000,0.156830,1773971999999,0,0
0.126514,0.125848,2026-03-20 02:00:00+00:00,70359.090000,70501.090000,70089.140000,70439.780000,0.205350,1773975599999,0,0
0.123207,0.122263,2026-03-20 03:00:00+00:00,70410.320000,70789.120000,70408.050000,70738.280000,0.343920,1773979199999,0,0
0.118758,0.120082,2026-03-20 04:00:00+00:00,70778.950000,70959.460000,70583.370000,70775.560000,0.165540,1773982799999,0,0
0.112416,0.117874,2026-03-20 05:00:00+00:00,70755.950000,70855.620000,70554.060000,70593.090000,0.119470,1773986399999,0,0
0.109927,0.119057,2026-03-20 06:00:00+00:00,70562.030000,70620.710000,70391.960000,70474.540000,0.156650,1773989999999,0,0
0.114461,0.123040,2026-03-20 07:00:00+00:00,70463.110000,70899.960000,70202.430000,70899.960000,0.076610,1773993599999,0,0
0.122454,0.128613,2026-03-20 08:00:00+00:00,70818.920000,71347.200000,70818.920000,71165.560000,0.360620,1773997199999,0,0
0.116078,0.124622,2026-03-20 09:00:00+00:00,70991.960000,70991.960000,70464.670000,70512.640000,0.155440,1774000799999,0,0
0.114022,0.123632,2026-03-20 10:00:00+00:00,70573.320000,70573.320000,70244.890000,70551.510000,0.092150,1774004399999,0,0
0.104173,0.118017,2026-03-20 11:00:00+00:00,70695.220000,70806.330000,70344.780000,70428.940000,0.739730,1774007999999,0,0
0.106942,0.119044,2026-03-20 12:00:00+00:00,70490.870000,70682.040000,70277.250000,70326.840000,0.194010,1774011599999,0,0
0.114550,0.124632,2026-03-20 13:00:00+00:00,70344.980000,70641.800000,69799.130000,69837.250000,0.485430,1774015199999,0,0
0.117651,0.125188,2026-03-20 14:00:00+00:00,69772.730000,70250.000000,69616.080000,69732.320000,0.585560,1774018799999,0,0
0.116269,0.122110,2026-03-20 15:00:00+00:00,69787.370000,69987.310000,69500.000000,69880.180000,0.284160,1774022399999,0,0
0.120376,0.122485,2026-03-20 16:00:00+00:00,69847.410000,70092.940000,69625.230000,69681.980000,0.295600,1774025999999,0,0
0.123770,0.121897,2026-03-20 17:00:00+00:00,69918.630000,69988.500000,69408.430000,69982.670000,0.300010,1774029599999,0,0
0.125665,0.121799,2026-03-20 18:00:00+00:00,70016.800000,70065.730000,69506.000000,69719.780000,0.327600,1774033199999,0,0
0.128068,0.120333,2026-03-20 19:00:00+00:00,69834.790000,70155.950000,69707.350000,70155.950000,0.442420,1774036799999,0,0
0.126367,0.120116,2026-03-20 20:00:00+00:00,70112.930000,70250.000000,69759.490000,70027.430000,0.979430,1774040399999,0,0
0.129152,0.117842,2026-03-20 21:00:00+00:00,70053.150000,70699.060000,69963.640000,70544.960000,0.506500,1774043999999,0,0
0.138999,0.122044,2026-03-20 22:00:00+00:00,70554.960000,70885.220000,70540.780000,70766.040000,5.595300,1774047599999,0,0
0.130810,0.113854,2026-03-20 23:00:00+00:00,70737.170000,70737.170000,70393.200000,70494.620000,0.250040,1774051199999,0,0
0.137009,0.117696,2026-03-21 00:00:00+00:00,70549.420000,70820.440000,70464.810000,70699.440000,0.231370,1774054799999,0,1
0.137882,0.119847,2026-03-21 01:00:00+00:00,70703.390000,70752.930000,70465.280000,70465.280000,0.092050,1774058399999,0,0
0.140853,0.122979,2026-03-21 02:00:00+00:00,70436.310000,70778.110000,70436.310000,70719.520000,0.135660,1774061999999,0,1
0.140826,0.124077,2026-03-21 03:00:00+00:00,70706.730000,70792.660000,70650.750000,70712.750000,0.062130,1774065599999,0,1
0.130282,0.117367,2026-03-21 04:00:00+00:00,70679.850000,70798.500000,70641.630000,70643.630000,1.488530,1774069199999,0,0
0.129038,0.117396,2026-03-21 05:00:00+00:00,70659.880000,70791.380000,70629.860000,70735.640000,0.211560,1774072799999,0,1
0.122909,0.114133,2026-03-21 06:00:00+00:00,70718.910000,70780.200000,70718.910000,70760.310000,0.059780,1774076399999,0,1
0.118580,0.113049,2026-03-21 07:00:00+00:00,70778.250000,70823.350000,70695.210000,70707.600000,0.054520,1774079999999,0,1
0.112609,0.110863,2026-03-21 08:00:00+00:00,70718.650000,70733.170000,70500.620000,70573.380000,0.022750,1774083599999,0,0
0.111416,0.110522,2026-03-21 09:00:00+00:00,70577.180000,70737.740000,70577.180000,70688.660000,0.015170,1774087199999,0,1
0.110895,0.111080,2026-03-21 10:00:00+00:00,70674.960000,70674.960000,70607.710000,70607.710000,0.007870,1774090799999,0,0
0.108619,0.109457,2026-03-21 11:00:00+00:00,70616.190000,70636.500000,70563.930000,70622.730000,0.009510,1774094399999,0,0
0.109582,0.110051,2026-03-21 12:00:00+00:00,70687.800000,70796.400000,70678.700000,70729.080000,0.035230,1774097999999,0,1
0.108501,0.107908,2026-03-21 13:00:00+00:00,70747.990000,70791.970000,70716.730000,70716.730000,0.045730,1774101599999,0,1
0.109877,0.107169,2026-03-21 14:00:00+00:00,70809.030000,71086.480000,70633.770000,70633.770000,1.293080,1774105199999,0,1
0.111338,0.106610,2026-03-21 15:00:00+00:00,70639.700000,70713.630000,70466.940000,70677.460000,0.190820,1774108799999,0,1
0.121064,0.110752,2026-03-21 16:00:00+00:00,70677.140000,70677.140000,70258.180000,70280.000000,0.218670,1774112399999,0,1
0.124588,0.111318,2026-03-21 17:00:00+00:00,70294.360000,70409.600000,70233.720000,70335.150000,0.124150,1774115999999,0,1
0.125424,0.109331,2026-03-21 18:00:00+00:00,70332.330000,70504.880000,70313.170000,70417.890000,0.186920,1774119599999,0,1
0.125832,0.107670,2026-03-21 19:00:00+00:00,70428.530000,70453.680000,70327.370000,70388.200000,0.065630,1774123199999,0,1
0.127854,0.106148,2026-03-21 20:00:00+00:00,70403.180000,70491.780000,70353.350000,70472.360000,0.445620,1774126799999,0,1
0.128338,0.106086,2026-03-21 21:00:00+00:00,70454.130000,70493.780000,70275.730000,70348.220000,0.057090,1774130399999,0,1
0.129848,0.106969,2026-03-21 22:00:00+00:00,70356.850000,70379.060000,70265.070000,70297.530000,0.080960,1774133999999,0,1
0.167495,0.130599,2026-03-21 23:00:00+00:00,70252.000000,70268.010000,68571.950000,68747.470000,1.530280,1774137599999,0,0
0.173465,0.135235,2026-03-22 00:00:00+00:00,68803.760000,69128.000000,68330.430000,68916.570000,6.682450,1774141199999,0,0
0.155751,0.126993,2026-03-22 01:00:00+00:00,68993.650000,69072.720000,68822.340000,68965.810000,0.185690,1774144799999,0,0
0.159862,0.127518,2026-03-22 02:00:00+00:00,69000.000000,69419.990000,68962.970000,69306.550000,0.441120,1774148399999,0,0
0.156801,0.124038,2026-03-22 03:00:00+00:00,69294.290000,69559.980000,69120.750000,69335.780000,0.068140,1774151999999,0,0
0.145259,0.115109,2026-03-22 04:00:00+00:00,69368.440000,69512.440000,69238.160000,69358.080000,0.142330,1774155599999,0,0
0.149153,0.118378,2026-03-22 05:00:00+00:00,69320.440000,69320.440000,69158.660000,69205.900000,0.257950,1774159199999,0,0
0.151615,0.120951,2026-03-22 06:00:00+00:00,69158.660000,69214.760000,69109.770000,69170.120000,0.055420,1774162799999,0,0
0.155754,0.125454,2026-03-22 07:00:00+00:00,69164.230000,69219.020000,68910.640000,68910.640000,0.350670,1774166399999,0,0
0.156632,0.126961,2026-03-22 08:00:00+00:00,68900.000000,68929.670000,68585.800000,68759.750000,0.247540,1774169999999,0,0
0.150682,0.124724,2026-03-22 09:00:00+00:00,68859.640000,68859.640000,68606.900000,68837.690000,0.009640,1774173599999,0,0
0.144728,0.123039,2026-03-22 10:00:00+00:00,68841.630000,68841.630000,68598.990000,68672.580000,0.069100,1774177199999,0,0
0.151654,0.127548,2026-03-22 11:00:00+00:00,68619.650000,68681.100000,68136.170000,68266.110000,0.313610,1774180799999,0,0
0.150639,0.126949,2026-03-22 12:00:00+00:00,68293.800000,68737.840000,68204.700000,68646.000000,0.015690,1774184399999,0,0
0.151914,0.128212,2026-03-22 13:00:00+00:00,68751.080000,68921.640000,68562.230000,68703.860000,0.043970,1774187999999,0,0
0.141581,0.120264,2026-03-22 14:00:00+00:00,68751.750000,68864.920000,68598.920000,68721.950000,0.124370,1774191599999,0,0
0.140477,0.119077,2026-03-22 15:00:00+00:00,68772.580000,69004.880000,68748.220000,68827.700000,0.219930,1774195199999,0,0
0.138301,0.117524,2026-03-22 16:00:00+00:00,68861.860000,68885.450000,68736.920000,68824.360000,0.047590,1774198799999,0,0
0.138969,0.120417,2026-03-22 17:00:00+00:00,68819.540000,68850.020000,68665.780000,68702.570000,1.599010,1774202399999,0,0
0.138781,0.121716,2026-03-22 18:00:00+00:00,68633.980000,68726.600000,68379.530000,68615.000000,0.517670,1774205999999,0,0
0.144268,0.126424,2026-03-22 19:00:00+00:00,68615.000000,68615.000000,68187.500000,68230.380000,0.268190,1774209599999,0,0
0.145027,0.127880,2026-03-22 20:00:00+00:00,68324.900000,68469.710000,68100.000000,68195.020000,0.178950,1774213199999,0,0
0.146423,0.130312,2026-03-22 21:00:00+00:00,68191.230000,68194.470000,67377.050000,67855.830000,2.402080,1774216799999,1,0
0.146147,0.130028,2026-03-22 22:00:00+00:00,67888.270000,68360.490000,67614.230000,68117.050000,0.435260,1774220399999,0,0
0.145849,0.129828,2026-03-22 23:00:00+00:00,68335.750000,68426.570000,67850.460000,67865.470000,0.143150,1774223999999,1,0
0.146990,0.129685,2026-03-23 00:00:00+00:00,67973.970000,68142.860000,67462.390000,67744.860000,0.256940,1774227599999,1,0
0.146376,0.128915,2026-03-23 01:00:00+00:00,67624.750000,68127.770000,67571.430000,67946.230000,0.426360,1774231199999,1,0
0.151189,0.130962,2026-03-23 02:00:00+00:00,67890.280000,68380.600000,67863.050000,68186.710000,0.992400,1774234799999,0,0
0.145120,0.126562,2026-03-23 03:00:00+00:00,68357.450000,68604.700000,68074.150000,68079.780000,0.323000,1774238399999,0,0
0.148984,0.125982,2026-03-23 04:00:00+00:00,68138.580000,68596.990000,68095.670000,68557.020000,0.285880,1774241999999,0,0
0.155549,0.128420,2026-03-23 05:00:00+00:00,68556.130000,68853.000000,68556.130000,68761.490000,0.246540,1774245599999,0,0
0.155497,0.130728,2026-03-23 06:00:00+00:00,68745.420000,68745.420000,67707.420000,67860.400000,0.190400,1774249199999,1,0
0.159866,0.133398,2026-03-23 07:00:00+00:00,67863.800000,68428.570000,67559.750000,68428.570000,0.250340,1774252799999,1,0
0.161247,0.136266,2026-03-23 08:00:00+00:00,68438.600000,68680.340000,68433.840000,68438.590000,0.150710,1774256399999,1,0
0.149172,0.128378,2026-03-23 09:00:00+00:00,68322.640000,68322.640000,68033.470000,68208.230000,0.075050,1774259999999,1,0
0.151290,0.128903,2026-03-23 10:00:00+00:00,68362.820000,68680.340000,68358.690000,68508.200000,0.082870,1774263599999,1,0
0.209571,0.154376,2026-03-23 11:00:00+00:00,68664.420000,71499.980000,68528.820000,70186.910000,4.355320,1774267199999,0,0
0.217795,0.154565,2026-03-23 12:00:00+00:00,70157.940000,70823.350000,69720.610000,70582.480000,0.419770,1774270799999,0,0
0.190223,0.131180,2026-03-23 13:00:00+00:00,70816.830000,71589.670000,70641.300000,71293.800000,1.984270,1774274399999,0,0
0.189371,0.131699,2026-03-23 14:00:00+00:00,71471.680000,71791.260000,71149.820000,71467.190000,0.912380,1774277999999,0,0
0.191718,0.144283,2026-03-23 15:00:00+00:00,71487.670000,71611.420000,70119.610000,70119.610000,0.722140,1774281599999,0,0
0.201232,0.164373,2026-03-23 16:00:00+00:00,70139.780000,70699.060000,70099.950000,70554.860000,1.303880,1774285199999,0,0
0.202945,0.174720,2026-03-23 17:00:00+00:00,70597.770000,71125.840000,70397.550000,71076.770000,0.400720,1774288799999,0,1
0.177813,0.161759,2026-03-23 18:00:00+00:00,71090.460000,71172.060000,70910.690000,71097.450000,0.267590,1774292399999,0,1
0.156266,0.148356,2026-03-23 19:00:00+00:00,71093.470000,71233.880000,70668.850000,70668.850000,0.284690,1774295999999,0,0
0.140398,0.138702,2026-03-23 20:00:00+00:00,70689.770000,70951.570000,70589.830000,70924.140000,0.099240,1774299599999,0,0
0.124160,0.132402,2026-03-23 21:00:00+00:00,70980.780000,71004.620000,70835.250000,70866.510000,0.540680,1774303199999,0,0
0.101745,0.118180,2026-03-23 22:00:00+00:00,70816.730000,70816.730000,70538.700000,70765.800000,0.063420,1774306799999,0,0
0.099463,0.114997,2026-03-23 23:00:00+00:00,70809.590000,71045.910000,70411.030000,70910.840000,0.075480,1774310399999,0,0
0.100825,0.113826,2026-03-24 00:00:00+00:00,70905.560000,71080.010000,70466.940000,70657.790000,0.311610,1774313999999,0,0
0.105128,0.114644,2026-03-24 01:00:00+00:00,70706.180000,70878.640000,70327.600000,70525.430000,0.224800,1774317599999,0,0
0.104660,0.112353,2026-03-24 02:00:00+00:00,70509.660000,70668.550000,70425.190000,70456.200000,0.445530,1774321199999,0,0
0.102656,0.107734,2026-03-24 03:00:00+00:00,70436.680000,70574.170000,70424.900000,70465.230000,0.096300,1774324799999,0,0
0.104907,0.106666,2026-03-24 04:00:00+00:00,70550.460000,70733.000000,70276.810000,70390.370000,0.395050,1774328399999,0,0
0.107924,0.106439,2026-03-24 05:00:00+00:00,70371.540000,70371.540000,70136.360000,70319.980000,0.105060,1774331999999,0,0
0.115091,0.105483,2026-03-24 06:00:00+00:00,70264.060000,70575.150000,70264.060000,70528.730000,0.051900,1774335599999,0,0
0.138127,0.111387,2026-03-24 07:00:00+00:00,70497.280000,71391.300000,70497.280000,71288.530000,0.493960,1774339199999,0,1
0.137390,0.104544,2026-03-24 08:00:00+00:00,71285.090000,71285.090000,70905.010000,70925.100000,0.245490,1774342799999,0,0
0.141577,0.097017,2026-03-24 09:00:00+00:00,70977.500000,71349.860000,70863.210000,71321.330000,0.224800,1774346399999,0,1
0.156278,0.098542,2026-03-24 10:00:00+00:00,71295.350000,71301.310000,71119.090000,71296.300000,0.378960,1774349999999,0,1
0.154894,0.097756,2026-03-24 11:00:00+00:00,71250.710000,71298.920000,70967.680000,71162.210000,0.124760,1774353599999,0,1
0.161233,0.103422,2026-03-24 12:00:00+00:00,71168.880000,71168.880000,70880.890000,70978.410000,1.274210,1774357199999,0,0
0.173959,0.111611,2026-03-24 13:00:00+00:00,70991.400000,71028.650000,70000.000000,70053.500000,0.508770,1774360799999,0,0
0.177896,0.116113,2026-03-24 14:00:00+00:00,70145.840000,70449.760000,69555.830000,69730.750000,0.335810,1774364399999,0,0
0.165300,0.109668,2026-03-24 15:00:00+00:00,69897.720000,70224.740000,69833.330000,69878.580000,0.263630,1774367999999,0,0
0.166995,0.110811,2026-03-24 16:00:00+00:00,69847.000000,69990.090000,69365.550000,69489.060000,0.935660,1774371599999,0,0
0.169929,0.112626,2026-03-24 17:00:00+00:00,69449.940000,69449.940000,68939.160000,69194.820000,0.865390,1774375199999,1,0
0.163899,0.110260,2026-03-24 18:00:00+00:00,69218.040000,69720.610000,69186.200000,69511.680000,0.229160,1774378799999,1,0
0.164099,0.110346,2026-03-24 19:00:00+00:00,69485.570000,69660.490000,69286.850000,69362.500000,1.557450,1774382399999,1,0
0.173874,0.111651,2026-03-24 20:00:00+00:00,69364.990000,70277.250000,69311.140000,70102.030000,1.096880,1774385999999,0,0
0.175645,0.109717,2026-03-24 21:00:00+00:00,70104.900000,70377.840000,69950.950000,70332.170000,0.739260,1774389599999,0,0
0.154464,0.096228,2026-03-24 22:00:00+00:00,70298.630000,70596.980000,70130.820000,70379.800000,0.631840,1774393199999,0,0
0.155379,0.096868,2026-03-24 23:00:00+00:00,70315.310000,70823.350000,70292.460000,70601.730000,0.258130,1774396799999,0,0
0.164724,0.101151,2026-03-25 00:00:00+00:00,70585.020000,71031.890000,70502.530000,70870.250000,0.233080,1774400399999,0,0
0.167192,0.104258,2026-03-25 01:00:00+00:00,70851.290000,70953.940000,70652.970000,70753.410000,0.136640,1774403999999,0,0
0.168847,0.106039,2026-03-25 02:00:00+00:00,70609.120000,70740.750000,70522.700000,70522.700000,0.107430,1774407599999,0,0
0.172274,0.108132,2026-03-25 03:00:00+00:00,70534.730000,70804.720000,70416.680000,70784.550000,0.095370,1774411199999,0,0
0.177087,0.111284,2026-03-25 04:00:00+00:00,70727.290000,70965.430000,70689.000000,70965.430000,0.252420,1774414799999,0,0
0.166115,0.105279,2026-03-25 05:00:00+00:00,70961.840000,71338.800000,70956.780000,71109.570000,0.784350,1774418399999,0,0
0.155938,0.099762,2026-03-25 06:00:00+00:00,71140.410000,71249.570000,71026.020000,71209.870000,0.153340,1774421999999,0,0
0.139134,0.094276,2026-03-25 07:00:00+00:00,70981.530000,71250.000000,70922.620000,70922.620000,0.183190,1774425599999,0,0
0.137760,0.095659,2026-03-25 08:00:00+00:00,70953.680000,71488.560000,70816.470000,71262.310000,0.537500,1774429199999,0,0
0.133046,0.096463,2026-03-25 09:00:00+00:00,71255.390000,71354.370000,71119.950000,71119.950000,0.109590,1774432799999,0,0
0.129455,0.095139,2026-03-25 10:00:00+00:00,71370.670000,71610.600000,71340.910000,71513.450000,0.202900,1774436399999,0,0
0.129665,0.096887,2026-03-25 11:00:00+00:00,71500.000000,72000.000000,71491.010000,71664.480000,2.708870,1774439999999,0,1
0.119697,0.091799,2026-03-25 12:00:00+00:00,71711.870000,71925.900000,71135.880000,71708.870000,0.568990,1774443599999,0,1
0.117186,0.092108,2026-03-25 13:00:00+00:00,71761.690000,71936.360000,71541.590000,71588.930000,0.114660,1774447199999,0,1
0.118141,0.094051,2026-03-25 14:00:00+00:00,71572.070000,71654.120000,71241.590000,71241.590000,0.651180,1774450799999,0,0
0.121881,0.097752,2026-03-25 15:00:00+00:00,71251.030000,71309.320000,70603.720000,70847.700000,0.620670,1774454399999,0,0
0.123605,0.097752,2026-03-25 16:00:00+00:00,70814.350000,71735.770000,70814.350000,71389.330000,0.369670,1774457999999,0,1
0.128816,0.098413,2026-03-25 17:00:00+00:00,71298.850000,71397.900000,70740.400000,70770.470000,0.329990,1774461599999,0,0
0.131029,0.095860,2026-03-25 18:00:00+00:00,70820.000000,71109.630000,70734.260000,70758.480000,0.627050,1774465199999,0,0
0.126775,0.090612,2026-03-25 19:00:00+00:00,70810.920000,71060.880000,70770.870000,70871.530000,0.508540,1774468799999,0,0
0.130861,0.090613,2026-03-25 20:00:00+00:00,70850.750000,71051.480000,70668.620000,71005.120000,0.245070,1774472399999,0,0
0.130652,0.088953,2026-03-25 21:00:00+00:00,71021.950000,71166.670000,70960.840000,71028.090000,0.118600,1774475999999,0,0
0.135623,0.088793,2026-03-25 22:00:00+00:00,71074.290000,71541.590000,70960.980000,71386.090000,0.469460,1774479599999,0,1
0.135595,0.087943,2026-03-25 23:00:00+00:00,71397.610000,71442.980000,71215.040000,71334.090000,0.250590,1774483199999,0,1
0.129898,0.085090,2026-03-26 00:00:00+00:00,71354.830000,71442.330000,71124.980000,71276.830000,0.666460,1774486799999,0,1
0.131524,0.086596,2026-03-26 01:00:00+00:00,71322.810000,71382.290000,71195.170000,71250.610000,0.392960,1774490399999,0,1
0.139784,0.090775,2026-03-26 02:00:00+00:00,71247.020000,71278.980000,70666.970000,70897.980000,0.477320,1774493999999,0,1
0.141274,0.091758,2026-03-26 03:00:00+00:00,70877.540000,70958.630000,70727.610000,70884.830000,0.215250,1774497599999,0,1
0.137026,0.090125,2026-03-26 04:00:00+00:00,70891.840000,70891.840000,70736.810000,70827.860000,0.029520,1774501199999,0,1
0.154218,0.099256,2026-03-26 05:00:00+00:00,70783.660000,70783.990000,69974.730000,69994.810000,0.190820,1774504799999,0,0
0.154888,0.099988,2026-03-26 06:00:00+00:00,69985.010000,70149.910000,69863.000000,70087.860000,0.110450,1774508399999,0,0
0.144962,0.095622,2026-03-26 07:00:00+00:00,70096.370000,70175.300000,69840.940000,70108.980000,0.224900,1774511999999,0,0
0.144468,0.094982,2026-03-26 08:00:00+00:00,70137.750000,70137.750000,69872.920000,70014.260000,0.032500,1774515599999,0,1
0.152979,0.099588,2026-03-26 09:00:00+00:00,70115.120000,70148.170000,69416.600000,69590.000000,0.110440,1774519199999,0,0
0.152898,0.100817,2026-03-26 10:00:00+00:00,69551.730000,69688.420000,69506.430000,69506.430000,1.442520,1774522799999,0,1
0.150914,0.101477,2026-03-26 11:00:00+00:00,69527.010000,69628.140000,69219.870000,69295.700000,0.414060,1774526399999,0,0
0.149632,0.101504,2026-03-26 12:00:00+00:00,69261.290000,69469.380000,69251.430000,69457.750000,1.017810,1774529999999,0,1
0.149845,0.102473,2026-03-26 13:00:00+00:00,69423.180000,69859.890000,69342.860000,69616.980000,0.518130,1774533599999,0,1
0.143768,0.099472,2026-03-26 14:00:00+00:00,69681.020000,69817.950000,69229.700000,69445.250000,0.399940,1774537199999,0,1
0.146468,0.101154,2026-03-26 15:00:00+00:00,69503.730000,69503.730000,68800.000000,69143.010000,3.546060,1774540799999,0,1
0.145180,0.102260,2026-03-26 16:00:00+00:00,69024.210000,69077.170000,68874.370000,68912.510000,0.174120,1774544399999,0,0
0.152484,0.107045,2026-03-26 17:00:00+00:00,68945.770000,69163.000000,68333.000000,68507.040000,11.940750,1774547999999,0,0
0.154552,0.108744,2026-03-26 18:00:00+00:00,68449.010000,68587.940000,68176.030000,68422.980000,1.084920,1774551599999,0,0
0.149295,0.106671,2026-03-26 19:00:00+00:00,68498.980000,68664.780000,68366.420000,68557.730000,0.526070,1774555199999,0,0
0.156872,0.110391,2026-03-26 20:00:00+00:00,68559.560000,69441.450000,68460.000000,68979.300000,1.812290,1774558799999,0,1
0.150794,0.106027,2026-03-26 21:00:00+00:00,68940.520000,69137.980000,68869.380000,68923.430000,0.591400,1774562399999,0,1
0.139334,0.098853,2026-03-26 22:00:00+00:00,68914.490000,68998.920000,68615.600000,68875.390000,0.826530,1774565999999,0,1
0.139245,0.100096,2026-03-26 23:00:00+00:00,68942.820000,69025.620000,68601.420000,68807.520000,0.821260,1774569599999,0,1
0.139854,0.102774,2026-03-27 00:00:00+00:00,68811.340000,68967.870000,68550.000000,68754.690000,0.792850,1774573199999,0,1
0.143587,0.106673,2026-03-27 01:00:00+00:00,68789.620000,69037.280000,68700.930000,69037.280000,0.632490,1774576799999,0,1
0.140093,0.105754,2026-03-27 02:00:00+00:00,69051.310000,69147.690000,68874.910000,68928.090000,0.082940,1774580399999,0,1
0.135816,0.103750,2026-03-27 03:00:00+00:00,68892.660000,68905.110000,68687.280000,68800.620000,0.107820,1774583999999,0,1
0.136022,0.105136,2026-03-27 04:00:00+00:00,68769.170000,68769.170000,68330.430000,68619.850000,0.272700,1774587599999,0,1
0.133236,0.104560,2026-03-27 05:00:00+00:00,68574.190000,68841.360000,68561.350000,68611.950000,0.204430,1774591199999,0,1
0.128992,0.103238,2026-03-27 06:00:00+00:00,68649.880000,68839.690000,68623.700000,68683.010000,0.109220,1774594799999,0,1
0.128342,0.103602,2026-03-27 07:00:00+00:00,68678.450000,68910.640000,68470.650000,68470.650000,0.177660,1774598399999,0,1
0.138329,0.110028,2026-03-27 08:00:00+00:00,68606.110000,68606.110000,67625.440000,67946.000000,0.770250,1774601999999,0,1
0.140788,0.112543,2026-03-27 09:00:00+00:00,67925.430000,67925.430000,67599.080000,67791.460000,0.305430,1774605599999,0,1
0.165590,0.130272,2026-03-27 10:00:00+00:00,67698.860000,67747.600000,66361.000000,66524.290000,1.120230,1774609199999,0,0
0.169322,0.133816,2026-03-27 11:00:00+00:00,66451.850000,66818.260000,66289.870000,66720.300000,0.178190,1774612799999,0,0
0.153389,0.127175,2026-03-27 12:00:00+00:00,66730.000000,66730.000000,66451.720000,66633.810000,0.414990,1774616399999,0,0
0.162518,0.134551,2026-03-27 13:00:00+00:00,66639.220000,66724.740000,66015.570000,66026.360000,0.614510,1774619999999,0,0
0.161138,0.134759,2026-03-27 14:00:00+00:00,66150.900000,66412.400000,65756.670000,66207.930000,2.320390,1774623599999,0,0
0.153869,0.132888,2026-03-27 15:00:00+00:00,66217.930000,66599.000000,66003.380000,66112.700000,2.407540,1774627199999,0,0
0.156217,0.134392,2026-03-27 16:00:00+00:00,66084.410000,66186.500000,65801.670000,65931.930000,0.623890,1774630799999,0,0
0.160801,0.138192,2026-03-27 17:00:00+00:00,66001.190000,66273.810000,65631.500000,65631.500000,0.230150,1774634399999,0,0
0.157828,0.136966,2026-03-27 18:00:00+00:00,65668.510000,65904.640000,65575.530000,65889.540000,0.300200,1774637999999,0,0
0.158956,0.138675,2026-03-27 19:00:00+00:00,65766.090000,66135.810000,65712.340000,66068.250000,0.514340,1774641599999,0,0
0.148075,0.131332,2026-03-27 20:00:00+00:00,66030.640000,66120.330000,65832.510000,66078.630000,0.275870,1774645199999,0,0
0.134917,0.123694,2026-03-27 21:00:00+00:00,66041.030000,66181.720000,66041.030000,66057.800000,0.177730,1774648799999,0,0
0.134574,0.123678,2026-03-27 22:00:00+00:00,66067.630000,66079.020000,65927.910000,66047.380000,0.133940,1774652399999,0,0
0.144407,0.130786,2026-03-27 23:00:00+00:00,66052.530000,66428.470000,65993.900000,66428.470000,0.201810,1774655999999,0,0
0.144836,0.131417,2026-03-28 00:00:00+00:00,66397.350000,66503.500000,66291.030000,66442.890000,0.282370,1774659599999,0,0
0.138731,0.128208,2026-03-28 01:00:00+00:00,66396.000000,66413.370000,66071.430000,66129.970000,0.151310,1774663199999,0,0
0.138952,0.130587,2026-03-28 02:00:00+00:00,66193.750000,66250.790000,65942.220000,66045.910000,0.318520,1774666799999,0,0
0.136607,0.131186,2026-03-28 03:00:00+00:00,66118.520000,66240.020000,66095.570000,66221.550000,0.034750,1774670399999,0,0
0.137322,0.133631,2026-03-28 04:00:00+00:00,66175.420000,66278.130000,66115.670000,66270.600000,0.060680,1774673999999,0,0
0.128784,0.128147,2026-03-28 05:00:00+00:00,66300.570000,66355.880000,66221.530000,66355.880000,0.205650,1774677599999,0,0
0.124190,0.125245,2026-03-28 06:00:00+00:00,66336.860000,66469.480000,66336.860000,66394.970000,0.191450,1774681199999,0,0
0.124444,0.125205,2026-03-28 07:00:00+00:00,66427.600000,66547.340000,66385.070000,66547.340000,0.149970,1774684799999,0,0
0.122302,0.125352,2026-03-28 08:00:00+00:00,66522.210000,66556.390000,66396.190000,66396.190000,0.206030,1774688399999,0,0
0.120916,0.125001,2026-03-28 09:00:00+00:00,66355.590000,66379.630000,66257.290000,66325.650000,0.005420,1774691999999,0,0
0.119267,0.125229,2026-03-28 10:00:00+00:00,66300.330000,66300.330000,66165.230000,66205.300000,0.004330,1774695599999,0,0
0.119032,0.125780,2026-03-28 11:00:00+00:00,66262.390000,66345.850000,66217.070000,66326.990000,0.118250,1774699199999,0,0
0.121767,0.128271,2026-03-28 12:00:00+00:00,66347.400000,66473.550000,66312.150000,66468.020000,0.216310,1774702799999,0,0
0.128680,0.130144,2026-03-28 13:00:00+00:00,66461.750000,67142.860000,66394.080000,66880.580000,0.251250,1774706399999,0,0
0.122339,0.124781,2026-03-28 14:00:00+00:00,66820.410000,66903.880000,66689.790000,66689.790000,0.293910,1774709999999,0,0
0.120676,0.121470,2026-03-28 15:00:00+00:00,66763.290000,67270.060000,66716.130000,66974.920000,0.780410,1774713599999,0,0
0.123586,0.124329,2026-03-28 16:00:00+00:00,67033.070000,67087.090000,66916.530000,66939.010000,0.405500,1774717199999,0,0
0.122404,0.122509,2026-03-28 17:00:00+00:00,66938.590000,66997.890000,66652.900000,66853.800000,0.113410,1774720799999,0,0
0.125628,0.125428,2026-03-28 18:00:00+00:00,66873.660000,66961.360000,66857.990000,66961.360000,0.133170,1774724399999,0,0
0.126408,0.125883,2026-03-28 19:00:00+00:00,66900.690000,66950.950000,66828.150000,66866.670000,0.141310,1774727999999,0,0
0.127042,0.126478,2026-03-28 20:00:00+00:00,66991.800000,67026.370000,66920.250000,66944.110000,0.225620,1774731599999,0,0
0.127848,0.126818,2026-03-28 21:00:00+00:00,66936.700000,66941.920000,66651.730000,66670.310000,0.058630,1774735199999,0,0
0.124803,0.123940,2026-03-28 22:00:00+00:00,66656.480000,66783.640000,66619.990000,66765.410000,0.101450,1774738799999,0,0
0.124331,0.124430,2026-03-28 23:00:00+00:00,66757.130000,66757.130000,66300.790000,66393.380000,0.240850,1774742399999,0,0
0.123223,0.123170,2026-03-29 00:00:00+00:00,66392.250000,66502.650000,66317.700000,66476.910000,0.063880,1774745999999,0,0
0.122211,0.121629,2026-03-29 01:00:00+00:00,66490.320000,66617.200000,66466.790000,66516.920000,0.121330,1774749599999,0,0
0.126619,0.121991,2026-03-29 02:00:00+00:00,66556.730000,66791.340000,66556.730000,66791.340000,0.842240,1774753199999,0,0
0.128238,0.120646,2026-03-29 03:00:00+00:00,66820.120000,67076.910000,66760.870000,66902.520000,0.253520,1774756799999,0,0
0.122713,0.114562,2026-03-29 04:00:00+00:00,66943.440000,66943.440000,66750.000000,66750.000000,0.111060,1774760399999,0,0
0.124515,0.115200,2026-03-29 05:00:00+00:00,66737.680000,66805.460000,66546.970000,66805.460000,0.425040,1774763999999,0,0
0.125545,0.116266,2026-03-29 06:00:00+00:00,66845.910000,66864.700000,66651.640000,66752.900000,0.163180,1774767599999,0,0
0.128008,0.118505,2026-03-29 07:00:00+00:00,66702.650000,66706.730000,66564.130000,66706.730000,0.265410,1774771199999,0,0
0.128792,0.118322,2026-03-29 08:00:00+00:00,66676.110000,66762.020000,66625.610000,66714.340000,0.030930,1774774799999,0,0
0.130631,0.118453,2026-03-29 09:00:00+00:00,66685.660000,66715.600000,66562.050000,66632.420000,0.067910,1774778399999,0,0
0.134923,0.119465,2026-03-29 10:00:00+00:00,66569.700000,66569.700000,66430.940000,66503.800000,0.065330,1774781999999,0,0
0.139174,0.120045,2026-03-29 11:00:00+00:00,66560.280000,66953.540000,66560.280000,66852.690000,1.171440,1774785599999,0,0
0.140404,0.119242,2026-03-29 12:00:00+00:00,66848.580000,66874.220000,66748.880000,66874.220000,0.016560,1774789199999,0,0
0.134146,0.114604,2026-03-29 13:00:00+00:00,66863.520000,66863.520000,66534.910000,66607.950000,0.303620,1774792799999,0,0
0.135823,0.115371,2026-03-29 14:00:00+00:00,66589.970000,66750.000000,66497.980000,66554.060000,0.409720,1774796399999,0,0
0.132711,0.114081,2026-03-29 15:00:00+00:00,66722.990000,66722.990000,66362.250000,66555.080000,0.111310,1774799999999,0,0
0.134272,0.115655,2026-03-29 16:00:00+00:00,66525.490000,66644.670000,66452.110000,66505.590000,0.251850,1774803599999,0,0
0.136263,0.116868,2026-03-29 17:00:00+00:00,66507.760000,66541.970000,66196.150000,66396.230000,0.112900,1774807199999,0,0
0.135606,0.116591,2026-03-29 18:00:00+00:00,66407.660000,66495.430000,66359.160000,66437.030000,0.074450,1774810799999,0,0
0.136432,0.117112,2026-03-29 19:00:00+00:00,66417.320000,66473.860000,66323.600000,66323.600000,0.131520,1774814399999,0,0
0.140431,0.118578,2026-03-29 20:00:00+00:00,66387.160000,66750.000000,66387.160000,66608.760000,1.558970,1774817999999,0,0
0.143817,0.119147,2026-03-29 21:00:00+00:00,66663.720000,66726.420000,66548.650000,66726.420000,0.070060,1774821599999,0,0
0.150356,0.123085,2026-03-29 22:00:00+00:00,66590.500000,66590.500000,65019.110000,65905.360000,2.204550,1774825199999,1,0
0.153561,0.124363,2026-03-29 23:00:00+00:00,65887.810000,66360.720000,65816.450000,66070.330000,0.194410,1774828799999,1,0
0.151460,0.123536,2026-03-30 00:00:00+00:00,66059.670000,67070.190000,65813.420000,66337.360000,0.708360,1774832399999,0,0
0.156241,0.123782,2026-03-30 01:00:00+00:00,66336.960000,66877.470000,66330.810000,66629.340000,0.518790,1774835999999,0,0
0.165000,0.124147,2026-03-30 02:00:00+00:00,66751.110000,67491.640000,66624.500000,67159.990000,0.694570,1774839599999,0,0
0.158484,0.116824,2026-03-30 03:00:00+00:00,67137.770000,67250.000000,67000.000000,67163.480000,1.421160,1774843199999,0,0
0.162635,0.117071,2026-03-30 04:00:00+00:00,67175.900000,67612.920000,67175.900000,67612.920000,0.161350,1774846799999,0,0
0.165570,0.120662,2026-03-30 05:00:00+00:00,67640.860000,67812.240000,67446.980000,67513.000000,0.263740,1774850399999,0,0
0.162609,0.121290,2026-03-30 06:00:00+00:00,67519.080000,67519.080000,67279.200000,67319.150000,0.193200,1774853999999,0,0
0.167147,0.127197,2026-03-30 07:00:00+00:00,67264.800000,67591.370000,67262.580000,67591.370000,0.089100,1774857599999,0,0
0.171410,0.131396,2026-03-30 08:00:00+00:00,67650.390000,67925.420000,67650.390000,67658.560000,0.346660,1774861199999,0,0
0.166715,0.130042,2026-03-30 09:00:00+00:00,67639.110000,67641.190000,67500.270000,67500.270000,0.136750,1774864799999,0,0
0.157114,0.125511,2026-03-30 10:00:00+00:00,67470.480000,67496.940000,67375.110000,67496.940000,0.078970,1774868399999,0,0
0.145250,0.120689,2026-03-30 11:00:00+00:00,67501.710000,67954.550000,67501.710000,67581.110000,0.613040,1774871999999,0,0
0.142875,0.121206,2026-03-30 12:00:00+00:00,67697.410000,67956.810000,67680.730000,67870.820000,0.395440,1774875599999,0,0
0.131667,0.115592,2026-03-30 13:00:00+00:00,67912.760000,68133.880000,67493.540000,67493.540000,1.581640,1774879199999,0,0
0.128943,0.112960,2026-03-30 14:00:00+00:00,67615.590000,67852.220000,67105.240000,67782.260000,1.344750,1774882799999,0,0
0.125168,0.112080,2026-03-30 15:00:00+00:00,67886.650000,67886.650000,67418.200000,67619.050000,0.815400,1774886399999,0,0
0.127464,0.113177,2026-03-30 16:00:00+00:00,67647.250000,67647.250000,67250.000000,67332.560000,0.311820,1774889999999,0,0
0.137827,0.118982,2026-03-30 17:00:00+00:00,67407.750000,67460.870000,66697.190000,66836.280000,0.341940,1774893599999,0,0
0.143103,0.121117,2026-03-30 18:00:00+00:00,66847.590000,66847.590000,66551.450000,66551.450000,1.068340,1774897199999,0,0
0.143894,0.120269,2026-03-30 19:00:00+00:00,66647.620000,66647.620000,66276.980000,66489.000000,0.300540,1774900799999,0,0
0.143743,0.118730,2026-03-30 20:00:00+00:00,66551.970000,66680.650000,66547.750000,66643.110000,0.012720,1774904399999,0,0
0.147106,0.119018,2026-03-30 21:00:00+00:00,66662.970000,66986.040000,66607.880000,66781.780000,0.640760,1774907999999,0,0
0.146832,0.114190,2026-03-30 22:00:00+00:00,66864.230000,66985.170000,66716.890000,66735.730000,0.119750,1774911599999,0,0
0.148746,0.110658,2026-03-30 23:00:00+00:00,66791.530000,66794.150000,66430.940000,66794.150000,0.039910,1774915199999,0,0
0.161360,0.113621,2026-03-31 00:00:00+00:00,66794.140000,67299.810000,66559.340000,67171.890000,0.360980,1774918799999,0,0
0.189114,0.121389,2026-03-31 01:00:00+00:00,67257.250000,68400.000000,67077.660000,68016.630000,2.050360,1774922399999,0,0
0.185336,0.115983,2026-03-31 02:00:00+00:00,67909.190000,68081.420000,67799.560000,68012.760000,0.054380,1774925999999,0,0
0.169988,0.106449,2026-03-31 03:00:00+00:00,67927.780000,68020.690000,67668.110000,67732.580000,0.156110,1774929599999,0,0
0.177795,0.113308,2026-03-31 04:00:00+00:00,67757.010000,67928.570000,67522.820000,67535.070000,0.546870,1774933199999,0,0
0.179591,0.118085,2026-03-31 05:00:00+00:00,67514.650000,67745.770000,67409.070000,67676.080000,0.301280,1774936799999,0,0
0.179723,0.121493,2026-03-31 06:00:00+00:00,67679.430000,67679.430000,67344.940000,67517.560000,0.055090,1774940399999,0,0
0.173709,0.119394,2026-03-31 07:00:00+00:00,67499.360000,67527.710000,67101.170000,67346.380000,0.187730,1774943999999,0,0
0.171929,0.120289,2026-03-31 08:00:00+00:00,67437.480000,67437.480000,66676.970000,66894.690000,0.049320,1774947599999,0,0
0.182111,0.127069,2026-03-31 09:00:00+00:00,66700.100000,66761.360000,66000.000000,66116.090000,0.323020,1774951199999,1,0
0.174797,0.124346,2026-03-31 10:00:00+00:00,66183.380000,66430.270000,66183.380000,66350.200000,0.307450,1774954799999,1,0
0.169431,0.122475,2026-03-31 11:00:00+00:00,66368.470000,66847.180000,66256.030000,66626.420000,1.535240,1774958399999,1,0
0.161423,0.116757,2026-03-31 12:00:00+00:00,66741.920000,66901.360000,66559.260000,66719.140000,0.078090,1774961999999,1,0
0.162404,0.114477,2026-03-31 13:00:00+00:00,66697.880000,67395.190000,66697.880000,67224.430000,1.432170,1774965599999,0,0
0.155104,0.111063,2026-03-31 14:00:00+00:00,67293.670000,67780.710000,66454.390000,66621.330000,0.350110,1774969199999,1,0
0.154766,0.112125,2026-03-31 15:00:00+00:00,66671.250000,67287.560000,66632.970000,66724.760000,0.293350,1774972799999,1,0
0.172817,0.121816,2026-03-31 16:00:00+00:00,66788.640000,68000.000000,66788.640000,67574.130000,0.618320,1774976399999,0,0
0.171674,0.119649,2026-03-31 17:00:00+00:00,67685.950000,68578.300000,67473.010000,67473.010000,0.920370,1774979999999,0,0
0.162301,0.110096,2026-03-31 18:00:00+00:00,67574.600000,67961.010000,67574.600000,67778.280000,0.435450,1774983599999,0,0
0.171881,0.112143,2026-03-31 19:00:00+00:00,67859.950000,68022.670000,67761.980000,67909.590000,0.257240,1774987199999,0,0
0.183196,0.116244,2026-03-31 20:00:00+00:00,67910.390000,68256.960000,67899.000000,68256.960000,0.222040,1774990799999,0,0
0.182592,0.118186,2026-03-31 21:00:00+00:00,68258.880000,68395.700000,67933.730000,68276.430000,1.155390,1774994399999,0,0
0.169765,0.111178,2026-03-31 22:00:00+00:00,68309.390000,68309.390000,68022.560000,68221.860000,0.345800,1774997999999,0,0
0.170562,0.113283,2026-03-31 23:00:00+00:00,68141.910000,68372.730000,68112.900000,68297.520000,0.549180,1775001599999,0,0
0.167982,0.114289,2026-04-01 00:00:00+00:00,68245.470000,68339.280000,67871.270000,68322.700000,0.147210,1775005199999,0,0
0.170891,0.119682,2026-04-01 01:00:00+00:00,68366.650000,68371.620000,67766.420000,67819.440000,0.266440,1775008799999,0,0
0.159412,0.116785,2026-04-01 02:00:00+00:00,67834.750000,67925.450000,67599.080000,67614.780000,0.206920,1775012399999,0,0
0.145076,0.112024,2026-04-01 03:00:00+00:00,67729.200000,68232.760000,67729.200000,68126.610000,0.320080,1775015999999,0,0
0.144674,0.112789,2026-04-01 04:00:00+00:00,68198.920000,68470.350000,68054.510000,68274.350000,0.083620,1775019599999,0,0
0.128570,0.102412,2026-04-01 05:00:00+00:00,68254.220000,68737.840000,68172.510000,68447.630000,0.826640,1775023199999,0,0
0.140614,0.106502,2026-04-01 06:00:00+00:00,68462.470000,69218.990000,68462.470000,69188.820000,0.874170,1775026799999,0,1
0.131702,0.102557,2026-04-01 07:00:00+00:00,69138.360000,69279.480000,68680.340000,68688.950000,0.531480,1775030399999,0,0
0.129497,0.101989,2026-04-01 08:00:00+00:00,68731.850000,68808.570000,68470.650000,68725.520000,0.135510,1775033999999,0,0
0.130550,0.102643,2026-04-01 09:00:00+00:00,68689.230000,68731.890000,68433.000000,68527.340000,1.438030,1775037599999,0,0
0.136147,0.104817,2026-04-01 10:00:00+00:00,68640.000000,68640.000000,68486.160000,68486.160000,0.145320,1775041199999,0,0
0.141822,0.106951,2026-04-01 11:00:00+00:00,68611.190000,68690.630000,68530.840000,68690.630000,0.131900,1775044799999,0,0
0.144051,0.106405,2026-04-01 12:00:00+00:00,68680.360000,68784.560000,68263.770000,68361.830000,1.525410,1775048399999,0,0
0.144118,0.105154,2026-04-01 13:00:00+00:00,68397.160000,68615.600000,67954.550000,68116.840000,1.669170,1775051999999,0,0
0.142620,0.101462,2026-04-01 14:00:00+00:00,68110.530000,68680.340000,68110.530000,68621.820000,1.290740,1775055599999,0,0
0.152766,0.102410,2026-04-01 15:00:00+00:00,68657.440000,68939.440000,68499.940000,68933.730000,0.175690,1775059199999,0,1
0.139104,0.092634,2026-04-01 16:00:00+00:00,68890.180000,68999.870000,68631.280000,68847.380000,0.253760,1775062799999,0,1
0.143895,0.093560,2026-04-01 17:00:00+00:00,68826.270000,69147.690000,68250.260000,68250.260000,0.280410,1775066399999,0,1
0.148197,0.096140,2026-04-01 18:00:00+00:00,68210.720000,68307.990000,67954.550000,68048.190000,0.387720,1775069999999,0,0
0.144609,0.095472,2026-04-01 19:00:00+00:00,68062.980000,68316.360000,68042.620000,68188.420000,0.070520,1775073599999,0,0
0.145654,0.096134,2026-04-01 20:00:00+00:00,68165.120000,68249.090000,68043.190000,68212.720000,0.214420,1775077199999,0,0
0.145271,0.094918,2026-04-01 21:00:00+00:00,68196.820000,68502.000000,68188.290000,68409.730000,0.256730,1775080799999,0,1
0.143410,0.093844,2026-04-01 22:00:00+00:00,68344.140000,68344.140000,68071.400000,68130.410000,0.295070,1775084399999,0,0
0.143589,0.093339,2026-04-01 23:00:00+00:00,68142.330000,68253.190000,68014.670000,68106.860000,0.115600,1775087999999,0,0
0.151813,0.096627,2026-04-02 00:00:00+00:00,68114.370000,68643.480000,68065.690000,68605.640000,0.095680,1775091599999,0,1
0.164646,0.102235,2026-04-02 01:00:00+00:00,68502.240000,68502.240000,67095.730000,67360.610000,3.930130,1775095199999,0,0
0.182204,0.108758,2026-04-02 02:00:00+00:00,67362.940000,67477.230000,66656.900000,66868.070000,3.206580,1775098799999,0,0
0.172167,0.106233,2026-04-02 03:00:00+00:00,66859.460000,67110.810000,66525.250000,66590.020000,9.268350,1775102399999,0,0
0.170608,0.106188,2026-04-02 04:00:00+00:00,66563.750000,66830.160000,66258.810000,66501.350000,10.147900,1775105999999,0,0
0.169027,0.105081,2026-04-02 05:00:00+00:00,66364.600000,66816.980000,66324.620000,66634.100000,5.095610,1775109599999,0,0
0.166902,0.105324,2026-04-02 06:00:00+00:00,66641.100000,66985.720000,66567.330000,66693.410000,6.579040,1775113199999,0,0
0.168347,0.104689,2026-04-02 07:00:00+00:00,66681.000000,67122.590000,66571.990000,66962.400000,9.611120,1775116799999,0,0
0.168170,0.104905,2026-04-02 08:00:00+00:00,66960.000000,67036.550000,66317.250000,66466.930000,0.967830,1775120399999,0,0
0.168683,0.105448,2026-04-02 09:00:00+00:00,66469.400000,66475.000000,66354.020000,66458.290000,0.150590,1775123999999,0,0
0.160574,0.102977,2026-04-02 10:00:00+00:00,66457.330000,66528.500000,66250.000000,66477.160000,0.093520,1775127599999,0,0
0.163814,0.105984,2026-04-02 11:00:00+00:00,66486.480000,66506.800000,66191.400000,66217.500000,0.182270,1775131199999,0,0
0.154997,0.104117,2026-04-02 12:00:00+00:00,66201.430000,66263.980000,66000.000000,66059.100000,0.857790,1775134799999,0,0
0.150737,0.102585,2026-04-02 13:00:00+00:00,66079.600000,66294.170000,65722.830000,66294.170000,1.705390,1775138399999,0,0
0.167190,0.108852,2026-04-02 14:00:00+00:00,66269.880000,67025.330000,66199.460000,66927.820000,2.235470,1775141999999,0,0
0.158126,0.102888,2026-04-02 15:00:00+00:00,66826.690000,66987.160000,66651.000000,66789.120000,0.037510,1775145599999,0,0
0.151039,0.096103,2026-04-02 16:00:00+00:00,66835.860000,67240.040000,66835.860000,67183.300000,0.279120,1775149199999,0,0
0.151869,0.098570,2026-04-02 17:00:00+00:00,67079.980000,67395.190000,66681.040000,66681.040000,0.462910,1775152799999,0,0
0.154878,0.101234,2026-04-02 18:00:00+00:00,66697.790000,67073.650000,66639.410000,66988.700000,0.034280,1775156399999,0,0
0.157910,0.106420,2026-04-02 19:00:00+00:00,67009.610000,67100.000000,66892.000000,66997.360000,1.493340,1775159999999,0,0
0.148253,0.101387,2026-04-02 20:00:00+00:00,66830.960000,67100.000000,66830.960000,67009.510000,0.006980,1775163599999,0,0
0.147546,0.102878,2026-04-02 21:00:00+00:00,67025.550000,67025.560000,66766.780000,66907.030000,0.031440,1775167199999,0,0
0.144848,0.102301,2026-04-02 22:00:00+00:00,66951.090000,67025.420000,66852.620000,67025.420000,0.025580,1775170799999,0,0
0.140777,0.103027,2026-04-02 23:00:00+00:00,66987.870000,67099.990000,66851.040000,66887.480000,0.090220,1775174399999,0,0
0.132414,0.099528,2026-04-03 00:00:00+00:00,66960.280000,67000.110000,66723.670000,66783.110000,3.784210,1775177999999,0,0
0.125100,0.096992,2026-04-03 01:00:00+00:00,66783.110000,67078.600000,66526.600000,66677.250000,5.561920,1775181599999,0,0
0.126832,0.098405,2026-04-03 02:00:00+00:00,66649.750000,66908.170000,66302.080000,66493.370000,2.549500,1775185199999,0,0
0.126257,0.097926,2026-04-03 03:00:00+00:00,66553.110000,66901.350000,66505.680000,66639.500000,3.141720,1775188799999,0,0
0.125864,0.097692,2026-04-03 04:00:00+00:00,66602.420000,66858.080000,66524.630000,66614.290000,5.695150,1775192399999,0,0
0.122325,0.094989,2026-04-03 05:00:00+00:00,66627.980000,66967.670000,66444.140000,66605.570000,5.053410,1775195999999,0,0
0.125558,0.096182,2026-04-03 06:00:00+00:00,66622.220000,66977.090000,66580.960000,66813.680000,4.700160,1775199599999,0,0
0.128269,0.096795,2026-04-03 07:00:00+00:00,66804.590000,67335.670000,66776.430000,67024.430000,3.503010,1775203199999,0,0
0.125049,0.094093,2026-04-03 08:00:00+00:00,67043.460000,67262.750000,66739.770000,66971.480000,15.717210,1775206799999,0,0
0.124110,0.093054,2026-04-03 09:00:00+00:00,66945.770000,66996.090000,66617.210000,66856.070000,16.118550,1775210399999,0,0
0.125479,0.094082,2026-04-03 10:00:00+00:00,66791.120000,66893.310000,66667.600000,66863.960000,0.102090,1775213999999,0,0
0.131675,0.097080,2026-04-03 11:00:00+00:00,66908.840000,67038.030000,66836.300000,67017.420000,0.548710,1775217599999,0,0
0.135224,0.097467,2026-04-03 12:00:00+00:00,67029.030000,67336.720000,66724.760000,66783.090000,0.291230,1775221199999,0,0
0.137827,0.097226,2026-04-03 13:00:00+00:00,66689.660000,66735.000000,66540.660000,66670.380000,1.857000,1775224799999,0,0
0.134495,0.095765,2026-04-03 14:00:00+00:00,66676.450000,66980.000000,66663.030000,66855.050000,0.316960,1775228399999,0,0
0.134898,0.095860,2026-04-03 15:00:00+00:00,66920.800000,67033.340000,66827.440000,66863.200000,0.093680,1775231999999,0,0
0.132240,0.093766,2026-04-03 16:00:00+00:00,66840.390000,67071.670000,66840.390000,67017.380000,0.282130,1775235599999,0,0
0.129289,0.091776,2026-04-03 17:00:00+00:00,67013.000000,67075.000000,66797.570000,66844.980000,0.157490,1775239199999,0,0
0.128543,0.091314,2026-04-03 18:00:00+00:00,66861.130000,66943.220000,66793.140000,66836.630000,0.061050,1775242799999,0,0
0.127709,0.091816,2026-04-03 19:00:00+00:00,66832.180000,66905.770000,66779.970000,66888.180000,0.137370,1775246399999,0,0
0.127543,0.091961,2026-04-03 20:00:00+00:00,66888.100000,66925.090000,66841.960000,66864.810000,0.129760,1775249999999,0,0
0.128976,0.092508,2026-04-03 21:00:00+00:00,66859.160000,66974.930000,66842.020000,66974.310000,0.935740,1775253599999,0,0
0.127895,0.092133,2026-04-03 22:00:00+00:00,66937.410000,66951.800000,66844.620000,66877.010000,0.055520,1775257199999,0,0
0.127345,0.091741,2026-04-03 23:00:00+00:00,66903.730000,66959.120000,66825.260000,66939.090000,0.065780,1775260799999,0,0
0.126934,0.091828,2026-04-04 00:00:00+00:00,66951.360000,66977.540000,66877.490000,66894.570000,0.054200,1775264399999,0,0
0.125372,0.090790,2026-04-04 01:00:00+00:00,66904.510000,66914.380000,66668.320000,66862.100000,9.256380,1775267999999,0,0
0.126751,0.090800,2026-04-04 02:00:00+00:00,66845.460000,66932.410000,66638.020000,66825.910000,19.618300,1775271599999,0,0
0.127025,0.090424,2026-04-04 03:00:00+00:00,66847.560000,66891.690000,66666.940000,66827.260000,18.944910,1775275199999,0,0
0.128047,0.090393,2026-04-04 04:00:00+00:00,66839.780000,66872.670000,66625.780000,66864.670000,14.546640,1775278799999,0,0
0.129614,0.090250,2026-04-04 05:00:00+00:00,66862.710000,66935.670000,66799.600000,66911.270000,0.211600,1775282399999,0,0
0.131476,0.090303,2026-04-04 06:00:00+00:00,66931.720000,67046.550000,66908.620000,67022.250000,0.050560,1775285999999,0,0
0.130753,0.089588,2026-04-04 07:00:00+00:00,67039.360000,67047.880000,66951.130000,67028.560000,0.090840,1775289599999,0,0
0.128337,0.088202,2026-04-04 08:00:00+00:00,66996.900000,67048.790000,66996.900000,67012.670000,0.046560,1775293199999,0,0
0.129695,0.089187,2026-04-04 09:00:00+00:00,66981.150000,67004.660000,66958.920000,66972.050000,0.087740,1775296799999,0,0
0.134505,0.091447,2026-04-04 10:00:00+00:00,66972.050000,67167.460000,66946.540000,67167.460000,0.113960,1775300399999,0,0
0.135105,0.092126,2026-04-04 11:00:00+00:00,67167.460000,67201.900000,67103.670000,67127.780000,0.209990,1775303999999,0,0
0.132062,0.090001,2026-04-04 12:00:00+00:00,67179.380000,67179.380000,67048.680000,67100.720000,0.007610,1775307599999,0,0
0.134384,0.090693,2026-04-04 13:00:00+00:00,67105.750000,67274.840000,67083.810000,67213.860000,0.028720,1775311199999,0,0
0.133546,0.090615,2026-04-04 14:00:00+00:00,67222.480000,67226.960000,67072.460000,67125.560000,0.075160,1775314799999,0,0
0.135066,0.091421,2026-04-04 15:00:00+00:00,67217.500000,67522.820000,67190.260000,67311.140000,0.183450,1775318399999,0,0
0.135780,0.091968,2026-04-04 16:00:00+00:00,67404.750000,67533.540000,67326.560000,67379.280000,0.041670,1775321999999,0,0
0.130646,0.089049,2026-04-04 17:00:00+00:00,67330.000000,67423.510000,67289.510000,67334.590000,0.428320,1775325599999,0,0
0.130596,0.089362,2026-04-04 18:00:00+00:00,67345.470000,67368.030000,67277.840000,67308.500000,0.178370,1775329199999,0,0
0.129771,0.089273,2026-04-04 19:00:00+00:00,67358.570000,67540.000000,67314.600000,67323.840000,0.143110,1775332799999,0,0
0.130174,0.090359,2026-04-04 20:00:00+00:00,67294.020000,67300.090000,67217.390000,67273.860000,0.023540,1775336399999,0,0
0.129188,0.090124,2026-04-04 21:00:00+00:00,67294.800000,67448.360000,67237.510000,67360.970000,0.156220,1775339999999,0,0
0.129688,0.090270,2026-04-04 22:00:00+00:00,67355.440000,67445.680000,67355.440000,67384.030000,0.072670,1775343599999,0,0
0.127544,0.089027,2026-04-04 23:00:00+00:00,67398.510000,67398.510000,67249.090000,67303.950000,0.207670,1775347199999,0,0
0.127274,0.088885,2026-04-05 00:00:00+00:00,67306.280000,67306.280000,67185.940000,67238.050000,0.235110,1775350799999,0,0
0.129044,0.089545,2026-04-05 01:00:00+00:00,67237.950000,67238.310000,67069.900000,67103.470000,0.213820,1775354399999,0,0
0.128648,0.088983,2026-04-05 02:00:00+00:00,67086.580000,67181.890000,66967.610000,67178.140000,0.081520,1775357999999,0,0
0.129231,0.088760,2026-04-05 03:00:00+00:00,67178.140000,67184.220000,67124.380000,67132.810000,0.034720,1775361599999,0,0
0.129761,0.088212,2026-04-05 04:00:00+00:00,67147.680000,67197.500000,67063.480000,67106.750000,0.349980,1775365199999,0,0
0.133381,0.089545,2026-04-05 05:00:00+00:00,67105.070000,67143.960000,66944.780000,66944.780000,0.031170,1775368799999,1,0
0.135999,0.090545,2026-04-05 06:00:00+00:00,66938.800000,66954.410000,66642.350000,66841.780000,0.487380,1775372399999,1,0
0.136785,0.090866,2026-04-05 07:00:00+00:00,66814.270000,66919.380000,66729.160000,66776.900000,0.137650,1775375999999,1,0
0.138615,0.091240,2026-04-05 08:00:00+00:00,66827.190000,66949.860000,66827.190000,66943.100000,0.195460,1775379599999,1,0
0.141206,0.091636,2026-04-05 09:00:00+00:00,66976.360000,67045.920000,66915.370000,67041.030000,0.034540,1775383199999,1,0
0.136790,0.088453,2026-04-05 10:00:00+00:00,67001.170000,67122.600000,66970.350000,67049.680000,0.015180,1775386799999,1,0
0.134734,0.086917,2026-04-05 11:00:00+00:00,67079.260000,67097.100000,67003.650000,67003.650000,0.000940,1775390399999,1,0
0.139016,0.089398,2026-04-05 12:00:00+00:00,67001.170000,67001.170000,66683.920000,66795.190000,0.290420,1775393999999,1,0
0.140183,0.090356,2026-04-05 13:00:00+00:00,66793.030000,66912.130000,66711.780000,66912.130000,0.019140,1775397599999,1,0
0.140761,0.090783,2026-04-05 14:00:00+00:00,66898.080000,66968.540000,66850.390000,66936.880000,0.123580,1775401199999,1,0
0.147209,0.092398,2026-04-05 15:00:00+00:00,66926.330000,67820.380000,66869.910000,67266.780000,1.636640,1775404799999,1,0
0.146047,0.091119,2026-04-05 16:00:00+00:00,67329.060000,67385.920000,67207.020000,67207.020000,0.109420,1775408399999,1,0
0.143794,0.088322,2026-04-05 17:00:00+00:00,67220.620000,67406.880000,67191.350000,67406.880000,0.010330,1775411999999,1,0
0.145553,0.089665,2026-04-05 18:00:00+00:00,67329.570000,67456.850000,67294.920000,67400.880000,0.095640,1775415599999,1,0
0.141352,0.088261,2026-04-05 19:00:00+00:00,67393.070000,67545.220000,67321.520000,67321.520000,0.218230,1775419199999,1,0
0.149441,0.092851,2026-04-05 20:00:00+00:00,67363.830000,67666.910000,67360.300000,67634.960000,0.368980,1775422799999,1,0
0.150313,0.093809,2026-04-05 21:00:00+00:00,67633.820000,67684.120000,67458.600000,67619.140000,0.353680,1775426399999,1,0
0.166041,0.099361,2026-04-05 22:00:00+00:00,67578.580000,68365.330000,67363.980000,68358.300000,0.982270,1775429999999,0,0
0.185469,0.106504,2026-04-05 23:00:00+00:00,68392.390000,69123.420000,68307.650000,69007.230000,0.799510,1775433599999,0,0
0.168743,0.097624,2026-04-06 00:00:00+00:00,69047.200000,69566.450000,69047.200000,69098.110000,2.983310,1775437199999,0,0
0.153044,0.092365,2026-04-06 01:00:00+00:00,69125.530000,69126.920000,68785.580000,68839.060000,5.549550,1775440799999,0,0
0.157134,0.097611,2026-04-06 02:00:00+00:00,68839.830000,69573.270000,68839.830000,69242.900000,3.784280,1775444399999,0,0
0.160544,0.106029,2026-04-06 03:00:00+00:00,69223.170000,69448.150000,69078.850000,69100.400000,6.664250,1775447999999,0,0
0.151299,0.105081,2026-04-06 04:00:00+00:00,69182.200000,69390.140000,68994.840000,69142.840000,10.714550,1775451599999,0,0
0.146548,0.104719,2026-04-06 05:00:00+00:00,69212.210000,69428.450000,69097.160000,69208.530000,9.284150,1775455199999,0,0
0.140467,0.103050,2026-04-06 06:00:00+00:00,69224.680000,69448.980000,68834.000000,68981.630000,6.808240,1775458799999,0,0
0.132742,0.100803,2026-04-06 07:00:00+00:00,69013.800000,69358.770000,68842.200000,69129.370000,10.299340,1775462399999,0,0
0.125910,0.098221,2026-04-06 08:00:00+00:00,69170.600000,69432.650000,69088.550000,69264.770000,1.750740,1775465999999,0,0
0.120689,0.094929,2026-04-06 09:00:00+00:00,69237.330000,70358.650000,69234.100000,69748.010000,7.448580,1775469599999,0,0
0.118109,0.092339,2026-04-06 10:00:00+00:00,69805.100000,70113.610000,69711.170000,69956.630000,6.122010,1775473199999,0,0
0.109548,0.086427,2026-04-06 11:00:00+00:00,69768.070000,69930.690000,69543.000000,69624.230000,9.449550,1775476799999,0,0
0.114820,0.089951,2026-04-06 12:00:00+00:00,69629.640000,69793.420000,69339.870000,69377.380000,6.032980,1775480399999,0,0
0.113185,0.089807,2026-04-06 13:00:00+00:00,69417.700000,69719.520000,69257.320000,69385.690000,6.646740,1775483999999,0,0
0.120684,0.093666,2026-04-06 14:00:00+00:00,69422.600000,69905.440000,69211.050000,69671.500000,6.253990,1775487599999,0,0
0.127993,0.095641,2026-04-06 15:00:00+00:00,69640.110000,70150.100000,69593.690000,69990.900000,4.414500,1775491199999,0,1
0.121677,0.089271,2026-04-06 16:00:00+00:00,69995.820000,70358.470000,69820.000000,69820.000000,5.531370,1775494799999,0,0
0.122557,0.087967,2026-04-06 17:00:00+00:00,69825.030000,69982.230000,69303.910000,69554.080000,6.250450,1775498399999,0,0
0.124557,0.087746,2026-04-06 18:00:00+00:00,69605.210000,70072.650000,69518.150000,69900.950000,0.970210,1775501999999,0,1
0.127680,0.088240,2026-04-06 19:00:00+00:00,69909.890000,70026.940000,69604.640000,69753.410000,3.814310,1775505599999,0,0
0.125071,0.084143,2026-04-06 20:00:00+00:00,69707.500000,70127.090000,69614.220000,69827.790000,3.161800,1775509199999,0,0
0.132650,0.085040,2026-04-06 21:00:00+00:00,69835.720000,69988.620000,69459.450000,69511.680000,5.079360,1775512799999,0,0
0.149428,0.091175,2026-04-06 22:00:00+00:00,69515.390000,69734.000000,68818.210000,68837.900000,5.142610,1775516399999,0,0
0.151128,0.092487,2026-04-06 23:00:00+00:00,68816.590000,68897.050000,68332.710000,68878.640000,0.852720,1775519999999,0,0
0.142221,0.088801,2026-04-07 00:00:00+00:00,68828.550000,69115.660000,68742.030000,68814.110000,0.291180,1775523599999,0,0
0.152075,0.092771,2026-04-07 01:00:00+00:00,68692.640000,69050.490000,68378.870000,68418.470000,3.625950,1775527199999,0,0
0.151822,0.092431,2026-04-07 02:00:00+00:00,68437.550000,68885.080000,68303.500000,68708.200000,2.910490,1775530799999,0,0
0.153589,0.093484,2026-04-07 03:00:00+00:00,68698.200000,69000.770000,68643.000000,68829.300000,5.856950,1775534399999,0,0
0.148097,0.089278,2026-04-07 04:00:00+00:00,68829.300000,68916.670000,68583.330000,68889.590000,0.263600,1775537999999,0,0
0.147377,0.088420,2026-04-07 05:00:00+00:00,68841.700000,68848.650000,68629.980000,68696.790000,0.035610,1775541599999,0,0
0.149216,0.088996,2026-04-07 06:00:00+00:00,68633.510000,68683.400000,68470.650000,68586.320000,0.313830,1775545199999,0,0
0.148809,0.089857,2026-04-07 07:00:00+00:00,68585.600000,68695.050000,68516.510000,68658.300000,0.068770,1775548799999,0,0
0.153703,0.092152,2026-04-07 08:00:00+00:00,68644.900000,69027.280000,68632.950000,68964.390000,0.126070,1775552399999,0,0
0.152718,0.090998,2026-04-07 09:00:00+00:00,68971.500000,69230.330000,68951.770000,69131.410000,0.136100,1775555999999,0,0
0.157315,0.093749,2026-04-07 10:00:00+00:00,69119.000000,69119.000000,68215.110000,68225.880000,0.489230,1775559599999,0,0
0.159236,0.095221,2026-04-07 11:00:00+00:00,68227.800000,68444.400000,68088.520000,68349.020000,0.209210,1775563199999,0,0
0.150093,0.092625,2026-04-07 12:00:00+00:00,68350.150000,68593.440000,68167.320000,68398.220000,0.316710,1775566799999,0,0
0.147869,0.091647,2026-04-07 13:00:00+00:00,68407.690000,68641.120000,68239.300000,68274.120000,0.618290,1775570399999,0,0
0.155432,0.095903,2026-04-07 14:00:00+00:00,68234.040000,68234.040000,67776.820000,67865.780000,0.493160,1775573999999,1,0
0.153314,0.095785,2026-04-07 15:00:00+00:00,67861.620000,68249.380000,67755.500000,68249.380000,0.647000,1775577599999,1,0
0.153855,0.097353,2026-04-07 16:00:00+00:00,68172.330000,68429.160000,68095.090000,68226.340000,0.754850,1775581199999,1,0
0.155379,0.095797,2026-04-07 17:00:00+00:00,68258.470000,68982.930000,68200.260000,68726.140000,0.192490,1775584799999,1,0
0.150100,0.093512,2026-04-07 18:00:00+00:00,68711.070000,68767.550000,68385.070000,68459.360000,0.134020,1775588399999,1,0
0.150567,0.091480,2026-04-07 19:00:00+00:00,68414.650000,69076.570000,68361.540000,69010.810000,0.110470,1775591999999,1,0
0.163252,0.098451,2026-04-07 20:00:00+00:00,69035.820000,69535.740000,69035.820000,69315.790000,0.351910,1775595599999,1,0
0.172264,0.100480,2026-04-07 21:00:00+00:00,69326.080000,70203.420000,69326.080000,69961.510000,1.322650,1775599199999,1,0
0.225552,0.120503,2026-04-07 22:00:00+00:00,69938.890000,71511.480000,69938.890000,71496.360000,7.925330,1775602799999,0,0
0.229909,0.119800,2026-04-07 23:00:00+00:00,71511.470000,72745.830000,71202.150000,71964.450000,4.166860,1775606399999,0,0
0.186637,0.102797,2026-04-08 00:00:00+00:00,71956.270000,72150.370000,71549.850000,71694.790000,1.619610,1775609999999,0,0
0.188393,0.110316,2026-04-08 01:00:00+00:00,71712.810000,71766.240000,71301.910000,71471.940000,2.271620,1775613599999,0,0
0.184837,0.120720,2026-04-08 02:00:00+00:00,71498.030000,71732.090000,71276.190000,71334.360000,0.598630,1775617199999,0,0
0.179813,0.131362,2026-04-08 03:00:00+00:00,71374.920000,71449.040000,71281.520000,71290.520000,0.301930,1775620799999,0,0
0.170357,0.132353,2026-04-08 04:00:00+00:00,71311.000000,71668.270000,71311.000000,71642.820000,0.100920,1775624399999,0,0
0.156624,0.128420,2026-04-08 05:00:00+00:00,71598.520000,71825.790000,71573.870000,71740.650000,0.510300,1775627999999,0,0
0.126584,0.112505,2026-04-08 06:00:00+00:00,71721.680000,71951.840000,71595.260000,71732.490000,0.045100,1775631599999,0,0
0.109202,0.104838,2026-04-08 07:00:00+00:00,71716.420000,71853.780000,71617.650000,71624.460000,0.211300,1775635199999,0,0
0.092733,0.097986,2026-04-08 08:00:00+00:00,71654.270000,71806.450000,71654.270000,71730.740000,0.162320,1775638799999,0,0
0.078563,0.092940,2026-04-08 09:00:00+00:00,71841.640000,71919.870000,71633.780000,71633.780000,0.121280,1775642399999,0,0
0.079593,0.093600,2026-04-08 10:00:00+00:00,71714.600000,71791.530000,71486.300000,71508.340000,0.093240,1775645999999,0,0
0.080561,0.094128,2026-04-08 11:00:00+00:00,71570.450000,71739.370000,71510.280000,71697.020000,5.931100,1775649599999,0,0
0.089705,0.099013,2026-04-08 12:00:00+00:00,71729.830000,72135.010000,71629.990000,72113.890000,0.191100,1775653199999,0,0
0.089244,0.096750,2026-04-08 13:00:00+00:00,72106.740000,72845.480000,71533.690000,71533.690000,2.745340,1775656799999,0,0
0.100734,0.100395,2026-04-08 14:00:00+00:00,71626.590000,71723.960000,70723.970000,70886.460000,0.815560,1775660399999,0,0
0.100845,0.097499,2026-04-08 15:00:00+00:00,70904.590000,71347.950000,70851.220000,71347.950000,0.317420,1775663999999,0,0
0.111409,0.100664,2026-04-08 16:00:00+00:00,71305.010000,71658.610000,71214.600000,71619.870000,0.299200,1775667599999,0,0
0.112150,0.094814,2026-04-08 17:00:00+00:00,71636.170000,71979.140000,71500.730000,71863.930000,0.743620,1775671199999,0,0
0.119622,0.093138,2026-04-08 18:00:00+00:00,71839.110000,71889.390000,71056.920000,71094.640000,0.226800,1775674799999,0,0
0.126936,0.091653,2026-04-08 19:00:00+00:00,71046.530000,71367.240000,71007.690000,71318.770000,0.144240,1775678399999,0,0
0.132978,0.092268,2026-04-08 20:00:00+00:00,71353.090000,71472.950000,71283.000000,71383.880000,3.005100,1775681999999,0,0
0.138581,0.090747,2026-04-08 21:00:00+00:00,71372.080000,71741.970000,71333.800000,71554.530000,0.575600,1775685599999,0,0
0.138253,0.091410,2026-04-08 22:00:00+00:00,71535.230000,71538.820000,71100.340000,71182.840000,4.671710,1775689199999,0,0
0.137447,0.092353,2026-04-08 23:00:00+00:00,70997.230000,71188.790000,70922.100000,71078.160000,0.185570,1775692799999,0,0
0.135056,0.093905,2026-04-09 00:00:00+00:00,71028.700000,71113.050000,70671.290000,70855.440000,0.155570,1775696399999,1,0
0.134863,0.094577,2026-04-09 01:00:00+00:00,70873.850000,70929.360000,70491.910000,70929.360000,0.264660,1775699999999,1,0
0.134066,0.094533,2026-04-09 02:00:00+00:00,70972.870000,71153.370000,70836.810000,71079.650000,0.257480,1775703599999,0,0
0.131513,0.093000,2026-04-09 03:00:00+00:00,71060.290000,71087.500000,70880.590000,71030.250000,0.439480,1775707199999,0,0
0.132293,0.093967,2026-04-09 04:00:00+00:00,70999.880000,71012.280000,70769.520000,70785.760000,0.222460,1775710799999,1,0
0.129471,0.093445,2026-04-09 05:00:00+00:00,70766.510000,71057.750000,70715.060000,70986.880000,0.029950,1775714399999,0,0
0.129606,0.094689,2026-04-09 06:00:00+00:00,71017.720000,71090.490000,70868.690000,70978.100000,0.030260,1775717999999,0,0
0.125224,0.092389,2026-04-09 07:00:00+00:00,71040.440000,71108.650000,71000.500000,71005.000000,0.207320,1775721599999,0,0
0.130785,0.095106,2026-04-09 08:00:00+00:00,71010.940000,71375.830000,70900.450000,71299.170000,0.107400,1775725199999,0,0
0.134507,0.096182,2026-04-09 09:00:00+00:00,71163.830000,71549.850000,71150.960000,71549.850000,0.176180,1775728799999,0,0
0.129117,0.093838,2026-04-09 10:00:00+00:00,71537.450000,71537.450000,71291.440000,71291.440000,0.164220,1775732399999,0,0
0.129123,0.094920,2026-04-09 11:00:00+00:00,71329.080000,71329.080000,71064.690000,71198.920000,1.111140,1775735999999,0,0
0.126071,0.095222,2026-04-09 12:00:00+00:00,71197.090000,71320.530000,71101.340000,71320.530000,0.178760,1775739599999,0,0
0.131402,0.100603,2026-04-09 13:00:00+00:00,71306.100000,71334.210000,70673.360000,70818.700000,0.342710,1775743199999,1,0
0.132927,0.101108,2026-04-09 14:00:00+00:00,70802.850000,71233.880000,70550.000000,71111.740000,0.090880,1775746799999,0,0
0.158365,0.113388,2026-04-09 15:00:00+00:00,71143.450000,72343.060000,70963.610000,72128.510000,11.121740,1775750399999,0,0
0.148574,0.106866,2026-04-09 16:00:00+00:00,72291.830000,72400.000000,71743.750000,72063.090000,5.762500,1775753999999,0,0
0.128401,0.093987,2026-04-09 17:00:00+00:00,72091.030000,72538.940000,72091.030000,72327.630000,0.840220,1775757599999,0,0
0.127513,0.095581,2026-04-09 18:00:00+00:00,72315.060000,72315.060000,71763.320000,71895.990000,0.609080,1775761199999,0,0
0.128652,0.100280,2026-04-09 19:00:00+00:00,71858.700000,72267.120000,71812.830000,72075.970000,0.305170,1775764799999,0,0
0.136804,0.111069,2026-04-09 20:00:00+00:00,72144.640000,72415.930000,71995.970000,72390.810000,0.201410,1775768399999,0,0
0.130563,0.109082,2026-04-09 21:00:00+00:00,72384.250000,72714.350000,72164.140000,72252.170000,0.688870,1775771999999,0,0
0.127437,0.108875,2026-04-09 22:00:00+00:00,72286.510000,73131.980000,71979.150000,71979.150000,1.148790,1775775599999,0,0
0.123455,0.108163,2026-04-09 23:00:00+00:00,71953.810000,72010.250000,71610.600000,71831.700000,0.335750,1775779199999,0,0
0.119222,0.106917,2026-04-10 00:00:00+00:00,71795.560000,72008.040000,71645.470000,71887.720000,0.353120,1775782799999,0,0
0.115908,0.106119,2026-04-10 01:00:00+00:00,71953.850000,72395.550000,71665.730000,72190.690000,0.516940,1775786399999,0,0
0.103995,0.099238,2026-04-10 02:00:00+00:00,72151.420000,72293.010000,71944.140000,71967.850000,0.103120,1775789999999,0,0
0.103028,0.097990,2026-04-10 03:00:00+00:00,71949.390000,72009.770000,71846.290000,71846.290000,0.146020,1775793599999,0,0
0.104301,0.097984,2026-04-10 04:00:00+00:00,71915.790000,72180.000000,71831.140000,72104.470000,0.326250,1775797199999,0,0
0.106269,0.099289,2026-04-10 05:00:00+00:00,72132.900000,72229.450000,72031.330000,72090.590000,0.037400,1775800799999,0,0
0.106428,0.098573,2026-04-10 06:00:00+00:00,72114.280000,72175.590000,71811.630000,71811.630000,0.051320,1775804399999,0,0
0.113058,0.101894,2026-04-10 07:00:00+00:00,71811.610000,71843.270000,71451.380000,71451.380000,0.042770,1775807999999,0,0
0.112197,0.101488,2026-04-10 08:00:00+00:00,71455.370000,71712.930000,71455.370000,71537.670000,0.203420,1775811599999,0,0
0.113858,0.103154,2026-04-10 09:00:00+00:00,71664.650000,71859.380000,71664.650000,71752.790000,0.034980,1775815199999,0,0
0.115402,0.102395,2026-04-10 10:00:00+00:00,71750.840000,71922.120000,71715.460000,71922.120000,0.127040,1775818799999,0,0
0.115797,0.099456,2026-04-10 11:00:00+00:00,71921.070000,72249.280000,71907.930000,72160.000000,3.344030,1775822399999,0,0
0.115447,0.096562,2026-04-10 12:00:00+00:00,72131.230000,72438.230000,72022.700000,72267.600000,0.246870,1775825999999,0,0
0.117938,0.095061,2026-04-10 13:00:00+00:00,72245.550000,72355.560000,71930.350000,72341.280000,1.520250,1775829599999,0,0
0.135836,0.102660,2026-04-10 14:00:00+00:00,72302.300000,73144.470000,72302.300000,72882.470000,11.905370,1775833199999,0,0
0.133123,0.103348,2026-04-10 15:00:00+00:00,72890.400000,73299.920000,72375.650000,72375.650000,0.700320,1775836799999,0,0
0.138219,0.105983,2026-04-10 16:00:00+00:00,72448.220000,73040.160000,72448.220000,72978.010000,0.264580,1775840399999,0,0
0.145698,0.112918,2026-04-10 17:00:00+00:00,72942.110000,73136.340000,72820.110000,73099.880000,0.437760,1775843999999,0,0
0.132619,0.105161,2026-04-10 18:00:00+00:00,73109.520000,73153.490000,72930.070000,73101.240000,0.450890,1775847599999,0,0
0.127263,0.104777,2026-04-10 19:00:00+00:00,73134.590000,73236.910000,72900.000000,73134.560000,2.983530,1775851199999,0,0
0.125212,0.105713,2026-04-10 20:00:00+00:00,73225.230000,73444.640000,73079.740000,73352.150000,0.570050,1775854799999,0,0
0.120431,0.108004,2026-04-10 21:00:00+00:00,73348.790000,73348.790000,72900.000000,73177.370000,1.885790,1775858399999,0,0
0.116691,0.107879,2026-04-10 22:00:00+00:00,73187.230000,73229.130000,72748.190000,72902.460000,0.251130,1775861999999,0,0
0.111293,0.105995,2026-04-10 23:00:00+00:00,72871.220000,72972.720000,72796.020000,72959.510000,1.478400,1775865599999,0,0
0.105655,0.103715,2026-04-11 00:00:00+00:00,72914.220000,72921.810000,72795.030000,72842.090000,1.355710,1775869199999,0,0
0.101232,0.101898,2026-04-11 01:00:00+00:00,72835.640000,73017.200000,72684.590000,72940.880000,0.386350,1775872799999,0,0
0.100269,0.101792,2026-04-11 02:00:00+00:00,72980.170000,73099.700000,72922.300000,72942.910000,0.156800,1775876399999,0,0
0.094636,0.097996,2026-04-11 03:00:00+00:00,72993.220000,73083.600000,72853.310000,72853.310000,0.214450,1775879999999,0,0
0.094918,0.098381,2026-04-11 04:00:00+00:00,72845.700000,72960.810000,72709.160000,72825.380000,0.163280,1775883599999,0,0
0.094459,0.098077,2026-04-11 05:00:00+00:00,72823.110000,72841.780000,72771.750000,72813.470000,0.120570,1775887199999,0,0
0.097066,0.099174,2026-04-11 06:00:00+00:00,72735.750000,72752.640000,72632.630000,72718.580000,0.219410,1775890799999,0,0
0.099971,0.098918,2026-04-11 07:00:00+00:00,72779.530000,72807.070000,72676.110000,72708.280000,0.130320,1775894399999,0,0
0.101270,0.097788,2026-04-11 08:00:00+00:00,72735.270000,72796.990000,72661.360000,72661.360000,0.015670,1775897999999,0,0
0.106476,0.098904,2026-04-11 09:00:00+00:00,72657.570000,72910.290000,72647.150000,72910.290000,0.385230,1775901599999,0,0
0.108091,0.097989,2026-04-11 10:00:00+00:00,72918.830000,72918.830000,72777.780000,72777.780000,0.011420,1775905199999,0,0
0.107470,0.095285,2026-04-11 11:00:00+00:00,72828.020000,72893.280000,72812.070000,72882.600000,0.035860,1775908799999,0,0
0.109995,0.095731,2026-04-11 12:00:00+00:00,72919.010000,72937.730000,72855.490000,72918.510000,0.012900,1775912399999,0,0
0.112568,0.096552,2026-04-11 13:00:00+00:00,72880.620000,72880.620000,72533.900000,72683.560000,0.370160,1775915999999,0,0
0.113447,0.097776,2026-04-11 14:00:00+00:00,72628.750000,72736.340000,72628.750000,72736.340000,0.040960,1775919599999,0,0
0.114660,0.097576,2026-04-11 15:00:00+00:00,72720.550000,72845.240000,72672.670000,72822.430000,0.144220,1775923199999,0,0
0.120616,0.100362,2026-04-11 16:00:00+00:00,72847.560000,73199.880000,72838.240000,73102.410000,0.206070,1775926799999,0,0
0.119098,0.098922,2026-04-11 17:00:00+00:00,73027.030000,73177.100000,72960.250000,73088.880000,0.094910,1775930399999,0,0
0.124035,0.099840,2026-04-11 18:00:00+00:00,73073.930000,73700.000000,73051.510000,73530.530000,1.383760,1775933999999,0,1
0.128066,0.102441,2026-04-11 19:00:00+00:00,73606.340000,73799.950000,73506.540000,73682.090000,0.585700,1775937599999,0,1
0.119925,0.099190,2026-04-11 20:00:00+00:00,73686.490000,73693.120000,73240.510000,73296.430000,0.041330,1775941199999,0,1
0.121285,0.102284,2026-04-11 21:00:00+00:00,73312.830000,73529.330000,73286.470000,73464.830000,0.191160,1775944799999,0,1
0.118648,0.103147,2026-04-11 22:00:00+00:00,73399.710000,73575.860000,73285.600000,73376.400000,0.261380,1775948399999,0,1
0.121156,0.106738,2026-04-11 23:00:00+00:00,73340.620000,73350.880000,72942.280000,73052.080000,1.800430,1775951999999,0,1
0.119379,0.106358,2026-04-12 00:00:00+00:00,73026.130000,73115.760000,72800.020000,73087.300000,0.168150,1775955599999,0,1
0.139394,0.120690,2026-04-12 01:00:00+00:00,73096.620000,73143.070000,71317.230000,71688.660000,1.300720,1775959199999,0,0
0.142456,0.123233,2026-04-12 02:00:00+00:00,71630.270000,71921.400000,71397.790000,71803.770000,0.643720,1775962799999,0,0
0.125617,0.114287,2026-04-12 03:00:00+00:00,71854.400000,71854.410000,71600.000000,71651.750000,1.283250,1775966399999,0,0
0.129126,0.115731,2026-04-12 04:00:00+00:00,71602.520000,71675.600000,71443.280000,71469.220000,1.332770,1775969999999,0,0
0.129411,0.114666,2026-04-12 05:00:00+00:00,71469.220000,71745.110000,71458.100000,71723.300000,0.216770,1775973599999,0,0
0.129262,0.115270,2026-04-12 06:00:00+00:00,71714.630000,71761.600000,71654.670000,71672.340000,0.131700,1775977199999,0,0
0.125407,0.110998,2026-04-12 07:00:00+00:00,71646.090000,71713.280000,71579.430000,71685.050000,0.043840,1775980799999,0,0
0.126534,0.110799,2026-04-12 08:00:00+00:00,71714.200000,71721.530000,71545.890000,71620.130000,0.130350,1775984399999,0,0
0.126752,0.110950,2026-04-12 09:00:00+00:00,71620.130000,71634.230000,71501.200000,71553.490000,0.062100,1775987999999,0,0
0.126522,0.111627,2026-04-12 10:00:00+00:00,71522.530000,71661.930000,71470.000000,71470.000000,0.037270,1775991599999,0,0
0.123842,0.110159,2026-04-12 11:00:00+00:00,71432.800000,71550.670000,71430.980000,71480.690000,0.036450,1775995199999,0,0
0.120202,0.109480,2026-04-12 12:00:00+00:00,71455.470000,71461.440000,71101.520000,71126.890000,0.414650,1775998799999,0,0
0.125818,0.111977,2026-04-12 13:00:00+00:00,71058.650000,71143.230000,70893.020000,70928.140000,0.409150,1776002399999,0,0
0.127365,0.112627,2026-04-12 14:00:00+00:00,70882.240000,71055.460000,70714.290000,70740.370000,0.194020,1776005999999,0,0
0.127238,0.111843,2026-04-12 15:00:00+00:00,70770.780000,70912.660000,70615.560000,70902.710000,0.096070,1776009599999,0,0
0.128063,0.111976,2026-04-12 16:00:00+00:00,70872.690000,70950.000000,70830.710000,70939.920000,0.289000,1776013199999,0,0
0.126662,0.109945,2026-04-12 17:00:00+00:00,70932.390000,71191.420000,70932.390000,71116.830000,0.577800,1776016799999,0,0
0.124059,0.107715,2026-04-12 18:00:00+00:00,71114.630000,71200.000000,71063.040000,71125.830000,0.143320,1776020399999,0,0
0.118301,0.103720,2026-04-12 19:00:00+00:00,71142.230000,71217.920000,71079.230000,71113.740000,0.101730,1776023999999,0,0
0.123362,0.107216,2026-04-12 20:00:00+00:00,71064.160000,71428.550000,70958.380000,71368.350000,0.374490,1776027599999,0,0
0.122395,0.107134,2026-04-12 21:00:00+00:00,71354.070000,71436.900000,71195.620000,71332.650000,0.023810,1776031199999,0,0
0.124380,0.109895,2026-04-12 22:00:00+00:00,71360.350000,71360.350000,70537.990000,70845.760000,0.444940,1776034799999,1,0
0.124738,0.111588,2026-04-12 23:00:00+00:00,70903.630000,70903.630000,70590.750000,70726.650000,0.071490,1776038399999,1,0
0.125499,0.112440,2026-04-13 00:00:00+00:00,70693.470000,71235.410000,70625.210000,71157.950000,1.613550,1776041999999,0,0
0.127320,0.113186,2026-04-13 01:00:00+00:00,71164.460000,71219.590000,70985.510000,71200.550000,0.169750,1776045599999,0,0
0.115809,0.104531,2026-04-13 02:00:00+00:00,71232.570000,71268.370000,71012.110000,71044.830000,0.037020,1776049199999,0,0
0.114333,0.103487,2026-04-13 03:00:00+00:00,71057.860000,71164.230000,70912.340000,70991.060000,0.087860,1776052799999,0,0
0.113041,0.103255,2026-04-13 04:00:00+00:00,71000.790000,71141.260000,70867.290000,70953.800000,0.095300,1776056399999,1,0
0.115095,0.106055,2026-04-13 05:00:00+00:00,70891.560000,70920.660000,70698.910000,70862.420000,0.061750,1776059999999,1,0
0.116577,0.106855,2026-04-13 06:00:00+00:00,70928.700000,71119.960000,70928.700000,71061.810000,0.148450,1776063599999,0,0
0.116247,0.107035,2026-04-13 07:00:00+00:00,71045.760000,71045.760000,70698.910000,70830.610000,0.018140,1776067199999,1,0
0.115715,0.106623,2026-04-13 08:00:00+00:00,70846.090000,70846.090000,70534.210000,70763.460000,0.603550,1776070799999,1,0
0.112254,0.104962,2026-04-13 09:00:00+00:00,70746.960000,70861.390000,70699.360000,70812.560000,0.043650,1776074399999,1,0
0.112259,0.105233,2026-04-13 10:00:00+00:00,70723.300000,70841.490000,70709.540000,70709.540000,0.019020,1776077999999,1,0
0.113267,0.105546,2026-04-13 11:00:00+00:00,70765.560000,70982.320000,70765.560000,70930.030000,0.037370,1776081599999,1,0
0.117847,0.107208,2026-04-13 12:00:00+00:00,70915.690000,71181.570000,70761.740000,71181.570000,0.707880,1776085199999,1,0
0.126782,0.109065,2026-04-13 13:00:00+00:00,71089.630000,71753.500000,70832.500000,71675.580000,1.589650,1776088799999,1,0
0.144646,0.114992,2026-04-13 14:00:00+00:00,71687.590000,72392.010000,71479.800000,72392.010000,11.395030,1776092399999,0,0
0.133771,0.107565,2026-04-13 15:00:00+00:00,72392.010000,72468.190000,71651.280000,71859.490000,0.642800,1776095999999,1,0
0.133666,0.107318,2026-04-13 16:00:00+00:00,71869.360000,72422.990000,71716.140000,72210.220000,1.466440,1776099599999,1,0
0.135429,0.112697,2026-04-13 17:00:00+00:00,72233.470000,72609.190000,72105.390000,72105.390000,2.089180,1776103199999,1,0
0.139242,0.117338,2026-04-13 18:00:00+00:00,72154.930000,72448.260000,72070.770000,72425.180000,2.780890,1776106799999,1,0
0.165339,0.133109,2026-04-13 19:00:00+00:00,72389.450000,73469.090000,72315.130000,73340.070000,11.534920,1776110399999,1,0
0.150372,0.123736,2026-04-13 20:00:00+00:00,73305.420000,73360.050000,73031.330000,73173.990000,0.418560,1776113999999,1,0
0.128262,0.111104,2026-04-13 21:00:00+00:00,73159.060000,73331.660000,73086.100000,73220.370000,2.519410,1776117599999,1,0
0.163292,0.131908,2026-04-13 22:00:00+00:00,73263.230000,74701.840000,73246.010000,74674.230000,5.106570,1776121199999,0,0
0.157256,0.131151,2026-04-13 23:00:00+00:00,74615.630000,74892.000000,74464.730000,74496.700000,2.617300,1776124799999,0,0
0.125258,0.113676,2026-04-14 00:00:00+00:00,74421.250000,74519.790000,74123.440000,74144.670000,5.270770,1776128399999,0,0
0.119128,0.113676,2026-04-14 01:00:00+00:00,74178.700000,74377.650000,74012.650000,74352.640000,0.522960,1776131999999,0,0
0.119721,0.119527,2026-04-14 02:00:00+00:00,74356.300000,74546.400000,74298.900000,74324.390000,0.575060,1776135599999,0,0
0.115761,0.123092,2026-04-14 03:00:00+00:00,74314.710000,74454.990000,74276.550000,74448.880000,0.254210,1776139199999,0,0
0.108012,0.118770,2026-04-14 04:00:00+00:00,74400.600000,74505.210000,74335.500000,74358.540000,0.035390,1776142799999,0,0
0.098646,0.112252,2026-04-14 05:00:00+00:00,74377.630000,74428.550000,74188.360000,74217.970000,0.143600,1776146399999,0,0
0.092713,0.108651,2026-04-14 06:00:00+00:00,74253.550000,74532.520000,74253.550000,74532.520000,0.030600,1776149999999,0,0
0.091856,0.106746,2026-04-14 07:00:00+00:00,74517.950000,74900.000000,74427.620000,74530.380000,0.840030,1776153599999,0,0
0.084955,0.098431,2026-04-14 08:00:00+00:00,74542.610000,74891.720000,74483.000000,74661.000000,0.409320,1776157199999,0,0
0.077803,0.091378,2026-04-14 09:00:00+00:00,74747.590000,74825.980000,74450.000000,74533.090000,0.318840,1776160799999,0,0
0.082030,0.091286,2026-04-14 10:00:00+00:00,74507.510000,74587.370000,74351.410000,74419.330000,0.357920,1776164399999,0,0
0.086526,0.091921,2026-04-14 11:00:00+00:00,74315.100000,74450.880000,74307.110000,74395.360000,0.135470,1776167999999,0,0
0.088920,0.089901,2026-04-14 12:00:00+00:00,74374.810000,74456.850000,74297.090000,74456.850000,1.489700,1776171599999,0,0
0.119833,0.102880,2026-04-14 13:00:00+00:00,74509.360000,75555.830000,74508.900000,75555.830000,6.857020,1776175199999,0,0
0.115862,0.097350,2026-04-14 14:00:00+00:00,75550.430000,76039.160000,75057.200000,75057.200000,0.699250,1776178799999,0,0
0.109754,0.086951,2026-04-14 15:00:00+00:00,74966.500000,75427.950000,74594.990000,75324.430000,1.406950,1776182399999,0,0
0.117543,0.091073,2026-04-14 16:00:00+00:00,75331.570000,75705.740000,74514.300000,74585.690000,0.952830,1776185999999,0,0
0.123989,0.091772,2026-04-14 17:00:00+00:00,74663.900000,74865.340000,74278.770000,74759.550000,0.554480,1776189599999,0,0
0.133040,0.095278,2026-04-14 18:00:00+00:00,74769.000000,74822.570000,73847.990000,74106.170000,10.236720,1776193199999,0,0
0.135300,0.094163,2026-04-14 19:00:00+00:00,74088.020000,74388.830000,73945.380000,74210.860000,1.401390,1776196799999,0,0
0.133275,0.091107,2026-04-14 20:00:00+00:00,74253.300000,74416.340000,74026.890000,74026.890000,0.360730,1776200399999,0,0
0.137719,0.090031,2026-04-14 21:00:00+00:00,74113.570000,74285.660000,73968.140000,74285.660000,0.485960,1776203999999,0,0
0.136066,0.090018,2026-04-14 22:00:00+00:00,74232.490000,74373.250000,73847.990000,74061.280000,0.720530,1776207599999,0,0
0.132036,0.087971,2026-04-14 23:00:00+00:00,74038.390000,74228.250000,74038.390000,74158.730000,0.534190,1776211199999,0,0
0.139775,0.090628,2026-04-15 00:00:00+00:00,74151.750000,74689.140000,74136.870000,74577.760000,0.863760,1776214799999,0,0
0.135833,0.088104,2026-04-15 01:00:00+00:00,74564.030000,74769.010000,74496.810000,74620.500000,0.303760,1776218399999,0,0
0.129850,0.085195,2026-04-15 02:00:00+00:00,74633.310000,74647.910000,74184.720000,74356.310000,0.763560,1776221999999,0,0
0.127085,0.084926,2026-04-15 03:00:00+00:00,74333.990000,74373.810000,74214.200000,74354.480000,0.107930,1776225599999,0,0
0.125476,0.085405,2026-04-15 04:00:00+00:00,74321.770000,74436.890000,74284.010000,74361.110000,0.329560,1776229199999,0,0
0.132307,0.090034,2026-04-15 05:00:00+00:00,74384.320000,74421.620000,73893.170000,74035.520000,0.678340,1776232799999,0,0
0.133988,0.091380,2026-04-15 06:00:00+00:00,74017.580000,74025.250000,73855.240000,73870.600000,0.166900,1776236399999,0,0
0.131485,0.090838,2026-04-15 07:00:00+00:00,73926.890000,74022.050000,73550.500000,73776.000000,0.974730,1776239999999,0,0
0.134694,0.092668,2026-04-15 08:00:00+00:00,73720.280000,74166.670000,73720.280000,74166.670000,0.132850,1776243599999,0,0
0.133217,0.092090,2026-04-15 09:00:00+00:00,74118.940000,74173.130000,73931.470000,73945.510000,0.060790,1776247199999,0,0
0.127926,0.088508,2026-04-15 10:00:00+00:00,74006.540000,74239.340000,73816.570000,73943.310000,1.346460,1776250799999,0,0
0.129429,0.088920,2026-04-15 11:00:00+00:00,73923.570000,74198.720000,73897.490000,74183.680000,0.804430,1776254399999,0,0
0.131177,0.089588,2026-04-15 12:00:00+00:00,74172.290000,74461.110000,74070.800000,74300.490000,1.707880,1776257999999,0,0
0.125398,0.087987,2026-04-15 13:00:00+00:00,74287.640000,74427.220000,73833.330000,74112.640000,0.936940,1776261599999,0,0
0.123966,0.087658,2026-04-15 14:00:00+00:00,74060.500000,74500.000000,73873.990000,74165.110000,1.026580,1776265199999,0,0
0.125964,0.090539,2026-04-15 15:00:00+00:00,74155.140000,74304.740000,73604.140000,73848.400000,0.689550,1776268799999,0,0
0.126192,0.091832,2026-04-15 16:00:00+00:00,73791.910000,74166.670000,73791.910000,73954.700000,2.694580,1776272399999,0,0
0.127242,0.093276,2026-04-15 17:00:00+00:00,73962.860000,74195.560000,73924.420000,74146.320000,0.399540,1776275999999,0,0
0.129361,0.093060,2026-04-15 18:00:00+00:00,74108.050000,74393.620000,74107.830000,74393.620000,1.814110,1776279599999,0,0
0.140102,0.095930,2026-04-15 19:00:00+00:00,74387.400000,75263.910000,74386.610000,75000.000000,3.182770,1776283199999,0,0
0.134762,0.091719,2026-04-15 20:00:00+00:00,75042.380000,75042.380000,74558.200000,74839.500000,2.284570,1776286799999,0,0
0.126180,0.087830,2026-04-15 21:00:00+00:00,74851.750000,74851.750000,74562.230000,74738.480000,0.137990,1776290399999,0,0
0.129339,0.091399,2026-04-15 22:00:00+00:00,74748.800000,75400.000000,74748.800000,74971.120000,1.721820,1776293999999,0,0
0.131445,0.095268,2026-04-15 23:00:00+00:00,74894.530000,74931.960000,74598.640000,74806.490000,0.653380,1776297599999,0,0
0.130858,0.097518,2026-04-16 00:00:00+00:00,74821.000000,74861.210000,74488.120000,74812.930000,0.349430,1776301199999,0,0
0.127514,0.097655,2026-04-16 01:00:00+00:00,74774.990000,74774.990000,74476.200000,74637.570000,0.266500,1776304799999,0,0
0.127779,0.098746,2026-04-16 02:00:00+00:00,74668.250000,75254.270000,74668.250000,74918.890000,0.426250,1776308399999,0,0
0.122546,0.097748,2026-04-16 03:00:00+00:00,74891.080000,75101.440000,74649.990000,74876.920000,10.312890,1776311999999,0,0
0.110348,0.091069,2026-04-16 04:00:00+00:00,74851.900000,75154.600000,74698.400000,74916.300000,0.690710,1776315599999,0,0
0.108030,0.090248,2026-04-16 05:00:00+00:00,74940.680000,75122.670000,74889.300000,75066.560000,0.248260,1776319199999,0,0
0.103704,0.087717,2026-04-16 06:00:00+00:00,75096.890000,75096.890000,74829.000000,75005.700000,0.187310,1776322799999,0,0
0.108476,0.090933,2026-04-16 07:00:00+00:00,75063.130000,75089.520000,74635.900000,74676.700000,1.077050,1776326399999,0,0
0.108599,0.091414,2026-04-16 08:00:00+00:00,74736.400000,74736.400000,74514.330000,74691.470000,0.366360,1776329999999,0,0
0.106909,0.090398,2026-04-16 09:00:00+00:00,74655.720000,74869.440000,74596.920000,74596.920000,0.071690,1776333599999,0,0
0.113497,0.093571,2026-04-16 10:00:00+00:00,74610.460000,74610.460000,74285.710000,74318.340000,0.371470,1776337199999,0,0
0.113846,0.093258,2026-04-16 11:00:00+00:00,74325.060000,74559.580000,74269.800000,74559.580000,2.312310,1776340799999,0,0
0.114768,0.093834,2026-04-16 12:00:00+00:00,74578.770000,74833.330000,74572.000000,74608.230000,1.207620,1776344399999,0,0
0.125266,0.098462,2026-04-16 13:00:00+00:00,74586.880000,75000.000000,73322.570000,73786.100000,1.407470,1776347999999,1,0
0.128759,0.099558,2026-04-16 14:00:00+00:00,73805.990000,74166.670000,73450.000000,73869.600000,0.756140,1776351599999,1,0
0.140214,0.103975,2026-04-16 15:00:00+00:00,73975.540000,74890.150000,73925.800000,74731.950000,1.737310,1776355199999,0,0
0.136812,0.100252,2026-04-16 16:00:00+00:00,74711.500000,74943.760000,74082.520000,74197.400000,1.928420,1776358799999,1,0
0.129250,0.093307,2026-04-16 17:00:00+00:00,74188.810000,74416.340000,73931.770000,74185.250000,0.517200,1776362399999,1,0
0.140177,0.096976,2026-04-16 18:00:00+00:00,74407.450000,75064.740000,74252.820000,74993.750000,0.520350,1776365999999,1,0
0.152599,0.102196,2026-04-16 19:00:00+00:00,75071.140000,75401.000000,74766.030000,75398.410000,3.183110,1776369599999,0,0
0.136972,0.093516,2026-04-16 20:00:00+00:00,75397.870000,75507.540000,75028.620000,75214.220000,1.680400,1776373199999,0,0
0.135220,0.092626,2026-04-16 21:00:00+00:00,75238.280000,75283.570000,74833.330000,74934.970000,0.316720,1776376799999,1,0
0.135908,0.096288,2026-04-16 22:00:00+00:00,75006.540000,75114.400000,74872.880000,74872.880000,1.378400,1776380399999,1,0
0.141172,0.103243,2026-04-16 23:00:00+00:00,74851.040000,75162.500000,74831.500000,75099.580000,0.331070,1776383999999,0,0
0.141262,0.104721,2026-04-17 00:00:00+00:00,75122.220000,75150.100000,74864.700000,74935.800000,0.672860,1776387599999,1,0
0.133867,0.101566,2026-04-17 01:00:00+00:00,74944.760000,75021.450000,74577.610000,74737.440000,0.449710,1776391199999,1,0
0.123918,0.097808,2026-04-17 02:00:00+00:00,74721.400000,74792.920000,74573.630000,74706.540000,0.124350,1776394799999,1,0
0.121283,0.097368,2026-04-17 03:00:00+00:00,74703.280000,74809.990000,74585.700000,74629.440000,0.074750,1776398399999,1,0
0.117059,0.096007,2026-04-17 04:00:00+00:00,74642.160000,74834.100000,74634.620000,74757.480000,0.121550,1776401999999,1,0
0.109939,0.093304,2026-04-17 05:00:00+00:00,74806.290000,74811.200000,74568.280000,74651.910000,0.246750,1776405599999,1,0
0.110430,0.093576,2026-04-17 06:00:00+00:00,74636.110000,74922.900000,74616.910000,74922.900000,0.063300,1776409199999,1,0
0.110896,0.093983,2026-04-17 07:00:00+00:00,74949.560000,75094.360000,74949.560000,75033.690000,0.265780,1776412799999,1,0
0.124155,0.098792,2026-04-17 08:00:00+00:00,75046.600000,75867.730000,75046.600000,75779.710000,0.387850,1776416399999,0,0
0.124885,0.098442,2026-04-17 09:00:00+00:00,75762.100000,76360.050000,75518.570000,75775.610000,2.076380,1776419999999,0,0
0.117016,0.093527,2026-04-17 10:00:00+00:00,75746.000000,75830.100000,75064.740000,75254.190000,3.178330,1776423599999,1,0
0.117226,0.099649,2026-04-17 11:00:00+00:00,75249.600000,75578.980000,75249.300000,75578.980000,1.260460,1776427199999,1,0
0.134908,0.111620,2026-04-17 12:00:00+00:00,75590.080000,76242.540000,75590.080000,76234.300000,2.132240,1776430799999,0,0
0.168558,0.124296,2026-04-17 13:00:00+00:00,76232.240000,77401.140000,76100.890000,77401.140000,16.968500,1776434399999,0,0
0.172724,0.119310,2026-04-17 14:00:00+00:00,77391.910000,78042.870000,77029.170000,77973.750000,6.639800,1776437999999,0,0
0.138322,0.100344,2026-04-17 15:00:00+00:00,77853.470000,77974.320000,77478.290000,77782.400000,1.287130,1776441599999,0,0
0.132133,0.101050,2026-04-17 16:00:00+00:00,77743.540000,78304.820000,77743.540000,77836.750000,1.572960,1776445199999,0,0
0.135154,0.111723,2026-04-17 17:00:00+00:00,77812.110000,77908.330000,77142.860000,77516.410000,1.369730,1776448799999,0,0
0.136734,0.123519,2026-04-17 18:00:00+00:00,77527.790000,77527.790000,77061.430000,77154.130000,0.784510,1776452399999,0,0
0.122154,0.121085,2026-04-17 19:00:00+00:00,77185.290000,77446.860000,77029.170000,77410.640000,0.455890,1776455999999,0,0
0.113919,0.119729,2026-04-17 20:00:00+00:00,77449.050000,77590.000000,77194.990000,77355.660000,0.341930,1776459599999,0,0
0.103151,0.113438,2026-04-17 21:00:00+00:00,77348.880000,77485.510000,77289.900000,77443.970000,1.518620,1776463199999,0,0
0.090095,0.106673,2026-04-17 22:00:00+00:00,77420.230000,77522.630000,77250.000000,77291.240000,0.823240,1776466799999,0,0
0.079030,0.100392,2026-04-17 23:00:00+00:00,77305.370000,77306.390000,76921.160000,77097.650000,0.221360,1776470399999,0,0
0.071050,0.095799,2026-04-18 00:00:00+00:00,77054.770000,77244.450000,77003.510000,77169.650000,0.292420,1776473999999,0,0
0.071814,0.095889,2026-04-18 01:00:00+00:00,77190.160000,77342.400000,77125.130000,77226.930000,0.229820,1776477599999,0,0
0.072552,0.095201,2026-04-18 02:00:00+00:00,77146.190000,77381.470000,77146.190000,77301.030000,0.083030,1776481199999,0,0
0.076186,0.095986,2026-04-18 03:00:00+00:00,77298.080000,77298.080000,76985.120000,76999.470000,1.268220,1776484799999,0,0
0.077751,0.095172,2026-04-18 04:00:00+00:00,76994.390000,77170.250000,76897.670000,77170.250000,0.292600,1776488399999,0,0
0.080941,0.095250,2026-04-18 05:00:00+00:00,77162.670000,77251.620000,77116.420000,77132.290000,0.168180,1776491999999,0,0
0.082747,0.092991,2026-04-18 06:00:00+00:00,77141.420000,77225.050000,77075.700000,77116.290000,0.063190,1776495599999,0,0
0.090012,0.094718,2026-04-18 07:00:00+00:00,77118.830000,77142.560000,76903.970000,76903.970000,0.942130,1776499199999,0,0
0.094935,0.096107,2026-04-18 08:00:00+00:00,77006.290000,77037.840000,76538.060000,76754.510000,0.178270,1776502799999,0,0
0.098981,0.097124,2026-04-18 09:00:00+00:00,76593.220000,76670.100000,76460.050000,76618.400000,0.121410,1776506399999,0,0
0.113486,0.101411,2026-04-18 10:00:00+00:00,76492.800000,76492.800000,76166.160000,76168.410000,0.165490,1776509999999,0,0
0.122099,0.102759,2026-04-18 11:00:00+00:00,76199.280000,76199.280000,75789.680000,76062.320000,0.920280,1776513599999,0,0
0.120865,0.101104,2026-04-18 12:00:00+00:00,76058.520000,76273.990000,76058.520000,76235.830000,0.152230,1776517199999,0,0
0.120760,0.101711,2026-04-18 13:00:00+00:00,76203.960000,76210.910000,75894.520000,76145.160000,0.076990,1776520799999,0,0
0.117345,0.100164,2026-04-18 14:00:00+00:00,76153.660000,76298.740000,76095.960000,76228.900000,0.151140,1776524399999,0,0
0.116052,0.100584,2026-04-18 15:00:00+00:00,76229.840000,76347.630000,76027.710000,76196.720000,0.142790,1776527999999,0,0
0.118876,0.103225,2026-04-18 16:00:00+00:00,76128.950000,76225.230000,75714.290000,75894.080000,0.348570,1776531599999,0,0
0.118335,0.104541,2026-04-18 17:00:00+00:00,75912.390000,75946.030000,75826.050000,75883.920000,0.239950,1776535199999,0,0
0.116906,0.105515,2026-04-18 18:00:00+00:00,75749.720000,75857.490000,75437.680000,75623.320000,1.021150,1776538799999,0,0
0.115643,0.106104,2026-04-18 19:00:00+00:00,75649.710000,75795.880000,75597.810000,75657.640000,0.055040,1776542399999,0,0
0.112052,0.105467,2026-04-18 20:00:00+00:00,75624.000000,75776.650000,75624.000000,75735.750000,0.173630,1776545999999,0,0
0.109209,0.104744,2026-04-18 21:00:00+00:00,75798.770000,75831.000000,75697.860000,75754.780000,0.091470,1776549599999,0,0
0.108073,0.104022,2026-04-18 22:00:00+00:00,75809.520000,75862.630000,75623.660000,75824.030000,0.476470,1776553199999,0,0
0.107312,0.103856,2026-04-18 23:00:00+00:00,75825.800000,75866.930000,75714.230000,75714.230000,0.128100,1776556799999,0,0
0.107511,0.105008,2026-04-19 00:00:00+00:00,75752.540000,75826.910000,75578.400000,75663.990000,0.027900,1776560399999,0,0
0.106411,0.105340,2026-04-19 01:00:00+00:00,75796.700000,75796.700000,75500.000000,75626.950000,0.206510,1776563999999,0,0
0.104944,0.105318,2026-04-19 02:00:00+00:00,75620.370000,75692.000000,75419.250000,75592.630000,0.077250,1776567599999,0,0
0.102421,0.104597,2026-04-19 03:00:00+00:00,75497.210000,75625.720000,75375.800000,75600.010000,0.119120,1776571199999,0,0
0.102609,0.105133,2026-04-19 04:00:00+00:00,75577.070000,75767.210000,75523.010000,75677.250000,0.083270,1776574799999,0,0
0.101181,0.104515,2026-04-19 05:00:00+00:00,75688.590000,75691.490000,75550.380000,75603.690000,0.096930,1776578399999,0,0
0.103740,0.105902,2026-04-19 06:00:00+00:00,75489.660000,75489.660000,75360.030000,75396.840000,0.138950,1776581999999,0,0
0.107218,0.108232,2026-04-19 07:00:00+00:00,75410.540000,75410.540000,74958.560000,75171.710000,0.061000,1776585599999,0,0
0.105580,0.107697,2026-04-19 08:00:00+00:00,75200.000000,75274.420000,75195.480000,75274.420000,0.030840,1776589199999,0,0
0.108380,0.110105,2026-04-19 09:00:00+00:00,75244.950000,75244.950000,74956.980000,74956.980000,0.108170,1776592799999,0,0
0.108483,0.110064,2026-04-19 10:00:00+00:00,75094.310000,75115.980000,75006.520000,75062.840000,0.029300,1776596399999,0,0
0.116155,0.114315,2026-04-19 11:00:00+00:00,75213.170000,75587.020000,75213.170000,75587.020000,0.496580,1776599999999,0,0
0.112508,0.110074,2026-04-19 12:00:00+00:00,75624.070000,75673.960000,75488.090000,75507.480000,0.091420,1776603599999,0,0
0.110156,0.104971,2026-04-19 13:00:00+00:00,75629.200000,76197.960000,75629.200000,75885.580000,0.421440,1776607199999,0,0
0.115486,0.106455,2026-04-19 14:00:00+00:00,75990.940000,76146.890000,75707.540000,76081.820000,0.577730,1776610799999,0,1
0.111410,0.104635,2026-04-19 15:00:00+00:00,76038.260000,76159.020000,75427.950000,75711.810000,0.080300,1776614399999,0,0
0.118041,0.111483,2026-04-19 16:00:00+00:00,75859.210000,75859.210000,75375.800000,75379.650000,0.048660,1776617999999,0,0
0.123052,0.116518,2026-04-19 17:00:00+00:00,75327.190000,75330.890000,74668.470000,74805.840000,0.230640,1776621599999,0,0
0.122549,0.117714,2026-04-19 18:00:00+00:00,74797.110000,74891.760000,74671.600000,74789.580000,0.260970,1776625199999,0,0
0.116616,0.114673,2026-04-19 19:00:00+00:00,74962.540000,75025.920000,74923.160000,74971.030000,0.096840,1776628799999,0,0
0.117081,0.114909,2026-04-19 20:00:00+00:00,74848.550000,74874.320000,74488.120000,74641.480000,0.319410,1776632399999,0,0
0.118163,0.115273,2026-04-19 21:00:00+00:00,74692.650000,74789.440000,74405.000000,74438.950000,0.309490,1776635999999,0,0
0.119862,0.116971,2026-04-19 22:00:00+00:00,74408.090000,74408.090000,73772.070000,74054.250000,1.040800,1776639599999,1,0
0.123965,0.119922,2026-04-19 23:00:00+00:00,74042.920000,74042.920000,73756.700000,73793.740000,0.406030,1776643199999,1,0
0.125339,0.120823,2026-04-20 00:00:00+00:00,73756.700000,74364.040000,73740.310000,74289.560000,1.890840,1776646799999,1,0
0.130871,0.123361,2026-04-20 01:00:00+00:00,74300.900000,74731.340000,74215.180000,74603.290000,0.341240,1776650399999,0,0
0.115059,0.111054,2026-04-20 02:00:00+00:00,74554.970000,74564.420000,74312.220000,74437.100000,0.436410,1776653999999,0,0
0.109834,0.105639,2026-04-20 03:00:00+00:00,74421.010000,74656.550000,74382.430000,74648.680000,0.801980,1776657599999,0,0
0.108785,0.105727,2026-04-20 04:00:00+00:00,74644.570000,74644.570000,74462.740000,74538.300000,0.127600,1776661199999,0,0
0.112819,0.110493,2026-04-20 05:00:00+00:00,74575.640000,74575.640000,74115.740000,74304.130000,0.106070,1776664799999,1,0
0.118311,0.113598,2026-04-20 06:00:00+00:00,74291.560000,74880.640000,74291.560000,74741.360000,0.044280,1776668399999,0,0
0.122406,0.114836,2026-04-20 07:00:00+00:00,74847.870000,75555.840000,74666.950000,74818.980000,0.952590,1776671999999,0,0
0.114803,0.107946,2026-04-20 08:00:00+00:00,74834.200000,74963.340000,74698.660000,74700.000000,0.181930,1776675599999,0,0
0.122888,0.109831,2026-04-20 09:00:00+00:00,74852.000000,75184.770000,74852.000000,75061.760000,0.020200,1776679199999,0,0
0.125932,0.109924,2026-04-20 10:00:00+00:00,75073.430000,75401.450000,75073.430000,75160.140000,0.780020,1776682799999,0,0
0.114218,0.103451,2026-04-20 11:00:00+00:00,75004.890000,75274.950000,75004.890000,75155.480000,0.101340,1776686399999,0,0
0.113436,0.102595,2026-04-20 12:00:00+00:00,75188.270000,75624.070000,75074.280000,75262.670000,1.744580,1776689999999,0,0
0.112965,0.102849,2026-04-20 13:00:00+00:00,75274.510000,75413.370000,74891.880000,75230.500000,1.733320,1776693599999,0,0
0.112918,0.105325,2026-04-20 14:00:00+00:00,75228.770000,75719.280000,74938.710000,75035.090000,1.322150,1776697199999,0,0
0.122791,0.110500,2026-04-20 15:00:00+00:00,75077.190000,75756.100000,74737.650000,75696.790000,0.274360,1776700799999,0,0
0.118240,0.109228,2026-04-20 16:00:00+00:00,75703.860000,75703.860000,75311.390000,75322.400000,0.133670,1776704399999,0,0
0.112677,0.103740,2026-04-20 17:00:00+00:00,75339.250000,75984.260000,75316.710000,75911.040000,0.800240,1776707999999,0,0
0.125886,0.110840,2026-04-20 18:00:00+00:00,75955.360000,76472.970000,75930.980000,76456.530000,0.514870,1776711599999,0,0
0.111852,0.101741,2026-04-20 19:00:00+00:00,76399.520000,76491.440000,76169.420000,76325.000000,0.234320,1776715199999,0,0
0.102629,0.097943,2026-04-20 20:00:00+00:00,76226.830000,76538.060000,76150.000000,76294.130000,0.317320,1776718799999,0,0
0.104019,0.100839,2026-04-20 21:00:00+00:00,76295.410000,76373.580000,75809.000000,75985.540000,0.319810,1776722399999,0,0
0.106802,0.105914,2026-04-20 22:00:00+00:00,75981.920000,76142.160000,75912.670000,75967.970000,0.079650,1776725999999,0,0
0.105302,0.105011,2026-04-20 23:00:00+00:00,75948.150000,75948.150000,75636.110000,75853.480000,0.091270,1776729599999,0,0
0.106218,0.105004,2026-04-21 00:00:00+00:00,75844.930000,76094.690000,75722.130000,76094.690000,0.354150,1776733199999,0,0
0.102821,0.102943,2026-04-21 01:00:00+00:00,76058.900000,76268.810000,75870.860000,75888.180000,0.048370,1776736799999,0,0
0.099658,0.099800,2026-04-21 02:00:00+00:00,75823.990000,75823.990000,75555.840000,75604.190000,0.267080,1776740399999,0,0
0.097958,0.098275,2026-04-21 03:00:00+00:00,75565.560000,75703.540000,75500.000000,75692.360000,0.134560,1776743999999,0,0
0.095260,0.095949,2026-04-21 04:00:00+00:00,75711.930000,75808.200000,75609.450000,75808.200000,0.411480,1776747599999,0,0
0.096751,0.094117,2026-04-21 05:00:00+00:00,75813.690000,75976.690000,75785.660000,75824.910000,0.013620,1776751199999,0,0
0.098211,0.093177,2026-04-21 06:00:00+00:00,75784.470000,76132.200000,75706.540000,76022.380000,0.029310,1776754799999,0,0
0.099626,0.092041,2026-04-21 07:00:00+00:00,75957.010000,76291.380000,75889.790000,76102.270000,0.194180,1776758399999,0,0
0.107380,0.093565,2026-04-21 08:00:00+00:00,76138.270000,76925.970000,76104.390000,76467.170000,1.442690,1776761999999,0,0
0.108752,0.093141,2026-04-21 09:00:00+00:00,76498.390000,76565.910000,76188.700000,76390.240000,0.395780,1776765599999,0,0
0.113328,0.093401,2026-04-21 10:00:00+00:00,76403.290000,76884.330000,76399.410000,76752.920000,1.666240,1776769199999,0,0
0.115720,0.095230,2026-04-21 11:00:00+00:00,76746.790000,76746.790000,76253.940000,76488.590000,0.381820,1776772799999,0,0
0.122232,0.098791,2026-04-21 12:00:00+00:00,76476.690000,76518.790000,75718.610000,76028.570000,0.434490,1776776399999,0,0
0.123453,0.100199,2026-04-21 13:00:00+00:00,76033.970000,76172.000000,75732.520000,75934.820000,0.742310,1776779999999,0,0
0.119698,0.097286,2026-04-21 14:00:00+00:00,75917.440000,76592.570000,75624.080000,75778.820000,0.808900,1776783599999,0,0
0.118538,0.096696,2026-04-21 15:00:00+00:00,75721.100000,75960.580000,75468.370000,75721.170000,0.244630,1776787199999,0,0
0.116816,0.094560,2026-04-21 16:00:00+00:00,75850.940000,76176.450000,75732.840000,75732.840000,0.071540,1776790799999,0,0
0.117943,0.095404,2026-04-21 17:00:00+00:00,75778.420000,75884.770000,75071.170000,75553.390000,0.776280,1776794399999,0,0
0.117308,0.095129,2026-04-21 18:00:00+00:00,75511.060000,75647.490000,75294.770000,75590.720000,0.245370,1776797999999,0,0
0.125019,0.099609,2026-04-21 19:00:00+00:00,75614.860000,75900.000000,74828.700000,75037.240000,0.494370,1776801599999,1,0
0.128851,0.101216,2026-04-21 20:00:00+00:00,75020.300000,75847.420000,74961.720000,75728.080000,0.588390,1776805199999,1,0
0.129740,0.102429,2026-04-21 21:00:00+00:00,75734.230000,75775.240000,75499.320000,75566.800000,0.085290,1776808799999,1,0
0.114295,0.092213,2026-04-21 22:00:00+00:00,75550.500000,75630.980000,75318.420000,75630.170000,0.111440,1776812399999,1,0
0.128178,0.097775,2026-04-21 23:00:00+00:00,75620.930000,76423.660000,75620.930000,76305.280000,0.301160,1776815999999,1,0
0.128254,0.095851,2026-04-22 00:00:00+00:00,76373.030000,76430.170000,76228.230000,76303.100000,0.120230,1776819599999,1,0
0.117446,0.090009,2026-04-22 01:00:00+00:00,76333.550000,76400.200000,76141.920000,76272.670000,0.224660,1776823199999,1,0
0.163039,0.107942,2026-04-22 02:00:00+00:00,76311.540000,77627.680000,76239.920000,77607.140000,2.381210,1776826799999,0,0
0.170314,0.110576,2026-04-22 03:00:00+00:00,77643.600000,77702.110000,77399.050000,77547.310000,0.519850,1776830399999,0,0
0.140661,0.095559,2026-04-22 04:00:00+00:00,77542.040000,77688.050000,77379.230000,77491.700000,0.467630,1776833999999,0,0
0.155015,0.103828,2026-04-22 05:00:00+00:00,77489.850000,78432.340000,77459.520000,77986.770000,2.281010,1776837599999,0,0
0.157741,0.109094,2026-04-22 06:00:00+00:00,77971.700000,78040.660000,77903.020000,77987.770000,0.023530,1776841199999,0,0
0.140599,0.107564,2026-04-22 07:00:00+00:00,78015.830000,78119.800000,77832.000000,78017.790000,0.301090,1776844799999,0,0
0.134327,0.107585,2026-04-22 08:00:00+00:00,78052.280000,78193.880000,77913.030000,78068.190000,0.107000,1776848399999,0,0
0.123267,0.105779,2026-04-22 09:00:00+00:00,78054.970000,78193.470000,77954.990000,77983.160000,0.049010,1776851999999,0,0
0.113261,0.106077,2026-04-22 10:00:00+00:00,77971.700000,78178.490000,77962.110000,78178.490000,0.118110,1776855599999,0,0
0.106194,0.104743,2026-04-22 11:00:00+00:00,78192.750000,78378.330000,78077.700000,78277.690000,1.303950,1776859199999,0,0
0.092554,0.097744,2026-04-22 12:00:00+00:00,78296.770000,78490.120000,78152.410000,78238.160000,0.310390,1776862799999,0,0
0.088979,0.096370,2026-04-22 13:00:00+00:00,78210.170000,78835.610000,78177.510000,78835.610000,0.754230,1776866399999,0,0
0.092817,0.098281,2026-04-22 14:00:00+00:00,78835.630000,79156.650000,78607.970000,79072.010000,1.038080,1776869999999,0,0
0.087363,0.092841,2026-04-22 15:00:00+00:00,79033.580000,79382.760000,78837.220000,79304.770000,1.196280,1776873599999,0,0
0.084489,0.092267,2026-04-22 16:00:00+00:00,79304.770000,79452.890000,78649.010000,78733.770000,1.217570,1776877199999,0,0
0.086716,0.094326,2026-04-22 17:00:00+00:00,78792.840000,79047.270000,78728.240000,78934.470000,0.643590,1776880799999,0,0
0.087765,0.097903,2026-04-22 18:00:00+00:00,78932.990000,79156.150000,78850.280000,79008.530000,0.112250,1776884399999,0,0
0.087507,0.094679,2026-04-22 19:00:00+00:00,78966.660000,79071.880000,78738.670000,78934.470000,0.434200,1776887999999,0,0
0.093672,0.096957,2026-04-22 20:00:00+00:00,78878.800000,78897.140000,78438.370000,78450.870000,0.569550,1776891599999,0,0
0.093847,0.094333,2026-04-22 21:00:00+00:00,78478.040000,78830.500000,78454.670000,78817.730000,0.649150,1776895199999,0,0
0.095707,0.093056,2026-04-22 22:00:00+00:00,78798.260000,78834.290000,78478.520000,78634.240000,0.395520,1776898799999,0,0
0.099792,0.091829,2026-04-22 23:00:00+00:00,78616.200000,78616.200000,78172.170000,78208.890000,0.202780,1776902399999,0,0
0.100196,0.089089,2026-04-23 00:00:00+00:00,78193.380000,78571.200000,77598.300000,78410.530000,0.365320,1776905999999,0,0
0.104849,0.087815,2026-04-23 01:00:00+00:00,78410.170000,78428.640000,78080.750000,78381.160000,0.141230,1776909599999,0,0
0.111141,0.090002,2026-04-23 02:00:00+00:00,78365.120000,78365.120000,77778.110000,77981.330000,0.572780,1776913199999,0,0
0.116986,0.092154,2026-04-23 03:00:00+00:00,77945.100000,78019.550000,77493.130000,77721.090000,0.250140,1776916799999,0,0
0.116108,0.090643,2026-04-23 04:00:00+00:00,77697.100000,77935.290000,77694.830000,77935.290000,0.251070,1776920399999,0,0
0.119232,0.092259,2026-04-23 05:00:00+00:00,77936.300000,78111.160000,77750.010000,78017.320000,0.233750,1776923999999,0,0
0.117563,0.089968,2026-04-23 06:00:00+00:00,78097.760000,78325.600000,78097.760000,78181.230000,0.249570,1776927599999,0,0
0.114683,0.087742,2026-04-23 07:00:00+00:00,78246.500000,78246.500000,77982.910000,78052.520000,0.049510,1776931199999,0,0
0.117675,0.088618,2026-04-23 08:00:00+00:00,78031.730000,78146.520000,77736.820000,77860.440000,1.022430,1776934799999,0,0
0.121650,0.091603,2026-04-23 09:00:00+00:00,77837.160000,77852.210000,77397.600000,77618.890000,0.877730,1776938399999,0,0
0.124378,0.093541,2026-04-23 10:00:00+00:00,77660.990000,77660.990000,77199.490000,77401.610000,0.339960,1776941999999,0,0
0.125486,0.094247,2026-04-23 11:00:00+00:00,77491.910000,77733.900000,77394.350000,77724.020000,0.100530,1776945599999,0,0
0.127398,0.095210,2026-04-23 12:00:00+00:00,77739.460000,77858.200000,77540.200000,77781.080000,0.405640,1776949199999,0,0
0.121222,0.091711,2026-04-23 13:00:00+00:00,77889.710000,77895.640000,77419.190000,77518.680000,0.354410,1776952799999,0,0
0.130825,0.094478,2026-04-23 14:00:00+00:00,77491.890000,78207.980000,77431.320000,78207.980000,0.103940,1776956399999,0,0
0.135090,0.095729,2026-04-23 15:00:00+00:00,78186.770000,78651.800000,78023.320000,78324.630000,0.371160,1776959999999,0,0
0.121288,0.088288,2026-04-23 16:00:00+00:00,78412.080000,78500.000000,78022.720000,78075.590000,3.031760,1776963599999,0,0
0.125143,0.091495,2026-04-23 17:00:00+00:00,78073.900000,78073.900000,76965.050000,77788.810000,0.517350,1776967199999,0,0
0.123463,0.092713,2026-04-23 18:00:00+00:00,77787.100000,78117.690000,77692.290000,77700.130000,0.139460,1776970799999,0,0
0.121212,0.094373,2026-04-23 19:00:00+00:00,77742.390000,77882.040000,77608.330000,77744.800000,0.096840,1776974399999,0,0
0.123006,0.095865,2026-04-23 20:00:00+00:00,77705.930000,77995.860000,77677.720000,77875.720000,0.285620,1776977999999,0,0
0.121055,0.094912,2026-04-23 21:00:00+00:00,77867.300000,78041.460000,77813.520000,77952.080000,0.181230,1776981599999,0,0
0.119484,0.093069,2026-04-23 22:00:00+00:00,78013.020000,78314.780000,78002.270000,78213.210000,0.128380,1776985199999,0,0
0.117584,0.091625,2026-04-23 23:00:00+00:00,78227.840000,78299.300000,78034.250000,78254.340000,0.091410,1776988799999,0,0
0.113397,0.089383,2026-04-24 00:00:00+00:00,78265.130000,78478.220000,78163.720000,78353.890000,0.152350,1776992399999,0,0
0.111843,0.089874,2026-04-24 01:00:00+00:00,78419.930000,78461.810000,77955.960000,78461.810000,0.268940,1776995999999,0,0
0.113072,0.092081,2026-04-24 02:00:00+00:00,78430.340000,78563.950000,78080.750000,78151.720000,0.240650,1776999599999,0,0
0.120372,0.097015,2026-04-24 03:00:00+00:00,78167.180000,78178.740000,77555.950000,77744.570000,0.298030,1777003199999,0,0
0.118417,0.097144,2026-04-24 04:00:00+00:00,77712.870000,77832.540000,77500.000000,77714.050000,0.053610,1777006799999,0,0
0.116988,0.097451,2026-04-24 05:00:00+00:00,77676.360000,78011.370000,77475.170000,78011.370000,0.170610,1777010399999,0,0
0.113138,0.095617,2026-04-24 06:00:00+00:00,77921.570000,77955.990000,77794.490000,77860.690000,0.066140,1777013999999,0,0
0.110843,0.094116,2026-04-24 07:00:00+00:00,77788.900000,77842.770000,77607.040000,77626.070000,0.093330,1777017599999,0,0
0.108719,0.093165,2026-04-24 08:00:00+00:00,77634.500000,77973.750000,77632.460000,77834.360000,0.414690,1777021199999,0,0
0.111052,0.094671,2026-04-24 09:00:00+00:00,77697.770000,77697.770000,77431.120000,77524.850000,0.196150,1777024799999,0,0
0.113619,0.094769,2026-04-24 10:00:00+00:00,77524.010000,77769.860000,77455.050000,77769.860000,0.265930,1777028399999,0,0
0.122537,0.098577,2026-04-24 11:00:00+00:00,77762.320000,78358.720000,77762.320000,78228.010000,0.260130,1777031999999,0,0
0.116628,0.093733,2026-04-24 12:00:00+00:00,78242.730000,78347.310000,78092.230000,78131.610000,0.375170,1777035599999,0,0
0.110125,0.089081,2026-04-24 13:00:00+00:00,78350.000000,78434.720000,77926.420000,78088.800000,0.089460,1777039199999,0,0
0.109722,0.089887,2026-04-24 14:00:00+00:00,78030.900000,78051.310000,77692.290000,78002.900000,0.160180,1777042799999,0,0
0.110336,0.092693,2026-04-24 15:00:00+00:00,78003.220000,78251.590000,77628.680000,77987.950000,0.139640,1777046399999,0,0
0.112936,0.096003,2026-04-24 16:00:00+00:00,78064.410000,78064.410000,77592.540000,77738.800000,0.277190,1777049999999,0,0
0.113270,0.096397,2026-04-24 17:00:00+00:00,77750.770000,77803.490000,77500.000000,77724.850000,0.273560,1777053599999,0,0
0.112210,0.096081,2026-04-24 18:00:00+00:00,77650.890000,77696.620000,77375.170000,77588.720000,0.486570,1777057199999,0,0
0.111228,0.095432,2026-04-24 19:00:00+00:00,77700.000000,77759.940000,77569.290000,77629.400000,0.044960,1777060799999,0,0
0.112116,0.096079,2026-04-24 20:00:00+00:00,77609.300000,77750.240000,77500.000000,77750.240000,0.662860,1777064399999,0,0
0.109374,0.094738,2026-04-24 21:00:00+00:00,77723.940000,77723.940000,77535.350000,77575.770000,0.134860,1777067999999,0,0
0.112080,0.096335,2026-04-24 22:00:00+00:00,77540.910000,77606.830000,77234.230000,77341.530000,0.221800,1777071599999,0,0
0.109562,0.095898,2026-04-24 23:00:00+00:00,77354.310000,77451.240000,77329.230000,77438.570000,0.135220,1777075199999,0,0
0.108154,0.096160,2026-04-25 00:00:00+00:00,77411.220000,77471.490000,77296.540000,77471.490000,0.198890,1777078799999,0,0
0.106610,0.095334,2026-04-25 01:00:00+00:00,77483.200000,77588.820000,77433.670000,77560.920000,0.132140,1777082399999,0,0
0.105165,0.094584,2026-04-25 02:00:00+00:00,77555.050000,77644.200000,77477.450000,77614.840000,0.085190,1777085999999,0,0
0.103353,0.092971,2026-04-25 03:00:00+00:00,77637.560000,77693.090000,77550.180000,77682.370000,0.032560,1777089599999,0,0
0.102938,0.093063,2026-04-25 04:00:00+00:00,77668.370000,77699.980000,77523.380000,77628.400000,0.125310,1777093199999,0,0
0.104171,0.094668,2026-04-25 05:00:00+00:00,77599.270000,77599.270000,77500.000000,77502.630000,0.019480,1777096799999,0,0
0.104076,0.095446,2026-04-25 06:00:00+00:00,77555.640000,77555.640000,77482.180000,77514.390000,0.018900,1777100399999,0,0
0.103304,0.095299,2026-04-25 07:00:00+00:00,77474.110000,77572.140000,77442.470000,77525.710000,0.008340,1777103999999,0,0
0.105107,0.096546,2026-04-25 08:00:00+00:00,77564.470000,77638.070000,77564.470000,77638.070000,0.005720,1777107599999,0,0
0.107873,0.097131,2026-04-25 09:00:00+00:00,77638.070000,77757.900000,77594.380000,77757.900000,0.148860,1777111199999,0,0
0.106240,0.095167,2026-04-25 10:00:00+00:00,77758.270000,77870.130000,77755.680000,77835.530000,0.027420,1777114799999,0,0
0.103714,0.094080,2026-04-25 11:00:00+00:00,77771.070000,77771.070000,77630.930000,77673.320000,0.056230,1777118399999,0,0
0.103945,0.095150,2026-04-25 12:00:00+00:00,77665.630000,77668.740000,77537.050000,77578.810000,0.014610,1777121999999,0,0
0.102797,0.095632,2026-04-25 13:00:00+00:00,77575.030000,77695.000000,77575.030000,77695.000000,0.050780,1777125599999,0,0
0.102754,0.096362,2026-04-25 14:00:00+00:00,77695.000000,77745.170000,77628.430000,77668.850000,1.062730,1777129199999,0,0
0.106337,0.098535,2026-04-25 15:00:00+00:00,77648.870000,77721.400000,77321.820000,77321.820000,0.053400,1777132799999,0,0
0.105848,0.098615,2026-04-25 16:00:00+00:00,77324.770000,77460.150000,77165.670000,77387.180000,0.141830,1777136399999,0,0
0.103101,0.097767,2026-04-25 17:00:00+00:00,77387.180000,77412.970000,77250.430000,77250.430000,0.206660,1777139999999,0,0
0.103305,0.097717,2026-04-25 18:00:00+00:00,77239.160000,77402.180000,77239.160000,77309.260000,0.036780,1777143599999,0,0
0.102328,0.097290,2026-04-25 19:00:00+00:00,77301.990000,77341.540000,77212.040000,77311.220000,0.056850,1777147199999,0,0
0.103607,0.097798,2026-04-25 20:00:00+00:00,77345.030000,77474.530000,77339.760000,77474.530000,0.163700,1777150799999,0,0
0.103794,0.097464,2026-04-25 21:00:00+00:00,77509.990000,77528.880000,77449.690000,77516.770000,0.112440,1777154399999,0,0
0.100825,0.094493,2026-04-25 22:00:00+00:00,77516.070000,77629.170000,77481.080000,77540.760000,1.537550,1777157999999,0,0
0.102204,0.095104,2026-04-25 23:00:00+00:00,77563.040000,77626.420000,77549.870000,77610.680000,0.130650,1777161599999,0,0
0.102757,0.095684,2026-04-26 00:00:00+00:00,77631.640000,77631.640000,77424.500000,77514.730000,0.185150,1777165199999,0,0
0.104198,0.097488,2026-04-26 01:00:00+00:00,77506.190000,77555.000000,77438.080000,77438.080000,0.074900,1777168799999,0,0
0.103800,0.097769,2026-04-26 02:00:00+00:00,77465.210000,77587.770000,77462.390000,77523.200000,0.067190,1777172399999,0,0
0.103727,0.098107,2026-04-26 03:00:00+00:00,77500.150000,77554.460000,77340.150000,77390.170000,0.105050,1777175999999,0,0
0.109780,0.100733,2026-04-26 04:00:00+00:00,77392.500000,77800.080000,77392.500000,77784.910000,0.070920,1777179599999,0,0
0.115369,0.102657,2026-04-26 05:00:00+00:00,77704.110000,78175.080000,77704.110000,78033.540000,0.378960,1777183199999,0,0
0.107449,0.096206,2026-04-26 06:00:00+00:00,78040.600000,78058.700000,77949.000000,77999.090000,0.029940,1777186799999,0,0
0.104621,0.094116,2026-04-26 07:00:00+00:00,78000.320000,78106.390000,78000.060000,78106.390000,0.071800,1777190399999,0,0
0.104765,0.095255,2026-04-26 08:00:00+00:00,78102.510000,78200.000000,78040.760000,78044.660000,0.005050,1777193999999,0,0
0.105493,0.098353,2026-04-26 09:00:00+00:00,78032.200000,78061.810000,77932.150000,78013.370000,0.006590,1777197599999,0,0
0.104696,0.099877,2026-04-26 10:00:00+00:00,77976.770000,78055.520000,77976.770000,77993.750000,0.038050,1777201199999,0,0
0.105299,0.100969,2026-04-26 11:00:00+00:00,78018.450000,78150.660000,78018.450000,78102.160000,0.036530,1777204799999,0,0
0.104885,0.101355,2026-04-26 12:00:00+00:00,78133.230000,78133.230000,77820.100000,77850.110000,0.115850,1777208399999,0,0
0.101650,0.099931,2026-04-26 13:00:00+00:00,77827.610000,77986.560000,77790.240000,77956.710000,0.019530,1777211999999,0,0
0.099814,0.099839,2026-04-26 14:00:00+00:00,77939.340000,78176.070000,77886.040000,78100.180000,2.177680,1777215599999,0,0
0.092449,0.095072,2026-04-26 15:00:00+00:00,78118.430000,78118.430000,77986.500000,78009.550000,0.148510,1777219199999,0,0
0.090839,0.093683,2026-04-26 16:00:00+00:00,78038.570000,78105.530000,77938.710000,77945.880000,0.031160,1777222799999,0,0
0.091074,0.093067,2026-04-26 17:00:00+00:00,77916.450000,78036.250000,77836.320000,78036.250000,0.190960,1777226399999,0,0
0.097319,0.096224,2026-04-26 18:00:00+00:00,78036.250000,78329.020000,78024.560000,78275.000000,1.483420,1777229999999,0,0
0.097791,0.095178,2026-04-26 19:00:00+00:00,78297.950000,78478.220000,78052.730000,78271.690000,0.528320,1777233599999,0,0
0.094758,0.091894,2026-04-26 20:00:00+00:00,78233.300000,78360.280000,78163.080000,78203.130000,0.160590,1777237199999,0,0
0.097563,0.093024,2026-04-26 21:00:00+00:00,78224.230000,78920.000000,77866.330000,78352.640000,0.979840,1777240799999,0,0
0.099820,0.094475,2026-04-26 22:00:00+00:00,78372.470000,78830.940000,77980.000000,78357.040000,0.465740,1777244399999,0,0
0.105043,0.096506,2026-04-26 23:00:00+00:00,78281.200000,78881.300000,78059.750000,78626.160000,0.201680,1777247999999,0,0
0.120567,0.102374,2026-04-27 00:00:00+00:00,78658.010000,79338.930000,78414.700000,79261.830000,1.306820,1777251599999,0,1
0.118006,0.098495,2026-04-27 01:00:00+00:00,79304.770000,79448.450000,78764.640000,79239.100000,0.603430,1777255199999,0,1
0.108146,0.091575,2026-04-27 02:00:00+00:00,79215.910000,79242.430000,79037.030000,79139.250000,0.513090,1777258799999,0,1
0.110344,0.093539,2026-04-27 03:00:00+00:00,79187.020000,79271.480000,79082.590000,79089.790000,0.175730,1777262399999,0,1
0.111598,0.097239,2026-04-27 04:00:00+00:00,79089.790000,79151.860000,78895.670000,78910.500000,0.520890,1777265999999,0,1
0.128157,0.107824,2026-04-27 05:00:00+00:00,78863.510000,78865.300000,77587.270000,77820.250000,0.899840,1777269599999,0,0
0.129541,0.108763,2026-04-27 06:00:00+00:00,77763.790000,77872.590000,77487.010000,77700.050000,0.289930,1777273199999,0,0
0.113293,0.100835,2026-04-27 07:00:00+00:00,77682.620000,77720.900000,77614.170000,77693.100000,0.028350,1777276799999,0,0
0.113251,0.099837,2026-04-27 08:00:00+00:00,77578.250000,77824.850000,77578.250000,77816.690000,1.517740,1777280399999,0,0
0.114206,0.098998,2026-04-27 09:00:00+00:00,77819.160000,77948.210000,77714.230000,77948.210000,0.524310,1777283999999,0,0
0.110571,0.096204,2026-04-27 10:00:00+00:00,77907.690000,77907.690000,77781.910000,77890.120000,0.015500,1777287599999,0,0
0.110579,0.094878,2026-04-27 11:00:00+00:00,77858.160000,77887.880000,77752.350000,77837.730000,0.053660,1777291199999,0,0
0.113968,0.096647,2026-04-27 12:00:00+00:00,77838.100000,77864.080000,77672.310000,77674.500000,0.136280,1777294799999,0,0
0.114358,0.097001,2026-04-27 13:00:00+00:00,77702.150000,77869.880000,77617.130000,77753.200000,0.127470,1777298399999,0,0
0.113820,0.096937,2026-04-27 14:00:00+00:00,77826.160000,78237.390000,77681.270000,77800.080000,0.147310,1777301999999,0,0
0.128403,0.104642,2026-04-27 15:00:00+00:00,77809.050000,77840.730000,76583.720000,76771.370000,2.809640,1777305599999,0,0
0.131824,0.106938,2026-04-27 16:00:00+00:00,76734.260000,76832.930000,76595.140000,76614.890000,3.811990,1777309199999,0,0
0.119348,0.101100,2026-04-27 17:00:00+00:00,76661.220000,76926.560000,76648.120000,76712.530000,0.224430,1777312799999,0,0
0.123802,0.103102,2026-04-27 18:00:00+00:00,76714.660000,76887.320000,76679.900000,76887.320000,0.442510,1777316399999,0,0
0.121662,0.100585,2026-04-27 19:00:00+00:00,76863.770000,76897.120000,76491.060000,76853.030000,0.410770,1777319999999,0,0
0.120054,0.098950,2026-04-27 20:00:00+00:00,76858.800000,77041.720000,76849.630000,76992.000000,0.381730,1777323599999,0,0
0.120731,0.099243,2026-04-27 21:00:00+00:00,76926.270000,76997.940000,76801.390000,76814.680000,0.351530,1777327199999,0,0
0.123114,0.100234,2026-04-27 22:00:00+00:00,76772.380000,77069.020000,76761.580000,77069.020000,0.244440,1777330799999,0,0
0.130093,0.103537,2026-04-27 23:00:00+00:00,77096.130000,77503.720000,77011.640000,77373.700000,2.245000,1777334399999,0,0
0.124543,0.099333,2026-04-28 00:00:00+00:00,77326.950000,77479.580000,77204.030000,77374.990000,0.548680,1777337999999,0,0
0.120779,0.097946,2026-04-28 01:00:00+00:00,77369.200000,77390.340000,77055.550000,77101.570000,0.051160,1777341599999,0,0
0.121302,0.100079,2026-04-28 02:00:00+00:00,77075.490000,77193.450000,76703.800000,76822.610000,0.044160,1777345199999,0,0
0.118739,0.100395,2026-04-28 03:00:00+00:00,76884.670000,76884.670000,76688.810000,76826.970000,0.088110,1777348799999,0,0
0.114919,0.098910,2026-04-28 04:00:00+00:00,76827.110000,76933.340000,76700.000000,76930.150000,0.134690,1777352399999,0,0
0.112749,0.097429,2026-04-28 05:00:00+00:00,76937.300000,77105.690000,76834.400000,76936.920000,0.185640,1777355999999,0,0
0.112837,0.097368,2026-04-28 06:00:00+00:00,76938.780000,77039.190000,76637.710000,76722.770000,0.044850,1777359599999,0,0
0.112257,0.096755,2026-04-28 07:00:00+00:00,76677.070000,76921.140000,76442.600000,76921.140000,0.072470,1777363199999,0,0
0.111835,0.097064,2026-04-28 08:00:00+00:00,76900.920000,76964.860000,76754.420000,76835.080000,0.122730,1777366799999,0,0
0.111816,0.096770,2026-04-28 09:00:00+00:00,76874.600000,76874.600000,76538.460000,76624.760000,0.018020,1777370399999,0,0
0.111127,0.096699,2026-04-28 10:00:00+00:00,76528.280000,76641.710000,76500.000000,76628.870000,0.014320,1777373999999,0,0
0.116290,0.100314,2026-04-28 11:00:00+00:00,76630.440000,76630.440000,76157.670000,76162.090000,0.378010,1777377599999,0,0
0.115650,0.100516,2026-04-28 12:00:00+00:00,76269.210000,76404.780000,76191.460000,76361.620000,0.246660,1777381199999,0,0
0.112454,0.099559,2026-04-28 13:00:00+00:00,76380.750000,76390.980000,75984.450000,76230.050000,0.541810,1777384799999,0,0
0.115999,0.101000,2026-04-28 14:00:00+00:00,76203.080000,76203.080000,75674.970000,75935.890000,0.521000,1777388399999,0,0
0.115968,0.100630,2026-04-28 15:00:00+00:00,75941.060000,76075.660000,75902.310000,76039.770000,0.063210,1777391999999,0,0
0.116561,0.100706,2026-04-28 16:00:00+00:00,76078.560000,76176.050000,75906.400000,76145.160000,0.268920,1777395599999,0,0
0.116332,0.099353,2026-04-28 17:00:00+00:00,76134.110000,76220.000000,75946.780000,76199.990000,0.223810,1777399199999,0,0
0.114412,0.097024,2026-04-28 18:00:00+00:00,76193.680000,76251.000000,76141.150000,76210.210000,0.222970,1777402799999,0,0
0.115355,0.096111,2026-04-28 19:00:00+00:00,76246.540000,76354.820000,76070.000000,76348.240000,0.071490,1777406399999,0,0
0.117541,0.096976,2026-04-28 20:00:00+00:00,76331.450000,76475.980000,76331.450000,76475.980000,0.179430,1777409999999,0,0
0.115794,0.095353,2026-04-28 21:00:00+00:00,76478.790000,76492.240000,76302.210000,76426.940000,0.113470,1777413599999,0,0
0.116868,0.096358,2026-04-28 22:00:00+00:00,76402.180000,76462.700000,76225.000000,76238.730000,0.327750,1777417199999,0,0
0.116772,0.096719,2026-04-28 23:00:00+00:00,76255.140000,76356.900000,76219.990000,76332.320000,0.184590,1777420799999,0,0
0.121531,0.099532,2026-04-29 00:00:00+00:00,76350.430000,76538.460000,76277.440000,76521.310000,0.138230,1777424399999,0,0
0.121234,0.098500,2026-04-29 01:00:00+00:00,76534.890000,76642.700000,76220.000000,76551.790000,0.173080,1777427999999,0,0
0.114735,0.094475,2026-04-29 02:00:00+00:00,76580.660000,76646.750000,76435.560000,76480.360000,0.127400,1777431599999,0,0
0.125122,0.098332,2026-04-29 03:00:00+00:00,76580.280000,77110.010000,76527.800000,76984.910000,0.587500,1777435199999,0,0
0.133070,0.101676,2026-04-29 04:00:00+00:00,76990.000000,77427.690000,76921.850000,77263.080000,0.389120,1777438799999,0,0
0.122975,0.095458,2026-04-29 05:00:00+00:00,77281.580000,77335.230000,77213.790000,77273.140000,0.143750,1777442399999,0,0
0.119198,0.094472,2026-04-29 06:00:00+00:00,77285.190000,77285.190000,76949.490000,77000.650000,0.472490,1777445999999,0,0
0.118426,0.096356,2026-04-29 07:00:00+00:00,77053.110000,77144.390000,77022.400000,77030.000000,0.021890,1777449599999,0,0
0.116281,0.099187,2026-04-29 08:00:00+00:00,77078.310000,77078.310000,77001.590000,77053.270000,0.009500,1777453199999,0,0
0.131573,0.107568,2026-04-29 09:00:00+00:00,77045.340000,77778.110000,76979.880000,77720.250000,0.068750,1777456799999,0,1
0.124706,0.103926,2026-04-29 10:00:00+00:00,77702.310000,77857.100000,77576.530000,77614.600000,0.186080,1777460399999,0,1
0.108501,0.092886,2026-04-29 11:00:00+00:00,77628.230000,77682.980000,77481.000000,77602.180000,0.193380,1777463999999,0,1
0.111329,0.096938,2026-04-29 12:00:00+00:00,77554.060000,77554.060000,76998.390000,77147.750000,0.967330,1777467599999,0,0
0.113611,0.099850,2026-04-29 13:00:00+00:00,77129.870000,77220.250000,76480.000000,76794.000000,0.290320,1777471199999,0,0
0.111091,0.099409,2026-04-29 14:00:00+00:00,76764.550000,76797.280000,76437.770000,76569.300000,0.354370,1777474799999,0,0
0.121993,0.104644,2026-04-29 15:00:00+00:00,76582.270000,76582.270000,75726.480000,75907.640000,0.533860,1777478399999,0,0
0.126839,0.106609,2026-04-29 16:00:00+00:00,75926.020000,76093.200000,75710.250000,75768.920000,0.686760,1777481999999,0,0
0.124062,0.104921,2026-04-29 17:00:00+00:00,75818.560000,76157.670000,75816.360000,76157.670000,0.410750,1777485599999,0,0
0.130312,0.107403,2026-04-29 18:00:00+00:00,76167.400000,76220.000000,74916.160000,75507.540000,2.164280,1777489199999,0,0
0.133574,0.107418,2026-04-29 19:00:00+00:00,75526.690000,75607.300000,75314.240000,75487.540000,0.247540,1777492799999,0,0
0.128514,0.105131,2026-04-29 20:00:00+00:00,75582.290000,75818.110000,75523.300000,75714.170000,0.108330,1777496399999,0,0
0.132797,0.106322,2026-04-29 21:00:00+00:00,75689.920000,76046.950000,75614.080000,75939.620000,0.295500,1777499999999,0,0
0.128060,0.102015,2026-04-29 22:00:00+00:00,75942.060000,75998.340000,75823.010000,75944.340000,0.283900,1777503599999,0,0
0.121446,0.097793,2026-04-29 23:00:00+00:00,75932.960000,76005.000000,75710.250000,75792.810000,0.088590,1777507199999,0,0
0.127690,0.100489,2026-04-30 00:00:00+00:00,75800.330000,76322.460000,75665.560000,76261.250000,1.168370,1777510799999,0,0
0.131130,0.102678,2026-04-30 01:00:00+00:00,76256.420000,76447.740000,76178.050000,76284.610000,0.199040,1777514399999,0,0
0.129851,0.102043,2026-04-30 02:00:00+00:00,76240.480000,76341.870000,75494.510000,75719.650000,0.257300,1777517999999,0,0
0.130631,0.102680,2026-04-30 03:00:00+00:00,75702.780000,75968.490000,75702.780000,75968.490000,0.018180,1777521599999,0,0
0.128982,0.103827,2026-04-30 04:00:00+00:00,75931.970000,75943.130000,75422.990000,75530.910000,0.091550,1777525199999,0,0
0.129958,0.105063,2026-04-30 05:00:00+00:00,75506.880000,75757.240000,75316.360000,75616.040000,0.138140,1777528799999,0,0
0.125224,0.103427,2026-04-30 06:00:00+00:00,75610.200000,75860.160000,75568.310000,75761.170000,0.041070,1777532399999,0,0
0.127559,0.103467,2026-04-30 07:00:00+00:00,75766.560000,76170.470000,75697.140000,76116.360000,0.202420,1777535999999,0,0
0.122797,0.099966,2026-04-30 08:00:00+00:00,76172.570000,76193.510000,76062.300000,76062.300000,0.069150,1777539599999,0,0
0.115547,0.094153,2026-04-30 09:00:00+00:00,76071.050000,76339.830000,76030.680000,76171.640000,0.037360,1777543199999,0,0
0.116182,0.095863,2026-04-30 10:00:00+00:00,76112.520000,76126.280000,76030.970000,76030.970000,0.010770,1777546799999,0,0
0.116265,0.096948,2026-04-30 11:00:00+00:00,76047.690000,76205.770000,75893.100000,76070.890000,0.065920,1777550399999,0,0
0.122199,0.101444,2026-04-30 12:00:00+00:00,76071.900000,76420.250000,76071.900000,76323.270000,0.175450,1777553999999,0,0
0.123861,0.101800,2026-04-30 13:00:00+00:00,76322.710000,76641.130000,76172.570000,76438.610000,0.388730,1777557599999,1,0
0.116815,0.097676,2026-04-30 14:00:00+00:00,76432.540000,76611.640000,76122.500000,76385.820000,2.561960,1777561199999,1,0
0.117445,0.097570,2026-04-30 15:00:00+00:00,76319.270000,76637.710000,76172.570000,76506.440000,0.245170,1777564799999,1,0
0.116244,0.098386,2026-04-30 16:00:00+00:00,76484.490000,76484.490000,76250.890000,76263.970000,0.035730,1777568399999,1,0
0.112935,0.098425,2026-04-30 17:00:00+00:00,76266.640000,76336.550000,76113.020000,76281.980000,0.391020,1777571999999,1,0
0.109270,0.096577,2026-04-30 18:00:00+00:00,76257.920000,76443.430000,76238.870000,76358.630000,0.084330,1777575599999,1,0
0.110856,0.096370,2026-04-30 19:00:00+00:00,76353.580000,76517.070000,76341.580000,76422.390000,0.333890,1777579199999,1,0
0.111174,0.095597,2026-04-30 20:00:00+00:00,76428.700000,76564.470000,76352.160000,76532.940000,0.117320,1777582799999,1,0
0.110319,0.094936,2026-04-30 21:00:00+00:00,76498.700000,76533.140000,76274.620000,76277.900000,0.147140,1777586399999,1,0
0.109571,0.094756,2026-04-30 22:00:00+00:00,76249.450000,76459.590000,76222.670000,76222.670000,1.299290,1777589999999,1,0
0.106083,0.093146,2026-04-30 23:00:00+00:00,76243.110000,76385.230000,76240.440000,76327.210000,0.158770,1777593599999,1,0
0.107154,0.094081,2026-05-01 00:00:00+00:00,76354.390000,76600.000000,76354.390000,76412.500000,0.049190,1777597199999,1,0
0.110791,0.095208,2026-05-01 01:00:00+00:00,76472.180000,76761.310000,76468.390000,76688.720000,0.206830,1777600799999,0,0
0.108663,0.092507,2026-05-01 02:00:00+00:00,76704.740000,76723.180000,76527.820000,76527.820000,0.160280,1777604399999,1,0
0.118776,0.095640,2026-05-01 03:00:00+00:00,76611.620000,77393.410000,76553.220000,77107.340000,1.699110,1777607999999,0,0
0.123109,0.096968,2026-05-01 04:00:00+00:00,77165.600000,77213.680000,76905.610000,77034.570000,1.475470,1777611599999,0,0
0.116722,0.091172,2026-05-01 05:00:00+00:00,77053.670000,77210.890000,77039.810000,77187.810000,0.225760,1777615199999,0,0
0.119478,0.093176,2026-05-01 06:00:00+00:00,77166.010000,77180.530000,76875.010000,77106.350000,0.159920,1777618799999,0,0
0.118748,0.093180,2026-05-01 07:00:00+00:00,77036.840000,77116.470000,76985.590000,77116.470000,0.145110,1777622399999,0,0
0.127805,0.099992,2026-05-01 08:00:00+00:00,77128.690000,77479.820000,77056.680000,77383.950000,0.157890,1777625999999,0,0
0.124202,0.098346,2026-05-01 09:00:00+00:00,77362.650000,77372.160000,77211.420000,77250.950000,0.044710,1777629599999,0,0
0.118603,0.095079,2026-05-01 10:00:00+00:00,77229.820000,77406.680000,77155.930000,77326.980000,0.117450,1777633199999,0,0
0.117803,0.094723,2026-05-01 11:00:00+00:00,77291.460000,77581.680000,77274.950000,77465.080000,1.134260,1777636799999,0,0
0.124935,0.097684,2026-05-01 12:00:00+00:00,77471.900000,78143.640000,77426.220000,77970.000000,1.959300,1777640399999,0,0
0.140695,0.103575,2026-05-01 13:00:00+00:00,78025.300000,78920.700000,78025.300000,78712.300000,3.365280,1777643999999,0,0
0.122898,0.093674,2026-05-01 14:00:00+00:00,78711.940000,78871.350000,78050.250000,78335.830000,1.127440,1777647599999,0,0
0.115506,0.090092,2026-05-01 15:00:00+00:00,78319.560000,78714.850000,78214.850000,78469.000000,0.475570,1777651199999,0,0
0.114128,0.093055,2026-05-01 16:00:00+00:00,78514.850000,78699.490000,78212.710000,78260.940000,0.138650,1777654799999,0,0
0.118747,0.098711,2026-05-01 17:00:00+00:00,78289.390000,78586.550000,78149.080000,78538.700000,1.355310,1777658399999,0,0
0.117954,0.101158,2026-05-01 18:00:00+00:00,78586.190000,78632.600000,78427.250000,78427.250000,0.248190,1777661999999,0,0
0.109737,0.096373,2026-05-01 19:00:00+00:00,78452.990000,78530.000000,78309.570000,78428.650000,0.314550,1777665599999,0,0
0.113189,0.098985,2026-05-01 20:00:00+00:00,78431.690000,78431.690000,77775.720000,77899.750000,0.580810,1777669199999,0,0
0.108900,0.096172,2026-05-01 21:00:00+00:00,77890.300000,78205.520000,77890.300000,78188.040000,0.520790,1777672799999,0,0
0.103678,0.093465,2026-05-01 22:00:00+00:00,78226.590000,78419.310000,78155.760000,78171.680000,0.554100,1777676399999,0,0
0.094477,0.086122,2026-05-01 23:00:00+00:00,78150.440000,78235.090000,78041.650000,78235.090000,0.086400,1777679999999,0,0
0.096021,0.085290,2026-05-02 00:00:00+00:00,78235.090000,78399.970000,78204.060000,78351.720000,0.120640,1777683599999,0,0
0.095016,0.083235,2026-05-02 01:00:00+00:00,78314.330000,78447.090000,78299.110000,78325.430000,0.175950,1777687199999,0,0
0.097287,0.083365,2026-05-02 02:00:00+00:00,78343.140000,78498.950000,78292.910000,78357.900000,0.055350,1777690799999,0,0
0.100594,0.084585,2026-05-02 03:00:00+00:00,78375.460000,78502.950000,78251.090000,78458.460000,0.452400,1777694399999,0,0
0.103843,0.085750,2026-05-02 04:00:00+00:00,78406.860000,78443.760000,78125.120000,78192.900000,0.302440,1777697999999,0,0
0.106071,0.086331,2026-05-02 05:00:00+00:00,78179.460000,78229.960000,78043.730000,78208.710000,0.136870,1777701599999,0,0
0.107509,0.086225,2026-05-02 06:00:00+00:00,78202.870000,78330.280000,78153.930000,78330.280000,0.019890,1777705199999,0,0
0.109669,0.085758,2026-05-02 07:00:00+00:00,78350.240000,78362.980000,78210.640000,78224.960000,0.046640,1777708799999,0,0
0.108201,0.083780,2026-05-02 08:00:00+00:00,78209.790000,78336.220000,78171.500000,78336.220000,0.013560,1777712399999,0,0
0.110542,0.083306,2026-05-02 09:00:00+00:00,78310.250000,78347.280000,78309.370000,78333.030000,0.006100,1777715999999,0,0
0.111747,0.082053,2026-05-02 10:00:00+00:00,78296.410000,78317.230000,78235.280000,78274.380000,0.012450,1777719599999,0,0
0.117396,0.083201,2026-05-02 11:00:00+00:00,78200.030000,78206.610000,78127.850000,78129.190000,0.043580,1777723199999,0,0
0.117923,0.083133,2026-05-02 12:00:00+00:00,78135.060000,78235.650000,78122.940000,78224.870000,0.341370,1777726799999,0,0
0.120051,0.084644,2026-05-02 13:00:00+00:00,78245.590000,78429.130000,78145.690000,78359.390000,1.143000,1777730399999,0,0
0.119388,0.083862,2026-05-02 14:00:00+00:00,78371.080000,78471.150000,78321.960000,78437.110000,0.173070,1777733999999,0,0
0.116409,0.082129,2026-05-02 15:00:00+00:00,78439.090000,78471.150000,78386.190000,78456.490000,0.136310,1777737599999,0,0
0.114846,0.081210,2026-05-02 16:00:00+00:00,78471.150000,78575.070000,78429.160000,78479.480000,0.175330,1777741199999,0,0
0.114886,0.082405,2026-05-02 17:00:00+00:00,78467.140000,78495.830000,78404.970000,78404.970000,0.122890,1777744799999,0,0
0.115469,0.083770,2026-05-02 18:00:00+00:00,78384.420000,78453.820000,78334.410000,78453.820000,0.050770,1777748399999,0,0
0.114883,0.084414,2026-05-02 19:00:00+00:00,78471.210000,78503.970000,78446.580000,78465.790000,0.035350,1777751999999,0,0
0.115174,0.083879,2026-05-02 20:00:00+00:00,78478.720000,78479.160000,78411.230000,78462.530000,0.179800,1777755599999,0,0
0.121735,0.086525,2026-05-02 21:00:00+00:00,78496.530000,79143.400000,78456.110000,78729.500000,0.427410,1777759199999,0,0
0.123988,0.087086,2026-05-02 22:00:00+00:00,78741.860000,78884.890000,78652.450000,78848.800000,0.330950,1777762799999,0,0
0.116608,0.083639,2026-05-02 23:00:00+00:00,78821.320000,78835.350000,78652.240000,78674.910000,0.241090,1777766399999,0,0
0.116085,0.084387,2026-05-03 00:00:00+00:00,78702.310000,78732.690000,78500.000000,78546.310000,0.040020,1777769999999,0,0
0.117924,0.086534,2026-05-03 01:00:00+00:00,78520.990000,78525.810000,78175.080000,78269.200000,0.103300,1777773599999,0,0
0.118891,0.088022,2026-05-03 02:00:00+00:00,78248.100000,78295.020000,78098.100000,78180.030000,0.329900,1777777199999,0,0
0.115001,0.086846,2026-05-03 03:00:00+00:00,78154.820000,78203.800000,78120.000000,78203.800000,0.285640,1777780799999,0,0
0.114439,0.086587,2026-05-03 04:00:00+00:00,78193.270000,78232.480000,78107.160000,78163.780000,0.087610,1777784399999,1,0
0.114787,0.086548,2026-05-03 05:00:00+00:00,78185.810000,78253.030000,78185.810000,78239.330000,0.006880,1777787999999,1,0
0.115446,0.087005,2026-05-03 06:00:00+00:00,78207.460000,78302.400000,78090.040000,78302.400000,0.360580,1777791599999,0,0
0.114626,0.085829,2026-05-03 07:00:00+00:00,78294.770000,78424.630000,78294.770000,78350.500000,0.024030,1777795199999,0,0
0.114405,0.085365,2026-05-03 08:00:00+00:00,78387.810000,78488.510000,78387.810000,78414.970000,0.067970,1777798799999,0,0
0.115643,0.085724,2026-05-03 09:00:00+00:00,78367.990000,78622.100000,78367.990000,78538.870000,0.012870,1777802399999,0,0
0.113547,0.085283,2026-05-03 10:00:00+00:00,78527.180000,78527.180000,78441.300000,78441.300000,0.029880,1777805999999,0,0
0.118785,0.087145,2026-05-03 11:00:00+00:00,78392.160000,78817.620000,78392.160000,78728.780000,0.233090,1777809599999,0,0
0.122514,0.088961,2026-05-03 12:00:00+00:00,78695.640000,78860.940000,78678.590000,78754.990000,0.174980,1777813199999,0,0
0.117392,0.086254,2026-05-03 13:00:00+00:00,78732.530000,78781.290000,78610.290000,78674.950000,0.063250,1777816799999,0,0
0.117994,0.087267,2026-05-03 14:00:00+00:00,78714.000000,78795.090000,78649.780000,78772.290000,0.437720,1777820399999,0,0
0.117093,0.087848,2026-05-03 15:00:00+00:00,78737.010000,78810.440000,78656.950000,78657.020000,0.130090,1777823999999,0,0
0.115655,0.088622,2026-05-03 16:00:00+00:00,78681.310000,78747.570000,78630.750000,78706.000000,0.103270,1777827599999,0,0
0.113268,0.088146,2026-05-03 17:00:00+00:00,78618.990000,78815.490000,78591.940000,78726.500000,0.193860,1777831199999,0,0
0.110640,0.087126,2026-05-03 18:00:00+00:00,78726.340000,78784.870000,78647.340000,78761.540000,0.060270,1777834799999,0,0
0.108608,0.086625,2026-05-03 19:00:00+00:00,78747.220000,78843.990000,78672.360000,78790.380000,0.428150,1777838399999,0,0
0.108736,0.086674,2026-05-03 20:00:00+00:00,78750.460000,79253.600000,78728.510000,78930.060000,1.566070,1777841999999,0,0
0.106077,0.086220,2026-05-03 21:00:00+00:00,78904.690000,79064.200000,78644.040000,78840.590000,0.365970,1777845599999,0,0
0.108413,0.087559,2026-05-03 22:00:00+00:00,78865.100000,79427.870000,78849.370000,79190.010000,1.044250,1777849199999,0,0
0.110433,0.090064,2026-05-03 23:00:00+00:00,79190.000000,79269.000000,78510.850000,78565.730000,2.755260,1777852799999,0,0
0.111029,0.090685,2026-05-04 00:00:00+00:00,78500.000000,78569.720000,78311.310000,78569.720000,0.321520,1777856399999,0,0
0.132821,0.101705,2026-05-04 01:00:00+00:00,78505.300000,79828.270000,78414.890000,79737.450000,0.854980,1777859999999,0,0
0.145035,0.104874,2026-05-04 02:00:00+00:00,79773.970000,80393.770000,79563.300000,80193.480000,4.359090,1777863599999,0,0
0.122208,0.089424,2026-05-04 03:00:00+00:00,80188.110000,80468.100000,79920.010000,80300.380000,1.428860,1777867199999,0,0
0.112808,0.083429,2026-05-04 04:00:00+00:00,80322.860000,80633.100000,80267.540000,80311.720000,1.885460,1777870799999,0,0
0.117049,0.089271,2026-05-04 05:00:00+00:00,80386.400000,80392.490000,79971.300000,80047.470000,0.149760,1777874399999,0,0
0.123722,0.100262,2026-05-04 06:00:00+00:00,80036.690000,80036.690000,79500.000000,79886.160000,0.246900,1777877999999,0,0
0.120347,0.101432,2026-05-04 07:00:00+00:00,79851.150000,79957.900000,79803.590000,79803.590000,0.085070,1777881599999,0,0
0.116740,0.100560,2026-05-04 08:00:00+00:00,79716.660000,79779.910000,79607.290000,79720.290000,0.076650,1777885199999,0,0
0.112460,0.099147,2026-05-04 09:00:00+00:00,79680.430000,79935.290000,79680.430000,79854.210000,0.022980,1777888799999,0,0
0.123297,0.104835,2026-05-04 10:00:00+00:00,79720.290000,79720.290000,78230.480000,78915.380000,1.478010,1777892399999,1,0
0.118752,0.102503,2026-05-04 11:00:00+00:00,78949.500000,79121.660000,78705.140000,78836.440000,1.774290,1777895999999,1,0
0.099469,0.092854,2026-05-04 12:00:00+00:00,78787.220000,79006.370000,78723.340000,78855.670000,0.107810,1777899599999,1,0
0.100850,0.092850,2026-05-04 13:00:00+00:00,78766.250000,79128.190000,78622.220000,78802.870000,0.293740,1777903199999,1,0
0.130789,0.107031,2026-05-04 14:00:00+00:00,78806.860000,80529.970000,78526.860000,80256.850000,0.647950,1777906799999,0,0
0.125580,0.100547,2026-05-04 15:00:00+00:00,80244.300000,80358.040000,79358.130000,80034.510000,3.966230,1777910399999,0,0
0.100500,0.082477,2026-05-04 16:00:00+00:00,80024.900000,80361.850000,79625.810000,80005.720000,2.411870,1777913999999,0,0
0.108548,0.087410,2026-05-04 17:00:00+00:00,80047.950000,80739.020000,80032.260000,80367.860000,11.482200,1777917599999,0,0
0.112783,0.091750,2026-05-04 18:00:00+00:00,80343.750000,80450.990000,80052.390000,80118.970000,1.857010,1777921199999,0,0
0.119212,0.099985,2026-05-04 19:00:00+00:00,80121.290000,80121.290000,79831.700000,80088.580000,0.801760,1777924799999,0,0
0.119121,0.100431,2026-05-04 20:00:00+00:00,80009.830000,80135.500000,79907.300000,79956.100000,0.852860,1777928399999,0,0
0.127495,0.104563,2026-05-04 21:00:00+00:00,80002.990000,80384.310000,79969.370000,80294.980000,0.302290,1777931999999,0,0
0.124136,0.103913,2026-05-04 22:00:00+00:00,80335.720000,80405.480000,80088.990000,80092.540000,0.376040,1777935599999,0,0
0.119678,0.099518,2026-05-04 23:00:00+00:00,80058.290000,80058.290000,79749.150000,79858.720000,0.553330,1777939199999,0,0
0.114573,0.095741,2026-05-05 00:00:00+00:00,79856.960000,80183.430000,79798.030000,80154.500000,0.456350,1777942799999,0,0
0.103485,0.091758,2026-05-05 01:00:00+00:00,80165.920000,80388.590000,80070.340000,80340.060000,0.057350,1777946399999,0,0
0.101416,0.090476,2026-05-05 02:00:00+00:00,80337.010000,80875.880000,80337.010000,80528.420000,1.058100,1777949999999,0,0
0.104547,0.091263,2026-05-05 03:00:00+00:00,80562.990000,81079.470000,80485.390000,80903.040000,0.521750,1777953599999,0,0
0.100825,0.089586,2026-05-05 04:00:00+00:00,80877.190000,80978.990000,80736.520000,80924.480000,0.271810,1777957199999,0,0
0.096363,0.088712,2026-05-05 05:00:00+00:00,80897.250000,81297.970000,80842.530000,80981.060000,0.928580,1777960799999,0,0
0.096435,0.091598,2026-05-05 06:00:00+00:00,81000.190000,81002.610000,80816.130000,80912.450000,0.215490,1777964399999,0,0
0.097061,0.095098,2026-05-05 07:00:00+00:00,80965.910000,81133.100000,80831.750000,80831.750000,2.267680,1777967999999,0,0
0.095407,0.097193,2026-05-05 08:00:00+00:00,80851.510000,80902.500000,80728.110000,80782.800000,0.066880,1777971599999,0,0
0.095278,0.098486,2026-05-05 09:00:00+00:00,80739.220000,80739.220000,80576.260000,80585.030000,0.089890,1777975199999,0,0
0.095150,0.097527,2026-05-05 10:00:00+00:00,80540.910000,80785.960000,80540.910000,80751.610000,0.185320,1777978799999,0,0
0.095951,0.096742,2026-05-05 11:00:00+00:00,80805.700000,81086.000000,80805.700000,80973.670000,1.656850,1777982399999,0,0
0.097868,0.094116,2026-05-05 12:00:00+00:00,81005.920000,81304.370000,80994.900000,81275.630000,2.698770,1777985999999,0,0
0.095547,0.088642,2026-05-05 13:00:00+00:00,81304.370000,81682.290000,81230.310000,81234.580000,0.725940,1777989599999,0,0
0.090317,0.085303,2026-05-05 14:00:00+00:00,81238.510000,81489.380000,80974.340000,81356.040000,0.378950,1777993199999,0,0
0.096216,0.090104,2026-05-05 15:00:00+00:00,81318.700000,81665.970000,81274.640000,81553.380000,2.050410,1777996799999,0,0
0.096539,0.091929,2026-05-05 16:00:00+00:00,81553.380000,81593.490000,81079.030000,81246.190000,0.337350,1778000399999,0,0
0.097385,0.094334,2026-05-05 17:00:00+00:00,81268.330000,81444.420000,81200.000000,81251.370000,0.577950,1778003999999,0,0
0.099188,0.096317,2026-05-05 18:00:00+00:00,81292.810000,81571.840000,81292.810000,81515.390000,0.344670,1778007599999,0,0
0.100279,0.097135,2026-05-05 19:00:00+00:00,81489.290000,81682.280000,81407.580000,81576.460000,0.737930,1778011199999,0,0
0.096286,0.093384,2026-05-05 20:00:00+00:00,81588.190000,81760.030000,81519.780000,81636.710000,0.895410,1778014799999,0,0
0.092184,0.091318,2026-05-05 21:00:00+00:00,81654.840000,81770.350000,81294.610000,81439.770000,0.125790,1778018399999,0,0
0.093790,0.092847,2026-05-05 22:00:00+00:00,81477.490000,81600.610000,80843.970000,81126.830000,0.609500,1778021999999,0,0
0.096466,0.093778,2026-05-05 23:00:00+00:00,81095.530000,81231.630000,80813.620000,80933.100000,1.285820,1778025599999,0,0
0.095628,0.092539,2026-05-06 00:00:00+00:00,80870.120000,81241.080000,80767.490000,81028.890000,1.265220,1778029199999,0,0
0.102475,0.095954,2026-05-06 01:00:00+00:00,81036.920000,81512.860000,81016.490000,81411.690000,2.481200,1778032799999,0,0
0.100353,0.093172,2026-05-06 02:00:00+00:00,81429.500000,81429.500000,81061.870000,81353.110000,1.069200,1778036399999,0,0
0.096282,0.088991,2026-05-06 03:00:00+00:00,81367.220000,81729.560000,81367.220000,81579.540000,2.877120,1778039999999,0,0
0.095866,0.089349,2026-05-06 04:00:00+00:00,81588.470000,81613.510000,81249.470000,81321.560000,4.198840,1778043599999,0,0
0.096511,0.090950,2026-05-06 05:00:00+00:00,81323.530000,81335.940000,81074.220000,81276.480000,5.546700,1778047199999,0,0
0.097961,0.093727,2026-05-06 06:00:00+00:00,81320.260000,81500.990000,81118.250000,81482.630000,7.024220,1778050799999,0,0
0.098163,0.094037,2026-05-06 07:00:00+00:00,81482.630000,81583.990000,81200.440000,81339.390000,5.708060,1778054399999,0,0
0.108443,0.098382,2026-05-06 08:00:00+00:00,81326.700000,81966.700000,81326.700000,81942.750000,1.327680,1778057999999,0,0
0.113097,0.099164,2026-05-06 09:00:00+00:00,81884.150000,82047.480000,81679.130000,81974.490000,11.914940,1778061599999,0,0
0.108891,0.093947,2026-05-06 10:00:00+00:00,82000.380000,82352.850000,81933.800000,82276.000000,3.238270,1778065199999,0,0
0.112925,0.096798,2026-05-06 11:00:00+00:00,82268.060000,82807.000000,82268.060000,82516.830000,1.155100,1778068799999,0,0
0.105342,0.093945,2026-05-06 12:00:00+00:00,82508.300000,82529.890000,81844.050000,82209.720000,5.617060,1778072399999,0,0
0.112827,0.102204,2026-05-06 13:00:00+00:00,82194.790000,82202.380000,81613.800000,81681.840000,2.527990,1778075999999,0,0
0.110347,0.103168,2026-05-06 14:00:00+00:00,81638.900000,81954.070000,81152.850000,81528.120000,3.037230,1778079599999,0,0
0.103990,0.101648,2026-05-06 15:00:00+00:00,81551.290000,81808.850000,81305.200000,81698.050000,8.241410,1778083199999,0,0
0.101707,0.100665,2026-05-06 16:00:00+00:00,81731.460000,81866.170000,81448.100000,81622.780000,2.773620,1778086799999,0,0
0.097916,0.098160,2026-05-06 17:00:00+00:00,81629.200000,81689.270000,81400.770000,81503.210000,4.988740,1778090399999,0,0
0.097046,0.098399,2026-05-06 18:00:00+00:00,81466.040000,81570.930000,81297.810000,81354.300000,3.731990,1778093999999,0,0
0.093932,0.096776,2026-05-06 19:00:00+00:00,81353.090000,81509.310000,81205.310000,81502.400000,2.302730,1778097599999,0,0
0.094001,0.097405,2026-05-06 20:00:00+00:00,81459.940000,81668.640000,81323.880000,81399.780000,1.948340,1778101199999,0,0
0.093340,0.096478,2026-05-06 21:00:00+00:00,81442.350000,81620.130000,81322.490000,81509.730000,1.514920,1778104799999,0,0
0.094171,0.096878,2026-05-06 22:00:00+00:00,81503.190000,81520.880000,81256.140000,81353.200000,0.466910,1778108399999,0,0
0.092775,0.095282,2026-05-06 23:00:00+00:00,81346.820000,81444.850000,81008.730000,81444.830000,0.514690,1778111999999,0,0
0.097367,0.098305,2026-05-07 00:00:00+00:00,81434.940000,81494.320000,80985.160000,80985.160000,2.551210,1778115599999,0,0
0.098313,0.098549,2026-05-07 01:00:00+00:00,81012.220000,81299.580000,80865.310000,81187.200000,0.365250,1778119199999,0,0
0.097192,0.098100,2026-05-07 02:00:00+00:00,81161.960000,81161.960000,80887.020000,81129.430000,0.605280,1778122799999,0,0
0.099220,0.098851,2026-05-07 03:00:00+00:00,81085.800000,81111.540000,80841.110000,80841.110000,0.315520,1778126399999,0,0
0.099706,0.098633,2026-05-07 04:00:00+00:00,80855.190000,80991.490000,80750.100000,80987.180000,0.347440,1778129999999,0,0
0.100301,0.098754,2026-05-07 05:00:00+00:00,80987.180000,81158.500000,80987.180000,81050.020000,0.935060,1778133599999,0,0
0.105823,0.100137,2026-05-07 06:00:00+00:00,81052.850000,81428.560000,80873.700000,81428.560000,0.340760,1778137199999,0,0
0.106553,0.098290,2026-05-07 07:00:00+00:00,81428.570000,81696.490000,81399.470000,81502.360000,0.418000,1778140799999,0,0
0.101098,0.094077,2026-05-07 08:00:00+00:00,81498.170000,81589.690000,81216.290000,81216.290000,0.232390,1778144399999,0,0
0.105114,0.098382,2026-05-07 09:00:00+00:00,81200.660000,81212.190000,80877.220000,80946.980000,0.329640,1778147999999,0,0
0.104070,0.099564,2026-05-07 10:00:00+00:00,80906.330000,80997.760000,80589.080000,80858.390000,1.331910,1778151599999,0,0
0.101357,0.099056,2026-05-07 11:00:00+00:00,80858.390000,81043.380000,80823.670000,80892.200000,0.292650,1778155199999,0,0
0.105053,0.101230,2026-05-07 12:00:00+00:00,80835.370000,81158.510000,80835.360000,81158.510000,0.539950,1778158799999,0,0
0.106957,0.102637,2026-05-07 13:00:00+00:00,81085.750000,81144.190000,80259.590000,80583.050000,1.466340,1778162399999,0,0
0.112825,0.105930,2026-05-07 14:00:00+00:00,80472.440000,80672.520000,80053.670000,80219.030000,0.743800,1778165999999,0,0
0.112505,0.107423,2026-05-07 15:00:00+00:00,80162.690000,80273.930000,79731.140000,79863.120000,1.377420,1778169599999,0,0
0.111640,0.107950,2026-05-07 16:00:00+00:00,79851.420000,80004.520000,79700.000000,79793.360000,9.926590,1778173199999,0,0
0.112106,0.108538,2026-05-07 17:00:00+00:00,79808.270000,80120.210000,79500.010000,80107.750000,0.380520,1778176799999,0,0
0.112677,0.108789,2026-05-07 18:00:00+00:00,80112.280000,80283.000000,80043.760000,80218.120000,0.314940,1778180399999,0,0
0.103954,0.102257,2026-05-07 19:00:00+00:00,80180.020000,80218.000000,79961.220000,80116.110000,3.708510,1778183999999,0,0
0.105829,0.103575,2026-05-07 20:00:00+00:00,80168.360000,80361.850000,79868.680000,79868.680000,1.659830,1778187599999,0,0
0.106683,0.105115,2026-05-07 21:00:00+00:00,79897.010000,79937.530000,79652.450000,79776.210000,0.425810,1778191199999,0,0
0.106111,0.105919,2026-05-07 22:00:00+00:00,79741.750000,79974.200000,79625.180000,79940.780000,0.469290,1778194799999,0,0
0.107217,0.106757,2026-05-07 23:00:00+00:00,79919.770000,80070.980000,79883.900000,80034.950000,0.333510,1778198399999,0,0
0.101685,0.103626,2026-05-08 00:00:00+00:00,80038.550000,80134.490000,79736.660000,79763.690000,0.141400,1778201999999,0,0
0.100269,0.102972,2026-05-08 01:00:00+00:00,79883.200000,79906.790000,79603.700000,79752.800000,0.420380,1778205599999,0,0
0.099832,0.103153,2026-05-08 02:00:00+00:00,79708.000000,79708.000000,79358.130000,79572.140000,1.949850,1778209199999,0,0
0.100922,0.103733,2026-05-08 03:00:00+00:00,79488.700000,79640.530000,79244.310000,79579.660000,0.366450,1778212799999,0,0
0.099721,0.102885,2026-05-08 04:00:00+00:00,79579.660000,79731.140000,79554.680000,79649.560000,0.270150,1778216399999,0,0
0.098967,0.102394,2026-05-08 05:00:00+00:00,79659.260000,79755.980000,79603.990000,79603.990000,0.095850,1778219999999,0,0
0.099057,0.102518,2026-05-08 06:00:00+00:00,79584.390000,79669.690000,79413.300000,79485.650000,0.040060,1778223599999,0,0
0.099493,0.102578,2026-05-08 07:00:00+00:00,79509.510000,79731.130000,79308.460000,79718.800000,0.060430,1778227199999,0,0
0.103491,0.104165,2026-05-08 08:00:00+00:00,79695.850000,79983.330000,79665.390000,79929.660000,0.030200,1778230799999,0,0
0.099225,0.099970,2026-05-08 09:00:00+00:00,79858.600000,80038.730000,79780.830000,79890.100000,0.113170,1778234399999,0,0
0.103127,0.100263,2026-05-08 10:00:00+00:00,79914.430000,80238.050000,79791.650000,80227.370000,0.043260,1778237999999,0,0
0.104238,0.100669,2026-05-08 11:00:00+00:00,80242.410000,80312.960000,80179.710000,80179.710000,0.045660,1778241599999,0,0
0.102536,0.099938,2026-05-08 12:00:00+00:00,80258.770000,80466.110000,80000.000000,80000.000000,0.133800,1778245199999,0,0
0.107036,0.104553,2026-05-08 13:00:00+00:00,80030.080000,80112.560000,79566.090000,79638.900000,0.938570,1778248799999,0,0
0.108455,0.106110,2026-05-08 14:00:00+00:00,79662.490000,80416.650000,79662.490000,80127.840000,2.632410,1778252399999,0,0
0.110309,0.108289,2026-05-08 15:00:00+00:00,80195.530000,80199.300000,79640.530000,80124.990000,0.827300,1778255999999,0,0
0.102863,0.101864,2026-05-08 16:00:00+00:00,80182.970000,80182.970000,79780.360000,79841.650000,1.351930,1778259599999,0,0
0.100557,0.100450,2026-05-08 17:00:00+00:00,79867.270000,80251.620000,79756.280000,80023.910000,1.277840,1778263199999,0,0
0.097265,0.099172,2026-05-08 18:00:00+00:00,80135.310000,80281.980000,80083.140000,80083.140000,0.294360,1778266799999,0,0
0.094179,0.098191,2026-05-08 19:00:00+00:00,80046.840000,80149.580000,79974.200000,80129.640000,0.108250,1778270399999,0,0
0.092489,0.096614,2026-05-08 20:00:00+00:00,80167.390000,80273.570000,80073.630000,80122.980000,2.316370,1778273999999,0,0
0.093121,0.096333,2026-05-08 21:00:00+00:00,80122.980000,80245.000000,80112.260000,80245.000000,0.454870,1778277599999,0,0
0.094600,0.098095,2026-05-08 22:00:00+00:00,80250.040000,80411.520000,80250.040000,80289.920000,0.170010,1778281199999,0,0
0.092965,0.097356,2026-05-08 23:00:00+00:00,80279.080000,80305.640000,80113.250000,80205.470000,0.937210,1778284799999,0,0
0.093397,0.097739,2026-05-09 00:00:00+00:00,80180.300000,80247.880000,80125.360000,80247.880000,0.187250,1778288399999,0,0
0.091747,0.097105,2026-05-09 01:00:00+00:00,80236.000000,80426.480000,80233.620000,80337.540000,1.547720,1778291999999,0,0
0.093901,0.097860,2026-05-09 02:00:00+00:00,80353.850000,80462.540000,80077.200000,80418.170000,3.900180,1778295599999,0,0
0.093513,0.096561,2026-05-09 03:00:00+00:00,80412.130000,80532.400000,80274.300000,80404.900000,0.520050,1778299199999,0,0
0.090853,0.094159,2026-05-09 04:00:00+00:00,80400.300000,80635.440000,80384.960000,80400.580000,0.084630,1778302799999,0,0
0.091101,0.094066,2026-05-09 05:00:00+00:00,80395.870000,80483.420000,80360.510000,80403.510000,0.019700,1778306399999,0,0
0.094534,0.095591,2026-05-09 06:00:00+00:00,80426.280000,80436.400000,80204.270000,80221.680000,0.023790,1778309999999,0,0
0.095067,0.095281,2026-05-09 07:00:00+00:00,80272.210000,80296.410000,80158.260000,80224.270000,0.042020,1778313599999,0,0
0.095226,0.095339,2026-05-09 08:00:00+00:00,80224.270000,80454.320000,80000.000000,80390.770000,2.507640,1778317199999,0,0
0.094994,0.094488,2026-05-09 09:00:00+00:00,80386.210000,80415.010000,80207.500000,80229.400000,0.030980,1778320799999,0,0
0.094012,0.093414,2026-05-09 10:00:00+00:00,80217.600000,80347.090000,80182.920000,80256.600000,0.048630,1778324399999,0,0
0.093157,0.092875,2026-05-09 11:00:00+00:00,80260.700000,80379.930000,80259.800000,80348.610000,0.025660,1778327999999,0,0
0.093518,0.092505,2026-05-09 12:00:00+00:00,80345.200000,80412.660000,80277.280000,80392.760000,0.260990,1778331599999,0,0
0.094168,0.091135,2026-05-09 13:00:00+00:00,80407.560000,80424.230000,80296.780000,80398.490000,0.056180,1778335199999,0,0
0.094624,0.091076,2026-05-09 14:00:00+00:00,80401.610000,80425.460000,80219.700000,80299.090000,0.425680,1778338799999,0,0
0.098106,0.092793,2026-05-09 15:00:00+00:00,80335.540000,80578.750000,80250.880000,80530.270000,0.316220,1778342399999,0,0
0.102869,0.094510,2026-05-09 16:00:00+00:00,80526.500000,80755.850000,80485.830000,80628.170000,2.489380,1778345999999,0,0
0.104487,0.093514,2026-05-09 17:00:00+00:00,80641.580000,80908.730000,80638.950000,80823.560000,2.545810,1778349599999,0,0
0.105158,0.092827,2026-05-09 18:00:00+00:00,80823.560000,81069.590000,80789.440000,80901.030000,0.697080,1778353199999,0,0
0.102273,0.090501,2026-05-09 19:00:00+00:00,80920.490000,80966.300000,80814.770000,80909.600000,2.309820,1778356799999,0,0
0.104173,0.092652,2026-05-09 20:00:00+00:00,80951.800000,80951.800000,80761.080000,80789.970000,0.076550,1778360399999,0,0
0.104004,0.093649,2026-05-09 21:00:00+00:00,80821.700000,80884.170000,80762.000000,80805.790000,0.370940,1778363999999,0,0
0.102209,0.093877,2026-05-09 22:00:00+00:00,80792.000000,80808.020000,80689.330000,80760.600000,0.246000,1778367599999,0,0
0.101976,0.093713,2026-05-09 23:00:00+00:00,80807.040000,80814.900000,80654.440000,80697.780000,0.064800,1778371199999,0,0
0.100740,0.092908,2026-05-10 00:00:00+00:00,80698.890000,80783.450000,80629.130000,80660.890000,0.343340,1778374799999,0,0
0.098421,0.091540,2026-05-10 01:00:00+00:00,80670.000000,80675.440000,80574.280000,80675.440000,0.280520,1778378399999,0,0
0.096225,0.090410,2026-05-10 02:00:00+00:00,80673.410000,80783.840000,80609.630000,80757.660000,0.040520,1778381999999,0,0
0.094949,0.089251,2026-05-10 03:00:00+00:00,80761.210000,80878.240000,79537.170000,80806.560000,2.894220,1778385599999,0,0
0.092496,0.087112,2026-05-10 04:00:00+00:00,80775.360000,80826.530000,80718.380000,80792.530000,0.126480,1778389199999,0,0
0.092821,0.087021,2026-05-10 05:00:00+00:00,80754.150000,80820.680000,80707.970000,80731.800000,0.030990,1778392799999,0,0
0.093584,0.087132,2026-05-10 06:00:00+00:00,80727.520000,80762.830000,80654.000000,80748.290000,0.068010,1778396399999,0,0
0.094064,0.087150,2026-05-10 07:00:00+00:00,80756.990000,80821.820000,80751.060000,80752.550000,0.015850,1778399999999,0,0
0.098085,0.088606,2026-05-10 08:00:00+00:00,80736.490000,80919.190000,80704.670000,80919.190000,0.008910,1778403599999,0,0
0.098617,0.087947,2026-05-10 09:00:00+00:00,80909.190000,80909.190000,80752.470000,80752.470000,0.007330,1778407199999,0,0
0.099702,0.087013,2026-05-10 10:00:00+00:00,80800.100000,80878.640000,80722.590000,80878.640000,0.011240,1778410799999,0,0
0.100490,0.087117,2026-05-10 11:00:00+00:00,80884.460000,80959.030000,80770.920000,80846.900000,2.257210,1778414399999,0,0
0.100086,0.085904,2026-05-10 12:00:00+00:00,80839.300000,80947.930000,80800.950000,80911.830000,0.144330,1778417999999,0,0
0.101714,0.086237,2026-05-10 13:00:00+00:00,80920.790000,80989.890000,80889.690000,80943.250000,0.057940,1778421599999,0,0
0.102002,0.084762,2026-05-10 14:00:00+00:00,80983.380000,80998.680000,80803.220000,80938.140000,0.202260,1778425199999,0,0
0.114498,0.089922,2026-05-10 15:00:00+00:00,80993.520000,81428.570000,80940.390000,81387.750000,0.669650,1778428799999,0,0
0.115786,0.089711,2026-05-10 16:00:00+00:00,81428.570000,81486.630000,81191.120000,81385.480000,2.433480,1778432399999,0,0
0.107996,0.084627,2026-05-10 17:00:00+00:00,81361.020000,81562.500000,81243.690000,81464.960000,0.950470,1778435999999,0,0
0.108412,0.085934,2026-05-10 18:00:00+00:00,81439.700000,81482.440000,81226.520000,81282.490000,1.499430,1778439599999,0,0
0.108845,0.087236,2026-05-10 19:00:00+00:00,81218.780000,81492.090000,81144.720000,81445.000000,0.093400,1778443199999,0,0
0.118044,0.093845,2026-05-10 20:00:00+00:00,81430.400000,81452.100000,80292.990000,80707.830000,0.197310,1778446799999,0,0
0.117617,0.093533,2026-05-10 21:00:00+00:00,80718.590000,80938.390000,80580.000000,80777.040000,0.270540,1778450399999,0,0
0.139702,0.104784,2026-05-10 22:00:00+00:00,80691.500000,82145.940000,80691.500000,82061.150000,4.703600,1778453999999,0,0
0.138651,0.101252,2026-05-10 23:00:00+00:00,82054.800000,82447.410000,82003.030000,82154.400000,8.743790,1778457599999,0,0
0.114604,0.085762,2026-05-11 00:00:00+00:00,82262.150000,82288.400000,81299.640000,81476.020000,2.690430,1778461199999,0,0
0.113132,0.085140,2026-05-11 01:00:00+00:00,81483.440000,81730.360000,81301.910000,81486.590000,0.733500,1778464799999,0,0
0.108560,0.086618,2026-05-11 02:00:00+00:00,81558.910000,81558.910000,81158.510000,81200.000000,0.731000,1778468399999,0,0
0.119982,0.095504,2026-05-11 03:00:00+00:00,81159.750000,81159.750000,80548.130000,80723.150000,0.533690,1778471999999,0,0
0.117363,0.094408,2026-05-11 04:00:00+00:00,80703.810000,80876.030000,80662.470000,80876.030000,0.218510,1778475599999,0,0
0.113653,0.092878,2026-05-11 05:00:00+00:00,80823.320000,80989.860000,80779.650000,80837.600000,0.164580,1778479199999,0,0
0.111797,0.090527,2026-05-11 06:00:00+00:00,80836.710000,81025.930000,80789.530000,80857.950000,1.416950,1778482799999,0,0
0.112731,0.090467,2026-05-11 07:00:00+00:00,80805.530000,80835.670000,80707.830000,80800.710000,0.085690,1778486399999,0,0
0.110796,0.089021,2026-05-11 08:00:00+00:00,80779.770000,80852.590000,80650.000000,80843.610000,0.038680,1778489999999,0,0
0.112168,0.089127,2026-05-11 09:00:00+00:00,80855.800000,80999.100000,80855.800000,80937.750000,0.004990,1778493599999,0,0
0.111972,0.088132,2026-05-11 10:00:00+00:00,80963.010000,81192.710000,80963.010000,81023.690000,0.174700,1778497199999,0,0
0.109743,0.086222,2026-05-11 11:00:00+00:00,80989.780000,81192.720000,80984.000000,81182.240000,0.037370,1778500799999,0,0
0.108160,0.084553,2026-05-11 12:00:00+00:00,81192.720000,81342.300000,81029.810000,81085.640000,1.537640,1778504399999,0,0
0.107530,0.084105,2026-05-11 13:00:00+00:00,81084.220000,81338.020000,80775.500000,81037.590000,0.421690,1778507999999,0,0
0.108462,0.085130,2026-05-11 14:00:00+00:00,81069.550000,81252.990000,80489.510000,80990.830000,0.877230,1778511599999,0,0
0.118251,0.089411,2026-05-11 15:00:00+00:00,80943.630000,81447.100000,80852.140000,81438.090000,0.078360,1778515199999,0,0
0.123236,0.090871,2026-05-11 16:00:00+00:00,81420.300000,81895.820000,81377.130000,81590.570000,0.581790,1778518799999,0,0
0.122535,0.087777,2026-05-11 17:00:00+00:00,81591.780000,82059.790000,81374.580000,81936.410000,0.444820,1778522399999,0,0
0.121647,0.086664,2026-05-11 18:00:00+00:00,81945.830000,82118.280000,81878.570000,81976.760000,2.679290,1778525999999,0,0
0.113586,0.083257,2026-05-11 19:00:00+00:00,81863.550000,82093.910000,81773.910000,81955.090000,2.957510,1778529599999,0,0
0.116873,0.087027,2026-05-11 20:00:00+00:00,82015.060000,82093.720000,81791.840000,81854.530000,0.172770,1778533199999,0,0
0.117760,0.088913,2026-05-11 21:00:00+00:00,81851.030000,81893.110000,81606.870000,81805.660000,0.141570,1778536799999,0,0
0.114273,0.089953,2026-05-11 22:00:00+00:00,81831.500000,81985.430000,81759.610000,81855.560000,0.254380,1778540399999,0,0
0.110921,0.089728,2026-05-11 23:00:00+00:00,81822.570000,81840.380000,81609.110000,81774.050000,0.094200,1778543999999,0,0
0.109189,0.089755,2026-05-12 00:00:00+00:00,81730.000000,81801.360000,81497.110000,81556.290000,0.118200,1778547599999,0,0
0.108025,0.090035,2026-05-12 01:00:00+00:00,81558.580000,81631.370000,80707.920000,81207.000000,0.569010,1778551199999,0,0
0.101778,0.087509,2026-05-12 02:00:00+00:00,81244.140000,81340.280000,81115.420000,81229.150000,0.216170,1778554799999,0,0
0.100953,0.086596,2026-05-12 03:00:00+00:00,81298.630000,81298.630000,81047.740000,81059.760000,0.093640,1778558399999,0,0
0.102165,0.086440,2026-05-12 04:00:00+00:00,81038.390000,81301.930000,81016.630000,81236.460000,0.277730,1778561999999,0,0
0.103420,0.086688,2026-05-12 05:00:00+00:00,81235.510000,81301.930000,81203.520000,81240.000000,0.094760,1778565599999,0,0
0.103462,0.085727,2026-05-12 06:00:00+00:00,81269.070000,81304.760000,81034.220000,81060.630000,0.028640,1778569199999,0,0
0.106297,0.086451,2026-05-12 07:00:00+00:00,81024.280000,81149.650000,80842.350000,80967.100000,1.858390,1778572799999,0,0
0.106167,0.085835,2026-05-12 08:00:00+00:00,80860.700000,80966.690000,80772.940000,80950.490000,0.126320,1778576399999,0,0
0.108376,0.086702,2026-05-12 09:00:00+00:00,80843.520000,80954.270000,80728.180000,80842.940000,0.031270,1778579999999,0,0
0.111196,0.087983,2026-05-12 10:00:00+00:00,80804.610000,80844.280000,80625.000000,80664.540000,0.178360,1778583599999,0,0
0.109442,0.087333,2026-05-12 11:00:00+00:00,80684.530000,80760.280000,80516.860000,80759.460000,0.115180,1778587199999,0,0
0.111200,0.088100,2026-05-12 12:00:00+00:00,80793.000000,81011.210000,80651.000000,80907.470000,1.361090,1778590799999,0,0
0.116277,0.089740,2026-05-12 13:00:00+00:00,80923.890000,80944.270000,80418.070000,80418.070000,0.427650,1778594399999,0,0
0.118166,0.089802,2026-05-12 14:00:00+00:00,80411.680000,80847.610000,80382.200000,80551.770000,1.342830,1778597999999,0,0
0.115133,0.088962,2026-05-12 15:00:00+00:00,80522.010000,80655.090000,80191.370000,80375.850000,0.330040,1778601599999,0,0
0.122449,0.092865,2026-05-12 16:00:00+00:00,80272.280000,80426.470000,79865.300000,79998.430000,3.379210,1778605199999,0,0
0.123475,0.093880,2026-05-12 17:00:00+00:00,80024.020000,80555.990000,79945.890000,80529.010000,2.150990,1778608799999,0,0
0.126204,0.095421,2026-05-12 18:00:00+00:00,80520.440000,80742.700000,80474.000000,80681.940000,0.168440,1778612399999,0,0
0.116519,0.088091,2026-05-12 19:00:00+00:00,80691.680000,80878.240000,80691.680000,80827.750000,0.101640,1778615999999,0,0
0.111903,0.085096,2026-05-12 20:00:00+00:00,80827.750000,80899.820000,80634.000000,80697.330000,0.114970,1778619599999,0,0
0.112084,0.085530,2026-05-12 21:00:00+00:00,80737.750000,80741.860000,80507.590000,80593.970000,0.214730,1778623199999,0,0
0.113173,0.088965,2026-05-12 22:00:00+00:00,80616.020000,80781.800000,80611.890000,80648.730000,0.250150,1778626799999,0,0
0.114390,0.090637,2026-05-12 23:00:00+00:00,80704.090000,80711.790000,80464.200000,80483.200000,0.187490,1778630399999,0,0
0.116273,0.091764,2026-05-13 00:00:00+00:00,80490.160000,80780.230000,80462.540000,80726.220000,0.197240,1778633999999,0,0
0.122765,0.094253,2026-05-13 01:00:00+00:00,80715.430000,81170.400000,80693.110000,81021.420000,3.580270,1778637599999,0,0
0.118692,0.090671,2026-05-13 02:00:00+00:00,81013.600000,81270.230000,80865.250000,81041.600000,10.669430,1778641199999,0,0
0.115510,0.087979,2026-05-13 03:00:00+00:00,81047.730000,81299.990000,80980.410000,81208.970000,5.581640,1778644799999,0,0
0.110236,0.086060,2026-05-13 04:00:00+00:00,81273.630000,81273.630000,81006.890000,81241.890000,15.390550,1778648399999,0,1
0.109422,0.087792,2026-05-13 05:00:00+00:00,81238.550000,81242.450000,80966.560000,80991.960000,6.343250,1778651999999,0,0
0.109823,0.090040,2026-05-13 06:00:00+00:00,81027.030000,81160.810000,80936.610000,80969.350000,5.806060,1778655599999,0,0
0.106303,0.089406,2026-05-13 07:00:00+00:00,81007.600000,81037.030000,80865.250000,81011.550000,4.901000,1778659199999,0,0
0.108176,0.091221,2026-05-13 08:00:00+00:00,81033.000000,81200.660000,80796.000000,81156.470000,7.376690,1778662799999,0,0
0.106310,0.090272,2026-05-13 09:00:00+00:00,81180.240000,81309.420000,81120.150000,81248.670000,2.328820,1778666399999,0,1
0.104972,0.089463,2026-05-13 10:00:00+00:00,81284.000000,81284.000000,80815.620000,80837.070000,7.986820,1778669999999,0,0
0.105976,0.090373,2026-05-13 11:00:00+00:00,80802.470000,80802.470000,80522.920000,80522.920000,3.878130,1778673599999,0,0
0.107431,0.092124,2026-05-13 12:00:00+00:00,80494.160000,80602.620000,79848.750000,80177.240000,4.545140,1778677199999,0,0
0.117697,0.098018,2026-05-13 13:00:00+00:00,80202.240000,80336.960000,79577.570000,79613.550000,1.903610,1778680799999,0,0
0.116612,0.097780,2026-05-13 14:00:00+00:00,79585.640000,79842.260000,79500.000000,79778.470000,0.946050,1778684399999,0,0
0.128714,0.105821,2026-05-13 15:00:00+00:00,79844.360000,79865.720000,78831.900000,78834.300000,2.396610,1778687999999,1,0
0.132968,0.106840,2026-05-13 16:00:00+00:00,78843.190000,79221.770000,78776.880000,79074.100000,1.214670,1778691599999,1,0
0.133552,0.108057,2026-05-13 17:00:00+00:00,79213.220000,79537.170000,79180.150000,79537.170000,1.075190,1778695199999,0,0
0.129648,0.103546,2026-05-13 18:00:00+00:00,79515.450000,79822.620000,79515.450000,79643.720000,7.515030,1778698799999,0,0
0.118168,0.094946,2026-05-13 19:00:00+00:00,79629.550000,79647.370000,79455.340000,79643.150000,2.489710,1778702399999,0,0
0.114647,0.091839,2026-05-13 20:00:00+00:00,79652.810000,79748.130000,79636.550000,79708.840000,2.710890,1778705999999,0,0
0.117999,0.096929,2026-05-13 21:00:00+00:00,79711.710000,79719.220000,79385.230000,79390.600000,3.233830,1778709599999,1,0
0.118412,0.099857,2026-05-13 22:00:00+00:00,79391.190000,79478.110000,79245.790000,79444.040000,0.670230,1778713199999,0,0
0.114232,0.098830,2026-05-13 23:00:00+00:00,79426.170000,79488.820000,79266.110000,79329.710000,0.807140,1778716799999,1,0
0.116774,0.100252,2026-05-14 00:00:00+00:00,79335.340000,79688.690000,79335.340000,79597.030000,0.721720,1778720399999,0,0
0.118356,0.100944,2026-05-14 01:00:00+00:00,79578.290000,79679.900000,79433.200000,79632.920000,0.408920,1778723999999,0,0
0.114956,0.098790,2026-05-14 02:00:00+00:00,79607.270000,79669.450000,79244.330000,79359.620000,0.291020,1778727599999,1,0
0.114462,0.099751,2026-05-14 03:00:00+00:00,79364.470000,79457.480000,78954.140000,79031.640000,4.477720,1778731199999,1,0
0.110993,0.098763,2026-05-14 04:00:00+00:00,79029.520000,79463.210000,79013.000000,79450.270000,0.411110,1778734799999,1,0
0.119760,0.103773,2026-05-14 05:00:00+00:00,79432.420000,79979.480000,79409.170000,79822.660000,0.138050,1778738399999,0,0
0.111361,0.096654,2026-05-14 06:00:00+00:00,79830.280000,79945.590000,79790.170000,79822.930000,0.005690,1778741999999,0,0
0.103078,0.090133,2026-05-14 07:00:00+00:00,79851.750000,79933.240000,79731.140000,79854.000000,0.017580,1778745599999,0,0
0.103058,0.090545,2026-05-14 08:00:00+00:00,79743.750000,79945.590000,79674.270000,79829.690000,0.393430,1778749199999,0,0
0.104777,0.094125,2026-05-14 09:00:00+00:00,79875.120000,79875.120000,79811.450000,79811.450000,0.004610,1778752799999,0,0
0.107797,0.097972,2026-05-14 10:00:00+00:00,79633.560000,79722.150000,79430.020000,79596.600000,1.163790,1778756399999,1,0
0.109803,0.099605,2026-05-14 11:00:00+00:00,79596.600000,79612.460000,79245.790000,79270.440000,0.284460,1778759999999,1,0
0.111355,0.101194,2026-05-14 12:00:00+00:00,79306.600000,79784.660000,79302.340000,79784.660000,1.350550,1778763599999,0,0
0.112208,0.102184,2026-05-14 13:00:00+00:00,79735.890000,80038.660000,79712.160000,79712.160000,5.294860,1778767199999,0,0
0.130933,0.107632,2026-05-14 14:00:00+00:00,79622.390000,81010.050000,79581.270000,80940.490000,2.200250,1778770799999,0,0
0.138554,0.107010,2026-05-14 15:00:00+00:00,81038.500000,81320.270000,80827.980000,81307.300000,6.579080,1778774399999,0,0
0.125522,0.094250,2026-05-14 16:00:00+00:00,81340.000000,81835.710000,81127.040000,81835.710000,7.460790,1778777999999,0,1
0.122169,0.094631,2026-05-14 17:00:00+00:00,81880.790000,82030.330000,81328.170000,81677.890000,9.900380,1778781599999,0,1
0.118318,0.095668,2026-05-14 18:00:00+00:00,81706.150000,81966.740000,81461.090000,81566.860000,3.277160,1778785199999,0,1
0.123765,0.108016,2026-05-14 19:00:00+00:00,81574.620000,81697.710000,81343.420000,81432.490000,2.680850,1778788799999,0,1
0.122493,0.112065,2026-05-14 20:00:00+00:00,81487.870000,81607.310000,81172.770000,81388.360000,0.866580,1778792399999,0,1
0.118445,0.112000,2026-05-14 21:00:00+00:00,81412.780000,81510.140000,81282.210000,81394.100000,0.788470,1778795999999,0,1
0.111531,0.109051,2026-05-14 22:00:00+00:00,81363.940000,81558.430000,81337.140000,81428.530000,0.065650,1778799599999,0,1
0.103359,0.104819,2026-05-14 23:00:00+00:00,81431.410000,81431.410000,81069.810000,81077.620000,0.883110,1778803199999,0,0
0.095827,0.100633,2026-05-15 00:00:00+00:00,81106.400000,81658.810000,81078.180000,81496.980000,3.251370,1778806799999,0,1
0.081124,0.092867,2026-05-15 01:00:00+00:00,81544.010000,81721.210000,81127.040000,81177.230000,7.118130,1778810399999,0,1
0.077439,0.088417,2026-05-15 02:00:00+00:00,81114.190000,81350.410000,80776.680000,81337.160000,9.739900,1778813999999,0,1
0.078994,0.087885,2026-05-15 03:00:00+00:00,81342.230000,81351.860000,80953.870000,81108.630000,0.189480,1778817599999,0,1
0.085628,0.090391,2026-05-15 04:00:00+00:00,81070.970000,81104.600000,80728.180000,80728.180000,0.736860,1778821199999,0,0
0.092695,0.094209,2026-05-15 05:00:00+00:00,80713.590000,80867.410000,80313.770000,80364.880000,0.455380,1778824799999,0,0
0.091956,0.092744,2026-05-15 06:00:00+00:00,80327.280000,80633.000000,80320.410000,80596.180000,0.162450,1778828399999,0,0
0.097053,0.094791,2026-05-15 07:00:00+00:00,80606.700000,80967.070000,80586.530000,80838.130000,0.116920,1778831999999,0,1
0.094698,0.090509,2026-05-15 08:00:00+00:00,80807.320000,80807.320000,80462.540000,80627.280000,0.450410,1778835599999,0,1
0.097939,0.090032,2026-05-15 09:00:00+00:00,80581.250000,80633.160000,80377.170000,80464.280000,0.050400,1778839199999,0,1
0.100917,0.089200,2026-05-15 10:00:00+00:00,80450.160000,80736.820000,80446.240000,80715.620000,0.311520,1778842799999,0,1
0.108722,0.090451,2026-05-15 11:00:00+00:00,80742.660000,80742.660000,80599.000000,80678.730000,0.055490,1778846399999,0,1
0.112801,0.089920,2026-05-15 12:00:00+00:00,80546.640000,80607.810000,80332.990000,80366.380000,1.435000,1778849999999,0,1
0.153383,0.106756,2026-05-15 13:00:00+00:00,80313.770000,80313.770000,78700.000000,78799.680000,6.143070,1778853599999,0,0
0.153405,0.108403,2026-05-15 14:00:00+00:00,78700.000000,79358.250000,78670.400000,79257.540000,2.707920,1778857199999,0,0
0.139797,0.105378,2026-05-15 15:00:00+00:00,79173.580000,79337.160000,79033.990000,79202.320000,0.871930,1778860799999,0,0
0.130130,0.098866,2026-05-15 16:00:00+00:00,79144.780000,79376.070000,79131.390000,79313.650000,1.112220,1778864399999,0,0
0.131105,0.098975,2026-05-15 17:00:00+00:00,79272.020000,79481.730000,79240.890000,79463.000000,0.363570,1778867999999,0,0
0.126486,0.096721,2026-05-15 18:00:00+00:00,79488.820000,79546.520000,79198.470000,79293.890000,0.421650,1778871599999,0,0
0.129539,0.100644,2026-05-15 19:00:00+00:00,79226.560000,79229.980000,79085.850000,79172.990000,0.309450,1778875199999,0,0
0.128245,0.101125,2026-05-15 20:00:00+00:00,79203.240000,79208.990000,79033.990000,79102.760000,0.363340,1778878799999,0,0
0.128836,0.102711,2026-05-15 21:00:00+00:00,79120.500000,79201.950000,78965.940000,78965.940000,0.520280,1778882399999,0,0
0.126303,0.102726,2026-05-15 22:00:00+00:00,79020.340000,79135.340000,79020.340000,79123.580000,0.287420,1778885999999,0,0
0.121356,0.101853,2026-05-15 23:00:00+00:00,79103.370000,79144.700000,79085.580000,79112.250000,0.205070,1778889599999,0,0
0.110213,0.096969,2026-05-16 00:00:00+00:00,79094.240000,79236.970000,79090.000000,79106.300000,0.489420,1778893199999,0,0
0.107508,0.095618,2026-05-16 01:00:00+00:00,79120.900000,79162.050000,79021.890000,79160.000000,0.822770,1778896799999,0,0
0.106750,0.095391,2026-05-16 02:00:00+00:00,79173.470000,79195.160000,79086.740000,79109.470000,0.212560,1778900399999,0,0
0.106598,0.096071,2026-05-16 03:00:00+00:00,79148.890000,79195.150000,79078.940000,79118.880000,0.103260,1778903999999,0,0
0.107390,0.096962,2026-05-16 04:00:00+00:00,79084.800000,79117.450000,78876.560000,78995.750000,0.179590,1778907599999,0,0
0.106325,0.096901,2026-05-16 05:00:00+00:00,79033.820000,79038.870000,78972.310000,78992.610000,0.213030,1778911199999,0,0
0.111424,0.100279,2026-05-16 06:00:00+00:00,79021.900000,79031.930000,78478.220000,78645.740000,1.185450,1778914799999,0,0
0.117305,0.103849,2026-05-16 07:00:00+00:00,78649.950000,78649.950000,78100.390000,78356.820000,2.291650,1778918399999,0,0
0.114477,0.103197,2026-05-16 08:00:00+00:00,78378.600000,78519.820000,78366.530000,78387.720000,0.633710,1778921999999,0,0
0.116385,0.105138,2026-05-16 09:00:00+00:00,78399.290000,78406.060000,77912.380000,78085.600000,5.632590,1778925599999,0,0
0.119287,0.107103,2026-05-16 10:00:00+00:00,78028.610000,78028.610000,77634.480000,77945.510000,3.112090,1778929199999,0,0
0.116772,0.106263,2026-05-16 11:00:00+00:00,78028.610000,78190.740000,78021.270000,78165.490000,2.394460,1778932799999,0,0
0.116554,0.106490,2026-05-16 12:00:00+00:00,78096.080000,78122.650000,77967.420000,78030.480000,2.387620,1778936399999,0,0
0.116056,0.105240,2026-05-16 13:00:00+00:00,78011.560000,78011.560000,77864.990000,77989.490000,1.405990,1778939999999,0,0
0.115892,0.105482,2026-05-16 14:00:00+00:00,78010.930000,78329.030000,77917.150000,78143.300000,2.809040,1778943599999,0,0
0.116554,0.105661,2026-05-16 15:00:00+00:00,78157.250000,78246.470000,78085.810000,78230.570000,5.049720,1778947199999,0,0
0.112476,0.103441,2026-05-16 16:00:00+00:00,78230.570000,78359.280000,78192.790000,78193.820000,12.615850,1778950799999,0,0
0.108269,0.101234,2026-05-16 17:00:00+00:00,78193.830000,78305.190000,78193.830000,78219.750000,0.151360,1778954399999,0,0
0.107702,0.101557,2026-05-16 18:00:00+00:00,78229.090000,78302.000000,78155.530000,78246.240000,0.551110,1778957999999,0,0
0.108583,0.102803,2026-05-16 19:00:00+00:00,78241.370000,78313.280000,78184.680000,78263.390000,0.526600,1778961599999,0,0
0.108431,0.103014,2026-05-16 20:00:00+00:00,78279.380000,78329.730000,78226.360000,78259.840000,0.074160,1778965199999,0,0
0.108835,0.103019,2026-05-16 21:00:00+00:00,78259.450000,78298.920000,78222.010000,78283.950000,0.315640,1778968799999,0,0
0.107972,0.103019,2026-05-16 22:00:00+00:00,78243.340000,78264.380000,78186.920000,78205.530000,0.067290,1778972399999,0,0
0.108392,0.103521,2026-05-16 23:00:00+00:00,78200.090000,78243.980000,78154.970000,78154.970000,0.020870,1778975999999,0,0
0.112288,0.106095,2026-05-17 00:00:00+00:00,78210.510000,78244.070000,77840.140000,77840.140000,0.121160,1778979599999,0,0
0.113219,0.106978,2026-05-17 01:00:00+00:00,77968.690000,78109.390000,77750.000000,77750.000000,0.247670,1778983199999,0,0
0.110228,0.105747,2026-05-17 02:00:00+00:00,77785.880000,77937.790000,77756.880000,77894.740000,0.217290,1778986799999,0,0
0.112093,0.106768,2026-05-17 03:00:00+00:00,77929.790000,78085.350000,77929.790000,78010.380000,0.248600,1778990399999,0,0
0.111017,0.104691,2026-05-17 04:00:00+00:00,78067.180000,78213.240000,78048.320000,78151.570000,0.657430,1778993999999,0,0
0.108525,0.101537,2026-05-17 05:00:00+00:00,78163.320000,78310.000000,78160.060000,78171.890000,0.083060,1778997599999,0,0
0.106817,0.100202,2026-05-17 06:00:00+00:00,78167.520000,78199.500000,78049.290000,78073.290000,0.090170,1779001199999,0,0
0.108520,0.101995,2026-05-17 07:00:00+00:00,78123.880000,78207.970000,78089.040000,78180.550000,0.160040,1779004799999,0,0
0.109322,0.103596,2026-05-17 08:00:00+00:00,78188.550000,78188.550000,78042.240000,78093.990000,0.050320,1779008399999,0,0
0.111303,0.104511,2026-05-17 09:00:00+00:00,78116.050000,78253.910000,78102.120000,78247.650000,0.073270,1779011999999,0,0
0.117779,0.107076,2026-05-17 10:00:00+00:00,78251.320000,78575.360000,78251.320000,78457.210000,2.885830,1779015599999,0,0
0.113377,0.100061,2026-05-17 11:00:00+00:00,78457.210000,78463.000000,78311.410000,78398.000000,3.895100,1779019199999,0,0
0.110508,0.097898,2026-05-17 12:00:00+00:00,78424.260000,78529.820000,78376.600000,78376.670000,2.691500,1779022799999,0,0
0.110291,0.098107,2026-05-17 13:00:00+00:00,78343.410000,78345.220000,78205.000000,78217.010000,2.625690,1779026399999,0,0
0.111099,0.099350,2026-05-17 14:00:00+00:00,78209.840000,78209.840000,77896.050000,78074.460000,2.264490,1779029999999,0,0
0.108843,0.098824,2026-05-17 15:00:00+00:00,78057.280000,78133.580000,77960.420000,78052.680000,0.307130,1779033599999,0,0
0.106409,0.097665,2026-05-17 16:00:00+00:00,78084.460000,78174.000000,78044.470000,78065.390000,0.135470,1779037199999,0,0
0.106610,0.097624,2026-05-17 17:00:00+00:00,77984.520000,78093.940000,77898.930000,78093.940000,0.253230,1779040799999,0,0
0.108638,0.098390,2026-05-17 18:00:00+00:00,78062.570000,78278.650000,78055.270000,78260.460000,2.535190,1779044399999,0,0
0.109601,0.097984,2026-05-17 19:00:00+00:00,78278.640000,78473.170000,78225.030000,78396.020000,3.794510,1779047999999,0,0
0.105502,0.094997,2026-05-17 20:00:00+00:00,78414.230000,78415.950000,78258.540000,78278.150000,0.180210,1779051599999,0,0
0.105282,0.094760,2026-05-17 21:00:00+00:00,78277.370000,78474.500000,78246.200000,78384.810000,5.502610,1779055199999,0,0
0.110125,0.098317,2026-05-17 22:00:00+00:00,78384.810000,78417.410000,77850.000000,77997.270000,0.259910,1779058799999,0,0
0.123260,0.105319,2026-05-17 23:00:00+00:00,77992.430000,77999.520000,76750.230000,77436.870000,10.571730,1779062399999,0,0
0.126300,0.108197,2026-05-18 00:00:00+00:00,77451.160000,77451.160000,76913.850000,77197.790000,6.856590,1779065999999,0,0
0.121745,0.106863,2026-05-18 01:00:00+00:00,77197.790000,77268.100000,76777.350000,77133.200000,15.261930,1779069599999,0,0
0.126775,0.109971,2026-05-18 02:00:00+00:00,77123.780000,77244.820000,76733.990000,76823.430000,5.199850,1779073199999,0,0
0.127221,0.110188,2026-05-18 03:00:00+00:00,76851.900000,77015.740000,76820.180000,76909.620000,5.302820,1779076799999,0,0
0.127066,0.110844,2026-05-18 04:00:00+00:00,76928.470000,77050.150000,76798.190000,77050.150000,8.038890,1779080399999,0,0
0.125673,0.109273,2026-05-18 05:00:00+00:00,77058.320000,77079.320000,76893.110000,76945.610000,0.302190,1779083999999,0,0
0.125411,0.108493,2026-05-18 06:00:00+00:00,76925.560000,76947.010000,76608.000000,76925.250000,0.599180,1779087599999,0,0
0.124795,0.108546,2026-05-18 07:00:00+00:00,76994.220000,77072.130000,76821.200000,77067.720000,0.262510,1779091199999,0,0
0.123709,0.108695,2026-05-18 08:00:00+00:00,77102.270000,77165.130000,76896.240000,77035.340000,0.147360,1779094799999,0,0
0.118556,0.106941,2026-05-18 09:00:00+00:00,76989.150000,76990.050000,76895.020000,76914.830000,0.237630,1779098399999,0,0
0.114382,0.106062,2026-05-18 10:00:00+00:00,76879.800000,76879.800000,76740.910000,76800.330000,0.142360,1779101999999,0,0
0.119728,0.109193,2026-05-18 11:00:00+00:00,76727.890000,77407.250000,76700.000000,77268.190000,3.882900,1779105599999,0,0
0.131839,0.114033,2026-05-18 12:00:00+00:00,77300.920000,77778.110000,77297.970000,77637.430000,0.325590,1779109199999,0,0
0.125820,0.108885,2026-05-18 13:00:00+00:00,77654.270000,77659.830000,76718.390000,76944.270000,2.188850,1779112799999,0,0
0.136308,0.113966,2026-05-18 14:00:00+00:00,76871.340000,76961.440000,76256.130000,76401.070000,1.306510,1779116399999,0,0
0.127874,0.112799,2026-05-18 15:00:00+00:00,76360.840000,76431.390000,76067.000000,76411.180000,0.676450,1779119999999,0,0
0.120211,0.111101,2026-05-18 16:00:00+00:00,76348.040000,76642.340000,76235.960000,76440.060000,0.672230,1779123599999,0,0
0.126497,0.114307,2026-05-18 17:00:00+00:00,76409.790000,76750.570000,76409.790000,76750.570000,0.145630,1779127199999,0,0
0.126560,0.114125,2026-05-18 18:00:00+00:00,76686.960000,76686.960000,76172.570000,76281.860000,0.535480,1779130799999,0,0
0.128730,0.113215,2026-05-18 19:00:00+00:00,76270.490000,76977.020000,76270.490000,76887.840000,0.914530,1779134399999,0,0
0.131419,0.115317,2026-05-18 20:00:00+00:00,76965.110000,77165.670000,76899.410000,76939.840000,4.628480,1779137999999,0,0
0.120906,0.106098,2026-05-18 21:00:00+00:00,76902.330000,77179.970000,76832.830000,77105.270000,5.240050,1779141599999,0,0
0.119818,0.105305,2026-05-18 22:00:00+00:00,77132.350000,77219.870000,76932.480000,77007.730000,2.890770,1779145199999,0,0
0.118199,0.104114,2026-05-18 23:00:00+00:00,77073.230000,77147.350000,76990.560000,77006.420000,0.116510,1779148799999,0,0
0.120873,0.109556,2026-05-19 00:00:00+00:00,77006.420000,77367.620000,76967.270000,77149.180000,5.172820,1779152399999,0,0
0.126613,0.113109,2026-05-19 01:00:00+00:00,77105.690000,77129.870000,76661.890000,76661.890000,0.310820,1779155999999,0,0
0.126942,0.112985,2026-05-19 02:00:00+00:00,76661.890000,76950.000000,76500.000000,76621.350000,0.057280,1779159599999,0,0
0.118765,0.109750,2026-05-19 03:00:00+00:00,76595.470000,76843.700000,76595.470000,76790.670000,0.026280,1779163199999,0,0
0.118557,0.109403,2026-05-19 04:00:00+00:00,76766.960000,76949.620000,76692.150000,76901.580000,0.088910,1779166799999,0,0
0.115008,0.106016,2026-05-19 05:00:00+00:00,76938.890000,77000.000000,76651.580000,76928.610000,0.065090,1779170399999,0,0
0.108784,0.101458,2026-05-19 06:00:00+00:00,76977.510000,77101.260000,76937.680000,77042.220000,0.136250,1779173999999,0,0
0.111867,0.102822,2026-05-19 07:00:00+00:00,77032.900000,77282.810000,76986.130000,77218.910000,0.033240,1779177599999,0,0
0.110223,0.102246,2026-05-19 08:00:00+00:00,77255.760000,77282.810000,76967.030000,77059.530000,0.026410,1779181199999,0,0
0.114670,0.104946,2026-05-19 09:00:00+00:00,77051.770000,77054.450000,76743.270000,76777.640000,0.054340,1779184799999,0,0
0.114399,0.105609,2026-05-19 10:00:00+00:00,76806.790000,77098.040000,76724.680000,77049.260000,0.038030,1779188399999,0,0
0.115024,0.107206,2026-05-19 11:00:00+00:00,77052.720000,77069.630000,76670.490000,76726.620000,1.307090,1779191999999,0,0
0.114449,0.106396,2026-05-19 12:00:00+00:00,76689.860000,76985.670000,76681.250000,76985.670000,1.384560,1779195599999,0,0
0.111467,0.105473,2026-05-19 13:00:00+00:00,76934.530000,77050.150000,76594.690000,76884.550000,1.262670,1779199199999,0,0
0.117817,0.106503,2026-05-19 14:00:00+00:00,76859.120000,77007.390000,76153.560000,76404.780000,2.909310,1779202799999,0,0
0.119238,0.106796,2026-05-19 15:00:00+00:00,76401.110000,76684.580000,76370.040000,76481.580000,0.522030,1779206399999,0,0
0.122650,0.108570,2026-05-19 16:00:00+00:00,76513.070000,76898.910000,76439.890000,76898.910000,2.286410,1779209999999,0,0
0.120999,0.106327,2026-05-19 17:00:00+00:00,76898.910000,77005.340000,76722.250000,76818.750000,8.703490,1779213599999,0,0
0.115225,0.099282,2026-05-19 18:00:00+00:00,76852.750000,76949.870000,76785.370000,76821.620000,0.493670,1779217199999,0,0
0.113994,0.098259,2026-05-19 19:00:00+00:00,76851.010000,77066.300000,76805.800000,76880.000000,2.558590,1779220799999,0,0
0.118540,0.101199,2026-05-19 20:00:00+00:00,76833.910000,77044.410000,76833.910000,77031.060000,0.117450,1779224399999,0,0
0.118954,0.102244,2026-05-19 21:00:00+00:00,77005.730000,77045.170000,76972.840000,77009.990000,0.568700,1779227999999,0,0
0.120974,0.102951,2026-05-19 22:00:00+00:00,77009.990000,77009.990000,76656.120000,76734.910000,2.281100,1779231599999,0,0
0.120427,0.103075,2026-05-19 23:00:00+00:00,76726.930000,76976.920000,76709.850000,76833.850000,0.045170,1779235199999,0,0
0.117868,0.102865,2026-05-20 00:00:00+00:00,76901.970000,76901.970000,76527.010000,76756.390000,2.794160,1779238799999,0,0
0.118563,0.102429,2026-05-20 01:00:00+00:00,76804.250000,76919.920000,76567.520000,76826.970000,0.335520,1779242399999,0,0
0.116466,0.100795,2026-05-20 02:00:00+00:00,76784.330000,76908.650000,76637.710000,76710.880000,0.054030,1779245999999,0,0
0.113568,0.098791,2026-05-20 03:00:00+00:00,76683.100000,76822.700000,76587.950000,76740.990000,0.111250,1779249599999,0,0
0.112935,0.098604,2026-05-20 04:00:00+00:00,76804.520000,76823.640000,76741.780000,76761.630000,0.169940,1779253199999,0,0
0.122684,0.102318,2026-05-20 05:00:00+00:00,76759.600000,77302.970000,76758.930000,77183.490000,0.698400,1779256799999,0,0
0.127917,0.103706,2026-05-20 06:00:00+00:00,77231.850000,77435.800000,77218.140000,77422.780000,0.369250,1779260399999,0,0
0.118062,0.096895,2026-05-20 07:00:00+00:00,77419.570000,77486.660000,77278.800000,77278.800000,0.973450,1779263999999,0,0
0.119016,0.097461,2026-05-20 08:00:00+00:00,77299.390000,77628.970000,77266.140000,77479.280000,0.090560,1779267599999,0,0
0.122087,0.100523,2026-05-20 09:00:00+00:00,77469.700000,77541.550000,77419.070000,77465.390000,0.580680,1779271199999,0,0
0.119668,0.101135,2026-05-20 10:00:00+00:00,77465.390000,77664.930000,77465.390000,77512.130000,0.088190,1779274799999,0,0
0.120841,0.102722,2026-05-20 11:00:00+00:00,77567.600000,77567.600000,77375.780000,77409.680000,0.032610,1779278399999,0,0
0.121540,0.103533,2026-05-20 12:00:00+00:00,77488.610000,77726.370000,77389.390000,77631.630000,0.322970,1779281999999,0,0
0.124178,0.105756,2026-05-20 13:00:00+00:00,77614.250000,77614.250000,77000.000000,77132.500000,4.656850,1779285599999,0,0
0.122745,0.103781,2026-05-20 14:00:00+00:00,77256.040000,77555.950000,76876.270000,77460.770000,6.720770,1779289199999,0,0
0.118098,0.101997,2026-05-20 15:00:00+00:00,77462.030000,77835.070000,77307.750000,77432.580000,1.487040,1779292799999,0,0
0.106540,0.094745,2026-05-20 16:00:00+00:00,77467.470000,77567.670000,77025.070000,77356.970000,1.077170,1779296399999,0,0
0.107668,0.095286,2026-05-20 17:00:00+00:00,77340.470000,77705.840000,77250.520000,77565.740000,0.685430,1779299999999,0,0
0.107104,0.094488,2026-05-20 18:00:00+00:00,77567.000000,77610.690000,77390.400000,77466.290000,0.709050,1779303599999,0,0
0.107629,0.094673,2026-05-20 19:00:00+00:00,77408.080000,77705.840000,77373.530000,77665.580000,0.439150,1779307199999,0,0
0.108997,0.095491,2026-05-20 20:00:00+00:00,77682.090000,77750.000000,77486.660000,77708.540000,0.355260,1779310799999,0,0
0.107815,0.094333,2026-05-20 21:00:00+00:00,77709.580000,77750.000000,77488.260000,77488.260000,2.607450,1779314399999,0,0
0.109872,0.095346,2026-05-20 22:00:00+00:00,77486.660000,77510.990000,77231.190000,77510.990000,2.932520,1779317999999,0,0
0.107905,0.094322,2026-05-20 23:00:00+00:00,77518.920000,77576.520000,77409.560000,77542.460000,0.317760,1779321599999,0,0
0.119532,0.099348,2026-05-21 00:00:00+00:00,77575.770000,78068.620000,77554.460000,77940.500000,1.911850,1779325199999,0,0
0.116302,0.096229,2026-05-21 01:00:00+00:00,77963.110000,78157.450000,77812.530000,77837.340000,0.566520,1779328799999,0,0
0.112738,0.091292,2026-05-21 02:00:00+00:00,77856.430000,78096.600000,77843.250000,77969.640000,3.147180,1779332399999,0,0
0.118217,0.093211,2026-05-21 03:00:00+00:00,77971.310000,78090.950000,77925.440000,78090.950000,0.274020,1779335999999,0,0
0.117411,0.091603,2026-05-21 04:00:00+00:00,78076.970000,78160.840000,77965.770000,78044.710000,2.093760,1779339599999,0,0
0.121551,0.094309,2026-05-21 05:00:00+00:00,78017.560000,78136.500000,77782.750000,77810.950000,0.315570,1779343199999,0,0
0.121895,0.094720,2026-05-21 06:00:00+00:00,77821.140000,77878.750000,77555.950000,77630.810000,0.247560,1779346799999,0,0
0.121244,0.095206,2026-05-21 07:00:00+00:00,77614.340000,77905.210000,77515.460000,77905.210000,0.253110,1779350399999,0,0
0.122366,0.096214,2026-05-21 08:00:00+00:00,77902.390000,78175.080000,77902.390000,77936.140000,2.672340,1779353999999,0,0
0.118296,0.092925,2026-05-21 09:00:00+00:00,77913.560000,77953.470000,77653.220000,77653.220000,1.719990,1779357599999,0,0
0.124892,0.095465,2026-05-21 10:00:00+00:00,77652.140000,77683.800000,77179.750000,77244.260000,0.376510,1779361199999,0,0
0.123615,0.095202,2026-05-21 11:00:00+00:00,77218.950000,77371.210000,77143.500000,77185.280000,0.440820,1779364799999,0,0
0.118837,0.094072,2026-05-21 12:00:00+00:00,77236.220000,77350.640000,77105.690000,77295.360000,0.242360,1779368399999,0,0
0.122683,0.094665,2026-05-21 13:00:00+00:00,77287.800000,77365.610000,76750.000000,77108.390000,0.862810,1779371999999,0,0
0.125772,0.095464,2026-05-21 14:00:00+00:00,77151.800000,77233.050000,76794.400000,76982.020000,0.428860,1779375599999,0,0
0.125990,0.095660,2026-05-21 15:00:00+00:00,76996.380000,77377.590000,76923.470000,77271.730000,0.234450,1779379199999,0,0
0.125954,0.095119,2026-05-21 16:00:00+00:00,77294.080000,77333.860000,77046.290000,77120.360000,0.712040,1779382799999,0,0
0.141104,0.098718,2026-05-21 17:00:00+00:00,77268.100000,78075.260000,77188.990000,78005.110000,3.540890,1779386399999,0,0
0.138816,0.096551,2026-05-21 18:00:00+00:00,77900.340000,77908.500000,77268.100000,77382.860000,3.044510,1779389999999,0,0
0.132252,0.090869,2026-05-21 19:00:00+00:00,77395.670000,77778.110000,77376.450000,77750.420000,0.513700,1779393599999,0,0
0.130652,0.092852,2026-05-21 20:00:00+00:00,77703.070000,77809.030000,77661.020000,77707.150000,1.380370,1779397199999,0,0
0.125242,0.089272,2026-05-21 21:00:00+00:00,77729.440000,77813.030000,77678.110000,77702.090000,0.384120,1779400799999,0,0
0.128557,0.092136,2026-05-21 22:00:00+00:00,77645.640000,77756.560000,77560.190000,77626.770000,3.462900,1779404399999,0,0
0.127480,0.091243,2026-05-21 23:00:00+00:00,77623.440000,77729.070000,77556.120000,77609.930000,0.157210,1779407999999,0,0
0.129629,0.093266,2026-05-22 00:00:00+00:00,77638.440000,77646.660000,77375.200000,77424.770000,0.683240,1779411599999,0,0
0.127063,0.092193,2026-05-22 01:00:00+00:00,77355.920000,77645.680000,77317.950000,77598.280000,0.161240,1779415199999,0,1
0.122699,0.090652,2026-05-22 02:00:00+00:00,77661.550000,77737.780000,77615.780000,77641.940000,0.115300,1779418799999,0,1
0.118699,0.087888,2026-05-22 03:00:00+00:00,77712.630000,77818.190000,77686.560000,77782.100000,0.177870,1779422399999,0,1
0.111993,0.084751,2026-05-22 04:00:00+00:00,77790.720000,77891.230000,77638.220000,77646.140000,4.600880,1779425999999,0,1
0.111940,0.084912,2026-05-22 05:00:00+00:00,77653.500000,77725.360000,77486.660000,77486.660000,0.553960,1779429599999,0,0
0.110394,0.085017,2026-05-22 06:00:00+00:00,77470.920000,77495.840000,77393.660000,77412.020000,0.076920,1779433199999,0,0
0.107684,0.084297,2026-05-22 07:00:00+00:00,77417.910000,77533.420000,77295.940000,77430.480000,0.504270,1779436799999,0,1
0.108523,0.084871,2026-05-22 08:00:00+00:00,77449.790000,77539.540000,77239.260000,77309.250000,2.779250,1779440399999,0,1
0.107906,0.084523,2026-05-22 09:00:00+00:00,77243.900000,77363.840000,77243.900000,77363.840000,0.005570,1779443999999,0,1
0.107545,0.083920,2026-05-22 10:00:00+00:00,77324.340000,77361.420000,77276.080000,77319.070000,0.035130,1779447599999,0,1
0.108684,0.083408,2026-05-22 11:00:00+00:00,77334.030000,77419.870000,77187.920000,77410.080000,0.313600,1779451199999,0,1
0.110294,0.083336,2026-05-22 12:00:00+00:00,77436.780000,77574.970000,77405.050000,77503.740000,2.292010,1779454799999,0,1
0.111891,0.082882,2026-05-22 13:00:00+00:00,77540.350000,77560.360000,77154.700000,77267.630000,2.208120,1779458399999,0,1
0.124837,0.087311,2026-05-22 14:00:00+00:00,77262.900000,77262.900000,76743.000000,76777.050000,4.795450,1779461999999,0,1
0.123647,0.087539,2026-05-22 15:00:00+00:00,76763.280000,76996.740000,76592.570000,76823.750000,4.918640,1779465599999,0,1
0.120357,0.086703,2026-05-22 16:00:00+00:00,76805.160000,76997.170000,76764.990000,76974.100000,5.079440,1779469199999,0,1
0.120346,0.086455,2026-05-22 17:00:00+00:00,76965.410000,77098.160000,76751.140000,76751.140000,5.807700,1779472799999,0,1
0.124544,0.087831,2026-05-22 18:00:00+00:00,76751.160000,76923.400000,76127.470000,76552.570000,3.636130,1779476399999,0,0
0.137586,0.094489,2026-05-22 19:00:00+00:00,76545.140000,76586.790000,75701.100000,75861.380000,12.199190,1779479999999,0,0
0.137089,0.095674,2026-05-22 20:00:00+00:00,75861.380000,76103.490000,75836.860000,75998.880000,3.494740,1779483599999,0,0
0.128071,0.093731,2026-05-22 21:00:00+00:00,75999.610000,76075.270000,75957.850000,75970.420000,2.871590,1779487199999,0,0
0.130929,0.094843,2026-05-22 22:00:00+00:00,75972.900000,75983.530000,75547.210000,75730.250000,3.247720,1779490799999,0,0
0.133270,0.096655,2026-05-22 23:00:00+00:00,75752.640000,75866.180000,75354.820000,75555.700000,0.477130,1779494399999,0,0
0.131367,0.097393,2026-05-23 00:00:00+00:00,75543.030000,75607.070000,75239.330000,75386.210000,0.862230,1779497999999,0,0
0.127928,0.097101,2026-05-23 01:00:00+00:00,75397.690000,75510.470000,75397.690000,75481.560000,0.270850,1779501599999,0,0
0.127921,0.097731,2026-05-23 02:00:00+00:00,75508.360000,75547.200000,75454.360000,75547.200000,0.316960,1779505199999,0,0
0.126093,0.096761,2026-05-23 03:00:00+00:00,75602.520000,75666.420000,75581.750000,75646.710000,0.220020,1779508799999,0,0
0.121061,0.094803,2026-05-23 04:00:00+00:00,75646.710000,75651.670000,75518.630000,75537.990000,0.131720,1779512399999,0,0
0.118149,0.094039,2026-05-23 05:00:00+00:00,75543.520000,75554.890000,75477.400000,75477.400000,0.042350,1779515999999,0,0
0.114109,0.093876,2026-05-23 06:00:00+00:00,75465.350000,75501.670000,75393.250000,75399.670000,2.710430,1779519599999,0,0
0.133822,0.103607,2026-05-23 07:00:00+00:00,75403.580000,75432.830000,74320.000000,74585.230000,2.131300,1779523199999,1,0
0.134916,0.105645,2026-05-23 08:00:00+00:00,74620.310000,74738.440000,74364.940000,74658.760000,1.085550,1779526799999,1,0
0.122706,0.102537,2026-05-23 09:00:00+00:00,74647.390000,74763.000000,74642.390000,74763.000000,1.231430,1779530399999,1,0
0.120872,0.101466,2026-05-23 10:00:00+00:00,74685.350000,74771.540000,74685.350000,74738.530000,0.084740,1779533999999,1,0
0.119184,0.100222,2026-05-23 11:00:00+00:00,74701.200000,74843.870000,74701.200000,74815.350000,1.185590,1779537599999,1,0
0.118393,0.100192,2026-05-23 12:00:00+00:00,74809.990000,74809.990000,74679.000000,74752.350000,0.445100,1779541199999,1,0
0.126252,0.103353,2026-05-23 13:00:00+00:00,74864.860000,75249.670000,74864.860000,75203.340000,0.599710,1779544799999,1,0
0.133119,0.105618,2026-05-23 14:00:00+00:00,75218.420000,75674.800000,75102.800000,75538.190000,5.944840,1779548399999,0,0
0.123436,0.098652,2026-05-23 15:00:00+00:00,75557.680000,75665.410000,75451.260000,75504.580000,0.720010,1779551999999,0,0
0.117977,0.095336,2026-05-23 16:00:00+00:00,75537.000000,75610.970000,75440.030000,75487.250000,0.039280,1779555599999,0,0
0.119674,0.097471,2026-05-23 17:00:00+00:00,75534.750000,75534.750000,75407.780000,75499.880000,0.248070,1779559199999,0,0
0.133427,0.106630,2026-05-23 18:00:00+00:00,75499.890000,75960.580000,75477.620000,75833.750000,8.325720,1779562799999,0,0
0.135495,0.108230,2026-05-23 19:00:00+00:00,75838.140000,75985.000000,75786.730000,75964.640000,0.284640,1779566399999,0,0
0.167382,0.120415,2026-05-23 20:00:00+00:00,76000.000000,77275.180000,75986.830000,77275.180000,8.914060,1779569999999,0,0
0.155766,0.115096,2026-05-23 21:00:00+00:00,77279.000000,77393.400000,76532.110000,76735.650000,0.539170,1779573599999,0,0
0.134974,0.103650,2026-05-23 22:00:00+00:00,76832.820000,76881.890000,76405.660000,76603.880000,0.202000,1779577199999,0,0
0.123755,0.103970,2026-05-23 23:00:00+00:00,76547.750000,76799.960000,76547.750000,76772.080000,0.335830,1779580799999,0,0
0.120718,0.106796,2026-05-24 00:00:00+00:00,76775.630000,76923.640000,76633.140000,76849.470000,2.782220,1779584399999,0,0
0.115568,0.108180,2026-05-24 01:00:00+00:00,76842.490000,76937.890000,76772.140000,76871.190000,2.997340,1779587999999,0,0
0.108928,0.105734,2026-05-24 02:00:00+00:00,76891.110000,76911.060000,76713.280000,76837.970000,0.094710,1779591599999,0,0
0.103969,0.104545,2026-05-24 03:00:00+00:00,76832.110000,76995.100000,76770.000000,76770.000000,0.105090,1779595199999,0,0
0.097306,0.102811,2026-05-24 04:00:00+00:00,76812.040000,76848.580000,76729.650000,76791.840000,0.086190,1779598799999,0,0
0.089401,0.099395,2026-05-24 05:00:00+00:00,76789.770000,76848.580000,76668.710000,76841.790000,2.736770,1779602399999,0,0
0.085098,0.097075,2026-05-24 06:00:00+00:00,76831.420000,77051.490000,76644.620000,77001.330000,2.760620,1779605999999,0,0
0.079319,0.091737,2026-05-24 07:00:00+00:00,76991.480000,77030.970000,76801.430000,76801.430000,0.523230,1779609599999,0,0
0.079237,0.090179,2026-05-24 08:00:00+00:00,76814.800000,76832.370000,76748.260000,76822.670000,0.037900,1779613199999,0,0
0.082668,0.091214,2026-05-24 09:00:00+00:00,76831.360000,77032.110000,76831.360000,77032.110000,0.119740,1779616799999,0,0
0.087041,0.091310,2026-05-24 10:00:00+00:00,77032.110000,77516.960000,76937.440000,77200.610000,5.829920,1779620399999,0,0
0.089286,0.089124,2026-05-24 11:00:00+00:00,77261.750000,77341.860000,77216.120000,77310.290000,5.136290,1779623999999,0,0
0.091016,0.086386,2026-05-24 12:00:00+00:00,77291.180000,77308.070000,77055.690000,77114.070000,0.641720,1779627599999,0,0
0.098708,0.088931,2026-05-24 13:00:00+00:00,77109.680000,77125.880000,76565.430000,76805.970000,2.886280,1779631199999,0,0
0.105809,0.091813,2026-05-24 14:00:00+00:00,76821.350000,76824.990000,76188.190000,76453.990000,6.961830,1779634799999,0,0
0.107634,0.091329,2026-05-24 15:00:00+00:00,76464.900000,76548.460000,76341.540000,76394.040000,1.443470,1779638399999,0,0
0.110159,0.090764,2026-05-24 16:00:00+00:00,76388.660000,76724.680000,76369.390000,76684.800000,4.206180,1779641999999,0,0
0.114635,0.089458,2026-05-24 17:00:00+00:00,76693.400000,76777.350000,76598.130000,76699.220000,9.864480,1779645599999,0,0
0.112031,0.084583,2026-05-24 18:00:00+00:00,76709.520000,76792.790000,76614.010000,76627.280000,0.140000,1779649199999,0,0
0.116106,0.083667,2026-05-24 19:00:00+00:00,76735.890000,76780.910000,76623.360000,76780.910000,0.018250,1779652799999,0,0
0.116144,0.084116,2026-05-24 20:00:00+00:00,76793.610000,76793.610000,76617.550000,76641.860000,0.029510,1779656399999,0,0
0.126662,0.088982,2026-05-24 21:00:00+00:00,76671.060000,76746.320000,76103.720000,76145.550000,0.716040,1779659999999,0,0
0.129176,0.090389,2026-05-24 22:00:00+00:00,76181.890000,76992.420000,76176.130000,76802.000000,0.164420,1779663599999,0,0
0.135933,0.094066,2026-05-24 23:00:00+00:00,76835.800000,77205.180000,76835.800000,77098.760000,2.839550,1779667199999,0,0
0.122692,0.085421,2026-05-25 00:00:00+00:00,77127.410000,77284.060000,77104.350000,77133.140000,2.867180,1779670799999,0,0
0.119226,0.082756,2026-05-25 01:00:00+00:00,77153.230000,77254.540000,76906.950000,76909.560000,5.691720,1779674399999,0,0
0.119641,0.082972,2026-05-25 02:00:00+00:00,77020.390000,77445.910000,77020.390000,77101.450000,0.933450,1779677999999,0,0
0.121461,0.087048,2026-05-25 03:00:00+00:00,77168.220000,77168.220000,76999.820000,77039.890000,0.100270,1779681599999,0,0
0.127034,0.089473,2026-05-25 04:00:00+00:00,77030.580000,77425.950000,76984.640000,77382.100000,0.308220,1779685199999,0,0
0.127885,0.089857,2026-05-25 05:00:00+00:00,77360.290000,77501.200000,77314.420000,77390.030000,0.915830,1779688799999,0,0
0.118237,0.084688,2026-05-25 06:00:00+00:00,77413.920000,77621.140000,77241.570000,77396.530000,0.661430,1779692399999,0,0
0.118953,0.086099,2026-05-25 07:00:00+00:00,77448.920000,77494.060000,77200.980000,77376.240000,0.204510,1779695999999,0,0
0.118767,0.086869,2026-05-25 08:00:00+00:00,77421.380000,77464.630000,77291.920000,77441.610000,0.111740,1779699599999,0,0
0.113806,0.086820,2026-05-25 09:00:00+00:00,77486.630000,77674.000000,77422.870000,77616.600000,6.126500,1779703199999,0,0
0.108576,0.085048,2026-05-25 10:00:00+00:00,77573.490000,77698.620000,77513.490000,77552.870000,0.070480,1779706799999,0,0
0.107111,0.085054,2026-05-25 11:00:00+00:00,77486.810000,77524.830000,77328.410000,77368.430000,0.252180,1779710399999,0,0
0.104762,0.085187,2026-05-25 12:00:00+00:00,77364.950000,77431.270000,77300.940000,77390.090000,2.827010,1779713999999,0,0
0.099546,0.083645,2026-05-25 13:00:00+00:00,77390.090000,77449.580000,77301.410000,77337.300000,2.881150,1779717599999,0,0
0.106388,0.086656,2026-05-25 14:00:00+00:00,77337.300000,77749.590000,77308.330000,77729.550000,0.398620,1779721199999,0,0
0.103954,0.084432,2026-05-25 15:00:00+00:00,77743.250000,77875.410000,77576.530000,77651.100000,3.365390,1779724799999,0,0
0.098403,0.079908,2026-05-25 16:00:00+00:00,77641.000000,77827.600000,77520.150000,77743.800000,0.203910,1779728399999,0,0
0.099856,0.080950,2026-05-25 17:00:00+00:00,77740.110000,77792.730000,77551.680000,77566.100000,0.447590,1779731999999,0,0
0.101171,0.081375,2026-05-25 18:00:00+00:00,77553.940000,77655.420000,77553.940000,77576.970000,0.111830,1779735599999,0,0
0.101628,0.082528,2026-05-25 19:00:00+00:00,77540.880000,77540.880000,77362.520000,77442.090000,0.245410,1779739199999,0,0
0.105030,0.083137,2026-05-25 20:00:00+00:00,77413.570000,77500.350000,77246.160000,77296.270000,2.931010,1779742799999,0,0
0.108053,0.082081,2026-05-25 21:00:00+00:00,77318.820000,77380.460000,77286.100000,77345.660000,0.130510,1779746399999,0,0
0.111921,0.082965,2026-05-25 22:00:00+00:00,77382.680000,77436.460000,77050.000000,77126.910000,0.114540,1779749999999,0,0
0.112919,0.082882,2026-05-25 23:00:00+00:00,77093.000000,77347.560000,77093.000000,77347.560000,0.046820,1779753599999,0,0
0.119564,0.085589,2026-05-26 00:00:00+00:00,77299.390000,77310.500000,76563.060000,76822.770000,2.996270,1779757199999,0,0
0.124515,0.086294,2026-05-26 01:00:00+00:00,76794.360000,76890.860000,76585.970000,76749.300000,0.576510,1779760799999,0,0
0.119583,0.085139,2026-05-26 02:00:00+00:00,76701.320000,76815.180000,76508.570000,76617.630000,1.468870,1779764399999,0,0
0.120210,0.085120,2026-05-26 03:00:00+00:00,76646.770000,76692.190000,76458.840000,76660.100000,0.139950,1779767999999,0,0
0.120364,0.085586,2026-05-26 04:00:00+00:00,76641.960000,76794.650000,76627.390000,76751.840000,0.312460,1779771599999,0,0
0.121502,0.085906,2026-05-26 05:00:00+00:00,76720.910000,76965.450000,76714.590000,76896.200000,0.197320,1779775199999,0,0
0.119028,0.084097,2026-05-26 06:00:00+00:00,76907.500000,77029.170000,76813.700000,76926.360000,0.046920,1779778799999,0,0
0.118096,0.083395,2026-05-26 07:00:00+00:00,76931.080000,76931.080000,76607.640000,76738.190000,0.045600,1779782399999,0,0
0.118977,0.084417,2026-05-26 08:00:00+00:00,76726.940000,76835.800000,76684.610000,76719.730000,0.233020,1779785999999,0,0
0.116163,0.084453,2026-05-26 09:00:00+00:00,76717.650000,76795.230000,76656.270000,76656.270000,0.007970,1779789599999,0,0
0.135715,0.092145,2026-05-26 10:00:00+00:00,76653.790000,77613.960000,76600.000000,77439.650000,0.212350,1779793199999,0,0
0.133945,0.090753,2026-05-26 11:00:00+00:00,77433.700000,77491.660000,77189.130000,77236.380000,3.903160,1779796799999,0,0
0.122683,0.083313,2026-05-26 12:00:00+00:00,77199.820000,77227.290000,76890.910000,77086.400000,0.144310,1779800399999,0,0
0.121053,0.083570,2026-05-26 13:00:00+00:00,77115.250000,77445.910000,76718.390000,77218.080000,5.760080,1779803999999,0,0
0.122687,0.085943,2026-05-26 14:00:00+00:00,77226.210000,78064.220000,76748.250000,76913.020000,3.645880,1779807599999,0,0
0.129890,0.090559,2026-05-26 15:00:00+00:00,76913.020000,76999.880000,76270.880000,76533.910000,6.103240,1779811199999,0,0
0.124891,0.089507,2026-05-26 16:00:00+00:00,76537.750000,76686.140000,76250.000000,76531.710000,1.317360,1779814799999,0,0
0.131328,0.093546,2026-05-26 17:00:00+00:00,76540.120000,76642.060000,75858.040000,75963.000000,1.077140,1779818399999,0,0
0.135063,0.095844,2026-05-26 18:00:00+00:00,75954.640000,76243.400000,75807.280000,75840.730000,0.405500,1779821999999,0,0
0.125728,0.093199,2026-05-26 19:00:00+00:00,75832.710000,76101.770000,75813.820000,76027.270000,1.573930,1779825599999,0,0
0.126896,0.093790,2026-05-26 20:00:00+00:00,76068.470000,76192.910000,76000.470000,76094.790000,0.506730,1779829199999,0,0
0.124846,0.091973,2026-05-26 21:00:00+00:00,76123.950000,76129.380000,75877.960000,75877.960000,0.519710,1779832799999,0,0
0.126059,0.093252,2026-05-26 22:00:00+00:00,75906.980000,75991.890000,75692.440000,75731.230000,0.586300,1779836399999,0,0
0.122679,0.092910,2026-05-26 23:00:00+00:00,75866.870000,75969.620000,75842.370000,75924.570000,0.359570,1779839999999,0,0
0.125727,0.094978,2026-05-27 00:00:00+00:00,75976.170000,76092.340000,75893.250000,76092.340000,0.109950,1779843599999,0,0
0.118725,0.091468,2026-05-27 01:00:00+00:00,76092.340000,76092.340000,75854.530000,75880.720000,0.158280,1779847199999,0,0
0.116257,0.090245,2026-05-27 02:00:00+00:00,75886.860000,75894.810000,75696.640000,75849.720000,0.519210,1779850799999,0,0
0.115226,0.090639,2026-05-27 03:00:00+00:00,75892.260000,75976.170000,75645.260000,75677.300000,0.046730,1779854399999,0,0
0.114896,0.091593,2026-05-27 04:00:00+00:00,75665.380000,75711.270000,75328.590000,75585.990000,1.686290,1779857999999,0,0
0.113334,0.091379,2026-05-27 05:00:00+00:00,75633.710000,75710.250000,75609.200000,75699.350000,1.242080,1779861599999,0,1
0.116273,0.092838,2026-05-27 06:00:00+00:00,75731.140000,75872.510000,75704.720000,75872.510000,0.023590,1779865199999,0,1
0.115558,0.091365,2026-05-27 07:00:00+00:00,75869.780000,75969.620000,75793.640000,75969.620000,0.113390,1779868799999,0,1
0.111270,0.088400,2026-05-27 08:00:00+00:00,75974.330000,76050.640000,75863.050000,75866.260000,0.028710,1779872399999,0,1
0.111271,0.088202,2026-05-27 09:00:00+00:00,75880.540000,75939.490000,75710.690000,75906.140000,0.007350,1779875999999,0,1
0.111227,0.089151,2026-05-27 10:00:00+00:00,75899.400000,76007.890000,75878.440000,75945.090000,2.822150,1779879599999,0,1
0.112728,0.090570,2026-05-27 11:00:00+00:00,75967.770000,76030.380000,75767.360000,75784.890000,0.186780,1779883199999,0,1
0.113379,0.091229,2026-05-27 12:00:00+00:00,75767.140000,76150.080000,75598.630000,75687.680000,0.272080,1779886799999,0,1
0.128576,0.098240,2026-05-27 13:00:00+00:00,75744.670000,75744.670000,74884.800000,74983.450000,0.890570,1779890399999,0,0
0.129363,0.099465,2026-05-27 14:00:00+00:00,75116.120000,75250.740000,74779.160000,75062.480000,0.470450,1779893999999,0,1
0.122560,0.098121,2026-05-27 15:00:00+00:00,75036.300000,75499.920000,74994.530000,75284.040000,4.354060,1779897599999,0,1
0.120454,0.096176,2026-05-27 16:00:00+00:00,75342.600000,75351.650000,75003.000000,75297.330000,4.455000,1779901199999,0,1
0.124555,0.097381,2026-05-27 17:00:00+00:00,75301.580000,75347.340000,74704.150000,74844.890000,4.179300,1779904799999,0,0
0.124105,0.097287,2026-05-27 18:00:00+00:00,74874.450000,75022.030000,74681.820000,75020.240000,4.128200,1779908399999,0,1
0.121595,0.097808,2026-05-27 19:00:00+00:00,75040.500000,75262.700000,74962.980000,75077.260000,2.354640,1779911999999,0,1
0.121971,0.097360,2026-05-27 20:00:00+00:00,75061.980000,75424.200000,75061.980000,75286.070000,0.415990,1779915599999,0,1
0.134964,0.103756,2026-05-27 21:00:00+00:00,75256.980000,75256.980000,74337.570000,74337.570000,0.733330,1779919199999,0,0
0.135952,0.104702,2026-05-27 22:00:00+00:00,74422.690000,74719.220000,74287.620000,74427.170000,0.507540,1779922799999,0,0
0.120557,0.100743,2026-05-27 23:00:00+00:00,74402.890000,74541.340000,74251.160000,74467.650000,0.654050,1779926399999,0,0
0.119372,0.100313,2026-05-28 00:00:00+00:00,74447.630000,74578.360000,74388.240000,74578.360000,0.381010,1779929999999,0,0
0.121377,0.100971,2026-05-28 01:00:00+00:00,74581.300000,74592.590000,74186.180000,74300.620000,3.064090,1779933599999,0,0
0.121937,0.101588,2026-05-28 02:00:00+00:00,74365.360000,74382.200000,74140.540000,74316.570000,1.107890,1779937199999,0,0
0.143717,0.113504,2026-05-28 03:00:00+00:00,74296.710000,74355.760000,73086.860000,73268.000000,5.919130,1779940799999,0,0
0.149818,0.118079,2026-05-28 04:00:00+00:00,73266.040000,73266.040000,72769.330000,73174.840000,5.947530,1779944399999,0,0
0.135298,0.114696,2026-05-28 05:00:00+00:00,73174.840000,73199.520000,72959.290000,72978.520000,0.377330,1779947999999,0,0
0.135251,0.115549,2026-05-28 06:00:00+00:00,72975.030000,73215.660000,72792.260000,73195.480000,0.338390,1779951599999,0,0
0.139120,0.118369,2026-05-28 07:00:00+00:00,73205.650000,73505.970000,73165.680000,73461.460000,0.135400,1779955199999,0,0
0.128757,0.113082,2026-05-28 08:00:00+00:00,73435.230000,73435.230000,73239.820000,73340.510000,0.066050,1779958799999,0,0
0.125944,0.110054,2026-05-28 09:00:00+00:00,73348.180000,73525.260000,73315.510000,73520.320000,0.013600,1779962399999,0,0
0.125255,0.110442,2026-05-28 10:00:00+00:00,73541.800000,73600.070000,73391.720000,73454.910000,0.201480,1779965999999,0,0
0.122834,0.110422,2026-05-28 11:00:00+00:00,73409.240000,73515.160000,73359.340000,73493.840000,0.040680,1779969599999,0,0
0.121165,0.111699,2026-05-28 12:00:00+00:00,73514.730000,73572.850000,73269.060000,73531.690000,0.120430,1779973199999,0,0
0.127706,0.116091,2026-05-28 13:00:00+00:00,73560.160000,73560.160000,72794.390000,72999.860000,0.927610,1779976799999,0,0
0.123217,0.115826,2026-05-28 14:00:00+00:00,73011.490000,73512.900000,72609.200000,73030.760000,0.714730,1779980399999,0,0
0.115971,0.113514,2026-05-28 15:00:00+00:00,73010.690000,73147.690000,72731.530000,72904.890000,0.506640,1779983999999,0,0
0.123799,0.117790,2026-05-28 16:00:00+00:00,72893.720000,73424.510000,72763.710000,73409.910000,1.312750,1779987599999,0,0
0.123851,0.116854,2026-05-28 17:00:00+00:00,73437.750000,73716.510000,73304.280000,73510.530000,1.319770,1779991199999,0,0
0.115344,0.107964,2026-05-28 18:00:00+00:00,73617.970000,73731.290000,73574.280000,73716.260000,6.974900,1779994799999,0,0
0.114869,0.107868,2026-05-28 19:00:00+00:00,73623.770000,73623.770000,73378.530000,73378.530000,0.545440,1779998399999,0,0
0.115964,0.108329,2026-05-28 20:00:00+00:00,73443.530000,73685.780000,73275.550000,73596.970000,0.388860,1780001999999,0,0
0.122915,0.115373,2026-05-28 21:00:00+00:00,73607.840000,73896.390000,73553.230000,73833.640000,0.162820,1780005599999,0,0
0.119941,0.113513,2026-05-28 22:00:00+00:00,73887.070000,73941.200000,73476.310000,73476.310000,0.295490,1780009199999,0,0
0.120044,0.113576,2026-05-28 23:00:00+00:00,73513.050000,73680.020000,73513.050000,73622.270000,2.896470,1780012799999,0,0
0.119010,0.114051,2026-05-29 00:00:00+00:00,73682.440000,73872.400000,73657.990000,73721.830000,0.140990,1780016399999,0,0
0.114364,0.111826,2026-05-29 01:00:00+00:00,73771.500000,73838.250000,73475.640000,73574.560000,0.423890,1780019999999,0,0
0.117132,0.113283,2026-05-29 02:00:00+00:00,73585.610000,73643.920000,73185.920000,73219.700000,1.618590,1780023599999,0,0
0.110132,0.109605,2026-05-29 03:00:00+00:00,73252.940000,73461.010000,73252.940000,73314.670000,0.086050,1780027199999,0,0
0.110201,0.110335,2026-05-29 04:00:00+00:00,73311.440000,73500.000000,73230.630000,73500.000000,0.028550,1780030799999,0,0
0.112789,0.109751,2026-05-29 05:00:00+00:00,73513.610000,73701.470000,73501.140000,73687.960000,0.178130,1780034399999,0,0
0.111331,0.106651,2026-05-29 06:00:00+00:00,73718.500000,73927.830000,73679.910000,73794.670000,0.139610,1780037999999,0,0
0.108990,0.104100,2026-05-29 07:00:00+00:00,73789.500000,73833.110000,73398.520000,73497.640000,2.834060,1780041599999,0,0
0.110475,0.105348,2026-05-29 08:00:00+00:00,73645.490000,73813.890000,73645.490000,73654.430000,0.051830,1780045199999,0,0
0.111564,0.108019,2026-05-29 09:00:00+00:00,73660.310000,73888.860000,73660.310000,73749.610000,2.830750,1780048799999,0,0
0.108990,0.106201,2026-05-29 10:00:00+00:00,73749.610000,73752.390000,73593.290000,73635.870000,1.454040,1780052399999,0,0
0.111519,0.107389,2026-05-29 11:00:00+00:00,73636.120000,73676.510000,73407.390000,73461.710000,0.080390,1780055999999,0,0
0.112383,0.108193,2026-05-29 12:00:00+00:00,73463.070000,73463.070000,73230.630000,73309.370000,2.896410,1780059599999,0,0
0.114776,0.108976,2026-05-29 13:00:00+00:00,73294.190000,73294.800000,72940.000000,73186.730000,0.283840,1780063199999,0,0
0.114722,0.107973,2026-05-29 14:00:00+00:00,73164.510000,73205.440000,72533.900000,73122.110000,1.329600,1780066799999,0,0
0.129144,0.113586,2026-05-29 15:00:00+00:00,73102.160000,74200.000000,73038.790000,73825.110000,3.661570,1780070399999,0,0
0.134365,0.113850,2026-05-29 16:00:00+00:00,73837.360000,74105.250000,73583.300000,74081.510000,3.411500,1780073999999,0,0
0.118312,0.101245,2026-05-29 17:00:00+00:00,74107.080000,74368.120000,73921.200000,73993.120000,3.605710,1780077599999,0,0
0.127248,0.106164,2026-05-29 18:00:00+00:00,73974.890000,74069.310000,73217.200000,73358.950000,7.097350,1780081199999,0,0
0.128039,0.108157,2026-05-29 19:00:00+00:00,73381.230000,73715.880000,73255.760000,73513.410000,0.415650,1780084799999,0,0
0.126694,0.111584,2026-05-29 20:00:00+00:00,73538.520000,73754.460000,73536.390000,73680.730000,0.613980,1780088399999,0,0
0.124431,0.109862,2026-05-29 21:00:00+00:00,73680.730000,73829.720000,73429.560000,73436.140000,7.219760,1780091999999,0,0
0.124433,0.108938,2026-05-29 22:00:00+00:00,73439.230000,73571.670000,73386.170000,73489.220000,0.320380,1780095599999,0,0
0.120576,0.107382,2026-05-29 23:00:00+00:00,73465.440000,73496.070000,73345.890000,73481.410000,1.480320,1780099199999,0,0
0.119986,0.107161,2026-05-30 00:00:00+00:00,73490.030000,73569.790000,73414.470000,73526.600000,1.504120,1780102799999,0,0
0.120838,0.107256,2026-05-30 01:00:00+00:00,73538.610000,73664.280000,73483.340000,73664.280000,3.078560,1780106399999,0,0
0.119130,0.104496,2026-05-30 02:00:00+00:00,73664.290000,73791.220000,73606.090000,73787.310000,0.146030,1780109999999,0,0
0.119524,0.103777,2026-05-30 03:00:00+00:00,73787.300000,73800.000000,73531.050000,73533.270000,2.948740,1780113599999,0,0
0.121898,0.105181,2026-05-30 04:00:00+00:00,73532.260000,73568.200000,73230.630000,73366.230000,0.337070,1780117199999,0,0
0.119150,0.105282,2026-05-30 05:00:00+00:00,73393.730000,73643.530000,73370.360000,73628.570000,3.139350,1780120799999,0,0
0.118687,0.105611,2026-05-30 06:00:00+00:00,73627.300000,73696.280000,73542.910000,73568.550000,0.370900,1780124399999,0,0
0.114932,0.102026,2026-05-30 07:00:00+00:00,73581.710000,73599.410000,73497.450000,73540.970000,0.351570,1780127999999,0,0
0.114065,0.101521,2026-05-30 08:00:00+00:00,73556.630000,73565.550000,73523.460000,73523.460000,0.078760,1780131599999,0,0
0.114383,0.101575,2026-05-30 09:00:00+00:00,73522.410000,73607.640000,73522.400000,73600.180000,2.785750,1780135199999,0,0
0.115803,0.102801,2026-05-30 10:00:00+00:00,73607.570000,73665.860000,73590.860000,73632.280000,0.154900,1780138799999,0,0
0.114160,0.101027,2026-05-30 11:00:00+00:00,73653.210000,73653.210000,73578.120000,73601.300000,0.095240,1780142399999,0,0
0.115754,0.100861,2026-05-30 12:00:00+00:00,73609.210000,73709.000000,73591.250000,73673.060000,0.842700,1780145999999,0,0
0.120882,0.102281,2026-05-30 13:00:00+00:00,73709.000000,73819.470000,73701.350000,73803.720000,0.272180,1780149599999,0,0
0.126221,0.103106,2026-05-30 14:00:00+00:00,73835.390000,74088.320000,73826.420000,73952.160000,7.775180,1780153199999,0,0
0.124198,0.101506,2026-05-30 15:00:00+00:00,73950.700000,74039.860000,73854.280000,73936.000000,4.105010,1780156799999,0,0
0.119628,0.099049,2026-05-30 16:00:00+00:00,73933.030000,73988.590000,73880.240000,73946.610000,1.489180,1780160399999,0,0
0.122058,0.101355,2026-05-30 17:00:00+00:00,73940.990000,74031.160000,73830.750000,74019.860000,1.593260,1780163999999,0,0
0.123666,0.102503,2026-05-30 18:00:00+00:00,74030.160000,74224.300000,73814.510000,74038.230000,6.975880,1780167599999,0,0
0.122099,0.102009,2026-05-30 19:00:00+00:00,74050.390000,74224.300000,73819.240000,74005.520000,6.902930,1780171199999,0,0
0.120641,0.101647,2026-05-30 20:00:00+00:00,74015.090000,74113.360000,73930.310000,73968.500000,2.747660,1780174799999,0,0
0.119516,0.101126,2026-05-30 21:00:00+00:00,73992.190000,74048.890000,73936.200000,73957.360000,0.179570,1780178399999,0,0
0.118829,0.100769,2026-05-30 22:00:00+00:00,73980.540000,73980.540000,73805.800000,73897.770000,0.199950,1780181999999,0,0
0.117218,0.099623,2026-05-30 23:00:00+00:00,73897.780000,73993.370000,73612.670000,73850.050000,2.984960,1780185599999,0,0
0.117444,0.099666,2026-05-31 00:00:00+00:00,73878.760000,74047.890000,73854.370000,74047.890000,5.418940,1780189199999,0,0
0.116454,0.098950,2026-05-31 01:00:00+00:00,74045.170000,74404.680000,73793.720000,74051.300000,8.447920,1780192799999,0,0
0.112413,0.095993,2026-05-31 02:00:00+00:00,74049.600000,74263.430000,73910.550000,74093.760000,0.525540,1780196399999,0,0
0.114541,0.096497,2026-05-31 03:00:00+00:00,74110.960000,74239.080000,74076.830000,74177.040000,0.090680,1780199999999,0,0
0.115813,0.096173,2026-05-31 04:00:00+00:00,74159.670000,74229.280000,74135.320000,74195.960000,0.068830,1780203599999,0,0
0.117329,0.097239,2026-05-31 05:00:00+00:00,74205.830000,74219.980000,74058.140000,74058.140000,1.726890,1780207199999,0,0
0.118340,0.097485,2026-05-31 06:00:00+00:00,74027.270000,74107.770000,74023.240000,74073.990000,0.016690,1780210799999,0,0
0.120509,0.098258,2026-05-31 07:00:00+00:00,74057.960000,74057.960000,73851.960000,73897.220000,0.061570,1780214399999,0,0
0.121621,0.097994,2026-05-31 08:00:00+00:00,73910.040000,73990.320000,73868.030000,73977.720000,0.046550,1780217999999,0,0
0.121975,0.097631,2026-05-31 09:00:00+00:00,73956.750000,74022.610000,73848.470000,73848.470000,0.014780,1780221599999,0,0
0.122774,0.096852,2026-05-31 10:00:00+00:00,73852.210000,73868.610000,73749.950000,73850.360000,1.690410,1780225199999,0,0
0.123674,0.096459,2026-05-31 11:00:00+00:00,73885.390000,73987.580000,73885.390000,73984.950000,0.405950,1780228799999,0,0
0.124056,0.095447,2026-05-31 12:00:00+00:00,73942.150000,73980.820000,73888.820000,73919.670000,0.206350,1780232399999,0,0
0.124061,0.094490,2026-05-31 13:00:00+00:00,73924.910000,74009.820000,73845.100000,73877.170000,0.115200,1780235999999,0,1
0.129407,0.096999,2026-05-31 14:00:00+00:00,73880.070000,73880.070000,73516.670000,73604.510000,0.663880,1780239599999,0,0
0.129463,0.097365,2026-05-31 15:00:00+00:00,73602.050000,73767.730000,73602.050000,73663.000000,0.034810,1780243199999,0,0
0.127131,0.097127,2026-05-31 16:00:00+00:00,73655.640000,73737.840000,73381.320000,73547.030000,1.190010,1780246799999,0,0
0.128082,0.097301,2026-05-31 17:00:00+00:00,73561.500000,73739.380000,73476.710000,73704.360000,0.208770,1780250399999,0,0
0.127578,0.097266,2026-05-31 18:00:00+00:00,73709.390000,73710.570000,73600.000000,73606.090000,0.032970,1780253999999,0,0
0.127354,0.096574,2026-05-31 19:00:00+00:00,73603.460000,73638.310000,73475.090000,73542.690000,0.025830,1780257599999,0,0
0.128415,0.097149,2026-05-31 20:00:00+00:00,73586.550000,73764.380000,73586.550000,73727.770000,0.092170,1780261199999,0,0
0.132047,0.098113,2026-05-31 21:00:00+00:00,73763.090000,73916.930000,73615.340000,73883.410000,0.052940,1780264799999,0,1
0.130645,0.096147,2026-05-31 22:00:00+00:00,73889.030000,74008.380000,73697.360000,73960.500000,0.205110,1780268399999,0,1
0.130644,0.095512,2026-05-31 23:00:00+00:00,74002.770000,74179.350000,73516.670000,73672.190000,0.305010,1780271999999,0,1
0.132129,0.096265,2026-06-01 00:00:00+00:00,73689.310000,74082.520000,73689.310000,73910.000000,0.200000,1780275599999,0,1
0.139842,0.101402,2026-06-01 01:00:00+00:00,73903.140000,73903.140000,73300.000000,73300.000000,0.180490,1780279199999,0,0
0.141716,0.101926,2026-06-01 02:00:00+00:00,73293.680000,73853.810000,73250.640000,73804.890000,0.228990,1780282799999,0,1
0.140597,0.102876,2026-06-01 03:00:00+00:00,73839.110000,74000.000000,73749.190000,73769.910000,0.118240,1780286399999,0,1
0.130654,0.096107,2026-06-01 04:00:00+00:00,73777.240000,73847.730000,73412.530000,73565.680000,0.077010,1780289999999,0,1
0.133834,0.097956,2026-06-01 05:00:00+00:00,73521.120000,73542.050000,73327.390000,73361.740000,0.143250,1780293599999,0,1
0.134613,0.098938,2026-06-01 06:00:00+00:00,73368.630000,73368.630000,72990.000000,73143.550000,0.061800,1780297199999,0,1
0.140225,0.102993,2026-06-01 07:00:00+00:00,73134.150000,73212.290000,72698.320000,72833.670000,0.346890,1780300799999,0,1
0.137655,0.102593,2026-06-01 08:00:00+00:00,72828.380000,72932.120000,72640.000000,72908.280000,0.358580,1780304399999,0,1
0.133404,0.101364,2026-06-01 09:00:00+00:00,72921.500000,73082.000000,72800.000000,72878.750000,2.351310,1780307999999,0,1
0.134548,0.101803,2026-06-01 10:00:00+00:00,72858.300000,72911.530000,72573.410000,72750.340000,0.293630,1780311599999,0,1
0.139917,0.104637,2026-06-01 11:00:00+00:00,72742.310000,72772.390000,72300.150000,72478.300000,0.551750,1780315199999,0,1
0.142713,0.106916,2026-06-01 12:00:00+00:00,72495.490000,72605.940000,71888.710000,72222.190000,1.152110,1780318799999,0,1
0.151870,0.112389,2026-06-01 13:00:00+00:00,72222.610000,72234.660000,71409.090000,71717.050000,10.708050,1780322399999,0,1
0.153382,0.114752,2026-06-01 14:00:00+00:00,71691.120000,71892.120000,71420.000000,71539.230000,2.546050,1780325999999,0,1
0.155047,0.118107,2026-06-01 15:00:00+00:00,71565.010000,71673.210000,71069.890000,71087.930000,4.022770,1780329599999,0,0
0.153812,0.118495,2026-06-01 16:00:00+00:00,71104.000000,71587.230000,70698.910000,71568.630000,3.162730,1780333199999,0,1
0.154991,0.120264,2026-06-01 17:00:00+00:00,71576.430000,71784.590000,71481.390000,71670.210000,3.465590,1780336799999,0,1
0.141124,0.111085,2026-06-01 18:00:00+00:00,71631.640000,71701.750000,71400.000000,71511.200000,0.845380,1780340399999,0,1
0.140197,0.109841,2026-06-01 19:00:00+00:00,71513.680000,71672.060000,71404.670000,71576.250000,1.375900,1780343999999,0,1
0.137819,0.109557,2026-06-01 20:00:00+00:00,71567.310000,71700.360000,71455.490000,71455.490000,0.958760,1780347599999,0,1
0.146108,0.116169,2026-06-01 21:00:00+00:00,71455.490000,71461.620000,70946.920000,71047.140000,0.563590,1780351199999,0,0
0.141284,0.115656,2026-06-01 22:00:00+00:00,70974.160000,71443.680000,70853.650000,71424.770000,0.821440,1780354799999,0,1
0.137348,0.115597,2026-06-01 23:00:00+00:00,71415.560000,71572.250000,71235.810000,71419.550000,0.942270,1780358399999,0,1
0.126259,0.109027,2026-06-02 00:00:00+00:00,71423.270000,71423.270000,71111.400000,71290.780000,0.304220,1780361999999,0,1
0.141522,0.116879,2026-06-02 01:00:00+00:00,71300.000000,71384.390000,70644.770000,70644.770000,2.008590,1780365599999,0,1
0.141260,0.117785,2026-06-02 02:00:00+00:00,70656.800000,70847.150000,70100.000000,70689.310000,11.603160,1780369199999,0,1
0.134645,0.116875,2026-06-02 03:00:00+00:00,70872.910000,71035.690000,70844.410000,70935.280000,0.671650,1780372799999,0,1
0.132214,0.115035,2026-06-02 04:00:00+00:00,70984.620000,71050.900000,70708.030000,70810.190000,4.111330,1780376399999,0,1
0.140931,0.118932,2026-06-02 05:00:00+00:00,70805.310000,70844.070000,70272.750000,70272.750000,0.835320,1780379999999,0,1
0.145160,0.122072,2026-06-02 06:00:00+00:00,70273.770000,70448.230000,69974.820000,70013.820000,0.986860,1780383599999,0,1
0.136306,0.120115,2026-06-02 07:00:00+00:00,70113.080000,70255.340000,69762.390000,70120.640000,0.531280,1780387199999,0,1
0.139435,0.123274,2026-06-02 08:00:00+00:00,70102.080000,70131.590000,69765.780000,69787.220000,0.278970,1780390799999,0,1
0.148695,0.128283,2026-06-02 09:00:00+00:00,69812.960000,69818.200000,69375.000000,69413.960000,0.303210,1780394399999,0,1
0.142053,0.126769,2026-06-02 10:00:00+00:00,69432.000000,69729.010000,69432.000000,69681.000000,0.075090,1780397999999,0,1
0.138491,0.126734,2026-06-02 11:00:00+00:00,69659.270000,69659.270000,69417.130000,69496.080000,0.206660,1780401599999,0,1
0.145572,0.130747,2026-06-02 12:00:00+00:00,69450.010000,69520.810000,69000.000000,69000.000000,7.776300,1780405199999,0,1
0.148964,0.133995,2026-06-02 13:00:00+00:00,69000.000000,69174.690000,68761.500000,68761.500000,6.484900,1780408799999,0,1
0.160606,0.143140,2026-06-02 14:00:00+00:00,68810.400000,68810.400000,67650.870000,68003.620000,8.566410,1780412399999,0,1
0.177930,0.155956,2026-06-02 15:00:00+00:00,67997.180000,68060.620000,67100.070000,67310.190000,2.426550,1780415999999,0,0
0.165080,0.154566,2026-06-02 16:00:00+00:00,67263.330000,68126.700000,67247.080000,67420.000000,8.682480,1780419599999,0,0
0.153988,0.152023,2026-06-02 17:00:00+00:00,67425.660000,67832.240000,67395.190000,67468.060000,2.149640,1780423199999,0,0
0.152601,0.151376,2026-06-02 18:00:00+00:00,67508.130000,67647.570000,67145.330000,67343.950000,1.189350,1780426799999,0,0
0.151718,0.152889,2026-06-02 19:00:00+00:00,67410.500000,67473.740000,66435.120000,67282.870000,1.714400,1780430399999,0,0
0.153129,0.155541,2026-06-02 20:00:00+00:00,67300.630000,67663.660000,66934.990000,67580.260000,7.189050,1780433999999,0,0
0.153062,0.156304,2026-06-02 21:00:00+00:00,67608.890000,68056.870000,67415.610000,67578.960000,20.394270,1780437599999,0,1
0.171032,0.167762,2026-06-02 22:00:00+00:00,67580.250000,67580.250000,66200.000000,66398.950000,14.145890,1780441199999,0,0
0.163271,0.167610,2026-06-02 23:00:00+00:00,66392.310000,66845.650000,66221.080000,66764.810000,4.586320,1780444799999,0,0
0.146912,0.164978,2026-06-03 00:00:00+00:00,66749.690000,67147.080000,66689.900000,66945.390000,5.209710,1780448399999,0,0
0.131685,0.154652,2026-06-03 01:00:00+00:00,66957.300000,67053.010000,66491.240000,66915.870000,0.870730,1780451999999,0,0
0.132337,0.155227,2026-06-03 02:00:00+00:00,66918.470000,66918.470000,66593.670000,66593.670000,0.664260,1780455599999,0,0
0.150171,0.167808,2026-06-03 03:00:00+00:00,66618.550000,66643.910000,65467.580000,65827.380000,7.947130,1780459199999,0,0
0.148098,0.170483,2026-06-03 04:00:00+00:00,65861.800000,66605.510000,65861.800000,66453.150000,0.451710,1780462799999,0,0
0.169059,0.185858,2026-06-03 05:00:00+00:00,66561.640000,67373.480000,66492.480000,67349.270000,1.959160,1780466399999,0,1
0.148671,0.166063,2026-06-03 06:00:00+00:00,67353.640000,67500.000000,66979.450000,66979.450000,0.819150,1780469999999,0,0
0.134031,0.149739,2026-06-03 07:00:00+00:00,66970.560000,67329.930000,66889.150000,67228.090000,1.497980,1780473599999,0,1
0.130769,0.149516,2026-06-03 08:00:00+00:00,67233.480000,67249.830000,66988.500000,67039.200000,0.174750,1780477199999,0,0
0.133016,0.156283,2026-06-03 09:00:00+00:00,67033.760000,67343.360000,66682.420000,67112.000000,2.541520,1780480799999,0,1
0.137216,0.163148,2026-06-03 10:00:00+00:00,67090.710000,67457.720000,67073.960000,67288.240000,0.424360,1780484399999,0,1
0.135103,0.160451,2026-06-03 11:00:00+00:00,67339.330000,67373.010000,67075.870000,67075.870000,1.549210,1780487999999,0,1
0.136035,0.160936,2026-06-03 12:00:00+00:00,67053.000000,67139.780000,66816.870000,67086.010000,1.271660,1780491599999,0,1
0.135770,0.161108,2026-06-03 13:00:00+00:00,67119.120000,67258.220000,66653.090000,66883.880000,4.594690,1780495199999,0,1
0.135218,0.161121,2026-06-03 14:00:00+00:00,66883.880000,66971.270000,66667.130000,66826.430000,0.278930,1780498799999,0,1
0.137616,0.163621,2026-06-03 15:00:00+00:00,66864.630000,66878.590000,66100.000000,66100.000000,2.541730,1780502399999,0,1
0.137632,0.163909,2026-06-03 16:00:00+00:00,66113.920000,66341.200000,65575.530000,66063.000000,3.504040,1780505999999,0,1
0.126767,0.159215,2026-06-03 17:00:00+00:00,66067.930000,66176.120000,65721.310000,65980.250000,5.297980,1780509599999,0,1
0.127477,0.159246,2026-06-03 18:00:00+00:00,66068.600000,66119.370000,65762.230000,66049.570000,0.816100,1780513199999,0,1
0.139687,0.168299,2026-06-03 19:00:00+00:00,66027.720000,66055.030000,65278.610000,65492.640000,6.254340,1780516799999,0,1
0.151780,0.177117,2026-06-03 20:00:00+00:00,65463.430000,65604.450000,64758.210000,65010.300000,5.028710,1780520399999,0,0
0.149531,0.178671,2026-06-03 21:00:00+00:00,65009.750000,65858.530000,65002.590000,65763.690000,7.268370,1780523999999,0,1
0.155353,0.183753,2026-06-03 22:00:00+00:00,65791.920000,65812.540000,64796.860000,64922.050000,3.767720,1780527599999,0,1
0.173624,0.193182,2026-06-03 23:00:00+00:00,64962.830000,64962.830000,64106.480000,64151.820000,5.446340,1780531199999,0,1
0.181966,0.205578,2026-06-04 00:00:00+00:00,64119.110000,64416.200000,62867.740000,63310.660000,12.190260,1780534799999,0,1
0.204067,0.228243,2026-06-04 01:00:00+00:00,63358.870000,63500.140000,62105.260000,62242.640000,7.555620,1780538399999,0,0
0.194590,0.229584,2026-06-04 02:00:00+00:00,62218.630000,63630.600000,61392.860000,63213.620000,12.803840,1780541999999,0,0
0.229898,0.252592,2026-06-04 03:00:00+00:00,63268.650000,64530.640000,63266.080000,64371.570000,2.111000,1780545599999,0,1
0.198041,0.215850,2026-06-04 04:00:00+00:00,64372.280000,64747.520000,64299.000000,64412.130000,1.257050,1780549199999,0,1
0.164689,0.183805,2026-06-04 05:00:00+00:00,64406.490000,64406.490000,63671.970000,63973.740000,0.736520,1780552799999,0,0
0.162411,0.183711,2026-06-04 06:00:00+00:00,63919.650000,64472.050000,63881.480000,64032.680000,1.710860,1780556399999,0,0
0.169154,0.202525,2026-06-04 07:00:00+00:00,64055.110000,64065.070000,63512.890000,63664.350000,2.584270,1780559999999,0,0
0.174954,0.213327,2026-06-04 08:00:00+00:00,63616.110000,63821.030000,63285.200000,63710.280000,0.860310,1780563599999,0,0
0.170162,0.215750,2026-06-04 09:00:00+00:00,63618.270000,63618.270000,62726.820000,63225.410000,3.808750,1780567199999,0,0
0.186950,0.229795,2026-06-04 10:00:00+00:00,63195.180000,63195.180000,62298.130000,62409.420000,5.862070,1780570799999,1,0
0.179431,0.229471,2026-06-04 11:00:00+00:00,62469.190000,62816.960000,62241.690000,62559.180000,5.802540,1780574399999,1,0
0.201161,0.247285,2026-06-04 12:00:00+00:00,62559.190000,63933.500000,62434.650000,63778.560000,1.298820,1780577999999,0,0
0.191770,0.232020,2026-06-04 13:00:00+00:00,63681.220000,64261.800000,63103.160000,64205.190000,2.397070,1780581599999,0,1
0.148434,0.187307,2026-06-04 14:00:00+00:00,64245.850000,64481.930000,63819.610000,63965.060000,3.669220,1780585199999,0,0
0.142748,0.180282,2026-06-04 15:00:00+00:00,63925.040000,64397.260000,63721.600000,63954.140000,1.882240,1780588799999,0,1
0.149417,0.193881,2026-06-04 16:00:00+00:00,63849.930000,63897.650000,63481.780000,63591.840000,0.604530,1780592399999,0,0
0.157226,0.210145,2026-06-04 17:00:00+00:00,63545.220000,63710.280000,62966.480000,63542.700000,1.594780,1780595999999,0,0
0.156763,0.213487,2026-06-04 18:00:00+00:00,63558.090000,64127.430000,63206.440000,63821.850000,6.231680,1780599599999,0,1
0.155216,0.212577,2026-06-04 19:00:00+00:00,63821.600000,64141.830000,63524.710000,63634.700000,4.783680,1780603199999,0,1
0.153142,0.209746,2026-06-04 20:00:00+00:00,63605.040000,63654.030000,63209.510000,63581.830000,1.137570,1780606799999,0,0
0.153001,0.209750,2026-06-04 21:00:00+00:00,63624.050000,63862.670000,63135.130000,63304.890000,4.030190,1780610399999,0,0
0.144109,0.203912,2026-06-04 22:00:00+00:00,63225.000000,63764.830000,63216.820000,63725.920000,5.865810,1780613999999,0,1
0.134959,0.198437,2026-06-04 23:00:00+00:00,63758.340000,63919.090000,63398.300000,63892.970000,2.902880,1780617599999,0,1
0.132069,0.190716,2026-06-05 00:00:00+00:00,63842.160000,63971.290000,63399.510000,63402.690000,1.278710,1780621199999,0,1
0.139500,0.189770,2026-06-05 01:00:00+00:00,63426.120000,63551.580000,63079.340000,63365.990000,2.862460,1780624799999,0,1
0.153743,0.200047,2026-06-05 02:00:00+00:00,63371.730000,63427.850000,62600.890000,62637.570000,3.908060,1780628399999,0,0
0.156988,0.204430,2026-06-05 03:00:00+00:00,62611.810000,62898.600000,62346.200000,62723.990000,1.388690,1780631999999,0,0
0.168251,0.215346,2026-06-05 04:00:00+00:00,62742.470000,63627.010000,62480.150000,63619.400000,1.749570,1780635599999,0,1
0.173571,0.215659,2026-06-05 05:00:00+00:00,63619.400000,63697.840000,62276.780000,62313.330000,2.258050,1780639199999,0,0
0.186212,0.220218,2026-06-05 06:00:00+00:00,62276.770000,62613.170000,61145.120000,61951.630000,12.083010,1780642799999,0,0
0.175849,0.218302,2026-06-05 07:00:00+00:00,61997.790000,63007.380000,61448.670000,63007.380000,7.865040,1780646399999,0,1
0.177430,0.220119,2026-06-05 08:00:00+00:00,63103.160000,63109.650000,62352.680000,62382.720000,4.774890,1780649999999,0,0
0.167564,0.204048,2026-06-05 09:00:00+00:00,62644.600000,63263.300000,62578.020000,62852.840000,4.741780,1780653599999,0,1
0.166666,0.201267,2026-06-05 10:00:00+00:00,62862.110000,62862.110000,62408.320000,62497.020000,7.415760,1780657199999,0,1
0.178267,0.205497,2026-06-05 11:00:00+00:00,62549.130000,62633.660000,61980.800000,61980.800000,1.769600,1780660799999,0,0
0.177708,0.211065,2026-06-05 12:00:00+00:00,61968.330000,62472.220000,61654.450000,61965.640000,6.817890,1780664399999,0,1
0.204382,0.232500,2026-06-05 13:00:00+00:00,62003.660000,62283.810000,60755.560000,60755.560000,10.938610,1780667999999,0,0
0.210056,0.238361,2026-06-05 14:00:00+00:00,60738.110000,61174.890000,60358.580000,60888.730000,14.075060,1780671599999,0,0
0.191811,0.232718,2026-06-05 15:00:00+00:00,60906.960000,61110.570000,60082.000000,60487.630000,10.266930,1780675199999,0,0
0.204046,0.240694,2026-06-05 16:00:00+00:00,60448.020000,61505.860000,59802.180000,61430.430000,21.355040,1780678799999,0,1
0.204360,0.240193,2026-06-05 17:00:00+00:00,61460.580000,61485.300000,60680.560000,60800.340000,6.613990,1780682399999,0,0
0.236594,0.254564,2026-06-05 18:00:00+00:00,60823.780000,60910.550000,59154.720000,59427.660000,26.255010,1780685999999,1,0
0.223632,0.253788,2026-06-05 19:00:00+00:00,59200.000000,60444.100000,59137.180000,60374.390000,8.754250,1780689599999,0,0
0.259510,0.280402,2026-06-05 20:00:00+00:00,60324.560000,61715.370000,59957.310000,61666.250000,3.312010,1780693199999,0,1
0.226696,0.247777,2026-06-05 21:00:00+00:00,61631.140000,61980.800000,61485.300000,61665.970000,1.189090,1780696799999,0,1
0.175936,0.201203,2026-06-05 22:00:00+00:00,61626.130000,61937.970000,61238.190000,61563.660000,1.609240,1780700399999,0,1
0.185374,0.208337,2026-06-05 23:00:00+00:00,61631.220000,61742.440000,60558.120000,61106.880000,2.701790,1780703999999,0,0
0.193447,0.226998,2026-06-06 00:00:00+00:00,61110.570000,61510.960000,61110.570000,61307.950000,3.462860,1780707599999,0,0
0.194837,0.238113,2026-06-06 01:00:00+00:00,61298.540000,61384.630000,60975.210000,61064.070000,0.758390,1780711199999,0,0
0.195426,0.236990,2026-06-06 02:00:00+00:00,61057.120000,61176.260000,60711.760000,61000.000000,0.503670,1780714799999,0,0
0.193664,0.236733,2026-06-06 03:00:00+00:00,60920.590000,60939.830000,60515.320000,60665.120000,0.974700,1780718399999,0,0
0.207431,0.246331,2026-06-06 04:00:00+00:00,60690.940000,60804.180000,59500.000000,60053.470000,3.502310,1780721999999,0,0
0.210860,0.250441,2026-06-06 05:00:00+00:00,60090.880000,61052.630000,59604.950000,60958.490000,5.403160,1780725599999,0,0
0.191485,0.238667,2026-06-06 06:00:00+00:00,60966.040000,61253.310000,60722.330000,60749.910000,8.073160,1780729199999,0,0
0.163767,0.209758,2026-06-06 07:00:00+00:00,60783.220000,61208.470000,60739.670000,61014.190000,0.688100,1780732799999,0,0
0.167205,0.211067,2026-06-06 08:00:00+00:00,60984.290000,61479.200000,60891.210000,61263.620000,1.933940,1780736399999,0,0
0.157980,0.202157,2026-06-06 09:00:00+00:00,61249.990000,61325.010000,60909.680000,60993.630000,0.589460,1780739999999,0,0
0.168433,0.215156,2026-06-06 10:00:00+00:00,60983.720000,60983.720000,60069.540000,60604.680000,18.749380,1780743599999,1,0
0.163200,0.213393,2026-06-06 11:00:00+00:00,60601.080000,60982.450000,60569.970000,60800.020000,0.651380,1780747199999,0,0
0.165888,0.218712,2026-06-06 12:00:00+00:00,60814.990000,61182.780000,60660.300000,61017.510000,1.245340,1780750799999,0,0
0.162165,0.212414,2026-06-06 13:00:00+00:00,61019.510000,61078.260000,60708.720000,60803.120000,0.395430,1780754399999,0,0
0.161985,0.209477,2026-06-06 14:00:00+00:00,60815.360000,60991.720000,60797.510000,60800.610000,0.895170,1780757999999,0,0
0.158298,0.204410,2026-06-06 15:00:00+00:00,60872.280000,60922.290000,60402.680000,60814.400000,1.119190,1780761599999,0,0
0.150582,0.200064,2026-06-06 16:00:00+00:00,60721.560000,60933.020000,60505.550000,60728.260000,1.574600,1780765199999,1,0
0.155876,0.202247,2026-06-06 17:00:00+00:00,60822.160000,60827.530000,60533.380000,60573.820000,0.636680,1780768799999,1,0
0.162563,0.198278,2026-06-06 18:00:00+00:00,60604.150000,60722.330000,60411.190000,60657.830000,0.278590,1780772399999,1,0
0.165315,0.197170,2026-06-06 19:00:00+00:00,60614.300000,60774.990000,60540.260000,60674.070000,0.208020,1780775999999,1,0
0.161131,0.193277,2026-06-06 20:00:00+00:00,60627.190000,60748.010000,60540.260000,60714.760000,0.602510,1780779599999,1,0
0.160802,0.191620,2026-06-06 21:00:00+00:00,60706.880000,61002.910000,60706.880000,60761.550000,0.117180,1780783199999,1,0
0.162763,0.191246,2026-06-06 22:00:00+00:00,60744.180000,60811.870000,60439.810000,60547.320000,0.524350,1780786799999,1,0
0.167980,0.193273,2026-06-06 23:00:00+00:00,60579.850000,60919.110000,60562.980000,60908.450000,0.713860,1780790399999,1,0
0.167087,0.192916,2026-06-07 00:00:00+00:00,60865.450000,60977.590000,60765.040000,60771.970000,0.386680,1780793999999,1,0
0.186319,0.199622,2026-06-07 01:00:00+00:00,60789.790000,61636.920000,60760.300000,61518.870000,0.510740,1780797599999,1,0
0.191422,0.201055,2026-06-07 02:00:00+00:00,61468.960000,61549.600000,61197.450000,61515.060000,3.521450,1780801199999,1,0
0.174742,0.183978,2026-06-07 03:00:00+00:00,61478.700000,61752.360000,61440.650000,61653.740000,4.230000,1780804799999,0,0
0.190356,0.192060,2026-06-07 04:00:00+00:00,61685.230000,61883.450000,61511.200000,61876.220000,0.167960,1780808399999,0,0
0.185834,0.190106,2026-06-07 05:00:00+00:00,61842.070000,62159.230000,61650.000000,61737.530000,2.043000,1780811999999,0,0
0.194944,0.199242,2026-06-07 06:00:00+00:00,61672.520000,62250.230000,61624.120000,62094.620000,1.319590,1780815599999,0,0
0.203481,0.205798,2026-06-07 07:00:00+00:00,62059.000000,62400.000000,62024.340000,62400.000000,0.970230,1780819199999,0,0
0.203929,0.205462,2026-06-07 08:00:00+00:00,62390.050000,62919.580000,62280.200000,62832.790000,1.252950,1780822799999,0,0
0.188905,0.196610,2026-06-07 09:00:00+00:00,62822.370000,62887.840000,62422.490000,62564.870000,0.458520,1780826399999,0,0
0.179751,0.190562,2026-06-07 10:00:00+00:00,62481.360000,62569.230000,62317.580000,62317.580000,0.171930,1780829999999,0,0
0.172611,0.191984,2026-06-07 11:00:00+00:00,62380.110000,62733.000000,62380.110000,62626.230000,4.819350,1780833599999,0,0
0.167871,0.192517,2026-06-07 12:00:00+00:00,62629.380000,62637.750000,61599.470000,61907.890000,2.250480,1780837199999,0,0
0.168823,0.191213,2026-06-07 13:00:00+00:00,61834.830000,61850.000000,61663.040000,61761.490000,0.678910,1780840799999,0,0
0.148710,0.178920,2026-06-07 14:00:00+00:00,61711.720000,62295.260000,61711.720000,61781.480000,0.341730,1780844399999,0,0
0.150344,0.178680,2026-06-07 15:00:00+00:00,61879.020000,62163.290000,61689.780000,62062.710000,7.488610,1780847999999,0,0
0.148584,0.173781,2026-06-07 16:00:00+00:00,62091.630000,62317.270000,61970.420000,62051.610000,4.960540,1780851599999,0,0
0.141055,0.162841,2026-06-07 17:00:00+00:00,62062.260000,62318.700000,62057.410000,62159.630000,5.060260,1780855199999,0,0
0.142790,0.160126,2026-06-07 18:00:00+00:00,62216.260000,62307.370000,62030.920000,62030.920000,0.959120,1780858799999,0,0
0.167395,0.171087,2026-06-07 19:00:00+00:00,62037.010000,62039.240000,61199.430000,61292.030000,6.775900,1780862399999,1,0
0.169485,0.171019,2026-06-07 20:00:00+00:00,61312.210000,61950.290000,61286.210000,61929.380000,0.432310,1780865999999,1,0
0.170921,0.170661,2026-06-07 21:00:00+00:00,61867.780000,61995.260000,61676.940000,61772.820000,4.484540,1780869599999,1,0
0.194985,0.172130,2026-06-07 22:00:00+00:00,61794.980000,64210.490000,61772.120000,62864.460000,11.789730,1780873199999,0,0
0.217542,0.175910,2026-06-07 23:00:00+00:00,62858.590000,63393.750000,62812.180000,63303.490000,9.597360,1780876799999,0,0
0.202330,0.153636,2026-06-08 00:00:00+00:00,63303.490000,63822.480000,63148.470000,63638.160000,7.308360,1780880399999,0,0
0.197257,0.151181,2026-06-08 01:00:00+00:00,63620.510000,63634.260000,62731.230000,63180.520000,1.918900,1780883999999,0,0
0.202944,0.154670,2026-06-08 02:00:00+00:00,63236.560000,63239.900000,62955.330000,63108.260000,0.517930,1780887599999,0,0
0.200504,0.162103,2026-06-08 03:00:00+00:00,63138.860000,63424.000000,62983.850000,63140.840000,0.199160,1780891199999,0,0
0.210643,0.168378,2026-06-08 04:00:00+00:00,63165.490000,63165.490000,62638.400000,62714.180000,4.370040,1780894799999,0,0
0.210008,0.166524,2026-06-08 05:00:00+00:00,62768.630000,62832.420000,62434.410000,62726.180000,1.130040,1780898399999,0,0
0.202558,0.164021,2026-06-08 06:00:00+00:00,62768.640000,63150.200000,62768.640000,63008.130000,0.103260,1780901999999,0,0
0.190543,0.157385,2026-06-08 07:00:00+00:00,62994.810000,63344.100000,62854.410000,63335.640000,0.100600,1780905599999,0,0
0.167303,0.143761,2026-06-08 08:00:00+00:00,63260.570000,63260.570000,62994.750000,63119.840000,0.088000,1780909199999,0,0
0.147762,0.132059,2026-06-08 09:00:00+00:00,63127.290000,63561.850000,63127.290000,63491.190000,4.386730,1780912799999,0,0
0.146076,0.132752,2026-06-08 10:00:00+00:00,63521.110000,63539.780000,63098.580000,63147.550000,5.484800,1780916399999,0,0
0.145466,0.133392,2026-06-08 11:00:00+00:00,63150.500000,63862.670000,63068.020000,63465.860000,8.841810,1780919999999,0,0
0.157685,0.140878,2026-06-08 12:00:00+00:00,63489.050000,63903.810000,62715.410000,63843.440000,3.626950,1780923599999,0,0
0.152391,0.133792,2026-06-08 13:00:00+00:00,63880.870000,63930.740000,63393.750000,63776.040000,0.547840,1780927199999,0,0
0.151801,0.130593,2026-06-08 14:00:00+00:00,63790.260000,64076.040000,63587.460000,63969.560000,2.968720,1780930799999,0,1
0.152902,0.130334,2026-06-08 15:00:00+00:00,63956.480000,64210.530000,63757.330000,63817.940000,4.659260,1780934399999,0,1
0.156587,0.132741,2026-06-08 16:00:00+00:00,63703.490000,64040.920000,63480.000000,63509.500000,8.686540,1780937999999,0,1
0.150298,0.130081,2026-06-08 17:00:00+00:00,63509.500000,63638.820000,63300.000000,63532.850000,12.588290,1780941599999,0,1
0.142539,0.124638,2026-06-08 18:00:00+00:00,63525.640000,63690.570000,63351.120000,63483.970000,1.449470,1780945199999,0,1
0.151369,0.122890,2026-06-08 19:00:00+00:00,63448.740000,63582.200000,63357.280000,63368.060000,0.363860,1780948799999,0,0
0.151281,0.118996,2026-06-08 20:00:00+00:00,63410.010000,63471.460000,63193.720000,63470.130000,0.424610,1780952399999,0,1
0.165320,0.119919,2026-06-08 21:00:00+00:00,63459.930000,63850.660000,63459.930000,63777.800000,3.569580,1780955999999,0,1
0.159532,0.114943,2026-06-08 22:00:00+00:00,63650.600000,63674.650000,63216.550000,63410.850000,0.845470,1780959599999,0,1
0.165133,0.115492,2026-06-08 23:00:00+00:00,63442.570000,63614.090000,62957.990000,63107.850000,0.803360,1780963199999,0,0
0.175057,0.120576,2026-06-09 00:00:00+00:00,63072.570000,63178.000000,62430.660000,62548.970000,3.893650,1780966799999,0,0
0.172100,0.120062,2026-06-09 01:00:00+00:00,62581.320000,62866.370000,62553.980000,62767.100000,0.795670,1780970399999,0,0
0.167854,0.119114,2026-06-09 02:00:00+00:00,62792.100000,62856.120000,62543.750000,62841.920000,0.179490,1780973999999,0,0
0.161324,0.113919,2026-06-09 03:00:00+00:00,62875.640000,62975.640000,62704.620000,62881.290000,0.261770,1780977599999,0,0
0.171280,0.114659,2026-06-09 04:00:00+00:00,62874.840000,63398.140000,62739.740000,63272.540000,2.011480,1780981199999,0,1
0.172238,0.110922,2026-06-09 05:00:00+00:00,63225.560000,63506.750000,63116.020000,63341.880000,0.321920,1780984799999,0,1
0.163027,0.104766,2026-06-09 06:00:00+00:00,63319.720000,63476.890000,63236.420000,63289.110000,0.294800,1780988399999,0,1
0.166106,0.105983,2026-06-09 07:00:00+00:00,63367.570000,63453.200000,62911.180000,63180.190000,3.825660,1780991999999,0,1
0.174822,0.110152,2026-06-09 08:00:00+00:00,63204.240000,63204.240000,62793.190000,62862.580000,1.120040,1780995599999,0,1
0.175317,0.112265,2026-06-09 09:00:00+00:00,62857.770000,62893.190000,62588.890000,62684.010000,0.236520,1780999199999,0,1
0.168722,0.109975,2026-06-09 10:00:00+00:00,62753.370000,62839.460000,62630.920000,62775.340000,0.559950,1781002799999,0,1
0.166474,0.108961,2026-06-09 11:00:00+00:00,62790.900000,62792.290000,62494.040000,62731.660000,0.431540,1781006399999,0,1
0.162626,0.106689,2026-06-09 12:00:00+00:00,62712.700000,62878.510000,62434.410000,62643.860000,7.407920,1781009999999,0,0
0.167556,0.108594,2026-06-09 13:00:00+00:00,62630.630000,62748.190000,62151.440000,62358.470000,4.134930,1781013599999,0,0
0.193662,0.119060,2026-06-09 14:00:00+00:00,62306.660000,62371.650000,61168.950000,61471.230000,9.085820,1781017199999,0,0
0.204247,0.125503,2026-06-09 15:00:00+00:00,61476.850000,61712.820000,61066.920000,61069.670000,1.404830,1781020799999,0,0
0.185982,0.121536,2026-06-09 16:00:00+00:00,61113.050000,61459.660000,60794.570000,61407.800000,4.750250,1781024399999,0,0
0.191413,0.125006,2026-06-09 17:00:00+00:00,61405.720000,61875.430000,61405.720000,61701.980000,8.964780,1781027999999,0,0
0.179945,0.117716,2026-06-09 18:00:00+00:00,61722.260000,61943.450000,61628.030000,61799.310000,3.879590,1781031599999,0,0
0.173750,0.112296,2026-06-09 19:00:00+00:00,61779.580000,62082.440000,61743.730000,62082.440000,0.486130,1781035199999,0,0
0.169428,0.109094,2026-06-09 20:00:00+00:00,62094.050000,62270.760000,61925.830000,62093.390000,2.805040,1781038799999,0,0
0.169923,0.110803,2026-06-09 21:00:00+00:00,62110.820000,62149.840000,61701.780000,61781.760000,2.675760,1781042399999,0,0
0.171668,0.114250,2026-06-09 22:00:00+00:00,61757.550000,61939.650000,61666.110000,61698.560000,0.241320,1781045999999,0,0
0.163070,0.112980,2026-06-09 23:00:00+00:00,61740.030000,61866.810000,61563.000000,61712.860000,0.278140,1781049599999,0,0
0.164763,0.114643,2026-06-10 00:00:00+00:00,61715.850000,61891.120000,61469.540000,61869.990000,0.354930,1781053199999,0,0
0.162065,0.113480,2026-06-10 01:00:00+00:00,61910.120000,61953.730000,61590.490000,61684.970000,7.169660,1781056799999,0,0
0.168160,0.115341,2026-06-10 02:00:00+00:00,61789.500000,61791.690000,61247.520000,61297.190000,0.337080,1781060399999,0,0
0.158107,0.111891,2026-06-10 03:00:00+00:00,61310.530000,61567.700000,61307.930000,61567.040000,1.325110,1781063999999,0,0
0.155332,0.111687,2026-06-10 04:00:00+00:00,61537.270000,61554.920000,61200.000000,61252.860000,0.401390,1781067599999,0,0
0.153818,0.109912,2026-06-10 05:00:00+00:00,61313.640000,61384.270000,61076.720000,61351.000000,0.666920,1781071199999,0,0
0.150952,0.109230,2026-06-10 06:00:00+00:00,61342.170000,61517.100000,61205.230000,61469.360000,0.101460,1781074799999,0,0
0.150942,0.107980,2026-06-10 07:00:00+00:00,61469.060000,61773.280000,61469.060000,61688.670000,0.083940,1781078399999,0,0
0.150201,0.107681,2026-06-10 08:00:00+00:00,61639.860000,61711.640000,61177.220000,61246.990000,0.159170,1781081999999,0,0
0.149272,0.106559,2026-06-10 09:00:00+00:00,61286.400000,61404.520000,60795.010000,61338.150000,0.890580,1781085599999,0,0
0.143110,0.105230,2026-06-10 10:00:00+00:00,61338.150000,61427.260000,61160.350000,61375.310000,0.091980,1781089199999,0,0
0.148025,0.107008,2026-06-10 11:00:00+00:00,61389.830000,61401.060000,60879.310000,61037.190000,0.244710,1781092799999,1,0
0.151724,0.108222,2026-06-10 12:00:00+00:00,61011.120000,61956.090000,60976.250000,61581.610000,7.445100,1781096399999,0,0
0.167976,0.113857,2026-06-10 13:00:00+00:00,61550.080000,62447.700000,61445.340000,62103.790000,5.452390,1781099999999,0,0
0.158086,0.105264,2026-06-10 14:00:00+00:00,62072.450000,62223.950000,61834.190000,62149.930000,1.718950,1781103599999,0,0
0.163841,0.103514,2026-06-10 15:00:00+00:00,62193.820000,62850.000000,61862.340000,62620.060000,6.556760,1781107199999,0,0
0.161862,0.102355,2026-06-10 16:00:00+00:00,62616.400000,62616.400000,61939.650000,62198.640000,2.897440,1781110799999,0,0
0.167073,0.106857,2026-06-10 17:00:00+00:00,62254.950000,62362.730000,61666.100000,61948.820000,5.282800,1781114399999,0,0
0.161438,0.108299,2026-06-10 18:00:00+00:00,61975.410000,62149.780000,61654.450000,61865.570000,4.930870,1781117999999,0,0
0.156999,0.108277,2026-06-10 19:00:00+00:00,61893.820000,62039.220000,61696.800000,62000.330000,0.601480,1781121599999,0,0
0.153305,0.107642,2026-06-10 20:00:00+00:00,61938.950000,61938.950000,61693.820000,61801.540000,0.406970,1781125199999,0,0
0.158876,0.109448,2026-06-10 21:00:00+00:00,61797.170000,61797.170000,61201.130000,61320.760000,1.632500,1781128799999,1,0
0.152452,0.107160,2026-06-10 22:00:00+00:00,61288.810000,61559.450000,61132.580000,61396.530000,8.484040,1781132399999,1,0
0.139785,0.102763,2026-06-10 23:00:00+00:00,61348.800000,61593.540000,61182.390000,61519.300000,0.265260,1781135999999,1,0
0.141698,0.103082,2026-06-11 00:00:00+00:00,61526.150000,61973.900000,61526.150000,61807.600000,4.366330,1781139599999,1,0
0.146227,0.103282,2026-06-11 01:00:00+00:00,61825.710000,62386.570000,61825.710000,62226.600000,5.261920,1781143199999,0,0
0.138716,0.096953,2026-06-11 02:00:00+00:00,62210.670000,62311.320000,61953.190000,62158.060000,0.504570,1781146799999,0,0
0.143668,0.098288,2026-06-11 03:00:00+00:00,62151.310000,62823.680000,62039.560000,62710.960000,4.030390,1781150399999,0,0
0.150780,0.101749,2026-06-11 04:00:00+00:00,62675.270000,62866.690000,62567.440000,62742.190000,0.227720,1781153999999,0,0
0.142514,0.097741,2026-06-11 05:00:00+00:00,62676.300000,62733.320000,62570.440000,62609.830000,0.477810,1781157599999,0,0
0.148602,0.102350,2026-06-11 06:00:00+00:00,62636.140000,62999.900000,62570.440000,62794.750000,0.766770,1781161199999,0,0
0.150737,0.105230,2026-06-11 07:00:00+00:00,62771.730000,62804.020000,62617.930000,62712.290000,0.506440,1781164799999,0,0
0.156334,0.108721,2026-06-11 08:00:00+00:00,62779.230000,63015.730000,62749.180000,62935.770000,0.296360,1781168399999,0,0
0.152460,0.106960,2026-06-11 09:00:00+00:00,62954.800000,62957.730000,62808.490000,62957.730000,0.073990,1781171999999,0,0
0.145467,0.102600,2026-06-11 10:00:00+00:00,62941.550000,63175.990000,62824.410000,63161.770000,0.730290,1781175599999,0,0
0.139628,0.099223,2026-06-11 11:00:00+00:00,63148.230000,63263.870000,63087.110000,63119.170000,0.414530,1781179199999,0,0
0.130583,0.094941,2026-06-11 12:00:00+00:00,63121.190000,63175.490000,62560.300000,63025.590000,2.633970,1781182799999,0,0
0.126353,0.095100,2026-06-11 13:00:00+00:00,63000.990000,63250.580000,62676.100000,63058.460000,2.824680,1781186399999,0,0
0.122971,0.094834,2026-06-11 14:00:00+00:00,63060.160000,63088.660000,62732.370000,62751.590000,2.136310,1781189999999,0,0
0.121198,0.095327,2026-06-11 15:00:00+00:00,62726.800000,62871.180000,62534.970000,62737.780000,0.740700,1781193599999,0,0
0.117429,0.094411,2026-06-11 16:00:00+00:00,62775.620000,62826.690000,62554.140000,62589.100000,0.729800,1781197199999,0,0
0.139495,0.104158,2026-06-11 17:00:00+00:00,62584.260000,63639.580000,62360.870000,63639.580000,6.448420,1781200799999,0,0
0.138429,0.102392,2026-06-11 18:00:00+00:00,63647.740000,63777.920000,63346.160000,63465.560000,8.674160,1781204399999,0,0
0.116294,0.087571,2026-06-11 19:00:00+00:00,63437.270000,63908.870000,63405.310000,63610.560000,2.132250,1781207999999,0,0
0.118085,0.089095,2026-06-11 20:00:00+00:00,63614.690000,63662.630000,63275.660000,63406.390000,0.629130,1781211599999,0,0
0.123001,0.090445,2026-06-11 21:00:00+00:00,63397.990000,63580.230000,63397.990000,63479.450000,0.427200,1781215199999,0,0
0.131861,0.096555,2026-06-11 22:00:00+00:00,63548.630000,63648.580000,63491.900000,63559.260000,0.188390,1781218799999,0,0
0.135533,0.095541,2026-06-11 23:00:00+00:00,63495.090000,63681.740000,63352.570000,63603.920000,0.387910,1781222399999,0,0
0.137698,0.094566,2026-06-12 00:00:00+00:00,63600.190000,63803.330000,63558.090000,63641.540000,3.871520,1781225999999,0,0
0.140987,0.094948,2026-06-12 01:00:00+00:00,63640.940000,63640.940000,63305.280000,63413.130000,3.690380,1781229599999,0,0
0.140836,0.094107,2026-06-12 02:00:00+00:00,63456.780000,63774.750000,63456.780000,63619.270000,0.592840,1781233199999,0,0
0.134937,0.092614,2026-06-12 03:00:00+00:00,63651.070000,63651.070000,63389.570000,63516.580000,0.137640,1781236799999,0,0
0.121392,0.086814,2026-06-12 04:00:00+00:00,63523.780000,63834.020000,63443.650000,63700.960000,3.799270,1781240399999,0,0
0.124997,0.088042,2026-06-12 05:00:00+00:00,63669.400000,63669.400000,63313.500000,63375.570000,4.543420,1781243999999,0,0
0.135819,0.091221,2026-06-12 06:00:00+00:00,63347.500000,63395.910000,62870.000000,62980.800000,0.355680,1781247599999,0,0
0.133555,0.090844,2026-06-12 07:00:00+00:00,63062.770000,63185.320000,62990.980000,63142.530000,0.347430,1781251199999,0,0
0.136948,0.093025,2026-06-12 08:00:00+00:00,63185.330000,63633.250000,63185.330000,63457.190000,3.477430,1781254799999,0,0
0.141521,0.093387,2026-06-12 09:00:00+00:00,63471.530000,63955.680000,63471.530000,63815.960000,0.229640,1781258399999,0,0
0.132277,0.087540,2026-06-12 10:00:00+00:00,63757.330000,63779.180000,63631.540000,63702.280000,0.635570,1781261999999,0,0
0.126573,0.083799,2026-06-12 11:00:00+00:00,63700.310000,63888.330000,61999.990000,63779.330000,10.489940,1781265599999,0,0
0.133427,0.088424,2026-06-12 12:00:00+00:00,63760.620000,63769.240000,63389.570000,63453.310000,0.745750,1781269199999,0,0
0.140371,0.092273,2026-06-12 13:00:00+00:00,63461.060000,63494.810000,63046.240000,63228.450000,0.912310,1781272799999,0,0
0.152814,0.097829,2026-06-12 14:00:00+00:00,63222.520000,63985.060000,63204.210000,63970.350000,8.797660,1781276399999,0,0
0.154194,0.096860,2026-06-12 15:00:00+00:00,63995.000000,64386.530000,63561.850000,63561.850000,3.344680,1781279999999,0,0
0.152511,0.091378,2026-06-12 16:00:00+00:00,63589.390000,64002.930000,63510.450000,63973.390000,1.389800,1781283599999,0,0
0.150154,0.091453,2026-06-12 17:00:00+00:00,64003.460000,64075.720000,63770.200000,63830.060000,0.460190,1781287199999,0,0
0.141097,0.087047,2026-06-12 18:00:00+00:00,63869.410000,63942.300000,63676.770000,63700.000000,1.381560,1781290799999,0,0
0.138355,0.088468,2026-06-12 19:00:00+00:00,63700.020000,63772.530000,63601.350000,63601.350000,0.298550,1781294399999,0,0
0.137338,0.088393,2026-06-12 20:00:00+00:00,63611.430000,63692.240000,63406.750000,63465.420000,7.540590,1781297999999,0,0
0.136824,0.089166,2026-06-12 21:00:00+00:00,63460.030000,63628.240000,63458.590000,63505.260000,0.481870,1781301599999,0,0
0.135009,0.088949,2026-06-12 22:00:00+00:00,63474.770000,63628.250000,63474.770000,63520.840000,0.303000,1781305199999,0,0
0.135102,0.089058,2026-06-12 23:00:00+00:00,63460.060000,63586.660000,63434.330000,63586.660000,0.639740,1781308799999,0,0
0.133781,0.088455,2026-06-13 00:00:00+00:00,63577.390000,63625.000000,63512.760000,63625.000000,3.607340,1781312399999,0,0
0.132752,0.087247,2026-06-13 01:00:00+00:00,63612.040000,63858.310000,63612.040000,63810.740000,7.326900,1781315999999,0,0
0.130694,0.086759,2026-06-13 02:00:00+00:00,63832.600000,63832.600000,63478.300000,63652.550000,3.999780,1781319599999,0,0
0.131199,0.086753,2026-06-13 03:00:00+00:00,63643.260000,63727.610000,63451.300000,63560.220000,0.285410,1781323199999,0,0
0.127766,0.086419,2026-06-13 04:00:00+00:00,63545.660000,63655.020000,63502.660000,63560.770000,0.213580,1781326799999,0,0
0.127047,0.086466,2026-06-13 05:00:00+00:00,63541.290000,63595.590000,63520.740000,63595.590000,0.264430,1781330399999,0,0
0.133662,0.087899,2026-06-13 06:00:00+00:00,63592.420000,63744.740000,63592.420000,63744.740000,0.089620,1781333999999,0,0
0.136347,0.087380,2026-06-13 07:00:00+00:00,63703.380000,63878.830000,63692.600000,63810.460000,0.373450,1781337599999,0,0
0.132897,0.084965,2026-06-13 08:00:00+00:00,63832.470000,63885.440000,63770.360000,63821.540000,0.274110,1781341199999,0,0
0.131717,0.084774,2026-06-13 09:00:00+00:00,63821.550000,63825.420000,63743.450000,63743.450000,0.074800,1781344799999,0,0
0.131737,0.085303,2026-06-13 10:00:00+00:00,63756.640000,63883.560000,63756.640000,63817.390000,0.074140,1781348399999,0,0
0.135393,0.087656,2026-06-13 11:00:00+00:00,63913.110000,63970.340000,63899.210000,63953.800000,0.031950,1781351999999,0,0
0.139543,0.088664,2026-06-13 12:00:00+00:00,63964.130000,64300.640000,63924.680000,64138.400000,3.663220,1781355599999,0,0
0.138950,0.087027,2026-06-13 13:00:00+00:00,64117.650000,64241.020000,64066.850000,64090.580000,0.634320,1781359199999,0,0
0.137254,0.086379,2026-06-13 14:00:00+00:00,64145.380000,64237.530000,64112.720000,64218.650000,0.376540,1781362799999,0,0
0.139418,0.088102,2026-06-13 15:00:00+00:00,64229.430000,64357.510000,64190.350000,64292.460000,4.033470,1781366399999,0,0
0.137427,0.088413,2026-06-13 16:00:00+00:00,64253.590000,64267.730000,63868.510000,64042.420000,5.717900,1781369999999,0,0
0.136236,0.088884,2026-06-13 17:00:00+00:00,64052.400000,64115.910000,63957.930000,63976.500000,0.477760,1781373599999,0,0
0.132428,0.088450,2026-06-13 18:00:00+00:00,63991.540000,64272.050000,63991.540000,64144.820000,0.232110,1781377199999,0,0
0.136136,0.090364,2026-06-13 19:00:00+00:00,64165.510000,64320.660000,64159.190000,64320.660000,4.071420,1781380799999,0,0
0.131268,0.087242,2026-06-13 20:00:00+00:00,64295.410000,64295.410000,64233.770000,64274.920000,2.066390,1781384399999,0,0
0.129112,0.085273,2026-06-13 21:00:00+00:00,64290.010000,64751.350000,64222.860000,64456.000000,4.716300,1781387999999,0,0
0.128562,0.085087,2026-06-13 22:00:00+00:00,64456.000000,64569.540000,64371.690000,64467.010000,4.510890,1781391599999,0,0
0.124581,0.083614,2026-06-13 23:00:00+00:00,64465.170000,64589.400000,64393.860000,64440.920000,0.490140,1781395199999,0,0
0.128019,0.085607,2026-06-14 00:00:00+00:00,64457.260000,64577.860000,64377.010000,64552.920000,0.719940,1781398799999,0,0
0.128180,0.086313,2026-06-14 01:00:00+00:00,64564.650000,64710.770000,64515.360000,64578.340000,6.898910,1781402399999,0,0
0.127482,0.086356,2026-06-14 02:00:00+00:00,64574.930000,64636.570000,64486.330000,64501.160000,0.089690,1781405999999,0,0
0.128886,0.086816,2026-06-14 03:00:00+00:00,64493.540000,64543.930000,64479.840000,64495.340000,0.273850,1781409599999,0,0
0.129499,0.086872,2026-06-14 04:00:00+00:00,64550.000000,64550.000000,64333.460000,64345.810000,0.420660,1781413199999,0,0
0.126991,0.085578,2026-06-14 05:00:00+00:00,64356.680000,64416.560000,64318.160000,64370.890000,0.175830,1781416799999,0,0
0.125117,0.084686,2026-06-14 06:00:00+00:00,64431.980000,64466.720000,64251.200000,64261.020000,0.305710,1781420399999,0,0
0.126387,0.084917,2026-06-14 07:00:00+00:00,64284.400000,64427.990000,64245.850000,64427.990000,0.126300,1781423999999,0,0
0.126930,0.084941,2026-06-14 08:00:00+00:00,64424.340000,64515.050000,64397.040000,64470.220000,0.030690,1781427599999,0,0
0.127307,0.083470,2026-06-14 09:00:00+00:00,64443.340000,64612.020000,64339.070000,64612.020000,0.034660,1781431199999,0,0
0.127298,0.082649,2026-06-14 10:00:00+00:00,64577.340000,64654.570000,64537.990000,64540.870000,0.347600,1781434799999,0,0
0.126772,0.081788,2026-06-14 11:00:00+00:00,64512.020000,64644.440000,64480.930000,64602.260000,0.174650,1781438399999,0,0
0.132532,0.084943,2026-06-14 12:00:00+00:00,64549.250000,64549.250000,64312.970000,64315.120000,3.347700,1781441999999,0,0
0.134260,0.085619,2026-06-14 13:00:00+00:00,64396.000000,64396.000000,64258.400000,64330.100000,1.805510,1781445599999,0,0
0.138723,0.087943,2026-06-14 14:00:00+00:00,64276.810000,64336.890000,63874.350000,63977.150000,3.476800,1781449199999,1,0
0.139677,0.088443,2026-06-14 15:00:00+00:00,63977.440000,64144.520000,63977.440000,64032.740000,0.797410,1781452799999,1,0
0.136188,0.087243,2026-06-14 16:00:00+00:00,64054.230000,64202.050000,63942.510000,63946.270000,0.492080,1781456399999,1,0
0.143696,0.089469,2026-06-14 17:00:00+00:00,63942.000000,64025.820000,63705.690000,63705.690000,0.381680,1781459999999,1,0
0.143426,0.089235,2026-06-14 18:00:00+00:00,63743.910000,63805.190000,63688.720000,63802.810000,0.090520,1781463599999,1,0
0.141842,0.089002,2026-06-14 19:00:00+00:00,63817.170000,63844.910000,63752.010000,63803.870000,0.085150,1781467199999,1,0
0.145644,0.089741,2026-06-14 20:00:00+00:00,63837.940000,64080.130000,63788.560000,64039.210000,0.378850,1781470799999,1,0
0.184925,0.101755,2026-06-14 21:00:00+00:00,64026.810000,65638.740000,64026.810000,65314.870000,7.838750,1781474399999,1,0
0.184183,0.098825,2026-06-14 22:00:00+00:00,65318.150000,65635.460000,64965.980000,65376.420000,9.443000,1781477999999,0,0
0.162285,0.087607,2026-06-14 23:00:00+00:00,65400.960000,65794.090000,65275.640000,65759.690000,1.909560,1781481599999,0,0
0.164472,0.090877,2026-06-15 00:00:00+00:00,65769.470000,65873.580000,65507.110000,65627.860000,3.750320,1781485199999,0,0
0.166504,0.095691,2026-06-15 01:00:00+00:00,65621.280000,65707.010000,65396.350000,65492.170000,3.767890,1781488799999,0,0
0.170858,0.105662,2026-06-15 02:00:00+00:00,65470.580000,65735.900000,65438.800000,65449.670000,0.650650,1781492399999,0,0
0.178795,0.112335,2026-06-15 03:00:00+00:00,65448.170000,65980.770000,65434.960000,65903.030000,0.965390,1781495999999,0,0
0.171815,0.111967,2026-06-15 04:00:00+00:00,65892.570000,65907.280000,65644.480000,65665.460000,0.679200,1781499599999,0,0
0.154659,0.104747,2026-06-15 05:00:00+00:00,65651.430000,65874.350000,65636.620000,65873.680000,0.101730,1781503199999,0,0
0.141972,0.101511,2026-06-15 06:00:00+00:00,65818.800000,65977.990000,65778.110000,65844.990000,0.205870,1781506799999,0,0
0.125380,0.095846,2026-06-15 07:00:00+00:00,65777.650000,65998.810000,65645.200000,65645.200000,0.113880,1781510399999,0,0
0.106064,0.089993,2026-06-15 08:00:00+00:00,65680.990000,65799.350000,65628.340000,65684.700000,0.143600,1781513999999,0,0
0.100454,0.088815,2026-06-15 09:00:00+00:00,65700.080000,65779.580000,65528.270000,65604.150000,0.073550,1781517599999,0,0
0.102244,0.091066,2026-06-15 10:00:00+00:00,65629.250000,65947.600000,65629.250000,65904.230000,0.832130,1781521199999,0,0
0.108588,0.094883,2026-06-15 11:00:00+00:00,65922.010000,66365.270000,65878.440000,66239.320000,8.765310,1781524799999,0,0
0.111281,0.094313,2026-06-15 12:00:00+00:00,66239.320000,66590.420000,66188.170000,66590.000000,2.205340,1781528399999,0,0
0.104469,0.090035,2026-06-15 13:00:00+00:00,66557.710000,66937.360000,66437.070000,66451.470000,2.414990,1781531999999,0,0
0.102528,0.088183,2026-06-15 14:00:00+00:00,66420.790000,66691.410000,66316.040000,66615.450000,1.733760,1781535599999,0,0
0.124781,0.100785,2026-06-15 15:00:00+00:00,66591.200000,67276.270000,66591.200000,67276.270000,1.863860,1781539199999,0,0
0.126238,0.101093,2026-06-15 16:00:00+00:00,67200.520000,67275.690000,67106.500000,67191.180000,1.475880,1781542799999,0,0
0.123828,0.097130,2026-06-15 17:00:00+00:00,67080.680000,67084.270000,66701.490000,66868.700000,3.895410,1781546399999,0,0
0.127511,0.097906,2026-06-15 18:00:00+00:00,66824.260000,66926.310000,66720.890000,66842.460000,0.652340,1781549999999,0,0
0.130001,0.098345,2026-06-15 19:00:00+00:00,66791.570000,66898.880000,66382.840000,66582.770000,1.293050,1781553599999,0,0
0.133237,0.097653,2026-06-15 20:00:00+00:00,66553.760000,66650.120000,66510.290000,66510.290000,0.285890,1781557199999,0,0
0.122799,0.093598,2026-06-15 21:00:00+00:00,66520.440000,66547.700000,66354.090000,66388.440000,6.043750,1781560799999,0,0
0.120232,0.092220,2026-06-15 22:00:00+00:00,66454.890000,66467.870000,66105.550000,66216.500000,0.156160,1781564399999,0,0
0.116255,0.090869,2026-06-15 23:00:00+00:00,66205.700000,66359.150000,66138.650000,66325.900000,0.236270,1781567999999,0,0
0.115809,0.090712,2026-06-16 00:00:00+00:00,66307.510000,66456.030000,66264.290000,66267.150000,0.392060,1781571599999,0,0
0.115714,0.089483,2026-06-16 01:00:00+00:00,66271.450000,66407.110000,66271.450000,66348.000000,0.597020,1781575199999,0,0
0.129459,0.094110,2026-06-16 02:00:00+00:00,66310.690000,66357.980000,65688.020000,65746.950000,2.811810,1781578799999,0,0
0.128713,0.094211,2026-06-16 03:00:00+00:00,65732.880000,66163.540000,65659.420000,66163.540000,5.657050,1781582399999,0,0
0.126487,0.094524,2026-06-16 04:00:00+00:00,66163.220000,66297.720000,65780.760000,65860.500000,7.427060,1781585999999,0,0
0.123588,0.091800,2026-06-16 05:00:00+00:00,65952.590000,66123.490000,65929.820000,66079.450000,1.130920,1781589599999,0,0
0.129820,0.094836,2026-06-16 06:00:00+00:00,66095.630000,66544.680000,66095.630000,66457.870000,3.490540,1781593199999,0,0
0.125485,0.090204,2026-06-16 07:00:00+00:00,66382.650000,66479.640000,66294.670000,66368.870000,0.229450,1781596799999,0,0
0.137621,0.093173,2026-06-16 08:00:00+00:00,66381.630000,66982.410000,66381.630000,66961.570000,4.163470,1781600399999,0,1
0.139772,0.092673,2026-06-16 09:00:00+00:00,66827.970000,66918.010000,66491.300000,66534.620000,0.374260,1781603999999,0,0
0.140326,0.092186,2026-06-16 10:00:00+00:00,66535.330000,66766.200000,66524.700000,66525.500000,0.067500,1781607599999,0,0
0.128990,0.094994,2026-06-16 11:00:00+00:00,66510.410000,66581.580000,66363.320000,66486.920000,0.061000,1781611199999,0,0
0.130137,0.096613,2026-06-16 12:00:00+00:00,66494.000000,66815.070000,66392.060000,66433.710000,0.443990,1781614799999,0,0
0.137995,0.101328,2026-06-16 13:00:00+00:00,66443.150000,66472.130000,65940.800000,66093.630000,2.820860,1781618399999,0,0
0.142053,0.103579,2026-06-16 14:00:00+00:00,66140.800000,66311.640000,65396.620000,65641.570000,8.961100,1781621999999,0,0
0.134951,0.102800,2026-06-16 15:00:00+00:00,65681.490000,65988.990000,65637.120000,65891.350000,5.629950,1781625599999,0,0
0.128490,0.101721,2026-06-16 16:00:00+00:00,65868.280000,65947.710000,65695.730000,65759.550000,0.210860,1781629199999,0,0
0.125636,0.099475,2026-06-16 17:00:00+00:00,65776.910000,66021.670000,65712.090000,65984.940000,2.824210,1781632799999,0,0
0.124452,0.099386,2026-06-16 18:00:00+00:00,65959.190000,66226.340000,65801.680000,65843.340000,0.728340,1781636399999,0,0
0.125420,0.099083,2026-06-16 19:00:00+00:00,65844.880000,65844.880000,65547.520000,65656.250000,1.531990,1781639999999,0,0
0.122310,0.099844,2026-06-16 20:00:00+00:00,65621.620000,65877.580000,65613.950000,65857.780000,0.234140,1781643599999,0,0
0.121292,0.100300,2026-06-16 21:00:00+00:00,65883.400000,65932.890000,65659.160000,65770.450000,0.163050,1781647199999,0,0
0.118706,0.098704,2026-06-16 22:00:00+00:00,65716.970000,65867.060000,65692.390000,65739.770000,0.104600,1781650799999,0,0
0.116499,0.098420,2026-06-16 23:00:00+00:00,65787.240000,65834.260000,65640.900000,65672.740000,0.247250,1781654399999,0,0
0.113509,0.097662,2026-06-17 00:00:00+00:00,65716.730000,65834.840000,65688.370000,65753.290000,0.708410,1781657999999,0,0
0.116993,0.100027,2026-06-17 01:00:00+00:00,65723.120000,65934.470000,65474.360000,65927.930000,2.260330,1781661599999,0,0
0.115439,0.097523,2026-06-17 02:00:00+00:00,65941.820000,66169.000000,65791.630000,65907.300000,2.413960,1781665199999,0,0
0.113314,0.095560,2026-06-17 03:00:00+00:00,65900.120000,65901.370000,65721.910000,65831.760000,1.042150,1781668799999,0,0
0.114094,0.095657,2026-06-17 04:00:00+00:00,65877.370000,66057.980000,65790.940000,65895.620000,0.199740,1781672399999,0,0
0.114845,0.096831,2026-06-17 05:00:00+00:00,65887.940000,65960.360000,65758.950000,65832.960000,0.294080,1781675999999,0,0
0.118844,0.098954,2026-06-17 06:00:00+00:00,65817.790000,65904.530000,65593.330000,65628.800000,0.634920,1781679599999,0,0
0.119398,0.099632,2026-06-17 07:00:00+00:00,65605.750000,65708.380000,65263.160000,65521.840000,0.339610,1781683199999,0,0
0.130218,0.104956,2026-06-17 08:00:00+00:00,65539.530000,65539.530000,64863.630000,65000.320000,2.053080,1781686799999,0,0
0.133598,0.107607,2026-06-17 09:00:00+00:00,64943.650000,65081.270000,64847.020000,64869.440000,0.156430,1781690399999,0,0
0.125976,0.106200,2026-06-17 10:00:00+00:00,64972.660000,64976.940000,64786.920000,64790.920000,1.180650,1781693999999,0,0
0.123932,0.105595,2026-06-17 11:00:00+00:00,64757.440000,64865.280000,64557.890000,64832.220000,3.361330,1781697599999,0,0
0.127738,0.107605,2026-06-17 12:00:00+00:00,64769.610000,65066.430000,64604.990000,65043.080000,1.564020,1781701199999,0,0
0.129874,0.107476,2026-06-17 13:00:00+00:00,65043.090000,65368.080000,64849.740000,65284.290000,3.554530,1781704799999,0,0
0.123924,0.102405,2026-06-17 14:00:00+00:00,65218.420000,65461.340000,64847.810000,65131.880000,0.958820,1781708399999,0,0
0.133442,0.104845,2026-06-17 15:00:00+00:00,65145.810000,65843.000000,65004.220000,65771.070000,7.812630,1781711999999,0,0
0.138347,0.106982,2026-06-17 16:00:00+00:00,65771.070000,66437.500000,65771.070000,65864.630000,2.607070,1781715599999,0,1
0.129638,0.100268,2026-06-17 17:00:00+00:00,65884.920000,66191.580000,65818.440000,66061.650000,3.009340,1781719199999,0,1
0.136272,0.104242,2026-06-17 18:00:00+00:00,66086.780000,66086.780000,64827.840000,65512.100000,5.920680,1781722799999,0,1
0.167019,0.118251,2026-06-17 19:00:00+00:00,65531.670000,65632.600000,64017.000000,64303.290000,6.070960,1781726399999,0,0
0.160764,0.121628,2026-06-17 20:00:00+00:00,64293.020000,64477.640000,64199.710000,64428.240000,1.992270,1781729999999,0,1
0.136659,0.115579,2026-06-17 21:00:00+00:00,64432.020000,64444.890000,64146.780000,64247.990000,0.436490,1781733599999,0,0
0.135520,0.114043,2026-06-17 22:00:00+00:00,64248.970000,64410.330000,63971.290000,64295.030000,0.134400,1781737199999,0,0
0.134609,0.113584,2026-06-17 23:00:00+00:00,64306.050000,64521.280000,64285.260000,64453.170000,0.071080,1781740799999,0,1
0.133182,0.112432,2026-06-18 00:00:00+00:00,64506.840000,64691.420000,64474.320000,64477.060000,0.412080,1781744399999,0,1
0.130963,0.110019,2026-06-18 01:00:00+00:00,64505.340000,64794.750000,64486.780000,64566.000000,0.484100,1781747999999,0,1
0.132416,0.109554,2026-06-18 02:00:00+00:00,64570.600000,64774.120000,64508.620000,64707.750000,0.332840,1781751599999,0,1
0.135055,0.111351,2026-06-18 03:00:00+00:00,64623.280000,64631.260000,64281.880000,64299.080000,0.611710,1781755199999,0,1
0.140183,0.114873,2026-06-18 04:00:00+00:00,64290.880000,64290.880000,63837.560000,63957.540000,1.984820,1781758799999,0,0
0.126269,0.111880,2026-06-18 05:00:00+00:00,63849.640000,64014.840000,63739.740000,63989.740000,0.436950,1781762399999,0,0
0.116325,0.109452,2026-06-18 06:00:00+00:00,63966.670000,64118.080000,63859.600000,64092.320000,0.301240,1781765999999,0,0
0.124161,0.112824,2026-06-18 07:00:00+00:00,64100.650000,64486.080000,64014.550000,64486.080000,0.366490,1781769599999,0,1
0.120683,0.108519,2026-06-18 08:00:00+00:00,64458.590000,64631.320000,64382.180000,64407.930000,0.087660,1781773199999,0,1
0.116136,0.103190,2026-06-18 09:00:00+00:00,64374.680000,64476.140000,64225.540000,64225.540000,0.194590,1781776799999,0,1
0.117580,0.104733,2026-06-18 10:00:00+00:00,64173.610000,64173.610000,63929.200000,64169.670000,0.200330,1781780399999,0,0
0.120566,0.107678,2026-06-18 11:00:00+00:00,64153.260000,64204.520000,63886.760000,63967.840000,0.320190,1781783999999,0,0
0.124336,0.110735,2026-06-18 12:00:00+00:00,63979.480000,64383.040000,63939.920000,64314.120000,0.334190,1781787599999,0,1
0.124454,0.111211,2026-06-18 13:00:00+00:00,64377.570000,64440.360000,63812.790000,63966.440000,0.709410,1781791199999,0,0
0.125031,0.110127,2026-06-18 14:00:00+00:00,63967.700000,64207.730000,63600.020000,63789.250000,0.911870,1781794799999,0,0
0.162572,0.128401,2026-06-18 15:00:00+00:00,63809.050000,63809.050000,62298.990000,62374.770000,6.011510,1781798399999,0,0
0.161619,0.131066,2026-06-18 16:00:00+00:00,62358.240000,62810.090000,62358.240000,62678.940000,0.787830,1781801999999,0,0
0.139255,0.126783,2026-06-18 17:00:00+00:00,62649.820000,62741.110000,62276.780000,62611.490000,0.543600,1781805599999,0,0
0.133229,0.121568,2026-06-18 18:00:00+00:00,62620.790000,62964.320000,62593.850000,62703.900000,0.397410,1781809199999,0,0
0.138111,0.123595,2026-06-18 19:00:00+00:00,62704.970000,63014.680000,62636.820000,62944.180000,1.543140,1781812799999,0,0
0.137163,0.121032,2026-06-18 20:00:00+00:00,62964.360000,63218.750000,62964.360000,63122.320000,0.486410,1781816399999,0,0
0.132928,0.118090,2026-06-18 21:00:00+00:00,63092.620000,63118.830000,62876.980000,62949.690000,1.369050,1781819999999,0,0
0.133797,0.118322,2026-06-18 22:00:00+00:00,62964.190000,62964.190000,62756.760000,62875.880000,0.188040,1781823599999,0,0
0.132370,0.119752,2026-06-18 23:00:00+00:00,62876.650000,62984.560000,62769.160000,62984.560000,0.222640,1781827199999,0,0
0.130308,0.120984,2026-06-19 00:00:00+00:00,62950.260000,63081.080000,62863.680000,62975.360000,0.049370,1781830799999,0,0
0.125734,0.118741,2026-06-19 01:00:00+00:00,63026.380000,63093.610000,62858.230000,63025.590000,1.649530,1781834399999,0,0
0.121400,0.116987,2026-06-19 02:00:00+00:00,63032.080000,63056.470000,62904.780000,63029.310000,0.358510,1781837999999,0,0
0.121156,0.116781,2026-06-19 03:00:00+00:00,63029.200000,63029.200000,62393.770000,62774.620000,2.272720,1781841599999,0,0
0.127646,0.120333,2026-06-19 04:00:00+00:00,62759.040000,62877.390000,62442.960000,62442.960000,0.814640,1781845199999,0,0
0.123225,0.119636,2026-06-19 05:00:00+00:00,62467.250000,62751.010000,62467.250000,62741.830000,0.054370,1781848799999,0,0
0.124974,0.121763,2026-06-19 06:00:00+00:00,62747.540000,62911.190000,62725.970000,62897.350000,0.076060,1781852399999,0,0
0.119441,0.116323,2026-06-19 07:00:00+00:00,62897.640000,62900.360000,62511.220000,62616.260000,0.239320,1781855999999,0,0
0.119624,0.115838,2026-06-19 08:00:00+00:00,62615.640000,62785.330000,62549.920000,62577.300000,0.179960,1781859599999,0,0
0.117940,0.116098,2026-06-19 09:00:00+00:00,62628.810000,62628.810000,62345.200000,62405.790000,0.253700,1781863199999,0,0
0.118468,0.117691,2026-06-19 10:00:00+00:00,62384.070000,62567.890000,62384.070000,62539.720000,0.134500,1781866799999,0,0
0.119285,0.118919,2026-06-19 11:00:00+00:00,62557.190000,62676.670000,62461.650000,62628.100000,1.252600,1781870399999,0,0
0.119710,0.117107,2026-06-19 12:00:00+00:00,62635.790000,62858.630000,62327.510000,62827.960000,1.575010,1781873999999,0,0
0.127131,0.118344,2026-06-19 13:00:00+00:00,62826.250000,63434.160000,62714.100000,63221.500000,11.602270,1781877599999,0,0
0.124165,0.113986,2026-06-19 14:00:00+00:00,63218.440000,63418.220000,63023.940000,63205.830000,1.158790,1781881199999,0,0
0.118905,0.108542,2026-06-19 15:00:00+00:00,63207.800000,63270.950000,63039.960000,63215.910000,0.243550,1781884799999,0,0
0.124649,0.112788,2026-06-19 16:00:00+00:00,63206.540000,63385.600000,62951.960000,62968.950000,6.621950,1781888399999,0,0
0.129170,0.116657,2026-06-19 17:00:00+00:00,62969.020000,63228.670000,62876.390000,63216.780000,3.655170,1781891999999,0,0
0.131821,0.120121,2026-06-19 18:00:00+00:00,63197.630000,63318.180000,62988.050000,63115.740000,7.231100,1781895599999,0,0
0.128972,0.117276,2026-06-19 19:00:00+00:00,63106.320000,63118.430000,62949.010000,63008.380000,0.379240,1781899199999,0,0
0.128024,0.117547,2026-06-19 20:00:00+00:00,63034.730000,63271.430000,62982.700000,63226.600000,0.702840,1781902799999,0,0
0.123239,0.115268,2026-06-19 21:00:00+00:00,63235.090000,63290.360000,63061.100000,63065.730000,0.765120,1781906399999,0,0
0.120850,0.113597,2026-06-19 22:00:00+00:00,63069.300000,63374.990000,63051.390000,63318.640000,3.832610,1781909999999,0,0
0.121944,0.114371,2026-06-19 23:00:00+00:00,63340.140000,63644.550000,63286.600000,63535.890000,3.677240,1781913599999,0,0
0.115229,0.109064,2026-06-20 00:00:00+00:00,63568.520000,63859.760000,63479.180000,63561.440000,1.974750,1781917199999,0,0
0.111337,0.106708,2026-06-20 01:00:00+00:00,63538.090000,63624.140000,63404.510000,63569.170000,2.032050,1781920799999,0,0
0.114481,0.109092,2026-06-20 02:00:00+00:00,63569.170000,63569.170000,63348.090000,63366.040000,2.225860,1781924399999,0,0
0.116339,0.111930,2026-06-20 03:00:00+00:00,63326.830000,63503.640000,63326.830000,63447.730000,0.021450,1781927999999,0,0
0.118256,0.113772,2026-06-20 04:00:00+00:00,63469.850000,63612.940000,63418.240000,63587.270000,0.025370,1781931599999,0,0
0.118874,0.113000,2026-06-20 05:00:00+00:00,63566.860000,63872.350000,63566.860000,63677.200000,1.356510,1781935199999,0,0
0.116232,0.110295,2026-06-20 06:00:00+00:00,63679.470000,63750.810000,63661.740000,63745.590000,0.056350,1781938799999,0,0
0.112395,0.106734,2026-06-20 07:00:00+00:00,63745.910000,63796.060000,63627.350000,63716.960000,1.096060,1781942399999,0,0
0.118398,0.109499,2026-06-20 08:00:00+00:00,63615.330000,63649.220000,63417.820000,63417.820000,0.061480,1781945999999,0,0
0.119210,0.109604,2026-06-20 09:00:00+00:00,63447.660000,63760.000000,63439.720000,63758.270000,0.103960,1781949599999,0,0
0.120166,0.109907,2026-06-20 10:00:00+00:00,63747.380000,63763.510000,63633.850000,63669.310000,0.012770,1781953199999,0,0
0.116278,0.104631,2026-06-20 11:00:00+00:00,63708.170000,63784.140000,63654.800000,63687.970000,0.331330,1781956799999,0,0
0.117746,0.104519,2026-06-20 12:00:00+00:00,63684.010000,63793.290000,63584.050000,63585.330000,0.075000,1781960399999,0,0
0.121625,0.106002,2026-06-20 13:00:00+00:00,63667.200000,63667.200000,63306.320000,63397.140000,0.091390,1781963999999,0,0
0.128625,0.110687,2026-06-20 14:00:00+00:00,63308.790000,64123.000000,63169.840000,63925.210000,1.694940,1781967599999,0,0
0.134613,0.112918,2026-06-20 15:00:00+00:00,63902.970000,64372.740000,63850.000000,64142.860000,1.699190,1781971199999,0,0
0.122414,0.102465,2026-06-20 16:00:00+00:00,64117.340000,64117.340000,63930.000000,64019.380000,0.982480,1781974799999,0,0
0.123453,0.101761,2026-06-20 17:00:00+00:00,64013.460000,64013.460000,63771.880000,63860.570000,1.165450,1781978399999,0,0
0.124598,0.103053,2026-06-20 18:00:00+00:00,63857.800000,63900.000000,63805.000000,63805.000000,0.326080,1781981999999,0,0
0.128310,0.106952,2026-06-20 19:00:00+00:00,63839.930000,63945.990000,63836.780000,63936.220000,0.152910,1781985599999,0,0
0.127770,0.106518,2026-06-20 20:00:00+00:00,63959.990000,63978.450000,63858.010000,63930.430000,0.125070,1781989199999,0,0
0.128651,0.104894,2026-06-20 21:00:00+00:00,63956.100000,64078.450000,63930.000000,64035.720000,1.479710,1781992799999,0,0
0.135287,0.106705,2026-06-20 22:00:00+00:00,63984.170000,64338.240000,63984.170000,64301.780000,0.584830,1781996399999,0,0
0.133342,0.104758,2026-06-20 23:00:00+00:00,64271.600000,64328.750000,64250.000000,64312.800000,0.090310,1781999999999,0,0
0.125654,0.100406,2026-06-21 00:00:00+00:00,64288.540000,64312.800000,64250.000000,64282.730000,1.673910,1782003599999,0,0
0.121283,0.099172,2026-06-21 01:00:00+00:00,64285.840000,64312.800000,64225.020000,64266.020000,0.236060,1782007199999,0,0
0.122637,0.100547,2026-06-21 02:00:00+00:00,64236.870000,64281.660000,64224.000000,64261.670000,0.188300,1782010799999,0,0
0.129725,0.104723,2026-06-21 03:00:00+00:00,64253.630000,64469.290000,64233.910000,64438.310000,0.074920,1782014399999,0,0
0.129398,0.104196,2026-06-21 04:00:00+00:00,64400.100000,64555.750000,64273.050000,64273.050000,0.088840,1782017999999,0,0
0.127556,0.102664,2026-06-21 05:00:00+00:00,64285.830000,64351.160000,64225.000000,64256.480000,0.017970,1782021599999,0,0
0.121832,0.100816,2026-06-21 06:00:00+00:00,64265.780000,64323.210000,64200.000000,64290.740000,0.223540,1782025199999,0,0
0.121453,0.100689,2026-06-21 07:00:00+00:00,64309.760000,64309.760000,64176.000000,64187.770000,0.037860,1782028799999,0,0
0.125390,0.101389,2026-06-21 08:00:00+00:00,64214.660000,64214.660000,63875.010000,63982.760000,0.183640,1782032399999,0,0
0.123492,0.100887,2026-06-21 09:00:00+00:00,64017.650000,64253.350000,63962.190000,64208.200000,0.589200,1782035999999,0,0
0.127391,0.102744,2026-06-21 10:00:00+00:00,64214.480000,64392.340000,64209.300000,64353.270000,0.052740,1782039599999,0,0
0.124488,0.099207,2026-06-21 11:00:00+00:00,64381.200000,64456.790000,64117.890000,64117.890000,0.390930,1782043199999,0,0
0.125708,0.098154,2026-06-21 12:00:00+00:00,64171.360000,64200.250000,63965.180000,64200.250000,0.133780,1782046799999,0,0
0.126288,0.097285,2026-06-21 13:00:00+00:00,64138.840000,64169.110000,64027.540000,64115.910000,0.118890,1782050399999,0,0
0.127878,0.098023,2026-06-21 14:00:00+00:00,64132.500000,64146.510000,64014.160000,64142.020000,0.211040,1782053999999,0,0
0.129179,0.099056,2026-06-21 15:00:00+00:00,64161.190000,64312.960000,64110.690000,64256.110000,0.332110,1782057599999,0,0
0.128555,0.098084,2026-06-21 16:00:00+00:00,64228.000000,64259.000000,64054.270000,64152.340000,0.103160,1782061199999,0,0
0.129463,0.097492,2026-06-21 17:00:00+00:00,64174.180000,64214.700000,64072.050000,64177.060000,0.045810,1782064799999,0,0
0.129423,0.096850,2026-06-21 18:00:00+00:00,64161.150000,64224.110000,63965.740000,64166.390000,0.053440,1782068399999,0,0
0.132073,0.097397,2026-06-21 19:00:00+00:00,64224.080000,64275.000000,64176.450000,64233.640000,0.149920,1782071999999,0,0
0.139967,0.099955,2026-06-21 20:00:00+00:00,64228.090000,64228.090000,63725.200000,63852.650000,0.231870,1782075599999,0,0
0.143382,0.101097,2026-06-21 21:00:00+00:00,63839.270000,63942.000000,63531.970000,63797.230000,1.547930,1782079199999,0,0
0.135448,0.099427,2026-06-21 22:00:00+00:00,63757.350000,63854.240000,63596.330000,63810.300000,0.228060,1782082799999,0,0
0.149708,0.105914,2026-06-21 23:00:00+00:00,63717.950000,63795.630000,63286.140000,63308.830000,0.734290,1782086399999,1,0
0.152077,0.107344,2026-06-22 00:00:00+00:00,63436.510000,64102.840000,63386.480000,63866.180000,0.883410,1782089999999,0,0
0.171721,0.115479,2026-06-22 01:00:00+00:00,63930.340000,64799.650000,63857.120000,64577.230000,2.206520,1782093599999,0,0
0.153627,0.103019,2026-06-22 02:00:00+00:00,64611.600000,64626.270000,64240.990000,64265.780000,0.228420,1782097199999,0,0
0.148871,0.098196,2026-06-22 03:00:00+00:00,64225.540000,64423.340000,63925.870000,63932.670000,0.794020,1782100799999,0,0
0.143398,0.097780,2026-06-22 04:00:00+00:00,63981.720000,64103.350000,63872.710000,64103.340000,0.183870,1782104399999,0,0
0.148964,0.104558,2026-06-22 05:00:00+00:00,64096.850000,64318.160000,64086.440000,64239.610000,0.215870,1782107999999,0,0
0.147562,0.104290,2026-06-22 06:00:00+00:00,64247.290000,64307.670000,63950.640000,64022.740000,0.335680,1782111599999,0,0
0.147855,0.104014,2026-06-22 07:00:00+00:00,63991.310000,64377.600000,63987.290000,64207.660000,0.249610,1782115199999,0,0
0.146596,0.103725,2026-06-22 08:00:00+00:00,64178.070000,64312.960000,64050.380000,64151.390000,0.300080,1782118799999,0,0
0.143163,0.102194,2026-06-22 09:00:00+00:00,64162.830000,64219.870000,64070.390000,64135.570000,0.043720,1782122399999,0,0
0.140427,0.101611,2026-06-22 10:00:00+00:00,64134.890000,64274.960000,64103.930000,64132.800000,0.114730,1782125999999,0,0
0.147144,0.104159,2026-06-22 11:00:00+00:00,64140.430000,64786.240000,64121.300000,64684.400000,0.588570,1782129599999,0,0
0.158305,0.107945,2026-06-22 12:00:00+00:00,64648.100000,65204.920000,64588.320000,65147.970000,4.384740,1782133199999,0,0
0.157297,0.103786,2026-06-22 13:00:00+00:00,65158.040000,65574.220000,64943.830000,65521.850000,4.281020,1782136799999,0,1
0.148723,0.098811,2026-06-22 14:00:00+00:00,65574.240000,65582.130000,64862.510000,64956.690000,0.465790,1782140399999,0,1
0.150744,0.101282,2026-06-22 15:00:00+00:00,65043.570000,65123.140000,64741.150000,64824.350000,0.670220,1782143999999,0,1
0.141212,0.103484,2026-06-22 16:00:00+00:00,64855.590000,64855.590000,64521.670000,64758.900000,0.952340,1782147599999,0,1
0.141405,0.105947,2026-06-22 17:00:00+00:00,64725.810000,64726.690000,64402.390000,64600.000000,0.810900,1782151199999,0,1
0.140698,0.106264,2026-06-22 18:00:00+00:00,64605.690000,64725.020000,64318.160000,64360.810000,0.366040,1782154799999,0,1
0.134020,0.104522,2026-06-22 19:00:00+00:00,64332.610000,64489.110000,64300.010000,64489.110000,0.946150,1782158399999,0,1
0.129314,0.102536,2026-06-22 20:00:00+00:00,64473.880000,64661.450000,64365.520000,64422.140000,0.145740,1782161999999,0,1
0.128234,0.100461,2026-06-22 21:00:00+00:00,64437.540000,64476.450000,64173.610000,64283.530000,0.290890,1782165599999,0,1
0.133309,0.101627,2026-06-22 22:00:00+00:00,64339.810000,64385.080000,63818.280000,63936.610000,0.371920,1782169199999,0,1
0.135753,0.100912,2026-06-22 23:00:00+00:00,63947.490000,64042.980000,63907.900000,64018.920000,0.293610,1782172799999,0,1
0.134565,0.100891,2026-06-23 00:00:00+00:00,64019.000000,64131.570000,63857.300000,64113.930000,1.047060,1782176399999,0,1
0.129044,0.098427,2026-06-23 01:00:00+00:00,64150.190000,64247.000000,63913.950000,64176.100000,0.336610,1782179999999,0,1
0.126088,0.096121,2026-06-23 02:00:00+00:00,64182.740000,64250.790000,64090.550000,64208.490000,1.171950,1782183599999,0,1
0.126945,0.095158,2026-06-23 03:00:00+00:00,64166.750000,64166.750000,63977.270000,64067.060000,0.052580,1782187199999,0,1
0.139035,0.100133,2026-06-23 04:00:00+00:00,64072.770000,64096.990000,63612.070000,63612.070000,0.401820,1782190799999,0,0
0.144505,0.103286,2026-06-23 05:00:00+00:00,63635.070000,63736.810000,63352.130000,63384.140000,0.579090,1782194399999,0,0
0.150925,0.107287,2026-06-23 06:00:00+00:00,63394.750000,63394.750000,62578.600000,62948.840000,1.294990,1782197999999,0,0
0.151502,0.108697,2026-06-23 07:00:00+00:00,62907.060000,63080.910000,62881.260000,62923.010000,0.421080,1782201599999,0,0
0.159651,0.113527,2026-06-23 08:00:00+00:00,62883.120000,62911.310000,61950.000000,62380.570000,2.947370,1782205199999,0,0
0.163240,0.115296,2026-06-23 09:00:00+00:00,62404.640000,62510.630000,62353.990000,62374.700000,0.141840,1782208799999,0,0
0.153595,0.112711,2026-06-23 10:00:00+00:00,62398.220000,62567.280000,62240.740000,62319.760000,0.233850,1782212399999,0,0
0.157279,0.114407,2026-06-23 11:00:00+00:00,62391.100000,62623.360000,62322.280000,62504.610000,0.605020,1782215999999,0,0
0.157519,0.114776,2026-06-23 12:00:00+00:00,62497.470000,62555.410000,62221.850000,62258.300000,0.318110,1782219599999,0,0
0.154534,0.113515,2026-06-23 13:00:00+00:00,62260.660000,62528.760000,61976.710000,62459.090000,0.907480,1782223199999,0,0
0.150074,0.113342,2026-06-23 14:00:00+00:00,62484.590000,62835.780000,62442.960000,62448.880000,0.898000,1782226799999,0,0
0.138942,0.108126,2026-06-23 15:00:00+00:00,62459.630000,62502.660000,62230.150000,62466.760000,0.325380,1782230399999,0,0
0.137197,0.108283,2026-06-23 16:00:00+00:00,62479.440000,62838.600000,62421.140000,62547.950000,0.519800,1782233999999,0,0
0.133628,0.107103,2026-06-23 17:00:00+00:00,62552.540000,62685.700000,62321.620000,62363.060000,0.422670,1782237599999,0,0
0.135451,0.108889,2026-06-23 18:00:00+00:00,62378.240000,62457.880000,62109.570000,62229.710000,0.427140,1782241199999,0,0
0.129934,0.107955,2026-06-23 19:00:00+00:00,62260.640000,62450.000000,62230.830000,62414.180000,0.991750,1782244799999,0,0
0.130803,0.108850,2026-06-23 20:00:00+00:00,62420.190000,62506.310000,62386.950000,62462.620000,0.245780,1782248399999,0,0
0.128772,0.106412,2026-06-23 21:00:00+00:00,62497.050000,62656.830000,62474.340000,62592.460000,0.153230,1782251999999,0,0
0.126265,0.104227,2026-06-23 22:00:00+00:00,62590.890000,62763.290000,62517.050000,62579.200000,0.330900,1782255599999,0,0
0.127858,0.103987,2026-06-23 23:00:00+00:00,62582.740000,62763.290000,62500.790000,62747.400000,0.326370,1782259199999,0,0
0.134959,0.107312,2026-06-24 00:00:00+00:00,62748.300000,63020.210000,62729.650000,62995.320000,0.977430,1782262799999,0,1
0.131955,0.104753,2026-06-24 01:00:00+00:00,63016.810000,63093.370000,62821.710000,62967.000000,0.104600,1782266399999,0,1
0.131717,0.104231,2026-06-24 02:00:00+00:00,62900.000000,62900.000000,62640.470000,62693.310000,0.095870,1782269999999,0,0
0.130882,0.104624,2026-06-24 03:00:00+00:00,62658.130000,62820.640000,62472.260000,62744.230000,0.598210,1782273599999,0,0
0.127574,0.105063,2026-06-24 04:00:00+00:00,62714.690000,62790.770000,62536.340000,62775.440000,0.137170,1782277199999,0,0
0.127545,0.105309,2026-06-24 05:00:00+00:00,62750.570000,63050.000000,62708.480000,62886.500000,0.743850,1782280799999,0,1
0.122255,0.102707,2026-06-24 06:00:00+00:00,62854.750000,62912.510000,62740.590000,62740.590000,0.248880,1782284399999,0,0
0.119804,0.101377,2026-06-24 07:00:00+00:00,62746.340000,62841.040000,62623.360000,62678.170000,0.212920,1782287999999,0,0
0.116919,0.100756,2026-06-24 08:00:00+00:00,62651.410000,62798.770000,62616.060000,62796.490000,0.083300,1782291599999,0,0
0.116527,0.100503,2026-06-24 09:00:00+00:00,62796.490000,62796.490000,62644.330000,62687.450000,0.046090,1782295199999,0,0
0.120804,0.101396,2026-06-24 10:00:00+00:00,62637.910000,62645.010000,62434.410000,62455.800000,0.432210,1782298799999,0,0
0.123323,0.103048,2026-06-24 11:00:00+00:00,62441.490000,63182.130000,62326.630000,62893.420000,7.706560,1782302399999,0,1
0.124031,0.103117,2026-06-24 12:00:00+00:00,62921.820000,62963.730000,62612.650000,62612.650000,1.574920,1782305999999,0,1
0.159054,0.116216,2026-06-24 13:00:00+00:00,62592.340000,62592.340000,61290.980000,61327.540000,5.776960,1782309599999,0,1
0.166597,0.122453,2026-06-24 14:00:00+00:00,61319.170000,61462.810000,60908.730000,61097.760000,1.544980,1782313199999,0,1
0.164703,0.128719,2026-06-24 15:00:00+00:00,61105.030000,61113.280000,60253.290000,60286.770000,4.950110,1782316799999,0,0
0.178056,0.138454,2026-06-24 16:00:00+00:00,60340.870000,60652.420000,59668.170000,59889.600000,7.048090,1782320399999,0,0
0.176673,0.143099,2026-06-24 17:00:00+00:00,59835.440000,60039.140000,59123.660000,59428.000000,3.593740,1782323999999,1,0
0.172149,0.143878,2026-06-24 18:00:00+00:00,59412.210000,59983.490000,59349.590000,59588.680000,4.942530,1782327599999,1,0
0.177258,0.148706,2026-06-24 19:00:00+00:00,59637.960000,59945.920000,59485.200000,59925.910000,2.575540,1782331199999,1,0
0.202215,0.155443,2026-06-24 20:00:00+00:00,59882.610000,61192.720000,59882.610000,60986.310000,0.986290,1782334799999,0,0
0.190321,0.141279,2026-06-24 21:00:00+00:00,60986.310000,61130.580000,60698.200000,61107.650000,0.729230,1782338399999,0,0
0.157055,0.118243,2026-06-24 22:00:00+00:00,61161.100000,61253.310000,60807.260000,60807.260000,0.631950,1782341999999,0,0
0.156400,0.121085,2026-06-24 23:00:00+00:00,60861.420000,61061.550000,60861.420000,61061.550000,0.317640,1782345599999,0,0
0.154300,0.127738,2026-06-25 00:00:00+00:00,61077.450000,61137.570000,60748.770000,60775.120000,0.951080,1782349199999,0,0
0.160819,0.136208,2026-06-25 01:00:00+00:00,60830.270000,60959.550000,60748.770000,60894.060000,0.218420,1782352799999,0,0
0.158965,0.137297,2026-06-25 02:00:00+00:00,60906.330000,60931.410000,60690.950000,60738.420000,0.173560,1782356399999,0,0
0.159238,0.137161,2026-06-25 03:00:00+00:00,60822.630000,60900.610000,60693.070000,60889.670000,0.242310,1782359999999,0,0
0.171283,0.143407,2026-06-25 04:00:00+00:00,60895.030000,61382.030000,60807.260000,61374.620000,0.190140,1782363599999,0,0
0.161902,0.135672,2026-06-25 05:00:00+00:00,61404.520000,61760.760000,61404.520000,61646.750000,0.803630,1782367199999,0,1
0.140683,0.122109,2026-06-25 06:00:00+00:00,61655.180000,61832.320000,61635.020000,61778.600000,0.333360,1782370799999,0,1
0.126693,0.114285,2026-06-25 07:00:00+00:00,61762.090000,61939.650000,61689.060000,61869.650000,0.080930,1782374399999,0,1
0.125838,0.116355,2026-06-25 08:00:00+00:00,61794.870000,61806.210000,61690.520000,61690.520000,0.057910,1782377999999,0,1
0.127935,0.122072,2026-06-25 09:00:00+00:00,61717.070000,61777.860000,61617.030000,61724.840000,0.090910,1782381599999,0,1
0.130083,0.126925,2026-06-25 10:00:00+00:00,61680.990000,61715.810000,61281.310000,61281.310000,0.280660,1782385199999,0,0
0.127079,0.127274,2026-06-25 11:00:00+00:00,61307.350000,61486.520000,60999.620000,61281.060000,10.767280,1782388799999,0,0
0.113417,0.122587,2026-06-25 12:00:00+00:00,61284.330000,61716.410000,61092.980000,61205.370000,0.647580,1782392399999,0,1
0.209796,0.169775,2026-06-25 13:00:00+00:00,61274.130000,61345.250000,58150.000000,58256.130000,8.192770,1782395999999,1,0
0.203575,0.172898,2026-06-25 14:00:00+00:00,58315.160000,60467.780000,58315.160000,59503.560000,10.765060,1782399599999,0,0
0.173239,0.171727,2026-06-25 15:00:00+00:00,59460.460000,59656.250000,58882.400000,59565.550000,20.059040,1782403199999,0,0
0.143064,0.141192,2026-06-25 16:00:00+00:00,59565.000000,60144.680000,59047.760000,59323.830000,12.552910,1782406799999,0,0
0.149348,0.138965,2026-06-25 17:00:00+00:00,59326.610000,59711.110000,59145.840000,59654.410000,4.995770,1782410399999,0,0
0.151281,0.136159,2026-06-25 18:00:00+00:00,59680.760000,59741.280000,59358.980000,59501.960000,2.995560,1782413999999,0,0
0.162055,0.145407,2026-06-25 19:00:00+00:00,59509.980000,59509.980000,59191.640000,59330.610000,1.073170,1782417599999,0,0
0.158952,0.145284,2026-06-25 20:00:00+00:00,59323.210000,59736.970000,59312.560000,59405.420000,6.872270,1782421199999,0,0
0.178272,0.154652,2026-06-25 21:00:00+00:00,59468.210000,60238.950000,59466.980000,60202.800000,8.251540,1782424799999,0,1
0.172063,0.149834,2026-06-25 22:00:00+00:00,60202.800000,60202.800000,59681.110000,59841.200000,14.588360,1782428399999,0,0
0.158373,0.138654,2026-06-25 23:00:00+00:00,59910.990000,60175.100000,59690.220000,59690.220000,4.075540,1782431999999,0,0
0.145868,0.135712,2026-06-26 00:00:00+00:00,59805.820000,59886.330000,59643.480000,59669.680000,1.763370,1782435599999,0,0
0.135908,0.133661,2026-06-26 01:00:00+00:00,59671.280000,59765.310000,59245.830000,59416.320000,0.703450,1782439199999,0,0
0.163381,0.149288,2026-06-26 02:00:00+00:00,59425.540000,59425.540000,58386.320000,58552.910000,9.826080,1782442799999,1,0
0.176959,0.158138,2026-06-26 03:00:00+00:00,58570.520000,60111.000000,58372.730000,59978.650000,1.692140,1782446399999,0,0
0.180955,0.162135,2026-06-26 04:00:00+00:00,60074.600000,60202.890000,59852.110000,59904.250000,0.640640,1782449999999,0,0
0.136276,0.126975,2026-06-26 05:00:00+00:00,59916.000000,60020.440000,59778.360000,59932.000000,0.380260,1782453599999,0,0
0.145363,0.130619,2026-06-26 06:00:00+00:00,59888.830000,60402.110000,59706.930000,60331.430000,0.979830,1782457199999,0,0
0.147460,0.130491,2026-06-26 07:00:00+00:00,60316.300000,60740.710000,60288.410000,60526.170000,0.869640,1782460799999,0,1
0.143784,0.134052,2026-06-26 08:00:00+00:00,60559.810000,60559.810000,60166.480000,60231.140000,0.416220,1782464399999,0,0
0.153301,0.139929,2026-06-26 09:00:00+00:00,60226.300000,60226.300000,59628.880000,59731.260000,0.409230,1782467999999,0,0
0.156977,0.145577,2026-06-26 10:00:00+00:00,59741.170000,59798.320000,59285.190000,59285.190000,0.710540,1782471599999,0,0
0.147448,0.145247,2026-06-26 11:00:00+00:00,59393.860000,59516.810000,59296.180000,59350.640000,0.190620,1782475199999,0,0
0.138732,0.142551,2026-06-26 12:00:00+00:00,59378.260000,59920.070000,58998.390000,59231.680000,1.287000,1782478799999,0,0
0.166359,0.152434,2026-06-26 13:00:00+00:00,59240.170000,60176.120000,58539.060000,60161.840000,9.246950,1782482399999,0,0
0.148270,0.140254,2026-06-26 14:00:00+00:00,60164.850000,60273.410000,59375.900000,59683.590000,5.357750,1782485999999,0,0
0.140382,0.128299,2026-06-26 15:00:00+00:00,59606.480000,60492.960000,59606.480000,60336.010000,4.615400,1782489599999,0,0
0.142400,0.130698,2026-06-26 16:00:00+00:00,60340.580000,60547.170000,59986.730000,60044.290000,0.697980,1782493199999,0,0
0.135523,0.124617,2026-06-26 17:00:00+00:00,60032.080000,60284.460000,59967.460000,60063.100000,4.147200,1782496799999,0,0
0.143464,0.133620,2026-06-26 18:00:00+00:00,60035.540000,60141.920000,59567.460000,59667.460000,0.755970,1782500399999,0,0
0.143621,0.133399,2026-06-26 19:00:00+00:00,59678.210000,60106.670000,59670.340000,59761.600000,0.601590,1782503999999,0,0
0.140482,0.134149,2026-06-26 20:00:00+00:00,59794.970000,59975.700000,59607.820000,59720.670000,3.918260,1782507599999,0,0
0.144157,0.135773,2026-06-26 21:00:00+00:00,59709.800000,60165.600000,59682.410000,59972.250000,3.531400,1782511199999,0,0
0.142618,0.134064,2026-06-26 22:00:00+00:00,59910.580000,60095.070000,59781.280000,60062.750000,0.243380,1782514799999,0,0
0.132873,0.125680,2026-06-26 23:00:00+00:00,60062.600000,60109.660000,59940.800000,60096.020000,0.083520,1782518399999,0,0
0.125527,0.121475,2026-06-27 00:00:00+00:00,60127.680000,60178.120000,59913.050000,60049.020000,0.642360,1782521999999,0,0
0.129272,0.123216,2026-06-27 01:00:00+00:00,60031.590000,60031.590000,59949.040000,59962.440000,0.184030,1782525599999,0,0
0.141898,0.126987,2026-06-27 02:00:00+00:00,59949.490000,60382.610000,59941.930000,60314.900000,7.143080,1782529199999,0,0
0.143788,0.128088,2026-06-27 03:00:00+00:00,60283.530000,60394.990000,60173.780000,60321.850000,0.233090,1782532799999,0,0
0.136241,0.121793,2026-06-27 04:00:00+00:00,60321.850000,60482.400000,60238.940000,60238.940000,8.738140,1782536399999,0,0
0.137112,0.122261,2026-06-27 05:00:00+00:00,60252.020000,60286.760000,60150.400000,60275.520000,0.237100,1782539999999,0,0
0.136397,0.123222,2026-06-27 06:00:00+00:00,60240.210000,60546.010000,60134.500000,60368.080000,6.945120,1782543599999,0,0
0.139067,0.126280,2026-06-27 07:00:00+00:00,60376.020000,60566.920000,60294.120000,60544.650000,0.143210,1782547199999,0,0
0.131974,0.122326,2026-06-27 08:00:00+00:00,60541.010000,60541.010000,60416.000000,60454.670000,0.203250,1782550799999,0,0
0.129458,0.119987,2026-06-27 09:00:00+00:00,60497.060000,60497.060000,60311.680000,60416.200000,0.025710,1782554399999,0,0
0.130258,0.119976,2026-06-27 10:00:00+00:00,60435.680000,60460.300000,60329.700000,60382.120000,0.610430,1782557999999,0,0
0.131910,0.120171,2026-06-27 11:00:00+00:00,60441.620000,60447.490000,60191.410000,60363.310000,3.669940,1782561599999,0,0
0.134080,0.119521,2026-06-27 12:00:00+00:00,60348.590000,60465.070000,60282.350000,60416.610000,4.088910,1782565199999,0,0
0.133760,0.119560,2026-06-27 13:00:00+00:00,60436.650000,60634.700000,60393.260000,60582.450000,0.144440,1782568799999,0,0
0.134963,0.118207,2026-06-27 14:00:00+00:00,60518.610000,60717.340000,60518.610000,60637.270000,0.152270,1782572399999,0,0
0.136005,0.117563,2026-06-27 15:00:00+00:00,60599.060000,60914.550000,60599.060000,60840.980000,1.227800,1782575999999,0,0
0.134193,0.116131,2026-06-27 16:00:00+00:00,60836.680000,60848.960000,60689.820000,60812.570000,0.194630,1782579599999,0,0
0.135330,0.116495,2026-06-27 17:00:00+00:00,60804.120000,60804.120000,60437.670000,60527.670000,4.539980,1782583199999,0,0
0.137095,0.117641,2026-06-27 18:00:00+00:00,60525.980000,60567.990000,60456.180000,60543.130000,0.119530,1782586799999,0,0
0.142610,0.120270,2026-06-27 19:00:00+00:00,60598.240000,60600.540000,60095.810000,60177.020000,0.482730,1782590399999,0,0
0.145367,0.120472,2026-06-27 20:00:00+00:00,60226.560000,60300.990000,60219.960000,60258.520000,0.169900,1782593999999,0,0
0.140612,0.118437,2026-06-27 21:00:00+00:00,60286.310000,60477.880000,60144.090000,60186.010000,0.192510,1782597599999,0,0
0.140618,0.117041,2026-06-27 22:00:00+00:00,60201.890000,60249.570000,59871.780000,60223.890000,0.478590,1782601199999,0,0
0.144627,0.118162,2026-06-27 23:00:00+00:00,60239.250000,60298.280000,59976.290000,60034.550000,0.223880,1782604799999,0,0
0.146026,0.117810,2026-06-28 00:00:00+00:00,60065.000000,60197.460000,60031.590000,60184.410000,0.097090,1782608399999,0,0
0.148587,0.118446,2026-06-28 01:00:00+00:00,60150.640000,60261.070000,60000.000000,60219.260000,7.377750,1782611999999,0,0
0.144952,0.115203,2026-06-28 02:00:00+00:00,60226.330000,60342.790000,60057.710000,60165.810000,0.519570,1782615599999,0,0
0.144038,0.114440,2026-06-28 03:00:00+00:00,60185.220000,60281.190000,60165.680000,60165.680000,0.093390,1782619199999,0,0
0.141165,0.113046,2026-06-28 04:00:00+00:00,60209.160000,60233.390000,60127.620000,60147.650000,0.084530,1782622799999,0,0
0.145779,0.115387,2026-06-28 05:00:00+00:00,60129.000000,60143.690000,59786.330000,59987.740000,3.732500,1782626399999,0,0
0.144101,0.114859,2026-06-28 06:00:00+00:00,60009.680000,60020.270000,59827.520000,60004.050000,3.452560,1782629999999,0,0
0.146443,0.116354,2026-06-28 07:00:00+00:00,60024.910000,60233.340000,60024.910000,60201.930000,0.047690,1782633599999,0,0
0.152776,0.117725,2026-06-28 08:00:00+00:00,60239.740000,60520.370000,60177.430000,60432.770000,0.032990,1782637199999,0,0
0.147062,0.112865,2026-06-28 09:00:00+00:00,60296.000000,60446.740000,60281.650000,60281.650000,0.049660,1782640799999,0,0
0.146605,0.111246,2026-06-28 10:00:00+00:00,60256.060000,60269.380000,60075.000000,60194.160000,0.181900,1782644399999,0,0
0.146691,0.112331,2026-06-28 11:00:00+00:00,60178.840000,60362.950000,60129.570000,60362.950000,0.277960,1782647999999,0,0
0.148307,0.114195,2026-06-28 12:00:00+00:00,60332.870000,60437.670000,60211.310000,60275.620000,0.074350,1782651599999,0,0
0.149687,0.114321,2026-06-28 13:00:00+00:00,60213.160000,60230.320000,59994.380000,60114.500000,0.912670,1782655199999,0,0
0.147925,0.113954,2026-06-28 14:00:00+00:00,60084.690000,60208.510000,60043.170000,60092.590000,0.064030,1782658799999,0,0
0.149974,0.115272,2026-06-28 15:00:00+00:00,60037.220000,60097.480000,59816.480000,59866.710000,1.042410,1782662399999,0,0
0.154260,0.117396,2026-06-28 16:00:00+00:00,59905.980000,59945.000000,59581.370000,59695.130000,0.605920,1782665999999,0,0
0.152381,0.117617,2026-06-28 17:00:00+00:00,59684.050000,59837.160000,59362.160000,59578.480000,7.284000,1782669599999,0,0
0.148909,0.116755,2026-06-28 18:00:00+00:00,59594.820000,59695.710000,59500.420000,59596.100000,0.258820,1782673199999,0,0
0.150004,0.117486,2026-06-28 19:00:00+00:00,59625.560000,59658.450000,59264.900000,59480.420000,3.742240,1782676799999,0,0
0.150749,0.117873,2026-06-28 20:00:00+00:00,59489.820000,59737.040000,59489.820000,59643.070000,0.426820,1782680399999,0,0
0.152589,0.118886,2026-06-28 21:00:00+00:00,59663.210000,59764.640000,59356.180000,59408.510000,3.714340,1782683999999,0,0
0.161428,0.122029,2026-06-28 22:00:00+00:00,59458.510000,59894.480000,58938.360000,59066.340000,7.552840,1782687599999,0,0
0.160189,0.123022,2026-06-28 23:00:00+00:00,59013.850000,59835.770000,59013.850000,59523.420000,0.695840,1782691199999,0,0
0.162706,0.124963,2026-06-29 00:00:00+00:00,59582.850000,59643.480000,59030.000000,59643.480000,1.190440,1782694799999,0,0
0.148592,0.115259,2026-06-29 01:00:00+00:00,59671.060000,59689.110000,59220.420000,59474.140000,0.489020,1782698399999,0,0
0.149189,0.114117,2026-06-29 02:00:00+00:00,59389.450000,59800.000000,58922.520000,59752.880000,2.847900,1782701999999,0,0
0.159627,0.118025,2026-06-29 03:00:00+00:00,59773.360000,60219.650000,59773.360000,60053.830000,2.145520,1782705599999,0,0
0.155171,0.115647,2026-06-29 04:00:00+00:00,60068.530000,60068.530000,59786.330000,59828.640000,0.259960,1782709199999,0,0
0.156803,0.114637,2026-06-29 05:00:00+00:00,59856.780000,60075.000000,59400.000000,60075.000000,0.504450,1782712799999,0,0
0.159942,0.116605,2026-06-29 06:00:00+00:00,60095.320000,60347.410000,60058.770000,60089.800000,0.247390,1782716399999,0,0
0.155189,0.114677,2026-06-29 07:00:00+00:00,60054.000000,60174.380000,59951.060000,60113.720000,0.083680,1782719999999,0,0
0.161504,0.118594,2026-06-29 08:00:00+00:00,60031.150000,60080.210000,59779.130000,59835.130000,0.348220,1782723599999,0,0
0.159076,0.117955,2026-06-29 09:00:00+00:00,59841.530000,60084.830000,59813.720000,60043.430000,0.122640,1782727199999,0,0
0.152021,0.117362,2026-06-29 10:00:00+00:00,60075.000000,60304.430000,60075.000000,60096.680000,0.609200,1782730799999,0,0
0.143706,0.112503,2026-06-29 11:00:00+00:00,60087.090000,60150.110000,59826.170000,59951.060000,0.547240,1782734399999,0,0
0.140387,0.110977,2026-06-29 12:00:00+00:00,59967.420000,60767.220000,59591.560000,59977.320000,1.859180,1782737999999,0,0
0.142017,0.111846,2026-06-29 13:00:00+00:00,59972.810000,60332.350000,59355.470000,59563.490000,1.625880,1782741599999,0,0
0.145476,0.113772,2026-06-29 14:00:00+00:00,59557.840000,59668.150000,59023.260000,59426.240000,1.656260,1782745199999,0,0
0.145116,0.115745,2026-06-29 15:00:00+00:00,59417.220000,59939.600000,59108.050000,59912.730000,1.318400,1782748799999,0,0
0.144269,0.114542,2026-06-29 16:00:00+00:00,59810.900000,59994.380000,59591.100000,59865.650000,0.306260,1782752399999,0,0
0.144971,0.110539,2026-06-29 17:00:00+00:00,59910.050000,60672.380000,59910.050000,60390.320000,1.008210,1782755999999,0,1
0.142839,0.107492,2026-06-29 18:00:00+00:00,60383.330000,60524.010000,60184.290000,60262.600000,0.619790,1782759599999,0,1
0.136224,0.101643,2026-06-29 19:00:00+00:00,60280.650000,60551.740000,60154.390000,60440.480000,1.499180,1782763199999,0,1
0.139259,0.105384,2026-06-29 20:00:00+00:00,60422.920000,60527.560000,60298.910000,60298.910000,1.578040,1782766799999,0,1
0.143356,0.106548,2026-06-29 21:00:00+00:00,60289.470000,60570.000000,60260.450000,60510.380000,0.511620,1782770399999,0,1
0.149966,0.110125,2026-06-29 22:00:00+00:00,60476.760000,60496.450000,60352.800000,60368.740000,0.526130,1782773999999,0,1
0.150818,0.108745,2026-06-29 23:00:00+00:00,60361.870000,60374.450000,60208.500000,60253.780000,0.303350,1782777599999,0,1
0.158173,0.111683,2026-06-30 00:00:00+00:00,60222.390000,60248.100000,59692.600000,59841.270000,6.819180,1782781199999,0,0
0.153610,0.109356,2026-06-30 01:00:00+00:00,59848.940000,60044.230000,59776.800000,59926.530000,1.094000,1782784799999,0,1
0.142132,0.105707,2026-06-30 02:00:00+00:00,59940.290000,60023.030000,59761.150000,60007.820000,0.242970,1782788399999,0,1
0.146152,0.106188,2026-06-30 03:00:00+00:00,59947.310000,60009.620000,59599.270000,59615.100000,0.233700,1782791999999,0,1
0.149196,0.106550,2026-06-30 04:00:00+00:00,59622.940000,59705.670000,59438.970000,59496.440000,0.707400,1782795599999,0,0
0.141989,0.104861,2026-06-30 05:00:00+00:00,59498.340000,59652.060000,59370.910000,59652.060000,0.168530,1782799199999,0,1
0.142735,0.105352,2026-06-30 06:00:00+00:00,59652.070000,59693.710000,59528.770000,59562.990000,0.137900,1782802799999,0,0
0.141263,0.103842,2026-06-30 07:00:00+00:00,59627.420000,59627.420000,59454.200000,59530.020000,0.359060,1782806399999,0,0
0.146371,0.106098,2026-06-30 08:00:00+00:00,59540.660000,59555.230000,59200.770000,59281.190000,0.171540,1782809999999,0,0
0.144357,0.105827,2026-06-30 09:00:00+00:00,59304.210000,59410.930000,59258.440000,59387.080000,0.614930,1782813599999,0,0
0.140529,0.105461,2026-06-30 10:00:00+00:00,59391.450000,59400.880000,59301.030000,59350.500000,0.175560,1782817199999,0,0
0.141181,0.105249,2026-06-30 11:00:00+00:00,59342.360000,59403.050000,59135.510000,59186.460000,5.387870,1782820799999,0,0
0.164527,0.114776,2026-06-30 12:00:00+00:00,59167.170000,59167.170000,58406.520000,58406.520000,2.904110,1782824399999,0,0
0.163474,0.115481,2026-06-30 13:00:00+00:00,58416.290000,58762.250000,58280.000000,58681.650000,4.633180,1782827999999,0,0
0.155201,0.114594,2026-06-30 14:00:00+00:00,58730.310000,59245.830000,58452.990000,58500.000000,3.320970,1782831599999,0,0
0.156927,0.113810,2026-06-30 15:00:00+00:00,58484.900000,58801.370000,58206.630000,58373.050000,1.001880,1782835199999,0,0
0.154097,0.112997,2026-06-30 16:00:00+00:00,58366.890000,58599.490000,58227.640000,58477.960000,1.398970,1782838799999,0,0
0.152671,0.113315,2026-06-30 17:00:00+00:00,58477.960000,58627.340000,58320.980000,58413.310000,0.199940,1782842399999,0,0
0.156462,0.114802,2026-06-30 18:00:00+00:00,58416.290000,58675.760000,58341.310000,58675.760000,4.776720,1782845999999,0,0
0.156855,0.114234,2026-06-30 19:00:00+00:00,58674.930000,58845.190000,58588.160000,58805.500000,1.425250,1782849599999,0,0
0.147911,0.108297,2026-06-30 20:00:00+00:00,58762.250000,58869.560000,58675.760000,58762.040000,0.562540,1782853199999,0,0
0.146882,0.108239,2026-06-30 21:00:00+00:00,58732.600000,58742.580000,58528.230000,58633.720000,0.214070,1782856799999,0,0
0.144129,0.108396,2026-06-30 22:00:00+00:00,58675.760000,58762.250000,58507.730000,58602.200000,0.317090,1782860399999,0,0
0.139500,0.108509,2026-06-30 23:00:00+00:00,58613.680000,58672.130000,58582.390000,58632.520000,0.186550,1782863999999,0,0
0.138609,0.108249,2026-07-01 00:00:00+00:00,58631.510000,58745.820000,58355.370000,58570.240000,0.358660,1782867599999,0,0
0.142388,0.109538,2026-07-01 01:00:00+00:00,58580.350000,59100.000000,57800.000000,58780.560000,6.563150,1782871199999,0,0
0.151730,0.112055,2026-07-01 02:00:00+00:00,58775.110000,59177.060000,58624.270000,59108.210000,5.145280,1782874799999,0,0
0.147897,0.107793,2026-07-01 03:00:00+00:00,59064.960000,59304.320000,58868.770000,59187.890000,4.703490,1782878399999,0,0
0.142891,0.103348,2026-07-01 04:00:00+00:00,59163.770000,59443.380000,59069.070000,59327.540000,1.114790,1782881999999,0,0
0.139495,0.102014,2026-07-01 05:00:00+00:00,59324.430000,59369.910000,59132.520000,59139.390000,0.855100,1782885599999,0,0
0.148312,0.107403,2026-07-01 06:00:00+00:00,59151.450000,59156.410000,58543.300000,58733.630000,0.595370,1782889199999,0,0
0.145943,0.108929,2026-07-01 07:00:00+00:00,58753.730000,58773.180000,58617.420000,58750.890000,1.051430,1782892799999,0,0
0.141409,0.109093,2026-07-01 08:00:00+00:00,58755.170000,58952.070000,58486.040000,58952.070000,0.434510,1782896399999,0,0
0.137986,0.107201,2026-07-01 09:00:00+00:00,58952.140000,59064.960000,58856.690000,58935.230000,0.198980,1782899999999,0,0
0.136127,0.105142,2026-07-01 10:00:00+00:00,58923.940000,58923.940000,58632.530000,58650.000000,0.473110,1782903599999,1,0
0.134829,0.104554,2026-07-01 11:00:00+00:00,58655.610000,58752.820000,58529.000000,58563.610000,0.827540,1782907199999,1,0
0.129179,0.102386,2026-07-01 12:00:00+00:00,58632.520000,58640.220000,58330.140000,58566.970000,6.993760,1782910799999,1,0
0.153761,0.113424,2026-07-01 13:00:00+00:00,58544.670000,59492.460000,58544.670000,59492.460000,3.738360,1782914399999,1,0
0.153967,0.110603,2026-07-01 14:00:00+00:00,59454.160000,60075.000000,59228.740000,59516.960000,17.696060,1782917999999,1,0
0.148973,0.101539,2026-07-01 15:00:00+00:00,59540.660000,60515.310000,59519.880000,60157.220000,4.840160,1782921599999,0,0
0.149504,0.101088,2026-07-01 16:00:00+00:00,60151.230000,60256.050000,59868.540000,59887.490000,3.644250,1782925199999,1,0
0.148703,0.099757,2026-07-01 17:00:00+00:00,59901.610000,60235.950000,59799.800000,60184.750000,0.574720,1782928799999,0,0
0.155907,0.108679,2026-07-01 18:00:00+00:00,60180.870000,60283.490000,60034.380000,60158.210000,0.614180,1782932399999,0,0
0.150591,0.107086,2026-07-01 19:00:00+00:00,60189.320000,60319.060000,60031.130000,60031.130000,0.257550,1782935999999,0,0
0.152065,0.111091,2026-07-01 20:00:00+00:00,60044.650000,60189.320000,59852.470000,60118.160000,7.973770,1782939599999,0,0
0.171488,0.119503,2026-07-01 21:00:00+00:00,60128.720000,60859.600000,60128.720000,60815.700000,3.396260,1782943199999,0,0
0.160411,0.114458,2026-07-01 22:00:00+00:00,60824.660000,61321.460000,60354.060000,60490.860000,7.411810,1782946799999,0,0
0.148605,0.106586,2026-07-01 23:00:00+00:00,60461.780000,60461.780000,60000.000000,60033.870000,5.582830,1782950399999,0,0
0.135661,0.102966,2026-07-02 00:00:00+00:00,60016.350000,60016.350000,59593.670000,59704.000000,0.987740,1782953999999,1,0
0.129112,0.103207,2026-07-02 01:00:00+00:00,59755.090000,60308.220000,59726.680000,60171.720000,0.665380,1782957599999,1,0
0.131961,0.106920,2026-07-02 02:00:00+00:00,60188.610000,60480.000000,60037.180000,60442.680000,0.837440,1782961199999,0,0
0.135198,0.104518,2026-07-02 03:00:00+00:00,60430.610000,61110.550000,60341.780000,61054.210000,0.899600,1782964799999,0,0
0.123212,0.096084,2026-07-02 04:00:00+00:00,61013.130000,61031.800000,60739.150000,60794.750000,0.433560,1782968399999,0,0
0.119272,0.092287,2026-07-02 05:00:00+00:00,60791.250000,60866.350000,60485.820000,60535.280000,4.592760,1782971999999,0,0
0.124023,0.097519,2026-07-02 06:00:00+00:00,60503.680000,60628.120000,60267.680000,60275.810000,0.426700,1782975599999,1,0
0.124905,0.099161,2026-07-02 07:00:00+00:00,60257.200000,60298.470000,60117.970000,60129.920000,0.333310,1782979199999,1,0
0.127251,0.101374,2026-07-02 08:00:00+00:00,60133.460000,60535.400000,60133.460000,60508.870000,0.281040,1782982799999,0,0
0.147347,0.108753,2026-07-02 09:00:00+00:00,60508.890000,61422.600000,60385.740000,61190.430000,11.773390,1782986399999,0,0
0.144664,0.100867,2026-07-02 10:00:00+00:00,61183.950000,61326.050000,61060.190000,61260.180000,1.130730,1782989999999,0,0
0.131847,0.088720,2026-07-02 11:00:00+00:00,61227.190000,61379.030000,61132.500000,61376.600000,2.212220,1782993599999,0,0
0.136096,0.088181,2026-07-02 12:00:00+00:00,61356.930000,61608.720000,61169.580000,61551.400000,4.127530,1782997199999,0,0
0.148567,0.094576,2026-07-02 13:00:00+00:00,61551.420000,62034.690000,61519.730000,61937.750000,9.791920,1783000799999,0,0
0.148112,0.095718,2026-07-02 14:00:00+00:00,61919.100000,62199.020000,61418.150000,61659.630000,7.705250,1783004399999,0,0
0.148088,0.096089,2026-07-02 15:00:00+00:00,61686.690000,61832.620000,61443.410000,61616.390000,1.173360,1783007999999,0,0
0.144723,0.097209,2026-07-02 16:00:00+00:00,61623.420000,61773.260000,61160.840000,61675.690000,0.675660,1783011599999,0,0
0.143607,0.098733,2026-07-02 17:00:00+00:00,61667.810000,61939.530000,61620.230000,61665.420000,4.129050,1783015199999,0,0
0.138405,0.097647,2026-07-02 18:00:00+00:00,61691.340000,61860.310000,61685.140000,61747.650000,0.474250,1783018799999,0,0
0.130486,0.094364,2026-07-02 19:00:00+00:00,61737.770000,61742.740000,61443.410000,61443.410000,2.160990,1783022399999,0,0
0.120583,0.090498,2026-07-02 20:00:00+00:00,61486.660000,61588.520000,61349.940000,61588.520000,2.464870,1783025999999,0,0
0.114567,0.089940,2026-07-02 21:00:00+00:00,61573.170000,61616.390000,61509.880000,61581.560000,1.654290,1783029599999,0,0
0.109619,0.087281,2026-07-02 22:00:00+00:00,61573.150000,61573.150000,61437.750000,61529.900000,0.076520,1783033199999,0,0
0.109418,0.086410,2026-07-02 23:00:00+00:00,61486.660000,61585.760000,61352.980000,61557.610000,0.772720,1783036799999,0,0
0.117341,0.087687,2026-07-03 00:00:00+00:00,61573.150000,61573.150000,61270.440000,61313.710000,1.330130,1783040399999,0,0
0.120302,0.088432,2026-07-03 01:00:00+00:00,61318.100000,61728.200000,61313.680000,61601.240000,0.422130,1783043999999,0,0
0.121908,0.088748,2026-07-03 02:00:00+00:00,61612.280000,61650.310000,61313.680000,61453.070000,0.093550,1783047599999,0,0
0.118883,0.086463,2026-07-03 03:00:00+00:00,61443.410000,61586.080000,61332.310000,61444.550000,0.122900,1783051199999,0,0
0.116686,0.085687,2026-07-03 04:00:00+00:00,61455.530000,61534.000000,61349.950000,61454.300000,0.724010,1783054799999,0,0
0.124857,0.088030,2026-07-03 05:00:00+00:00,61443.410000,61786.880000,61443.410000,61708.130000,0.234170,1783058399999,0,0
0.129656,0.088263,2026-07-03 06:00:00+00:00,61707.440000,61833.780000,61616.390000,61735.850000,0.176310,1783061999999,0,0
0.128755,0.083461,2026-07-03 07:00:00+00:00,61710.910000,61978.670000,61685.670000,61758.440000,7.703550,1783065599999,0,0
0.136759,0.084475,2026-07-03 08:00:00+00:00,61766.840000,61889.680000,61575.950000,61575.950000,0.219700,1783069199999,0,0
0.139860,0.085890,2026-07-03 09:00:00+00:00,61573.150000,61755.590000,61554.450000,61746.130000,0.022100,1783072799999,0,0
0.147190,0.089631,2026-07-03 10:00:00+00:00,61735.760000,62048.820000,61679.020000,61919.100000,3.786790,1783076399999,0,0
0.147150,0.088517,2026-07-03 11:00:00+00:00,61892.640000,62088.700000,61860.320000,62032.180000,3.752930,1783079999999,0,0
0.140205,0.085396,2026-07-03 12:00:00+00:00,62016.180000,62182.630000,61908.200000,61962.510000,0.223740,1783083599999,0,0
0.141109,0.086122,2026-07-03 13:00:00+00:00,61985.000000,62269.810000,61962.350000,62131.170000,1.128540,1783087199999,0,0
0.142375,0.088467,2026-07-03 14:00:00+00:00,62114.020000,62245.300000,61714.090000,62168.410000,1.632740,1783090799999,0,0
0.140534,0.088563,2026-07-03 15:00:00+00:00,62182.980000,62383.020000,61832.620000,61919.160000,1.343130,1783094399999,0,0
0.137496,0.088777,2026-07-03 16:00:00+00:00,61923.470000,62096.960000,61916.380000,62092.080000,0.397720,1783097999999,0,0
0.137123,0.090333,2026-07-03 17:00:00+00:00,62135.330000,62301.060000,62135.330000,62178.570000,4.903930,1783101599999,0,0
0.132368,0.088730,2026-07-03 18:00:00+00:00,62202.320000,62256.460000,62120.940000,62212.130000,3.640720,1783105199999,0,0
0.129366,0.087345,2026-07-03 19:00:00+00:00,62212.170000,62308.290000,62157.890000,62225.310000,0.505560,1783108799999,0,0
0.140402,0.091755,2026-07-03 20:00:00+00:00,62225.690000,62892.640000,62196.830000,62740.750000,10.382420,1783112399999,0,0
0.139557,0.092054,2026-07-03 21:00:00+00:00,62783.990000,62956.970000,62522.730000,62740.760000,1.350660,1783115999999,0,0
0.127980,0.086178,2026-07-03 22:00:00+00:00,62740.750000,62740.750000,62525.660000,62598.840000,0.188810,1783119599999,0,0
0.128185,0.087701,2026-07-03 23:00:00+00:00,62569.100000,62704.370000,62536.450000,62607.320000,0.139180,1783123199999,0,0
0.131044,0.090606,2026-07-04 00:00:00+00:00,62603.200000,62931.210000,62594.010000,62776.060000,2.236040,1783126799999,0,0
0.133599,0.093557,2026-07-04 01:00:00+00:00,62776.050000,62776.050000,62423.270000,62481.280000,4.105940,1783130399999,0,0
0.133367,0.093120,2026-07-04 02:00:00+00:00,62485.130000,62567.490000,62452.880000,62538.960000,3.590260,1783133999999,0,0
0.128270,0.092073,2026-07-04 03:00:00+00:00,62527.840000,62740.730000,62501.470000,62653.390000,0.207810,1783137599999,0,0
0.125667,0.090454,2026-07-04 04:00:00+00:00,62642.840000,62740.740000,62617.760000,62657.150000,0.409390,1783141199999,0,0
0.124508,0.089584,2026-07-04 05:00:00+00:00,62697.490000,62697.490000,62471.830000,62471.830000,0.206470,1783144799999,0,0
0.121802,0.088563,2026-07-04 06:00:00+00:00,62473.880000,62527.000000,62344.720000,62507.110000,0.416200,1783148399999,0,0
0.118153,0.088010,2026-07-04 07:00:00+00:00,62505.690000,62611.020000,62486.130000,62582.790000,0.066960,1783151999999,0,0
0.119531,0.087890,2026-07-04 08:00:00+00:00,62596.760000,62640.810000,62533.920000,62611.020000,0.180890,1783155599999,0,0
0.120021,0.087220,2026-07-04 09:00:00+00:00,62572.520000,62572.520000,62448.780000,62508.910000,0.080500,1783159199999,0,0
0.120700,0.087215,2026-07-04 10:00:00+00:00,62496.670000,62543.970000,62479.230000,62524.530000,0.031140,1783162799999,0,0
0.120024,0.087414,2026-07-04 11:00:00+00:00,62499.440000,62545.980000,62478.580000,62505.640000,0.198170,1783166399999,0,0
0.124186,0.089088,2026-07-04 12:00:00+00:00,62505.640000,62680.850000,62505.640000,62673.120000,0.868350,1783169999999,0,0
0.123510,0.088630,2026-07-04 13:00:00+00:00,62659.080000,62758.070000,62550.850000,62588.570000,1.952660,1783173599999,0,0
0.122050,0.087182,2026-07-04 14:00:00+00:00,62599.680000,62721.700000,62599.680000,62673.690000,0.045630,1783177199999,0,0
0.131816,0.090567,2026-07-04 15:00:00+00:00,62697.500000,63043.460000,62697.500000,62928.670000,2.042840,1783180799999,0,0
0.132504,0.089901,2026-07-04 16:00:00+00:00,62913.730000,62966.470000,62751.510000,62913.730000,4.871240,1783184399999,0,0
0.139521,0.091678,2026-07-04 17:00:00+00:00,62870.480000,63418.940000,62819.400000,63293.580000,15.731250,1783187999999,0,0
0.139282,0.091375,2026-07-04 18:00:00+00:00,63287.570000,63349.240000,63115.000000,63164.090000,10.049700,1783191599999,0,0
0.136357,0.089586,2026-07-04 19:00:00+00:00,63159.290000,63449.910000,63118.890000,63308.580000,5.146070,1783195199999,0,0
0.136899,0.092500,2026-07-04 20:00:00+00:00,63302.930000,63387.100000,63164.740000,63238.640000,0.799630,1783198799999,0,0
0.134182,0.092671,2026-07-04 21:00:00+00:00,63235.990000,63453.490000,63216.440000,63321.930000,0.948200,1783202399999,0,0
0.133835,0.095064,2026-07-04 22:00:00+00:00,63317.520000,63317.520000,63180.000000,63197.910000,0.819670,1783205999999,0,0
0.130295,0.094267,2026-07-04 23:00:00+00:00,63180.000000,63229.380000,62940.170000,63173.190000,8.358440,1783209599999,0,0
0.128562,0.095046,2026-07-05 00:00:00+00:00,63137.870000,63137.870000,62926.800000,62987.820000,7.418070,1783213199999,0,0
0.126347,0.094528,2026-07-05 01:00:00+00:00,62989.090000,63026.680000,62800.010000,62870.480000,4.645910,1783216799999,0,0
0.124277,0.094432,2026-07-05 02:00:00+00:00,62913.730000,62917.740000,62613.890000,62699.020000,0.367110,1783220399999,0,0
0.121826,0.094109,2026-07-05 03:00:00+00:00,62697.500000,62778.730000,62689.370000,62777.000000,0.277980,1783223999999,0,0
0.120681,0.094347,2026-07-05 04:00:00+00:00,62780.640000,62959.690000,62708.830000,62833.460000,0.049420,1783227599999,0,0
0.119842,0.093261,2026-07-05 05:00:00+00:00,62827.240000,62827.240000,62686.000000,62758.860000,0.546820,1783231199999,0,0
0.120395,0.093072,2026-07-05 06:00:00+00:00,62740.750000,62826.310000,62672.600000,62788.840000,0.026380,1783234799999,0,0
0.125120,0.095070,2026-07-05 07:00:00+00:00,62805.550000,63042.820000,62729.540000,63042.820000,0.162060,1783238399999,0,0
0.123935,0.094348,2026-07-05 08:00:00+00:00,63043.460000,63086.700000,62909.420000,62923.520000,0.180620,1783241999999,0,0
0.127609,0.094927,2026-07-05 09:00:00+00:00,62913.730000,62919.560000,62481.280000,62611.020000,1.712800,1783245599999,0,0
0.126210,0.095012,2026-07-05 10:00:00+00:00,62586.910000,62740.750000,62567.770000,62740.750000,0.389700,1783249199999,0,0
0.123794,0.095056,2026-07-05 11:00:00+00:00,62745.100000,62783.990000,62625.000000,62681.340000,0.047300,1783252799999,0,0
0.123155,0.094380,2026-07-05 12:00:00+00:00,62654.260000,62763.340000,62596.770000,62740.750000,0.395590,1783256399999,0,0
0.124893,0.094877,2026-07-05 13:00:00+00:00,62741.670000,62819.400000,62659.140000,62791.810000,0.642330,1783259999999,0,0
0.123944,0.093602,2026-07-05 14:00:00+00:00,62798.950000,62828.880000,62682.920000,62815.680000,0.057890,1783263599999,0,0
0.124215,0.094061,2026-07-05 15:00:00+00:00,62808.010000,62945.710000,62683.720000,62740.750000,3.878670,1783267199999,0,0
0.126633,0.095280,2026-07-05 16:00:00+00:00,62731.070000,62766.480000,62572.500000,62630.040000,5.230710,1783270799999,0,0
0.125541,0.095783,2026-07-05 17:00:00+00:00,62644.760000,62783.990000,62600.870000,62631.640000,0.263750,1783274399999,0,0
0.128032,0.097782,2026-07-05 18:00:00+00:00,62631.830000,62848.970000,62631.830000,62827.240000,0.283560,1783277999999,0,0
0.125643,0.096861,2026-07-05 19:00:00+00:00,62783.990000,62864.260000,62740.750000,62784.000000,0.941310,1783281599999,0,0
0.121489,0.094379,2026-07-05 20:00:00+00:00,62784.000000,62848.700000,62719.180000,62731.660000,6.715360,1783285199999,0,0
0.129876,0.097935,2026-07-05 21:00:00+00:00,62697.500000,63219.400000,62554.050000,63117.470000,6.316710,1783288799999,0,0
0.150391,0.106498,2026-07-05 22:00:00+00:00,63086.710000,63943.640000,63003.170000,63745.740000,4.462460,1783292399999,0,1
0.141447,0.101074,2026-07-05 23:00:00+00:00,63760.180000,63999.960000,63580.560000,63637.540000,2.743680,1783295999999,0,1
0.129151,0.094028,2026-07-06 00:00:00+00:00,63648.890000,63773.610000,63376.640000,63773.610000,8.261480,1783299599999,0,1
0.131273,0.097558,2026-07-06 01:00:00+00:00,63762.420000,63917.190000,63562.400000,63581.730000,2.855690,1783303199999,0,1
0.136611,0.103315,2026-07-06 02:00:00+00:00,63602.460000,63669.370000,63380.400000,63453.590000,4.028140,1783306799999,0,1
0.136735,0.107070,2026-07-06 03:00:00+00:00,63475.900000,63475.900000,63173.190000,63274.020000,0.516970,1783310399999,0,1
0.130913,0.105814,2026-07-06 04:00:00+00:00,63286.190000,63384.430000,63214.670000,63259.680000,0.373740,1783313999999,0,1
0.125551,0.104435,2026-07-06 05:00:00+00:00,63241.390000,63251.840000,62953.800000,63128.940000,0.458660,1783317599999,0,0
0.124779,0.104334,2026-07-06 06:00:00+00:00,63115.800000,63152.520000,62985.760000,62985.760000,0.896780,1783321199999,0,0
0.118630,0.102590,2026-07-06 07:00:00+00:00,62968.260000,63117.120000,62890.620000,63090.980000,0.199540,1783324799999,0,0
0.115663,0.101679,2026-07-06 08:00:00+00:00,63117.470000,63216.440000,62868.780000,62890.790000,1.001580,1783328399999,0,0
0.120815,0.103081,2026-07-06 09:00:00+00:00,62890.530000,62890.530000,62644.250000,62672.060000,0.842600,1783331999999,0,0
0.118484,0.102900,2026-07-06 10:00:00+00:00,62666.460000,63038.380000,62666.460000,62870.480000,3.792020,1783335599999,0,0
0.122195,0.104818,2026-07-06 11:00:00+00:00,62842.990000,62981.060000,62522.730000,62522.730000,0.362650,1783339199999,0,0
0.142644,0.113309,2026-07-06 12:00:00+00:00,62500.000000,62500.000000,61672.300000,61746.130000,9.352410,1783342799999,0,0
0.141153,0.114828,2026-07-06 13:00:00+00:00,61714.100000,62022.720000,61322.370000,61776.990000,3.104250,1783346399999,1,0
0.132232,0.113792,2026-07-06 14:00:00+00:00,61789.370000,62394.790000,61724.330000,62029.240000,1.151810,1783349999999,1,0
0.175138,0.131295,2026-07-06 15:00:00+00:00,62048.830000,63535.970000,62048.830000,63519.150000,10.851340,1783353599999,0,0
0.173274,0.121857,2026-07-06 16:00:00+00:00,63541.600000,63852.760000,63409.800000,63711.140000,0.756890,1783357199999,0,0
0.129858,0.091989,2026-07-06 17:00:00+00:00,63735.370000,63925.870000,63576.670000,63576.670000,1.369090,1783360799999,0,0
0.135148,0.095044,2026-07-06 18:00:00+00:00,63581.710000,63868.850000,63576.910000,63705.290000,3.862170,1783364399999,0,0
0.145652,0.104247,2026-07-06 19:00:00+00:00,63700.440000,63868.850000,63662.780000,63717.860000,3.821170,1783367999999,0,0
0.159697,0.117809,2026-07-06 20:00:00+00:00,63735.370000,63877.590000,63588.770000,63835.540000,0.274890,1783371599999,0,0
0.182098,0.127780,2026-07-06 21:00:00+00:00,63830.120000,64649.500000,63821.860000,64476.370000,13.168540,1783375199999,0,0
0.175039,0.124810,2026-07-06 22:00:00+00:00,64491.820000,64491.820000,64167.820000,64215.510000,1.600460,1783378799999,0,0
0.163974,0.119788,2026-07-06 23:00:00+00:00,64229.520000,64335.960000,64033.630000,64033.630000,1.342420,1783382399999,0,0
0.145092,0.116413,2026-07-07 00:00:00+00:00,64038.090000,64310.190000,64012.790000,64206.660000,0.529680,1783385999999,0,0
0.130689,0.114311,2026-07-07 01:00:00+00:00,64171.910000,64171.910000,63777.000000,63831.960000,0.466460,1783389599999,0,0
0.120175,0.111486,2026-07-07 02:00:00+00:00,63843.190000,63904.950000,63302.930000,63312.600000,3.276280,1783393199999,0,0
0.115682,0.111370,2026-07-07 03:00:00+00:00,63346.170000,63402.960000,63157.890000,63173.190000,0.220900,1783396799999,0,0
0.107839,0.109380,2026-07-07 04:00:00+00:00,63165.990000,63267.040000,63072.550000,63106.860000,0.182740,1783400399999,0,0
0.105309,0.108474,2026-07-07 05:00:00+00:00,63110.840000,63279.990000,62827.240000,63136.340000,0.286770,1783403999999,0,0
0.108622,0.110542,2026-07-07 06:00:00+00:00,63133.600000,63393.750000,63027.000000,63355.580000,0.334790,1783407599999,0,0
0.108610,0.109768,2026-07-07 07:00:00+00:00,63346.170000,63444.980000,63068.550000,63068.550000,0.116640,1783411199999,0,0
0.109618,0.108820,2026-07-07 08:00:00+00:00,63086.700000,63157.830000,62998.540000,63097.870000,0.159330,1783414799999,0,0
0.108070,0.108645,2026-07-07 09:00:00+00:00,63100.770000,63335.120000,63058.540000,63259.680000,3.767070,1783418399999,0,0
0.107493,0.107785,2026-07-07 10:00:00+00:00,63290.750000,63447.720000,63232.790000,63259.680000,0.136790,1783421999999,0,0
0.108022,0.106010,2026-07-07 11:00:00+00:00,63273.600000,63456.470000,63122.240000,63401.340000,0.293150,1783425599999,0,0
0.110422,0.103158,2026-07-07 12:00:00+00:00,63416.960000,63852.760000,63416.960000,63483.770000,0.837720,1783429199999,0,0
0.118095,0.103000,2026-07-07 13:00:00+00:00,63467.750000,63467.750000,63000.000000,63070.950000,5.988110,1783432799999,0,0
0.130716,0.105222,2026-07-07 14:00:00+00:00,63054.900000,63626.710000,62700.000000,63595.580000,6.111670,1783436399999,0,0
0.143648,0.111245,2026-07-07 15:00:00+00:00,63569.320000,64081.330000,63389.420000,63929.050000,17.649340,1783439999999,0,1
0.134473,0.103216,2026-07-07 16:00:00+00:00,63951.600000,64227.320000,63768.000000,63994.840000,9.267880,1783443599999,0,1
0.132377,0.099815,2026-07-07 17:00:00+00:00,63988.630000,64220.750000,63899.050000,64182.710000,0.195750,1783447199999,0,1
0.136550,0.101628,2026-07-07 18:00:00+00:00,64167.820000,64167.820000,63683.730000,63683.730000,4.850900,1783450799999,0,1
0.138805,0.105730,2026-07-07 19:00:00+00:00,63683.620000,63877.700000,63393.750000,63780.540000,0.733550,1783454399999,0,1
0.128765,0.104601,2026-07-07 20:00:00+00:00,63821.860000,63890.860000,63623.680000,63682.890000,1.352110,1783457999999,0,1
0.131366,0.105842,2026-07-07 21:00:00+00:00,63717.860000,63848.870000,63334.610000,63383.830000,4.449520,1783461599999,0,0
0.126264,0.104557,2026-07-07 22:00:00+00:00,63415.870000,63642.500000,63202.800000,63551.980000,6.149310,1783465199999,0,1
0.122558,0.103920,2026-07-07 23:00:00+00:00,63562.390000,63717.720000,63331.780000,63339.510000,0.204990,1783468799999,0,0
0.122132,0.103371,2026-07-08 00:00:00+00:00,63369.550000,63742.150000,63335.620000,63614.980000,4.528600,1783472399999,0,1
0.124208,0.104497,2026-07-08 01:00:00+00:00,63605.640000,63642.500000,62913.910000,63010.570000,5.398370,1783475999999,0,0
0.127431,0.104659,2026-07-08 02:00:00+00:00,63030.950000,63061.710000,62575.270000,62989.900000,5.459840,1783479599999,0,0
0.122583,0.104118,2026-07-08 03:00:00+00:00,62993.250000,63093.360000,62738.850000,62763.240000,1.074210,1783483199999,0,0
0.124722,0.104716,2026-07-08 04:00:00+00:00,62776.510000,62909.770000,62690.440000,62738.980000,0.626400,1783486799999,0,0
0.122836,0.104267,2026-07-08 05:00:00+00:00,62794.020000,62854.790000,62575.270000,62629.470000,0.231650,1783490399999,0,0
0.123637,0.104485,2026-07-08 06:00:00+00:00,62626.950000,62745.080000,62474.260000,62622.250000,0.495170,1783493999999,0,0
0.128563,0.106299,2026-07-08 07:00:00+00:00,62644.070000,62894.570000,62546.230000,62894.570000,0.188590,1783497599999,0,0
0.142551,0.110991,2026-07-08 08:00:00+00:00,62885.270000,62919.610000,61863.510000,62014.990000,0.737990,1783501199999,0,0
0.147694,0.112387,2026-07-08 09:00:00+00:00,62006.830000,62169.300000,61756.260000,62059.410000,4.123310,1783504799999,0,0
0.131704,0.108014,2026-07-08 10:00:00+00:00,62076.480000,62178.570000,61832.370000,62142.470000,4.019840,1783508399999,0,0
0.135189,0.108694,2026-07-08 11:00:00+00:00,62181.150000,62366.330000,62080.350000,62314.850000,0.722700,1783511999999,0,0
0.133694,0.106954,2026-07-08 12:00:00+00:00,62309.660000,62422.230000,61971.180000,61971.180000,0.429660,1783515599999,0,0
0.136234,0.107111,2026-07-08 13:00:00+00:00,61969.980000,62057.900000,61659.630000,61930.210000,1.084350,1783519199999,0,0
0.129466,0.105470,2026-07-08 14:00:00+00:00,61962.350000,62153.860000,61735.630000,61933.580000,0.933970,1783522799999,0,0
0.135655,0.108789,2026-07-08 15:00:00+00:00,61920.230000,61920.230000,61551.240000,61668.560000,4.160610,1783526399999,0,0
0.139054,0.110628,2026-07-08 16:00:00+00:00,61704.530000,62135.330000,61694.090000,62118.380000,3.887050,1783529999999,0,0
0.138815,0.110703,2026-07-08 17:00:00+00:00,62105.810000,62380.480000,62038.160000,62099.450000,3.951300,1783533599999,0,0
0.127308,0.102280,2026-07-08 18:00:00+00:00,62113.540000,62321.320000,62048.830000,62188.290000,0.350540,1783537199999,0,0
0.124330,0.100942,2026-07-08 19:00:00+00:00,62248.440000,62265.060000,62080.350000,62265.060000,0.245140,1783540799999,0,0
0.123271,0.099794,2026-07-08 20:00:00+00:00,62265.060000,62295.660000,62062.460000,62106.420000,3.868970,1783544399999,0,0
0.126037,0.102863,2026-07-08 21:00:00+00:00,62113.570000,62227.460000,61971.180000,62227.460000,0.522260,1783547999999,0,0
0.128140,0.104237,2026-07-08 22:00:00+00:00,62218.000000,62343.010000,62218.000000,62324.420000,0.283130,1783551599999,0,0
0.125887,0.102464,2026-07-08 23:00:00+00:00,62307.550000,62332.680000,62186.680000,62303.490000,3.567100,1783555199999,0,0
0.127416,0.102253,2026-07-09 00:00:00+00:00,62298.840000,62304.080000,62092.940000,62108.940000,0.149310,1783558799999,0,0
0.129303,0.103046,2026-07-09 01:00:00+00:00,62123.010000,62623.360000,61869.000000,61904.660000,1.735920,1783562399999,1,0
0.128017,0.103474,2026-07-09 02:00:00+00:00,61904.520000,62112.190000,61712.050000,61787.150000,6.267200,1783565999999,1,0
0.122460,0.102032,2026-07-09 03:00:00+00:00,61781.810000,62029.000000,61747.660000,61978.700000,0.265800,1783569599999,1,0
0.133758,0.107070,2026-07-09 04:00:00+00:00,62006.920000,62451.910000,61985.510000,62451.910000,4.379020,1783573199999,0,0
0.130944,0.102670,2026-07-09 05:00:00+00:00,62458.000000,62608.920000,62260.000000,62564.620000,4.438010,1783576799999,0,0
0.129668,0.098257,2026-07-09 06:00:00+00:00,62590.000000,62975.700000,62481.910000,62954.500000,0.841790,1783580399999,0,0
0.129578,0.097501,2026-07-09 07:00:00+00:00,62954.690000,63250.000000,62804.020000,62986.770000,2.165630,1783583999999,0,0
0.123679,0.094654,2026-07-09 08:00:00+00:00,62968.260000,63084.990000,62871.200000,62885.910000,0.197890,1783587599999,0,0
0.127681,0.099249,2026-07-09 09:00:00+00:00,62904.340000,62986.000000,62806.590000,62953.000000,0.371740,1783591199999,0,0
0.131738,0.103223,2026-07-09 10:00:00+00:00,62944.330000,63042.810000,62702.120000,62731.740000,0.279890,1783594799999,0,0
0.132874,0.105698,2026-07-09 11:00:00+00:00,62781.890000,62815.520000,62588.280000,62787.440000,0.441390,1783598399999,0,0
0.129207,0.104673,2026-07-09 12:00:00+00:00,62789.790000,62952.990000,62471.840000,62661.130000,4.433180,1783601999999,1,0
0.131462,0.105630,2026-07-09 13:00:00+00:00,62670.890000,63227.800000,62528.670000,63032.370000,0.923070,1783605599999,0,0
0.125073,0.102617,2026-07-09 14:00:00+00:00,63055.010000,63118.000000,62675.230000,63019.000000,0.713120,1783609199999,0,0
0.112561,0.093804,2026-07-09 15:00:00+00:00,63038.390000,63247.060000,62848.970000,62860.140000,1.309050,1783612799999,0,0
0.112996,0.094385,2026-07-09 16:00:00+00:00,62878.690000,62996.390000,62575.270000,62690.640000,1.807000,1783616399999,1,0
0.114298,0.095870,2026-07-09 17:00:00+00:00,62735.240000,63174.570000,62670.890000,63085.570000,1.275870,1783619999999,0,0
0.119437,0.099269,2026-07-09 18:00:00+00:00,63182.250000,63481.780000,63079.350000,63199.790000,6.557430,1783623599999,0,0
0.112191,0.093087,2026-07-09 19:00:00+00:00,63213.700000,63349.000000,63144.360000,63261.090000,4.564040,1783627199999,0,0
0.111658,0.091377,2026-07-09 20:00:00+00:00,63267.510000,63325.640000,63192.210000,63310.280000,1.633580,1783630799999,0,0
0.111874,0.091233,2026-07-09 21:00:00+00:00,63331.610000,63382.340000,63190.000000,63258.720000,1.698110,1783634399999,0,0
0.113849,0.093939,2026-07-09 22:00:00+00:00,63272.950000,63388.670000,63238.250000,63238.250000,1.026850,1783637999999,0,0
0.114089,0.094713,2026-07-09 23:00:00+00:00,63224.690000,63325.730000,63068.600000,63290.950000,2.341660,1783641599999,0,0
0.114868,0.094402,2026-07-10 00:00:00+00:00,63231.720000,63233.110000,62953.000000,63112.590000,0.242850,1783645199999,0,0
0.128769,0.098801,2026-07-10 01:00:00+00:00,63117.470000,63938.750000,62960.380000,63712.000000,4.716820,1783648799999,0,0
0.140992,0.101347,2026-07-10 02:00:00+00:00,63745.900000,64042.000000,63712.000000,63977.950000,5.349600,1783652399999,0,0
0.127981,0.090654,2026-07-10 03:00:00+00:00,63969.680000,64031.510000,63844.000000,63912.020000,1.216120,1783655999999,0,0
0.122784,0.087438,2026-07-10 04:00:00+00:00,63981.490000,64163.380000,63871.260000,64035.160000,0.265240,1783659599999,0,0
0.125615,0.089506,2026-07-10 05:00:00+00:00,64020.200000,64198.500000,63966.880000,64089.660000,0.140940,1783663199999,0,0
0.128407,0.093715,2026-07-10 06:00:00+00:00,64106.170000,64109.870000,63846.030000,63863.700000,3.685450,1783666799999,0,0
0.128211,0.095251,2026-07-10 07:00:00+00:00,63868.700000,64005.580000,63826.080000,63981.180000,0.175440,1783670399999,0,0
0.132043,0.098078,2026-07-10 08:00:00+00:00,63987.400000,64372.000000,63987.250000,64247.890000,0.563040,1783673999999,0,0
0.130662,0.097124,2026-07-10 09:00:00+00:00,64235.710000,64490.930000,64148.510000,64388.440000,4.109800,1783677599999,0,0
0.122611,0.091969,2026-07-10 10:00:00+00:00,64370.960000,64490.930000,64307.850000,64415.670000,7.428650,1783681199999,0,0
0.116034,0.088313,2026-07-10 11:00:00+00:00,64415.670000,64478.890000,64360.740000,64408.600000,0.117240,1783684799999,0,0
0.112133,0.087595,2026-07-10 12:00:00+00:00,64433.140000,64603.000000,64274.900000,64297.870000,4.971210,1783688399999,0,0
0.114372,0.090355,2026-07-10 13:00:00+00:00,64317.840000,64699.980000,64150.460000,64526.150000,3.720800,1783691999999,0,0
0.121437,0.093334,2026-07-10 14:00:00+00:00,64478.310000,64499.630000,63817.500000,63909.570000,6.008530,1783695599999,0,0
0.122576,0.092727,2026-07-10 15:00:00+00:00,63927.840000,64186.970000,63908.070000,64015.430000,1.060820,1783699199999,0,0
0.117315,0.091115,2026-07-10 16:00:00+00:00,64051.070000,64209.260000,63844.000000,64130.630000,4.177420,1783702799999,0,0
0.120096,0.090531,2026-07-10 17:00:00+00:00,64132.310000,64138.150000,63816.130000,63817.500000,0.386710,1783706399999,0,0
0.121527,0.089993,2026-07-10 18:00:00+00:00,63817.500000,64008.990000,63745.000000,63797.410000,3.924200,1783709999999,0,0
0.118160,0.088870,2026-07-10 19:00:00+00:00,63802.700000,64052.480000,63786.700000,63929.190000,3.853450,1783713599999,0,0
0.119946,0.088876,2026-07-10 20:00:00+00:00,63911.470000,63918.660000,63679.000000,63856.800000,3.649950,1783717199999,0,0
0.121963,0.088206,2026-07-10 21:00:00+00:00,63853.360000,64097.340000,63851.250000,64015.570000,3.666230,1783720799999,0,0
0.125561,0.088282,2026-07-10 22:00:00+00:00,64018.020000,64171.210000,63979.000000,64125.120000,0.667090,1783724399999,0,0
0.124879,0.086007,2026-07-10 23:00:00+00:00,64113.150000,64193.090000,64024.140000,64169.350000,0.950910,1783727999999,0,0
0.126704,0.084654,2026-07-11 00:00:00+00:00,64139.580000,64159.880000,64037.240000,64126.690000,0.388280,1783731599999,0,0
0.127853,0.085127,2026-07-11 01:00:00+00:00,64119.990000,64318.050000,64008.910000,64020.200000,1.168550,1783735199999,0,0
0.129871,0.086890,2026-07-11 02:00:00+00:00,64008.910000,64167.870000,63990.000000,64167.870000,0.127290,1783738799999,0,0
0.132234,0.088261,2026-07-11 03:00:00+00:00,64168.900000,64206.990000,64096.010000,64185.880000,0.740770,1783742399999,0,0
0.129079,0.086370,2026-07-11 04:00:00+00:00,64146.420000,64206.990000,64099.880000,64158.590000,0.122720,1783745999999,0,0
0.127896,0.085886,2026-07-11 05:00:00+00:00,64133.670000,64207.000000,64114.430000,64184.350000,3.782490,1783749599999,0,0
0.128006,0.085791,2026-07-11 06:00:00+00:00,64152.830000,64265.980000,64125.240000,64237.610000,1.149050,1783753199999,0,0
0.127667,0.086051,2026-07-11 07:00:00+00:00,64218.280000,64234.970000,64171.910000,64171.910000,0.725440,1783756799999,0,0
0.125592,0.085439,2026-07-11 08:00:00+00:00,64170.570000,64296.200000,64169.590000,64267.480000,1.031740,1783760399999,0,0
0.124082,0.085403,2026-07-11 09:00:00+00:00,64272.750000,64280.860000,64165.440000,64172.780000,0.087300,1783763999999,0,0
0.123161,0.085249,2026-07-11 10:00:00+00:00,64188.750000,64196.520000,64147.290000,64179.720000,0.211920,1783767599999,0,0
0.121495,0.085352,2026-07-11 11:00:00+00:00,64179.730000,64225.560000,64175.020000,64207.810000,0.098360,1783771199999,0,0
0.121187,0.085479,2026-07-11 12:00:00+00:00,64207.820000,64239.770000,64134.890000,64134.890000,0.032870,1783774799999,0,0
0.120262,0.085533,2026-07-11 13:00:00+00:00,64203.010000,64263.540000,64179.090000,64255.550000,0.160880,1783778399999,0,0
0.122570,0.086413,2026-07-11 14:00:00+00:00,64243.150000,64500.000000,64243.150000,64339.010000,4.837060,1783781999999,0,0
0.120911,0.085287,2026-07-11 15:00:00+00:00,64366.950000,64475.710000,63813.140000,64177.800000,7.694420,1783785599999,0,0
0.120899,0.085480,2026-07-11 16:00:00+00:00,64188.070000,64263.660000,64113.670000,64172.780000,0.128600,1783789199999,0,0
0.121780,0.086199,2026-07-11 17:00:00+00:00,64186.580000,64409.750000,64186.580000,64312.780000,3.515160,1783792799999,0,0
0.123736,0.086750,2026-07-11 18:00:00+00:00,64300.450000,64390.770000,64285.330000,64330.110000,0.633160,1783796399999,0,0
0.120756,0.084701,2026-07-11 19:00:00+00:00,64323.980000,64347.090000,64215.530000,64294.210000,0.331920,1783799999999,0,0
0.123136,0.085045,2026-07-11 20:00:00+00:00,64291.300000,64443.000000,64288.910000,64386.240000,0.283140,1783803599999,0,0
0.123499,0.085460,2026-07-11 21:00:00+00:00,64382.620000,64422.730000,64336.060000,64336.480000,0.490370,1783807199999,0,0
0.125035,0.086354,2026-07-11 22:00:00+00:00,64361.830000,64405.630000,64141.900000,64215.470000,0.245290,1783810799999,0,0
0.133282,0.089809,2026-07-11 23:00:00+00:00,64203.760000,64228.450000,63829.600000,63844.000000,2.766330,1783814399999,0,0
0.133146,0.090639,2026-07-12 00:00:00+00:00,63830.000000,63922.820000,63717.730000,63830.870000,5.901600,1783817999999,0,0
0.133126,0.092037,2026-07-12 01:00:00+00:00,63843.170000,64175.880000,63843.170000,64128.200000,5.512000,1783821599999,0,0
0.132287,0.091220,2026-07-12 02:00:00+00:00,64078.980000,64132.660000,64042.010000,64097.950000,0.095260,1783825199999,0,0
0.126200,0.086908,2026-07-12 03:00:00+00:00,64089.160000,64213.350000,64062.860000,64209.840000,0.028860,1783828799999,0,0
0.126721,0.086766,2026-07-12 04:00:00+00:00,64213.350000,64234.620000,63956.890000,64023.740000,0.061040,1783832399999,0,0
0.128485,0.087850,2026-07-12 05:00:00+00:00,64012.660000,64035.660000,63912.550000,63994.220000,0.266440,1783835999999,0,0
0.131309,0.090661,2026-07-12 06:00:00+00:00,63968.790000,63968.790000,63646.000000,63763.460000,4.084040,1783839599999,0,0
0.130830,0.090996,2026-07-12 07:00:00+00:00,63772.910000,63901.250000,63772.910000,63882.050000,0.141060,1783843199999,0,0
0.130460,0.091938,2026-07-12 08:00:00+00:00,63910.000000,64103.170000,63910.000000,63979.000000,0.139410,1783846799999,0,0
0.127082,0.089817,2026-07-12 09:00:00+00:00,63987.260000,64009.000000,63781.470000,63998.000000,0.040870,1783850399999,0,0
0.126569,0.089145,2026-07-12 10:00:00+00:00,63908.400000,63908.400000,63857.290000,63861.870000,0.039850,1783853999999,0,0
0.126319,0.088856,2026-07-12 11:00:00+00:00,63896.490000,64025.580000,63853.420000,64014.580000,0.022150,1783857599999,0,0
0.127045,0.089987,2026-07-12 12:00:00+00:00,63983.210000,64124.250000,63968.890000,64035.840000,3.753680,1783861199999,0,0
0.123268,0.087957,2026-07-12 13:00:00+00:00,64028.640000,64093.850000,64016.780000,64024.610000,0.029370,1783864799999,0,0
0.127447,0.089529,2026-07-12 14:00:00+00:00,64019.180000,64284.740000,63983.210000,64201.080000,0.231660,1783868399999,0,1
0.126975,0.089182,2026-07-12 15:00:00+00:00,64207.300000,64256.290000,64145.530000,64159.730000,0.345130,1783871999999,0,1
0.125101,0.088302,2026-07-12 16:00:00+00:00,64178.630000,64180.050000,64075.000000,64148.330000,0.310800,1783875599999,0,1
0.125728,0.089183,2026-07-12 17:00:00+00:00,64155.280000,64178.950000,64021.080000,64084.910000,0.259820,1783879199999,0,1
0.124049,0.089150,2026-07-12 18:00:00+00:00,64084.910000,64152.970000,64020.720000,64152.970000,0.090110,1783882799999,0,1
0.125653,0.090712,2026-07-12 19:00:00+00:00,64145.090000,64243.840000,64145.090000,64243.840000,0.093080,1783886399999,0,1
0.122895,0.089305,2026-07-12 20:00:00+00:00,64232.210000,64240.420000,64177.040000,64196.050000,0.034710,1783889999999,0,1
0.127317,0.090914,2026-07-12 21:00:00+00:00,64208.840000,64228.240000,63894.210000,63894.210000,0.194850,1783893599999,0,0
0.125265,0.090812,2026-07-12 22:00:00+00:00,63896.500000,63899.080000,63678.380000,63899.080000,7.574440,1783897199999,0,0
0.122653,0.090608,2026-07-12 23:00:00+00:00,63890.000000,63890.000000,63726.640000,63786.020000,0.124340,1783900799999,0,0
0.125892,0.091966,2026-07-13 00:00:00+00:00,63755.300000,64394.060000,63591.330000,64031.840000,1.044800,1783904399999,0,1
0.135395,0.096042,2026-07-13 01:00:00+00:00,64052.730000,64052.730000,63393.400000,63393.400000,14.645020,1783907999999,0,0
0.138586,0.097074,2026-07-13 02:00:00+00:00,63411.460000,63520.080000,63250.000000,63379.930000,13.360260,1783911599999,0,0
0.140612,0.100839,2026-07-13 03:00:00+00:00,63354.710000,63354.710000,62736.280000,62829.500000,7.419310,1783915199999,0,0
0.146452,0.104346,2026-07-13 04:00:00+00:00,62791.130000,62905.590000,62648.160000,62670.960000,0.640360,1783918799999,0,0
0.136672,0.102629,2026-07-13 05:00:00+00:00,62690.460000,62907.340000,62500.000000,62780.870000,0.756050,1783922399999,0,0
0.137156,0.103251,2026-07-13 06:00:00+00:00,62831.810000,62858.400000,62733.400000,62789.520000,2.058270,1783925999999,0,0
0.139413,0.103407,2026-07-13 07:00:00+00:00,62789.520000,63059.040000,62766.880000,63011.610000,11.532480,1783929599999,0,0
0.140315,0.102662,2026-07-13 08:00:00+00:00,62992.220000,63296.770000,62965.650000,63193.070000,0.558970,1783933199999,0,0
0.133838,0.097980,2026-07-13 09:00:00+00:00,63181.020000,63193.650000,63095.710000,63114.590000,0.022920,1783936799999,0,0
0.136214,0.099173,2026-07-13 10:00:00+00:00,63111.840000,63144.640000,62910.480000,62910.480000,0.163100,1783940399999,0,0
0.135471,0.100288,2026-07-13 11:00:00+00:00,62910.660000,63138.280000,62910.660000,62920.000000,0.072170,1783943999999,0,0
0.135482,0.102477,2026-07-13 12:00:00+00:00,62887.000000,62909.650000,62575.270000,62583.700000,5.940970,1783947599999,0,0
0.141505,0.105548,2026-07-13 13:00:00+00:00,62620.520000,62763.290000,62175.170000,62320.330000,5.414670,1783951199999,0,0
0.138291,0.106163,2026-07-13 14:00:00+00:00,62301.930000,62763.290000,62114.090000,62763.290000,11.397820,1783954799999,0,0
0.137716,0.106500,2026-07-13 15:00:00+00:00,62788.000000,62973.690000,62567.140000,62610.890000,4.135200,1783958399999,0,0
0.137380,0.104143,2026-07-13 16:00:00+00:00,62600.170000,62600.290000,62227.000000,62258.040000,3.872130,1783961999999,0,0
0.143514,0.107655,2026-07-13 17:00:00+00:00,62288.080000,62370.740000,61903.720000,61903.720000,9.697830,1783965599999,1,0
0.137860,0.107292,2026-07-13 18:00:00+00:00,61922.730000,62064.780000,61819.420000,62036.630000,2.517710,1783969199999,1,0
0.139501,0.110361,2026-07-13 19:00:00+00:00,62038.470000,62260.000000,61987.820000,62260.000000,4.118100,1783972799999,1,0
0.133559,0.106655,2026-07-13 20:00:00+00:00,62261.670000,62316.370000,62057.360000,62194.000000,3.666570,1783976399999,1,0
0.129006,0.103671,2026-07-13 21:00:00+00:00,62209.300000,62209.300000,61910.370000,62096.970000,0.307040,1783979999999,1,0
0.130067,0.104780,2026-07-13 22:00:00+00:00,62094.270000,62230.910000,61925.880000,61925.880000,14.650940,1783983599999,1,0
0.133131,0.107732,2026-07-13 23:00:00+00:00,61921.560000,62338.890000,61895.800000,62338.890000,3.662750,1783987199999,1,0
0.139174,0.110327,2026-07-14 00:00:00+00:00,62343.010000,62680.480000,62300.350000,62560.920000,0.634350,1783990799999,1,0
0.128703,0.102021,2026-07-14 01:00:00+00:00,62540.590000,62638.080000,62464.470000,62546.460000,7.578910,1783994399999,1,0
0.122907,0.097985,2026-07-14 02:00:00+00:00,62496.370000,62637.760000,62339.970000,62571.480000,0.846760,1783997999999,1,0
0.124414,0.099189,2026-07-14 03:00:00+00:00,62575.090000,62620.400000,62331.320000,62557.000000,0.075820,1784001599999,1,0
0.133916,0.105442,2026-07-14 04:00:00+00:00,62580.660000,62763.290000,62548.250000,62754.410000,0.928340,1784005199999,1,0
0.133163,0.105725,2026-07-14 05:00:00+00:00,62740.170000,62856.590000,62709.880000,62730.330000,0.129020,1784008799999,1,0
0.129424,0.103333,2026-07-14 06:00:00+00:00,62729.860000,62771.740000,62578.180000,62606.040000,0.106900,1784012399999,1,0
0.129496,0.104196,2026-07-14 07:00:00+00:00,62604.840000,62660.120000,62524.000000,62529.310000,0.334150,1784015999999,1,0
0.127906,0.104680,2026-07-14 08:00:00+00:00,62517.760000,62788.000000,62465.120000,62690.940000,3.911060,1784019599999,1,0
0.124880,0.104212,2026-07-14 09:00:00+00:00,62681.310000,62747.070000,62545.790000,62623.530000,0.090420,1784023199999,1,0
0.118290,0.100792,2026-07-14 10:00:00+00:00,62639.610000,62887.000000,62639.610000,62835.600000,0.133320,1784026799999,1,0
0.116215,0.099970,2026-07-14 11:00:00+00:00,62778.810000,62919.990000,62725.250000,62867.060000,2.055090,1784030399999,1,0
0.145567,0.111733,2026-07-14 12:00:00+00:00,62845.970000,63971.280000,62783.800000,63920.570000,2.635380,1784033999999,0,0
0.145694,0.110626,2026-07-14 13:00:00+00:00,63969.740000,64173.600000,63707.970000,63829.430000,1.295280,1784037599999,0,0
0.131355,0.100088,2026-07-14 14:00:00+00:00,63823.890000,64327.150000,63585.010000,64316.660000,10.080180,1784041199999,0,0
0.145200,0.109312,2026-07-14 15:00:00+00:00,64302.870000,64961.770000,64196.580000,64748.170000,13.335240,1784044799999,0,0
0.138285,0.106608,2026-07-14 16:00:00+00:00,64765.450000,64885.340000,64606.470000,64735.750000,1.164410,1784048399999,0,0
0.135116,0.108402,2026-07-14 17:00:00+00:00,64702.410000,64702.410000,64318.160000,64642.800000,5.488300,1784051999999,0,0
0.135236,0.110932,2026-07-14 18:00:00+00:00,64628.190000,64636.000000,64481.650000,64560.610000,0.554990,1784055599999,0,0
0.131450,0.114221,2026-07-14 19:00:00+00:00,64589.860000,64696.490000,64492.470000,64571.360000,1.369910,1784059199999,0,0
0.125421,0.113881,2026-07-14 20:00:00+00:00,64522.760000,64564.060000,64416.970000,64564.060000,3.934020,1784062799999,0,0
0.118594,0.110772,2026-07-14 21:00:00+00:00,64585.360000,64880.110000,64527.250000,64654.550000,1.830760,1784066399999,0,0
0.114334,0.107736,2026-07-14 22:00:00+00:00,64659.890000,65092.520000,64516.690000,64866.160000,3.129030,1784069999999,0,0
0.101846,0.100402,2026-07-14 23:00:00+00:00,64854.240000,65032.000000,64782.640000,65032.000000,0.907850,1784073599999,0,0
0.094926,0.095655,2026-07-15 00:00:00+00:00,65050.000000,65050.000000,64759.790000,64842.860000,10.622580,1784077199999,0,0
0.091677,0.093896,2026-07-15 01:00:00+00:00,64842.860000,64856.650000,64655.580000,64655.580000,11.167500,1784080799999,0,0
0.091075,0.094442,2026-07-15 02:00:00+00:00,64674.800000,64748.440000,64488.460000,64504.910000,15.289790,1784084399999,0,0
0.093638,0.096580,2026-07-15 03:00:00+00:00,64496.680000,64835.890000,64496.680000,64811.450000,0.971810,1784087999999,0,0
0.095380,0.097017,2026-07-15 04:00:00+00:00,64796.110000,64867.000000,64723.490000,64756.520000,0.028870,1784091599999,0,0
0.094697,0.093510,2026-07-15 05:00:00+00:00,64741.330000,64963.060000,64614.080000,64963.060000,0.111450,1784095199999,0,0
0.096023,0.091987,2026-07-15 06:00:00+00:00,64934.790000,65250.000000,64825.550000,64825.550000,1.820100,1784098799999,0,0
0.102161,0.092073,2026-07-15 07:00:00+00:00,64788.740000,64873.820000,64500.000000,64561.040000,0.740210,1784102399999,0,0
0.104890,0.092562,2026-07-15 08:00:00+00:00,64575.710000,64774.950000,64575.710000,64774.950000,0.119740,1784105999999,0,0
0.108931,0.091922,2026-07-15 09:00:00+00:00,64775.010000,64916.780000,64671.090000,64671.090000,0.373260,1784109599999,0,0
0.112750,0.089505,2026-07-15 10:00:00+00:00,64655.910000,64850.620000,64636.000000,64656.790000,0.400220,1784113199999,0,0
0.118699,0.088207,2026-07-15 11:00:00+00:00,64632.630000,64760.080000,64632.630000,64742.090000,0.255440,1784116799999,0,0
0.132077,0.091767,2026-07-15 12:00:00+00:00,64743.080000,65250.000000,64618.350000,65153.620000,3.772190,1784120399999,0,0
0.134151,0.089912,2026-07-15 13:00:00+00:00,65163.980000,65559.600000,64891.990000,65092.420000,3.230100,1784123999999,0,0
0.131722,0.086338,2026-07-15 14:00:00+00:00,65131.000000,65520.970000,65093.250000,65389.770000,2.427850,1784127599999,0,0
0.134377,0.088019,2026-07-15 15:00:00+00:00,65360.710000,65574.840000,65276.210000,65417.490000,0.419800,1784131199999,0,0
0.133290,0.087870,2026-07-15 16:00:00+00:00,65425.200000,65461.040000,64788.380000,65118.180000,6.358740,1784134799999,0,0
0.137050,0.091378,2026-07-15 17:00:00+00:00,65128.260000,65177.420000,64984.340000,65059.310000,3.877160,1784138399999,0,0
0.135003,0.091740,2026-07-15 18:00:00+00:00,65073.430000,65148.020000,64867.010000,64867.010000,4.282000,1784141999999,0,0
0.132533,0.091558,2026-07-15 19:00:00+00:00,64872.170000,64985.850000,64756.370000,64983.080000,0.338730,1784145599999,0,0
0.130652,0.091093,2026-07-15 20:00:00+00:00,64992.190000,65040.560000,64900.620000,64973.160000,4.713990,1784149199999,0,0
0.129173,0.089771,2026-07-15 21:00:00+00:00,64990.650000,65010.810000,64800.000000,64819.220000,9.365350,1784152799999,0,0
0.125981,0.088710,2026-07-15 22:00:00+00:00,64828.290000,64969.670000,64774.290000,64864.210000,0.441870,1784156399999,0,0
0.122648,0.087921,2026-07-15 23:00:00+00:00,64864.990000,64929.770000,64721.280000,64772.490000,3.752840,1784159999999,0,0
0.127658,0.089798,2026-07-16 00:00:00+00:00,64763.100000,64837.960000,64396.010000,64583.110000,8.090120,1784163599999,0,0
0.127285,0.089750,2026-07-16 01:00:00+00:00,64594.090000,64821.150000,64383.910000,64731.040000,2.248070,1784167199999,0,0
0.127054,0.089562,2026-07-16 02:00:00+00:00,64719.960000,64734.270000,64584.260000,64634.510000,0.415540,1784170799999,0,0
0.124617,0.088071,2026-07-16 03:00:00+00:00,64639.540000,64746.770000,64573.820000,64619.950000,0.340660,1784174399999,0,0
0.122644,0.087411,2026-07-16 04:00:00+00:00,64633.670000,64683.410000,64551.350000,64632.180000,0.982700,1784177999999,0,0
0.129066,0.089813,2026-07-16 05:00:00+00:00,64651.960000,64975.000000,64631.020000,64922.630000,1.297800,1784181599999,0,0
0.127999,0.089059,2026-07-16 06:00:00+00:00,64936.710000,64955.340000,64636.000000,64769.090000,1.002730,1784185199999,0,0
0.139886,0.092046,2026-07-16 07:00:00+00:00,64742.260000,64775.710000,64103.170000,64195.000000,0.670500,1784188799999,0,0
0.142149,0.094207,2026-07-16 08:00:00+00:00,64220.950000,64339.000000,63834.300000,64105.900000,9.858640,1784192399999,0,0
0.133005,0.092649,2026-07-16 09:00:00+00:00,64171.130000,64171.130000,64035.000000,64076.070000,0.276880,1784195999999,0,0
0.135642,0.094039,2026-07-16 10:00:00+00:00,64096.540000,64270.880000,64092.620000,64221.470000,0.396750,1784199599999,0,0
