timestamp,open,high,low,close,high_30,low_30,trade_score,buy_signal_column,sell_signal_column
2026-01-17 11:00:00+00:00,95102.760000,95298.610000,95069.470000,95294.600000,0,0,-0.026198,False,False
2026-01-17 12:00:00+00:00,95307.970000,95401.780000,95232.630000,95243.940000,0,0,-0.026727,False,False
2026-01-17 13:00:00+00:00,95248.960000,95442.050000,95190.580000,95413.130000,0,0,-0.026722,False,False
2026-01-17 14:00:00+00:00,95413.380000,95544.080000,95372.940000,95460.160000,0,0,-0.026802,False,False
2026-01-17 15:00:00+00:00,95459.080000,95642.810000,95414.670000,95580.080000,0,0,-0.023871,False,False
2026-01-17 16:00:00+00:00,95572.440000,95572.440000,95216.090000,95306.810000,0,0,-0.023609,False,False
2026-01-17 17:00:00+00:00,95290.740000,95441.940000,95289.170000,95372.700000,0,0,-0.022919,False,False
2026-01-17 18:00:00+00:00,95378.080000,95476.670000,95350.780000,95428.920000,0,0,-0.021913,False,False
2026-01-17 19:00:00+00:00,95418.290000,95418.290000,95294.210000,95317.990000,0,0,-0.020998,False,False
2026-01-17 20:00:00+00:00,95296.680000,95387.030000,95285.560000,95375.440000,0,0,-0.021140,False,False
2026-01-17 21:00:00+00:00,95367.710000,95386.680000,95277.050000,95279.870000,0,0,-0.021431,False,False
2026-01-17 22:00:00+00:00,95316.430000,95316.430000,95050.000000,95192.760000,0,0,-0.022093,False,False
2026-01-17 23:00:00+00:00,95197.000000,95211.820000,95122.690000,95139.130000,0,0,-0.022488,False,False
2026-01-18 00:00:00+00:00,95143.440000,95248.490000,95058.760000,95123.430000,0,1,-0.022405,False,False
2026-01-18 01:00:00+00:00,95113.800000,95113.800000,94800.040000,94956.250000,0,0,-0.023167,False,False
2026-01-18 02:00:00+00:00,94990.510000,95065.820000,94887.250000,95009.800000,0,1,-0.022677,False,False
2026-01-18 03:00:00+00:00,95029.120000,95198.280000,95021.820000,95191.420000,0,1,-0.022257,False,False
2026-01-18 04:00:00+00:00,95155.530000,95191.240000,95071.480000,95099.670000,0,1,-0.021729,False,False
2026-01-18 05:00:00+00:00,95101.480000,95220.050000,95054.530000,95183.380000,0,1,-0.020802,False,False
2026-01-18 06:00:00+00:00,95182.050000,95214.360000,95141.660000,95181.610000,0,1,-0.020487,False,False
2026-01-18 07:00:00+00:00,95150.190000,95186.190000,95035.020000,95043.200000,0,1,-0.019974,False,False
2026-01-18 08:00:00+00:00,95038.260000,95166.260000,95019.990000,95166.260000,0,1,-0.019399,False,False
2026-01-18 09:00:00+00:00,95183.760000,95291.960000,95167.970000,95278.560000,0,1,-0.018885,False,False
2026-01-18 10:00:00+00:00,95272.880000,95272.880000,95080.020000,95175.330000,0,1,-0.017873,False,False
2026-01-18 11:00:00+00:00,95292.440000,95292.440000,95055.120000,95242.890000,0,1,-0.017191,False,False
2026-01-18 12:00:00+00:00,95241.400000,95241.400000,95072.740000,95130.770000,0,1,-0.017093,False,False
2026-01-18 13:00:00+00:00,95098.750000,95192.410000,94945.270000,95152.670000,0,1,-0.017015,False,False
2026-01-18 14:00:00+00:00,95149.040000,95338.110000,94924.860000,94931.120000,0,0,-0.018182,False,False
2026-01-18 15:00:00+00:00,94949.070000,95124.220000,94898.870000,95062.580000,0,1,-0.017771,False,False
2026-01-18 16:00:00+00:00,95105.630000,95179.250000,95066.280000,95172.670000,0,1,-0.017373,False,False
2026-01-18 17:00:00+00:00,95167.380000,95278.450000,95162.150000,95218.590000,0,1,-0.016710,False,False
2026-01-18 18:00:00+00:00,95238.970000,95514.460000,95159.380000,95436.800000,0,1,-0.016324,False,False
2026-01-18 19:00:00+00:00,95485.390000,95510.660000,95345.700000,95377.130000,0,1,-0.016269,False,False
2026-01-18 20:00:00+00:00,95359.760000,95472.020000,95288.670000,95296.650000,0,1,-0.016132,False,False
2026-01-18 21:00:00+00:00,95297.260000,95434.830000,95297.260000,95423.370000,0,1,-0.015989,False,False
2026-01-18 22:00:00+00:00,95412.700000,95529.160000,95404.020000,95488.810000,0,1,-0.015846,False,False
2026-01-18 23:00:00+00:00,95506.460000,95506.460000,93591.220000,93752.570000,0,0,-0.026960,False,False
2026-01-19 00:00:00+00:00,93675.570000,93675.570000,92000.000000,92786.350000,0,0,-0.036920,False,False
2026-01-19 01:00:00+00:00,92609.520000,92861.690000,92241.110000,92561.500000,0,0,-0.036977,False,False
2026-01-19 02:00:00+00:00,92564.010000,92769.200000,92453.080000,92607.810000,0,0,-0.032694,False,False
2026-01-19 03:00:00+00:00,92596.040000,92795.040000,92503.540000,92678.770000,0,0,-0.027667,False,False
2026-01-19 04:00:00+00:00,92613.580000,92795.000000,92499.250000,92673.160000,0,0,-0.020101,False,False
2026-01-19 05:00:00+00:00,92662.390000,92831.590000,92518.780000,92518.780000,0,0,-0.016221,False,False
2026-01-19 06:00:00+00:00,92526.460000,92693.890000,92519.360000,92560.170000,0,0,-0.013911,False,False
2026-01-19 07:00:00+00:00,92629.260000,92838.860000,92561.300000,92838.860000,0,0,-0.011384,False,False
2026-01-19 08:00:00+00:00,92811.860000,93351.890000,92718.410000,93282.280000,0,0,-0.009155,False,False
2026-01-19 09:00:00+00:00,93260.000000,93260.000000,92951.940000,93057.920000,0,0,-0.010623,False,False
2026-01-19 10:00:00+00:00,92976.930000,93084.780000,92904.970000,92998.830000,0,0,-0.014237,False,False
2026-01-19 11:00:00+00:00,92999.830000,93232.740000,92993.930000,93194.870000,0,0,-0.013652,False,False
2026-01-19 12:00:00+00:00,93160.030000,93215.730000,93010.300000,93050.010000,0,0,-0.012990,False,False
2026-01-19 13:00:00+00:00,93043.170000,93136.400000,92834.480000,93032.430000,0,0,-0.012724,False,False
2026-01-19 14:00:00+00:00,93009.330000,93030.170000,92715.710000,92820.540000,0,0,-0.013737,False,False
2026-01-19 15:00:00+00:00,92814.510000,93061.400000,92814.510000,93061.400000,0,1,-0.013653,False,False
2026-01-19 16:00:00+00:00,93064.570000,93406.110000,93010.860000,93324.530000,0,1,-0.014430,False,False
2026-01-19 17:00:00+00:00,93316.500000,93384.680000,93159.490000,93239.430000,0,1,-0.015936,False,False
2026-01-19 18:00:00+00:00,93220.510000,93256.400000,92942.740000,93064.730000,0,1,-0.018885,False,False
2026-01-19 19:00:00+00:00,93087.750000,93147.760000,92999.160000,93106.920000,0,1,-0.021139,False,False
2026-01-19 20:00:00+00:00,93186.590000,93268.610000,93088.370000,93124.330000,0,1,-0.023099,False,False
2026-01-19 21:00:00+00:00,93172.000000,93336.890000,93014.550000,93028.710000,0,1,-0.025146,False,False
2026-01-19 22:00:00+00:00,93013.570000,93039.330000,92556.700000,92559.540000,0,1,-0.027929,False,False
2026-01-19 23:00:00+00:00,92629.640000,92741.580000,92162.730000,92628.770000,0,1,-0.027827,False,False
2026-01-20 00:00:00+00:00,92628.770000,92811.340000,92359.680000,92671.320000,0,1,-0.025522,False,False
2026-01-20 01:00:00+00:00,92710.190000,92862.510000,92550.940000,92729.740000,0,1,-0.022156,False,False
2026-01-20 02:00:00+00:00,92680.540000,92699.760000,92332.300000,92576.650000,0,1,-0.019521,False,False
2026-01-20 03:00:00+00:00,92570.060000,92650.430000,92298.480000,92428.300000,0,1,-0.017385,False,False
2026-01-20 04:00:00+00:00,92385.830000,92475.140000,92066.670000,92066.670000,0,1,-0.017364,False,False
2026-01-20 05:00:00+00:00,92024.540000,92024.540000,91304.570000,91631.030000,0,1,-0.017452,False,False
2026-01-20 06:00:00+00:00,91617.060000,91617.060000,90811.690000,90925.310000,0,1,-0.019435,False,False
2026-01-20 07:00:00+00:00,90973.570000,91260.480000,90971.460000,91193.460000,0,1,-0.015793,False,False
2026-01-20 08:00:00+00:00,91149.280000,91237.530000,90699.000000,91062.530000,0,1,-0.014297,False,False
2026-01-20 09:00:00+00:00,91014.500000,91071.040000,90894.140000,91033.820000,0,1,-0.011323,False,False
2026-01-20 10:00:00+00:00,91053.460000,91277.130000,91053.460000,91262.520000,0,1,-0.007210,False,False
2026-01-20 11:00:00+00:00,91305.860000,91455.920000,91220.240000,91220.240000,0,1,-0.005104,False,False
2026-01-20 12:00:00+00:00,91231.100000,91295.870000,91060.380000,91277.050000,0,1,-0.003206,False,False
2026-01-20 13:00:00+00:00,91275.850000,91275.850000,90765.460000,90889.400000,0,1,-0.004369,False,False
2026-01-20 14:00:00+00:00,90988.950000,91328.800000,90277.170000,90495.030000,0,0,-0.006077,False,False
2026-01-20 15:00:00+00:00,90649.730000,90767.290000,89878.600000,90614.820000,0,0,-0.006635,False,False
2026-01-20 16:00:00+00:00,90767.820000,90970.000000,90035.640000,90147.560000,0,0,-0.009730,False,False
2026-01-20 17:00:00+00:00,90166.040000,90483.440000,89449.660000,89802.380000,0,0,-0.011614,False,False
2026-01-20 18:00:00+00:00,89809.270000,89912.760000,89385.780000,89458.770000,0,0,-0.012428,False,False
2026-01-20 19:00:00+00:00,89602.470000,89792.240000,89296.430000,89728.270000,0,0,-0.010736,False,False
2026-01-20 20:00:00+00:00,89614.460000,89853.490000,89424.380000,89648.040000,0,0,-0.010814,False,False
2026-01-20 21:00:00+00:00,89660.470000,89842.720000,89434.660000,89527.030000,0,0,-0.010467,False,False
2026-01-20 22:00:00+00:00,89500.000000,89651.930000,88120.710000,88456.540000,0,0,-0.017577,False,False
2026-01-20 23:00:00+00:00,88554.010000,88554.010000,87952.880000,88416.880000,0,0,-0.019917,False,False
2026-01-21 00:00:00+00:00,88431.300000,88999.990000,88282.780000,88918.030000,0,0,-0.019261,False,False
2026-01-21 01:00:00+00:00,88895.730000,89137.550000,88862.690000,89003.140000,0,0,-0.019660,False,False
2026-01-21 02:00:00+00:00,89076.180000,89338.440000,89000.000000,89053.320000,0,0,-0.018776,False,False
2026-01-21 03:00:00+00:00,89083.340000,89602.510000,89083.340000,89429.680000,0,0,-0.019287,False,False
2026-01-21 04:00:00+00:00,89422.820000,89622.970000,89372.260000,89440.340000,0,0,-0.020168,False,False
2026-01-21 05:00:00+00:00,89436.690000,90097.060000,89436.690000,89937.640000,0,0,-0.018324,False,False
2026-01-21 06:00:00+00:00,89909.780000,89917.950000,89533.390000,89639.660000,0,0,-0.018462,False,False
2026-01-21 07:00:00+00:00,89604.150000,89731.490000,89116.840000,89170.950000,0,0,-0.021671,False,False
2026-01-21 08:00:00+00:00,89216.490000,89339.470000,88996.570000,89194.580000,0,0,-0.023059,False,False
2026-01-21 09:00:00+00:00,89218.130000,89469.840000,89156.360000,89171.670000,0,0,-0.024083,False,False
2026-01-21 10:00:00+00:00,89084.990000,89385.080000,89070.450000,89269.870000,0,0,-0.025945,False,False
2026-01-21 11:00:00+00:00,89235.620000,89374.560000,88752.800000,88799.030000,0,0,-0.030343,False,False
2026-01-21 12:00:00+00:00,88775.380000,88846.960000,88213.910000,88729.760000,0,0,-0.032030,False,False
2026-01-21 13:00:00+00:00,88714.180000,88997.000000,88564.440000,88719.930000,0,0,-0.032361,False,False
2026-01-21 14:00:00+00:00,88612.780000,89969.180000,88612.780000,89813.810000,0,0,-0.032751,False,False
2026-01-21 15:00:00+00:00,89881.190000,90525.350000,89769.450000,90218.280000,0,1,-0.033358,False,False
2026-01-21 16:00:00+00:00,90381.210000,90381.210000,87587.040000,87587.040000,1,0,-0.049707,False,False
2026-01-21 17:00:00+00:00,87747.140000,88089.430000,87270.380000,87864.360000,0,0,-0.053322,False,False
2026-01-21 18:00:00+00:00,87870.760000,88649.850000,87660.580000,88388.910000,0,0,-0.048058,False,False
2026-01-21 19:00:00+00:00,88649.730000,90452.050000,88148.120000,90354.730000,0,0,-0.044890,False,False
2026-01-21 20:00:00+00:00,90244.010000,90244.010000,89438.040000,90199.970000,0,0,-0.041483,False,False
2026-01-21 21:00:00+00:00,90199.930000,90376.660000,89997.210000,90042.230000,0,0,-0.032582,False,False
2026-01-21 22:00:00+00:00,90332.210000,90418.820000,89794.150000,89794.150000,0,0,-0.031455,False,False
2026-01-21 23:00:00+00:00,89743.250000,90268.740000,89307.090000,89615.970000,0,0,-0.028871,False,False
2026-01-22 00:00:00+00:00,89611.290000,90111.390000,89336.250000,90068.450000,0,0,-0.025176,False,False
2026-01-22 01:00:00+00:00,90067.220000,90199.680000,89854.060000,90195.280000,0,0,-0.024373,False,False
2026-01-22 02:00:00+00:00,90196.250000,90412.120000,89904.130000,89904.130000,0,0,-0.023686,False,False
2026-01-22 03:00:00+00:00,90175.820000,90175.820000,89685.680000,89955.550000,0,0,-0.024630,False,False
2026-01-22 04:00:00+00:00,90138.150000,90186.440000,89752.620000,90180.700000,0,0,-0.027438,False,False
2026-01-22 05:00:00+00:00,90178.920000,90178.920000,89843.430000,90075.230000,0,0,-0.031892,False,False
2026-01-22 06:00:00+00:00,90197.410000,90266.850000,89877.790000,90266.250000,0,0,-0.034235,False,False
2026-01-22 07:00:00+00:00,90258.950000,90258.950000,89820.240000,90039.870000,0,0,-0.035152,False,False
2026-01-22 08:00:00+00:00,90033.330000,90036.730000,89762.010000,90013.630000,0,0,-0.035174,False,False
2026-01-22 09:00:00+00:00,90002.170000,90112.460000,89827.240000,89863.350000,0,0,-0.035456,False,False
2026-01-22 10:00:00+00:00,90202.430000,90202.430000,89895.010000,90129.540000,0,0,-0.034547,False,False
2026-01-22 11:00:00+00:00,90265.100000,90265.100000,89828.740000,89900.030000,0,0,-0.033106,False,False
2026-01-22 12:00:00+00:00,89900.010000,90108.110000,89777.020000,90088.390000,0,0,-0.028817,False,False
2026-01-22 13:00:00+00:00,90087.650000,90302.190000,89500.000000,89770.580000,0,0,-0.026700,False,False
2026-01-22 14:00:00+00:00,89762.400000,89762.400000,89071.480000,89155.760000,0,0,-0.030073,False,False
2026-01-22 15:00:00+00:00,89034.760000,89409.000000,88537.080000,89021.060000,0,0,-0.031891,False,False
2026-01-22 16:00:00+00:00,89101.580000,89266.670000,88752.850000,89043.660000,0,0,-0.019393,False,False
2026-01-22 17:00:00+00:00,89122.900000,89610.710000,89114.290000,89610.710000,0,0,-0.005574,False,False
2026-01-22 18:00:00+00:00,89517.820000,89745.920000,89318.760000,89318.760000,0,0,0.003525,False,False
2026-01-22 19:00:00+00:00,89379.990000,89917.730000,89137.550000,89853.060000,0,0,0.005727,False,False
2026-01-22 20:00:00+00:00,89684.950000,89956.820000,89404.740000,89404.740000,0,0,0.004587,False,False
2026-01-22 21:00:00+00:00,89497.570000,89638.690000,89266.670000,89388.130000,0,0,0.005503,False,False
2026-01-22 22:00:00+00:00,89262.570000,89524.520000,89174.480000,89346.460000,0,0,0.006461,False,False
2026-01-22 23:00:00+00:00,89267.830000,89609.310000,89194.280000,89579.270000,0,0,0.009611,False,False
2026-01-23 00:00:00+00:00,89580.020000,89659.490000,89450.570000,89580.950000,0,0,0.009772,False,False
2026-01-23 01:00:00+00:00,89611.810000,89935.680000,89572.860000,89935.680000,0,0,0.011529,False,False
2026-01-23 02:00:00+00:00,89935.520000,89987.100000,89661.670000,89681.880000,0,0,0.010849,False,False
2026-01-23 03:00:00+00:00,89696.600000,89937.470000,89691.660000,89893.950000,0,0,0.011041,False,False
2026-01-23 04:00:00+00:00,89923.780000,90073.020000,89899.710000,90000.610000,0,0,0.010406,False,False
2026-01-23 05:00:00+00:00,90037.420000,90037.420000,89518.070000,89643.040000,0,0,0.008457,False,False
2026-01-23 06:00:00+00:00,89608.290000,89823.510000,89400.000000,89540.420000,0,0,0.006458,False,False
2026-01-23 07:00:00+00:00,89559.740000,89633.450000,89469.160000,89621.500000,0,0,0.005695,False,False
2026-01-23 08:00:00+00:00,89563.560000,89639.610000,89185.610000,89227.720000,0,0,0.003620,False,False
2026-01-23 09:00:00+00:00,89218.560000,89393.600000,88905.340000,88963.240000,0,0,0.002512,False,False
2026-01-23 10:00:00+00:00,89000.440000,89140.750000,88900.000000,89020.150000,0,0,0.002225,False,False
2026-01-23 11:00:00+00:00,89035.810000,89330.790000,89035.810000,89198.930000,0,0,0.003369,False,False
2026-01-23 12:00:00+00:00,89233.960000,89364.520000,89127.270000,89364.520000,0,0,0.003949,False,False
2026-01-23 13:00:00+00:00,89289.410000,89457.530000,89267.180000,89358.380000,0,0,0.003893,False,False
2026-01-23 14:00:00+00:00,89361.620000,89729.830000,88685.230000,88917.180000,0,0,0.004562,False,False
2026-01-23 15:00:00+00:00,89054.750000,89857.980000,88603.570000,89657.070000,0,0,0.010217,False,False
2026-01-23 16:00:00+00:00,89715.460000,90488.360000,89527.130000,90201.740000,0,0,0.016418,False,False
2026-01-23 17:00:00+00:00,90113.770000,91237.150000,89998.620000,90645.720000,0,0,0.018335,False,False
2026-01-23 18:00:00+00:00,90592.350000,91045.170000,90492.280000,90601.480000,0,0,0.017918,False,False
2026-01-23 19:00:00+00:00,90478.210000,90505.070000,89596.220000,90003.570000,0,0,0.014296,False,False
2026-01-23 20:00:00+00:00,89961.430000,90199.960000,89250.000000,89516.570000,0,0,0.014029,False,False
2026-01-23 21:00:00+00:00,89512.370000,89733.310000,89346.560000,89346.560000,0,0,0.012471,False,False
2026-01-23 22:00:00+00:00,89358.980000,89827.330000,89358.980000,89676.550000,0,0,0.013799,False,False
2026-01-23 23:00:00+00:00,89608.960000,89630.480000,89501.260000,89626.830000,0,0,0.013415,False,False
2026-01-24 00:00:00+00:00,89589.590000,89648.070000,89427.240000,89475.320000,0,0,0.012870,False,False
2026-01-24 01:00:00+00:00,89469.410000,89607.850000,89462.440000,89560.800000,0,0,0.012128,False,False
2026-01-24 02:00:00+00:00,89582.110000,89713.740000,89576.180000,89709.980000,0,0,0.011049,False,False
2026-01-24 03:00:00+00:00,89684.570000,89932.850000,89684.570000,89792.000000,0,0,0.010736,False,False
2026-01-24 04:00:00+00:00,89782.640000,89851.860000,89684.220000,89805.460000,0,0,0.009138,False,False
2026-01-24 05:00:00+00:00,89844.240000,89846.490000,89736.270000,89796.660000,0,0,0.007527,False,False
2026-01-24 06:00:00+00:00,89799.040000,89799.040000,89639.470000,89662.790000,0,0,0.005666,False,False
2026-01-24 07:00:00+00:00,89665.410000,89704.370000,89564.250000,89630.810000,0,0,0.005333,False,False
2026-01-24 08:00:00+00:00,89643.480000,89687.090000,89595.410000,89687.090000,0,0,0.006924,False,False
2026-01-24 09:00:00+00:00,89670.320000,89674.650000,89577.930000,89584.290000,0,0,0.008758,False,False
2026-01-24 10:00:00+00:00,89614.630000,89651.600000,89561.220000,89561.220000,0,0,0.011635,False,False
2026-01-24 11:00:00+00:00,89637.830000,89674.160000,89593.650000,89616.370000,0,0,0.014130,False,False
2026-01-24 12:00:00+00:00,89579.660000,89610.200000,89500.000000,89511.290000,0,0,0.015313,False,False
2026-01-24 13:00:00+00:00,89551.930000,89551.990000,89393.800000,89393.800000,0,0,0.017077,False,False
2026-01-24 14:00:00+00:00,89366.250000,89523.170000,89209.440000,89465.850000,0,0,0.021592,False,False
2026-01-24 15:00:00+00:00,89467.560000,89493.690000,89290.480000,89290.480000,0,0,0.022429,False,False
2026-01-24 16:00:00+00:00,89310.310000,89353.960000,89176.000000,89308.960000,0,0,0.022043,False,False
2026-01-24 17:00:00+00:00,89304.340000,89431.080000,89304.340000,89387.090000,0,0,0.021092,False,False
2026-01-24 18:00:00+00:00,89395.970000,89458.900000,89362.510000,89406.940000,0,0,0.020586,False,False
2026-01-24 19:00:00+00:00,89409.480000,89409.480000,89264.200000,89349.550000,0,1,0.019914,False,False
2026-01-24 20:00:00+00:00,89349.000000,89405.650000,89347.870000,89371.120000,0,1,0.020409,False,False
2026-01-24 21:00:00+00:00,89359.830000,89377.550000,89301.780000,89377.530000,0,1,0.021843,False,False
2026-01-24 22:00:00+00:00,89413.900000,89484.210000,89326.820000,89449.350000,0,1,0.022490,False,False
2026-01-24 23:00:00+00:00,89449.350000,89452.960000,89272.040000,89272.040000,0,1,0.021886,False,False
2026-01-25 00:00:00+00:00,89248.830000,89301.900000,89154.710000,89300.000000,0,1,0.022535,False,False
2026-01-25 01:00:00+00:00,89334.270000,89334.270000,89106.030000,89185.000000,0,1,0.022704,False,False
2026-01-25 02:00:00+00:00,89180.000000,89266.850000,89105.960000,89155.630000,0,1,0.022780,False,False
2026-01-25 03:00:00+00:00,89190.020000,89191.700000,88873.310000,88955.360000,0,1,0.022557,False,False
2026-01-25 04:00:00+00:00,88957.680000,89107.450000,88942.040000,88999.300000,0,1,0.022701,False,False
2026-01-25 05:00:00+00:00,89014.370000,89059.130000,88891.970000,89009.730000,0,1,0.022553,False,False
2026-01-25 06:00:00+00:00,88973.300000,88973.300000,88657.970000,88866.810000,0,1,0.022384,False,False
2026-01-25 07:00:00+00:00,88819.610000,88819.610000,88645.220000,88666.590000,0,0,0.022259,False,False
2026-01-25 08:00:00+00:00,88645.230000,88748.030000,88136.750000,88282.300000,0,0,0.021512,False,False
2026-01-25 09:00:00+00:00,88317.570000,88483.970000,88237.540000,88424.290000,0,0,0.022258,False,False
2026-01-25 10:00:00+00:00,88425.180000,88659.850000,88425.180000,88659.850000,0,0,0.023734,False,False
2026-01-25 11:00:00+00:00,88724.830000,88724.830000,88426.430000,88565.180000,0,0,0.022923,False,False
2026-01-25 12:00:00+00:00,88579.150000,88799.880000,88479.210000,88772.560000,0,1,0.023142,False,False
2026-01-25 13:00:00+00:00,88777.430000,88999.640000,88694.300000,88894.380000,0,1,0.023867,False,False
2026-01-25 14:00:00+00:00,88938.410000,88938.870000,88624.910000,88695.960000,0,0,0.022838,False,False
2026-01-25 15:00:00+00:00,88684.600000,88773.140000,88406.540000,88406.540000,0,0,0.022848,False,False
2026-01-25 16:00:00+00:00,88456.310000,88456.310000,87586.720000,88095.190000,0,0,0.022079,False,False
2026-01-25 17:00:00+00:00,88083.770000,88125.140000,87798.040000,87862.990000,0,0,0.021434,False,False
2026-01-25 18:00:00+00:00,87900.000000,87999.990000,86869.720000,87428.590000,0,0,0.020654,False,False
2026-01-25 19:00:00+00:00,87426.230000,87480.650000,86207.420000,86584.690000,0,0,0.019351,False,False
2026-01-25 20:00:00+00:00,86529.660000,86674.060000,86272.420000,86627.130000,0,0,0.020355,False,False
2026-01-25 21:00:00+00:00,86769.500000,87000.000000,86434.910000,86630.350000,0,0,0.020732,False,False
2026-01-25 22:00:00+00:00,86562.530000,86776.240000,86268.850000,86557.010000,0,0,0.021634,False,False
2026-01-25 23:00:00+00:00,86462.710000,86816.970000,86094.070000,86649.270000,0,0,0.023206,False,False
2026-01-26 00:00:00+00:00,86656.430000,87144.160000,86526.880000,86846.390000,0,0,0.024774,False,False
2026-01-26 01:00:00+00:00,86896.050000,87785.040000,86824.700000,87636.510000,0,0,0.028206,False,False
2026-01-26 02:00:00+00:00,87521.920000,87952.880000,87475.120000,87550.030000,0,0,0.025173,False,False
2026-01-26 03:00:00+00:00,87515.760000,87669.870000,87136.510000,87136.510000,0,0,0.020331,False,False
2026-01-26 04:00:00+00:00,87306.270000,87952.880000,87225.680000,87781.450000,0,0,0.022959,False,False
2026-01-26 05:00:00+00:00,87774.130000,87929.600000,87682.860000,87879.920000,0,0,0.024571,False,False
2026-01-26 06:00:00+00:00,87832.950000,88015.620000,87784.710000,87935.470000,0,0,0.023727,False,False
2026-01-26 07:00:00+00:00,87864.000000,88134.550000,87773.580000,88040.350000,0,0,0.022022,False,False
2026-01-26 08:00:00+00:00,88035.570000,88382.230000,87903.020000,87990.350000,0,0,0.019970,False,False
2026-01-26 09:00:00+00:00,87897.580000,87908.230000,87600.000000,87641.410000,0,0,0.017243,False,False
2026-01-26 10:00:00+00:00,87776.880000,88004.010000,87776.880000,87904.390000,0,0,0.013555,False,False
2026-01-26 11:00:00+00:00,87931.770000,87996.850000,87776.000000,87837.500000,0,0,0.008354,False,False
2026-01-26 12:00:00+00:00,87917.410000,87976.690000,87750.540000,87847.250000,0,0,0.002982,False,False
2026-01-26 13:00:00+00:00,87837.460000,88043.770000,87706.510000,87951.130000,0,0,0.000011,False,False
2026-01-26 14:00:00+00:00,87969.390000,88492.170000,87469.700000,88219.600000,0,0,-0.002604,False,False
2026-01-26 15:00:00+00:00,88249.380000,88883.790000,87341.470000,87655.240000,0,0,-0.008445,False,False
2026-01-26 16:00:00+00:00,87713.420000,87952.880000,87207.520000,87738.010000,0,0,-0.010390,False,False
2026-01-26 17:00:00+00:00,87700.000000,87834.200000,87098.750000,87658.040000,0,0,-0.011873,False,False
2026-01-26 18:00:00+00:00,87679.400000,88333.330000,87679.400000,88228.300000,0,0,-0.011087,False,False
2026-01-26 19:00:00+00:00,88449.140000,88521.830000,87952.880000,88023.710000,0,0,-0.008654,False,False
2026-01-26 20:00:00+00:00,88034.960000,88102.040000,87543.620000,87552.400000,0,0,-0.006533,False,False
2026-01-26 21:00:00+00:00,87621.210000,88201.730000,87570.720000,88063.140000,0,0,-0.001667,False,False
2026-01-26 22:00:00+00:00,88081.450000,88260.200000,87975.120000,88071.040000,0,0,0.003165,False,False
2026-01-26 23:00:00+00:00,88073.050000,88660.070000,88054.980000,88357.770000,0,0,0.008993,False,False
2026-01-27 00:00:00+00:00,88368.810000,88445.770000,88186.460000,88332.740000,0,0,0.012707,False,False
2026-01-27 01:00:00+00:00,88356.630000,88685.230000,88174.480000,88587.320000,0,0,0.013668,False,False
2026-01-27 02:00:00+00:00,88662.770000,88861.230000,88591.860000,88820.520000,0,0,0.016703,False,False
2026-01-27 03:00:00+00:00,88812.350000,88892.000000,88590.670000,88790.850000,0,0,0.018371,False,False
2026-01-27 04:00:00+00:00,88768.540000,88988.000000,88539.670000,88612.370000,0,0,0.017152,False,False
2026-01-27 05:00:00+00:00,88603.290000,88612.100000,88401.490000,88491.980000,0,0,0.015289,False,False
2026-01-27 06:00:00+00:00,88487.980000,88541.530000,88311.460000,88353.770000,0,0,0.014499,False,False
2026-01-27 07:00:00+00:00,88363.720000,88517.100000,88363.720000,88366.180000,0,0,0.013322,False,False
2026-01-27 08:00:00+00:00,88369.060000,88393.610000,88181.460000,88181.460000,0,0,0.010250,False,False
2026-01-27 09:00:00+00:00,88146.440000,88146.440000,87891.470000,87891.470000,0,0,0.010768,False,False
2026-01-27 10:00:00+00:00,87913.320000,88016.550000,87781.020000,87781.020000,0,0,0.011127,False,False
2026-01-27 11:00:00+00:00,87804.410000,88080.260000,87797.820000,88014.870000,0,0,0.013303,False,False
2026-01-27 12:00:00+00:00,87948.180000,88182.400000,87948.180000,87977.750000,0,0,0.014876,False,False
2026-01-27 13:00:00+00:00,87959.420000,88031.490000,87889.080000,87985.480000,0,0,0.015557,False,False
2026-01-27 14:00:00+00:00,87990.650000,88449.140000,87658.220000,87744.700000,1,0,0.015069,False,False
2026-01-27 15:00:00+00:00,87724.900000,88152.980000,87603.000000,87931.960000,0,0,0.017409,False,False
2026-01-27 16:00:00+00:00,88074.360000,88800.000000,88060.940000,88611.130000,0,0,0.023334,False,False
2026-01-27 17:00:00+00:00,88622.830000,88647.510000,87320.260000,87562.350000,1,0,0.021958,False,False
2026-01-27 18:00:00+00:00,87561.490000,88515.680000,87551.850000,88274.990000,0,0,0.024633,False,False
2026-01-27 19:00:00+00:00,88273.160000,88580.620000,88073.730000,88424.770000,0,0,0.027194,False,False
2026-01-27 20:00:00+00:00,88422.640000,89499.930000,88422.640000,89437.680000,0,0,0.038003,False,False
2026-01-27 21:00:00+00:00,89272.470000,89535.660000,89008.240000,89008.240000,0,0,0.036058,False,False
2026-01-27 22:00:00+00:00,89165.700000,89434.970000,89054.280000,89290.000000,0,0,0.033143,False,False
2026-01-27 23:00:00+00:00,89180.170000,89515.390000,89152.870000,89260.500000,0,0,0.034461,False,False
2026-01-28 00:00:00+00:00,89226.800000,89498.400000,89128.390000,89498.400000,0,0,0.034655,False,False
2026-01-28 01:00:00+00:00,89414.770000,89505.040000,89245.310000,89446.160000,0,0,0.033005,False,False
2026-01-28 02:00:00+00:00,89413.990000,89453.520000,89128.040000,89249.720000,0,0,0.025836,False,False
2026-01-28 03:00:00+00:00,89294.110000,89294.110000,89000.000000,89135.100000,0,0,0.020722,False,False
2026-01-28 04:00:00+00:00,89032.090000,89178.420000,88876.610000,89033.710000,0,0,0.017301,False,False
2026-01-28 05:00:00+00:00,89078.260000,89110.390000,88860.190000,89064.360000,0,0,0.011069,False,False
2026-01-28 06:00:00+00:00,89121.440000,89388.890000,89121.290000,89307.140000,0,0,0.008877,False,False
2026-01-28 07:00:00+00:00,89369.740000,89374.400000,89147.620000,89170.070000,0,0,0.005369,False,False
2026-01-28 08:00:00+00:00,89125.190000,89217.250000,88881.850000,88881.850000,0,0,0.004713,False,False
2026-01-28 09:00:00+00:00,88960.600000,89554.060000,88882.000000,89554.060000,0,0,0.007657,False,False
2026-01-28 10:00:00+00:00,89580.680000,89690.000000,89345.040000,89479.310000,0,0,0.009637,False,False
2026-01-28 11:00:00+00:00,89528.090000,90142.860000,89474.590000,90095.700000,0,0,0.013017,False,False
2026-01-28 12:00:00+00:00,90028.920000,90167.270000,89812.960000,89974.250000,0,0,0.014186,False,False
2026-01-28 13:00:00+00:00,90030.180000,90468.350000,90017.670000,90278.820000,0,0,0.016545,False,False
2026-01-28 14:00:00+00:00,90266.800000,90266.800000,89474.180000,89685.220000,0,0,0.019462,False,False
2026-01-28 15:00:00+00:00,89685.000000,89848.690000,88938.780000,89534.610000,0,0,0.021996,False,False
2026-01-28 16:00:00+00:00,89532.500000,89769.510000,89263.560000,89717.210000,0,0,0.022562,False,False
2026-01-28 17:00:00+00:00,89671.130000,90561.140000,89383.570000,90200.420000,0,1,0.032064,False,False
2026-01-28 18:00:00+00:00,90143.900000,90143.900000,89365.820000,89426.070000,0,1,0.032048,False,False
2026-01-28 19:00:00+00:00,89538.560000,89640.340000,89018.400000,89435.810000,0,1,0.033790,False,False
2026-01-28 20:00:00+00:00,89350.000000,89846.560000,89000.020000,89108.830000,0,1,0.029058,False,False
2026-01-28 21:00:00+00:00,89175.040000,89499.480000,88881.900000,89430.620000,0,1,0.031832,False,False
2026-01-28 22:00:00+00:00,89430.620000,89500.000000,89177.890000,89394.430000,0,1,0.032050,False,False
2026-01-28 23:00:00+00:00,89403.300000,89474.700000,89230.450000,89249.460000,0,1,0.030942,False,False
2026-01-29 00:00:00+00:00,89283.050000,89285.780000,88937.880000,89143.880000,0,1,0.030673,False,False
2026-01-29 01:00:00+00:00,89152.250000,89176.710000,88537.080000,88578.770000,0,1,0.029908,False,False
2026-01-29 02:00:00+00:00,88592.200000,88764.270000,87705.280000,87897.410000,0,0,0.031793,False,False
2026-01-29 03:00:00+00:00,87830.720000,88200.850000,87830.720000,88034.240000,0,0,0.034303,False,False
2026-01-29 04:00:00+00:00,88071.890000,88333.330000,87942.480000,88292.760000,0,0,0.038258,False,False
2026-01-29 05:00:00+00:00,88340.330000,88426.620000,88167.510000,88178.240000,0,0,0.038125,False,False
2026-01-29 06:00:00+00:00,88155.340000,88352.250000,88155.340000,88352.200000,0,0,0.039350,False,False
2026-01-29 07:00:00+00:00,88331.520000,88423.560000,88279.630000,88328.310000,0,0,0.040762,False,False
2026-01-29 08:00:00+00:00,88298.790000,88449.140000,87938.580000,88030.620000,0,0,0.044056,False,False
2026-01-29 09:00:00+00:00,88151.590000,88172.740000,87879.700000,87879.700000,0,0,0.044461,False,False
2026-01-29 10:00:00+00:00,87876.650000,88013.410000,87858.900000,87959.990000,0,0,0.043624,False,False
2026-01-29 11:00:00+00:00,87956.920000,88064.540000,87748.580000,87763.220000,0,0,0.040936,False,False
2026-01-29 12:00:00+00:00,87854.970000,88141.430000,87831.840000,88141.430000,0,0,0.039607,False,False
2026-01-29 13:00:00+00:00,88125.860000,88152.680000,88012.950000,88053.970000,0,0,0.036847,False,False
2026-01-29 14:00:00+00:00,88093.650000,89000.000000,86984.490000,86984.490000,0,1,0.035953,False,False
2026-01-29 15:00:00+00:00,86982.360000,87074.140000,84382.000000,84885.560000,0,0,0.036864,False,False
2026-01-29 16:00:00+00:00,84770.710000,85348.020000,84268.790000,85347.000000,0,1,0.038070,False,False
2026-01-29 17:00:00+00:00,85392.680000,85648.030000,84018.450000,84223.290000,0,0,0.029991,False,False
2026-01-29 18:00:00+00:00,84307.020000,84590.000000,83436.560000,83585.230000,0,0,0.028792,False,False
2026-01-29 19:00:00+00:00,83398.760000,84287.710000,83386.100000,83999.390000,0,0,0.031056,False,False
2026-01-29 20:00:00+00:00,84035.670000,84354.060000,83680.400000,84218.540000,0,0,0.036758,False,False
2026-01-29 21:00:00+00:00,84237.880000,84650.400000,84237.880000,84551.230000,0,1,0.038295,False,False
2026-01-29 22:00:00+00:00,84476.420000,84627.420000,84342.510000,84562.680000,0,1,0.035199,False,False
2026-01-29 23:00:00+00:00,84539.410000,84746.510000,84449.630000,84684.390000,0,1,0.031445,False,False
2026-01-30 00:00:00+00:00,84719.400000,84737.880000,84182.350000,84213.400000,0,1,0.025302,False,False
2026-01-30 01:00:00+00:00,84186.300000,84201.630000,81143.630000,82495.310000,0,0,0.008581,False,False
2026-01-30 02:00:00+00:00,82492.900000,82570.960000,81234.070000,82226.770000,0,0,0.000834,False,False
2026-01-30 03:00:00+00:00,82220.070000,82726.090000,82123.810000,82726.090000,0,0,0.003560,False,False
2026-01-30 04:00:00+00:00,82737.520000,83244.830000,82670.930000,82921.310000,0,0,0.003861,False,False
2026-01-30 05:00:00+00:00,82965.160000,83330.150000,82910.370000,82986.500000,0,0,0.004528,False,False
2026-01-30 06:00:00+00:00,82928.020000,82928.540000,82030.090000,82617.360000,0,0,0.002383,False,False
2026-01-30 07:00:00+00:00,82662.020000,83045.250000,82500.000000,82936.120000,0,0,0.001161,False,False
2026-01-30 08:00:00+00:00,82823.130000,82908.600000,82459.920000,82637.190000,0,0,-0.002591,False,False
2026-01-30 09:00:00+00:00,82712.190000,82800.310000,82211.060000,82441.920000,0,0,-0.008491,False,False
2026-01-30 10:00:00+00:00,82400.550000,82882.990000,82191.080000,82826.950000,0,0,-0.012959,False,False
2026-01-30 11:00:00+00:00,82814.360000,83273.130000,82756.420000,83206.930000,0,0,-0.019148,False,False
2026-01-30 12:00:00+00:00,83247.320000,83277.040000,82680.000000,82793.290000,0,0,-0.027380,False,False
2026-01-30 13:00:00+00:00,82878.000000,83045.250000,82439.890000,82711.450000,0,0,-0.031730,False,False
2026-01-30 14:00:00+00:00,82808.210000,83796.030000,82799.640000,82997.500000,0,0,-0.033954,False,False
2026-01-30 15:00:00+00:00,83105.050000,83789.200000,82428.910000,83059.340000,0,0,-0.034824,False,False
2026-01-30 16:00:00+00:00,82872.380000,83499.990000,82571.990000,83121.210000,0,0,-0.035329,False,False
2026-01-30 17:00:00+00:00,83125.150000,83436.560000,82678.920000,83015.460000,0,0,-0.035788,False,False
2026-01-30 18:00:00+00:00,83004.470000,84152.820000,81928.830000,83999.620000,0,0,-0.035196,False,False
2026-01-30 19:00:00+00:00,83947.300000,84587.980000,83947.300000,84360.890000,0,1,-0.035675,False,False
2026-01-30 20:00:00+00:00,84208.180000,84268.790000,83544.160000,83922.310000,0,0,-0.035477,False,False
2026-01-30 21:00:00+00:00,83953.350000,84500.000000,83843.260000,84373.320000,0,1,-0.038450,False,False
2026-01-30 22:00:00+00:00,84287.600000,84335.690000,83928.650000,84120.430000,0,1,-0.044613,False,False
2026-01-30 23:00:00+00:00,84184.940000,84299.140000,83957.230000,84240.310000,0,1,-0.047939,False,False
2026-01-31 00:00:00+00:00,84200.000000,84243.870000,84000.620000,84068.570000,0,1,-0.053724,False,False
2026-01-31 01:00:00+00:00,84119.510000,84259.180000,83909.070000,84003.920000,0,1,-0.052812,False,False
2026-01-31 02:00:00+00:00,84019.430000,84191.920000,83855.360000,84142.030000,0,1,-0.050024,False,False
2026-01-31 03:00:00+00:00,84142.230000,84240.700000,83969.480000,84052.180000,0,1,-0.048815,False,False
2026-01-31 04:00:00+00:00,84053.870000,84166.430000,83954.730000,84010.010000,0,1,-0.048005,False,False
2026-01-31 05:00:00+00:00,84011.980000,84093.480000,83908.470000,84036.270000,0,1,-0.046623,False,False
2026-01-31 06:00:00+00:00,84025.440000,84038.940000,83652.110000,83789.870000,0,1,-0.046188,False,False
2026-01-31 07:00:00+00:00,83807.120000,83813.130000,83420.000000,83519.390000,0,1,-0.047098,False,False
2026-01-31 08:00:00+00:00,83527.890000,83614.570000,82580.800000,82942.180000,0,1,-0.048073,False,False
2026-01-31 09:00:00+00:00,83152.670000,83286.570000,82915.720000,83184.340000,0,1,-0.041723,False,False
2026-01-31 10:00:00+00:00,83110.220000,83192.400000,82931.490000,83130.000000,0,1,-0.036827,False,False
2026-01-31 11:00:00+00:00,83077.580000,83092.120000,82906.070000,82906.070000,0,1,-0.033521,False,False
2026-01-31 12:00:00+00:00,83025.160000,83151.040000,82737.520000,82878.540000,0,1,-0.027910,False,False
2026-01-31 13:00:00+00:00,82753.710000,82883.100000,82476.630000,82719.150000,0,1,-0.022280,False,False
2026-01-31 14:00:00+00:00,82821.120000,82916.330000,80845.650000,81519.490000,0,0,-0.027667,False,False
2026-01-31 15:00:00+00:00,81525.340000,81756.160000,81108.210000,81317.820000,0,0,-0.025709,False,False
2026-01-31 16:00:00+00:00,81315.490000,82193.300000,80111.060000,80305.990000,0,1,-0.028495,False,False
2026-01-31 17:00:00+00:00,80421.850000,80568.510000,78200.000000,78835.220000,0,1,-0.037438,False,False
2026-01-31 18:00:00+00:00,79033.390000,79041.880000,75700.640000,78013.640000,0,0,-0.044239,False,False
2026-01-31 19:00:00+00:00,78118.340000,78511.150000,77249.010000,77805.780000,0,0,-0.041247,False,False
2026-01-31 20:00:00+00:00,77745.090000,78168.310000,77095.230000,78074.690000,0,0,-0.030144,False,False
2026-01-31 21:00:00+00:00,78009.680000,78314.390000,77432.720000,78287.800000,0,0,-0.020999,False,False
2026-01-31 22:00:00+00:00,78360.640000,78538.740000,78004.050000,78244.130000,0,0,-0.013507,False,False
2026-01-31 23:00:00+00:00,78200.990000,79273.600000,78114.660000,78805.800000,0,0,-0.009305,False,False
2026-02-01 00:00:00+00:00,78757.930000,79392.000000,78716.500000,78876.530000,0,1,-0.010794,False,False
2026-02-01 01:00:00+00:00,78877.190000,78979.970000,78329.050000,78567.530000,0,0,-0.016485,False,False
2026-02-01 02:00:00+00:00,78561.200000,79100.000000,78397.190000,78996.370000,0,1,-0.018987,False,False
2026-02-01 03:00:00+00:00,78971.270000,78976.250000,78706.120000,78901.160000,0,1,-0.026688,False,False
2026-02-01 04:00:00+00:00,78866.460000,79102.330000,78746.180000,78980.910000,0,1,-0.030467,False,False
2026-02-01 05:00:00+00:00,79009.530000,79076.450000,78532.040000,78603.590000,0,0,-0.037637,False,False
2026-02-01 06:00:00+00:00,78732.020000,78794.860000,78304.820000,78423.130000,0,0,-0.044372,False,False
2026-02-01 07:00:00+00:00,78322.260000,78740.920000,77999.550000,78366.760000,0,0,-0.049979,False,False
2026-02-01 08:00:00+00:00,78484.650000,78835.490000,78283.180000,78763.420000,0,1,-0.052601,False,False
2026-02-01 09:00:00+00:00,78657.440000,79123.450000,78559.280000,79123.450000,0,1,-0.056488,False,False
2026-02-01 10:00:00+00:00,78946.700000,79225.040000,78182.250000,78182.250000,0,0,-0.064756,False,False
2026-02-01 11:00:00+00:00,78569.220000,78831.530000,78279.940000,78831.530000,0,1,-0.067229,False,False
2026-02-01 12:00:00+00:00,78747.370000,78747.370000,78304.820000,78433.670000,0,1,-0.074372,False,False
2026-02-01 13:00:00+00:00,78519.970000,78750.900000,78211.260000,78286.660000,0,1,-0.077024,False,False
2026-02-01 14:00:00+00:00,78282.330000,78524.130000,77250.000000,78232.880000,0,1,-0.079145,False,False
2026-02-01 15:00:00+00:00,78174.770000,78243.410000,76789.160000,77869.070000,0,0,-0.082612,False,True
2026-02-01 16:00:00+00:00,77555.580000,77797.440000,77126.620000,77404.340000,0,0,-0.091233,False,True
2026-02-01 17:00:00+00:00,77534.730000,77755.060000,77318.120000,77755.060000,0,0,-0.086203,False,True
2026-02-01 18:00:00+00:00,77778.110000,78407.080000,77747.500000,77799.310000,0,1,-0.080558,False,True
2026-02-01 19:00:00+00:00,77932.560000,77932.560000,77000.000000,77200.120000,0,0,-0.077019,False,False
2026-02-01 20:00:00+00:00,77123.390000,77680.710000,76594.630000,77088.820000,0,0,-0.073433,False,False
2026-02-01 21:00:00+00:00,77088.160000,77144.990000,76392.000000,76472.130000,0,0,-0.076667,False,False
2026-02-01 22:00:00+00:00,76651.570000,77750.650000,76503.090000,77373.520000,0,0,-0.068924,False,False
2026-02-01 23:00:00+00:00,77148.370000,77638.780000,75753.240000,76934.400000,0,0,-0.068595,False,False
2026-02-02 00:00:00+00:00,77040.760000,78127.800000,76680.770000,77662.800000,0,1,-0.058560,False,False
2026-02-02 01:00:00+00:00,77682.670000,77912.900000,76682.870000,77723.010000,0,1,-0.056461,False,False
2026-02-02 02:00:00+00:00,77445.210000,77555.750000,76500.000000,76548.420000,0,0,-0.062492,False,False
2026-02-02 03:00:00+00:00,76544.000000,76544.000000,74619.830000,76258.140000,0,0,-0.067853,False,False
2026-02-02 04:00:00+00:00,76181.050000,76605.100000,75390.740000,75923.260000,0,0,-0.069192,False,False
2026-02-02 05:00:00+00:00,75909.810000,76005.150000,74944.760000,75581.540000,0,0,-0.073106,False,False
2026-02-02 06:00:00+00:00,75485.990000,76809.020000,74965.970000,76434.610000,1,0,-0.065996,False,False
2026-02-02 07:00:00+00:00,76496.030000,76943.500000,76394.060000,76705.110000,1,0,-0.058195,False,False
2026-02-02 08:00:00+00:00,76682.170000,77096.290000,76672.110000,76924.780000,1,0,-0.050154,False,False
2026-02-02 09:00:00+00:00,76863.720000,77810.790000,76719.560000,77702.970000,0,0,-0.048439,False,False
2026-02-02 10:00:00+00:00,77608.630000,77839.100000,77479.340000,77585.560000,0,0,-0.046614,False,False
2026-02-02 11:00:00+00:00,77578.350000,77950.000000,77561.150000,77733.940000,0,0,-0.043525,False,False
2026-02-02 12:00:00+00:00,77765.800000,78392.000000,77734.810000,77992.820000,0,0,-0.046153,False,False
2026-02-02 13:00:00+00:00,78031.550000,78476.630000,77820.330000,78240.390000,0,0,-0.048313,False,False
2026-02-02 14:00:00+00:00,78311.530000,78885.760000,77636.390000,77777.400000,0,0,-0.053009,False,False
2026-02-02 15:00:00+00:00,77701.440000,79358.240000,77637.860000,78916.770000,0,0,-0.055901,False,False
2026-02-02 16:00:00+00:00,78931.840000,79258.390000,78632.610000,78632.610000,0,0,-0.061845,False,False
2026-02-02 17:00:00+00:00,78692.570000,79233.300000,78692.570000,78956.600000,0,1,-0.061483,False,False
2026-02-02 18:00:00+00:00,78976.310000,79015.810000,78386.270000,78652.180000,0,0,-0.069146,False,False
2026-02-02 19:00:00+00:00,78575.590000,78698.160000,78304.820000,78353.700000,0,0,-0.073552,False,False
2026-02-02 20:00:00+00:00,78278.820000,78643.280000,77914.530000,77914.530000,0,0,-0.079510,False,False
2026-02-02 21:00:00+00:00,77956.620000,78553.510000,77947.970000,78525.640000,0,0,-0.074455,False,False
2026-02-02 22:00:00+00:00,78555.810000,78878.830000,78555.810000,78813.900000,0,1,-0.076846,False,False
2026-02-02 23:00:00+00:00,78739.400000,78956.600000,78581.760000,78794.560000,0,1,-0.068639,False,False
2026-02-03 00:00:00+00:00,78684.710000,79077.880000,78397.330000,79063.390000,0,1,-0.068401,False,False
2026-02-03 01:00:00+00:00,79041.430000,79163.460000,78740.000000,79011.470000,0,1,-0.070498,False,False
2026-02-03 02:00:00+00:00,78899.320000,78903.350000,77788.930000,77788.930000,0,0,-0.078698,False,False
2026-02-03 03:00:00+00:00,77778.140000,78900.000000,77647.550000,78858.390000,0,1,-0.070194,False,False
2026-02-03 04:00:00+00:00,78768.590000,79012.410000,78490.260000,78780.920000,0,1,-0.061727,False,False
2026-02-03 05:00:00+00:00,78788.590000,78809.030000,78230.360000,78230.360000,0,0,-0.044667,False,False
2026-02-03 06:00:00+00:00,78233.660000,78634.050000,77966.480000,78530.270000,0,0,-0.032895,False,False
2026-02-03 07:00:00+00:00,78569.800000,78908.150000,78564.070000,78793.640000,0,1,-0.022150,False,False
2026-02-03 08:00:00+00:00,78866.220000,79066.000000,78503.540000,78701.620000,0,1,-0.012540,False,False
2026-02-03 09:00:00+00:00,78847.660000,78847.660000,77958.030000,78382.200000,0,1,-0.009533,False,False
2026-02-03 10:00:00+00:00,78399.330000,78549.010000,78089.040000,78111.550000,0,1,-0.005156,False,False
2026-02-03 11:00:00+00:00,78143.880000,78300.430000,78019.920000,78198.510000,0,1,0.001000,False,False
2026-02-03 12:00:00+00:00,78103.240000,78430.400000,78063.710000,78373.910000,0,1,0.006058,False,False
2026-02-03 13:00:00+00:00,78371.020000,78424.770000,78257.800000,78294.440000,0,1,0.008513,False,False
2026-02-03 14:00:00+00:00,78322.320000,78409.580000,77206.210000,77206.210000,0,0,0.008728,False,False
2026-02-03 15:00:00+00:00,77285.820000,78170.570000,77048.410000,78126.730000,0,1,0.014060,False,False
2026-02-03 16:00:00+00:00,77981.240000,77981.240000,76489.630000,76496.300000,0,1,0.007346,False,False
2026-02-03 17:00:00+00:00,76527.180000,76527.180000,74878.750000,74878.750000,0,0,-0.003906,False,False
2026-02-03 18:00:00+00:00,74940.700000,75254.400000,73150.000000,73209.860000,1,0,-0.019254,False,False
2026-02-03 19:00:00+00:00,73120.000000,75268.620000,72979.630000,75051.430000,0,0,0.004397,False,False
2026-02-03 20:00:00+00:00,75144.500000,76709.170000,74614.330000,76546.540000,0,1,0.035099,False,False
2026-02-03 21:00:00+00:00,76716.850000,76925.980000,76145.110000,76218.210000,0,0,0.035684,False,False
2026-02-03 22:00:00+00:00,76236.000000,76236.000000,75448.700000,75729.010000,0,0,0.030049,False,False
2026-02-03 23:00:00+00:00,75738.260000,76015.070000,75447.210000,75751.880000,0,0,0.030816,False,False
2026-02-04 00:00:00+00:00,75640.660000,76252.430000,75457.530000,75936.660000,0,0,0.038425,False,False
2026-02-04 01:00:00+00:00,76012.550000,76770.480000,76012.550000,76382.600000,0,0,0.042514,False,False
2026-02-04 02:00:00+00:00,76412.160000,76617.230000,75752.430000,75984.340000,0,0,0.042275,False,False
2026-02-04 03:00:00+00:00,75907.290000,76952.650000,75907.290000,76753.660000,0,1,0.041213,False,False
2026-02-04 04:00:00+00:00,76697.180000,76802.240000,76412.310000,76458.220000,0,1,0.038795,False,False
2026-02-04 05:00:00+00:00,76506.550000,76543.190000,76116.340000,76272.400000,0,0,0.034032,False,False
2026-02-04 06:00:00+00:00,76324.250000,76841.660000,76324.250000,76611.800000,0,1,0.016823,False,False
2026-02-04 07:00:00+00:00,76681.300000,76681.300000,76375.750000,76525.290000,0,1,0.007501,False,False
2026-02-04 08:00:00+00:00,76480.450000,76551.870000,76103.120000,76551.870000,0,1,0.003446,False,False
2026-02-04 09:00:00+00:00,76600.460000,76600.460000,76017.550000,76112.600000,0,1,-0.003910,False,False
2026-02-04 10:00:00+00:00,76134.500000,76303.160000,76099.260000,76287.170000,0,1,-0.008496,False,False
2026-02-04 11:00:00+00:00,76281.300000,76281.300000,75684.310000,76038.300000,0,1,-0.015348,False,False
2026-02-04 12:00:00+00:00,76051.270000,76268.060000,75997.490000,76152.700000,0,1,-0.019806,False,False
2026-02-04 13:00:00+00:00,76138.190000,76182.720000,74847.610000,74913.390000,0,0,-0.032068,False,False
2026-02-04 14:00:00+00:00,74843.590000,75736.770000,74245.860000,74338.100000,0,0,-0.038557,False,False
2026-02-04 15:00:00+00:00,74211.380000,75253.860000,73827.600000,74157.140000,0,1,-0.043050,False,False
2026-02-04 16:00:00+00:00,74182.430000,74258.210000,73086.010000,73654.510000,0,0,-0.044895,False,False
2026-02-04 17:00:00+00:00,73610.660000,73773.940000,72209.960000,72608.870000,0,0,-0.044333,False,False
2026-02-04 18:00:00+00:00,72589.840000,74112.500000,72326.960000,73448.600000,0,0,-0.011224,False,False
2026-02-04 19:00:00+00:00,73482.220000,73972.550000,73110.960000,73894.730000,0,1,0.005219,False,False
2026-02-04 20:00:00+00:00,73903.650000,74127.390000,73406.820000,73529.640000,0,1,0.005331,False,False
2026-02-04 21:00:00+00:00,73489.920000,73617.250000,72218.170000,72781.800000,0,0,0.003820,False,False
2026-02-04 22:00:00+00:00,72856.110000,73682.740000,71863.740000,72577.170000,0,0,0.005338,False,False
2026-02-04 23:00:00+00:00,72648.190000,73503.600000,72485.070000,73160.680000,0,1,0.012974,False,False
2026-02-05 00:00:00+00:00,73152.730000,73310.950000,72795.590000,72892.360000,0,1,0.009714,False,False
2026-02-05 01:00:00+00:00,72869.230000,73317.570000,72001.160000,72560.400000,0,1,0.007464,False,False
2026-02-05 02:00:00+00:00,72415.700000,72820.970000,71313.930000,71380.800000,0,0,0.002655,False,False
2026-02-05 03:00:00+00:00,71514.000000,71859.690000,71190.410000,71237.360000,0,0,0.000049,False,False
2026-02-05 04:00:00+00:00,71256.500000,71414.500000,70712.990000,70743.920000,0,0,-0.002913,False,False
2026-02-05 05:00:00+00:00,70909.800000,71164.220000,70155.450000,70670.000000,0,0,-0.000654,False,False
2026-02-05 06:00:00+00:00,70761.280000,70982.380000,70309.360000,70930.600000,0,0,0.001643,False,False
2026-02-05 07:00:00+00:00,70975.000000,71636.720000,70659.190000,70677.400000,0,0,-0.000333,False,False
2026-02-05 08:00:00+00:00,70807.000000,71547.810000,70713.560000,71120.310000,0,0,-0.000952,False,False
2026-02-05 09:00:00+00:00,71056.740000,71955.870000,71056.740000,71674.510000,0,1,-0.000411,False,False
2026-02-05 10:00:00+00:00,71653.350000,71703.130000,70667.700000,70836.200000,0,1,-0.008979,False,False
2026-02-05 11:00:00+00:00,70876.000000,71042.300000,69912.520000,70352.020000,0,0,-0.019624,False,False
2026-02-05 12:00:00+00:00,70363.350000,70559.270000,69180.350000,69537.280000,0,0,-0.034967,False,False
2026-02-05 13:00:00+00:00,69560.680000,69890.380000,69269.920000,69566.700000,0,0,-0.041107,False,False
2026-02-05 14:00:00+00:00,69752.100000,70842.760000,69319.550000,69499.300000,0,1,-0.041211,False,False
2026-02-05 15:00:00+00:00,69406.740000,69589.570000,66749.050000,67495.940000,0,0,-0.062558,False,False
2026-02-05 16:00:00+00:00,67444.100000,68639.350000,66986.730000,68326.160000,0,1,-0.055306,False,False
2026-02-05 17:00:00+00:00,68269.300000,68269.300000,66180.750000,66278.730000,0,1,-0.069963,False,False
2026-02-05 18:00:00+00:00,66231.480000,66525.250000,65400.000000,66442.850000,0,1,-0.068938,False,False
2026-02-05 19:00:00+00:00,66320.140000,66620.250000,65222.400000,65297.100000,0,1,-0.079929,False,False
2026-02-05 20:00:00+00:00,65312.650000,65668.710000,62345.000000,63743.430000,0,0,-0.101169,False,True
2026-02-05 21:00:00+00:00,63708.590000,64769.860000,62917.540000,63312.330000,0,0,-0.111271,False,True
2026-02-05 22:00:00+00:00,63305.420000,64554.120000,62754.090000,64077.910000,0,0,-0.095388,False,True
2026-02-05 23:00:00+00:00,63930.700000,64892.060000,62754.090000,62754.090000,0,1,-0.110748,False,True
2026-02-06 00:00:00+00:00,63049.100000,63831.630000,60075.490000,63632.900000,1,0,-0.098372,False,True
2026-02-06 01:00:00+00:00,63659.070000,65755.060000,63612.980000,65597.400000,0,0,-0.090631,False,True
2026-02-06 02:00:00+00:00,65721.090000,66044.930000,64289.880000,64958.390000,0,0,-0.091736,False,True
2026-02-06 03:00:00+00:00,64901.210000,65166.290000,63790.790000,64211.940000,1,0,-0.091681,False,True
2026-02-06 04:00:00+00:00,64185.280000,65012.080000,63935.900000,64912.030000,0,0,-0.093063,False,True
2026-02-06 05:00:00+00:00,64905.080000,66805.950000,64845.070000,66347.660000,0,0,-0.089971,False,True
2026-02-06 06:00:00+00:00,66547.570000,66759.590000,64892.400000,65151.900000,0,0,-0.099544,False,True
2026-02-06 07:00:00+00:00,64900.000000,65503.100000,64672.510000,64845.340000,1,0,-0.106303,False,True
2026-02-06 08:00:00+00:00,64729.880000,65192.060000,64517.950000,65047.440000,1,0,-0.111408,False,True
2026-02-06 09:00:00+00:00,64927.550000,66135.260000,64829.150000,65840.470000,1,0,-0.123739,False,True
2026-02-06 10:00:00+00:00,65796.010000,66193.020000,65660.980000,66023.240000,1,0,-0.132396,False,True
2026-02-06 11:00:00+00:00,65888.800000,66747.270000,65806.790000,66583.240000,1,0,-0.132568,False,True
2026-02-06 12:00:00+00:00,66566.220000,66576.670000,66229.780000,66557.380000,1,0,-0.139121,False,True
2026-02-06 13:00:00+00:00,66551.220000,67665.400000,66506.000000,67397.080000,0,0,-0.151485,False,True
2026-02-06 14:00:00+00:00,67325.760000,68661.790000,66635.300000,68127.440000,1,0,-0.172960,False,True
2026-02-06 15:00:00+00:00,68126.160000,69140.770000,67800.000000,68618.710000,1,0,-0.179077,False,True
2026-02-06 16:00:00+00:00,68639.200000,70252.060000,68415.590000,69947.130000,0,0,-0.205969,False,True
2026-02-06 17:00:00+00:00,69940.000000,71500.000000,69609.550000,70801.880000,0,0,-0.230408,False,True
2026-02-06 18:00:00+00:00,70732.510000,70798.820000,69376.640000,69822.860000,0,0,-0.234262,False,True
2026-02-06 19:00:00+00:00,69832.910000,70900.000000,69671.980000,70789.350000,0,0,-0.245470,False,True
2026-02-06 20:00:00+00:00,70715.250000,71000.000000,70089.460000,70140.010000,0,0,-0.252366,False,True
2026-02-06 21:00:00+00:00,70005.290000,70444.920000,69858.100000,70378.140000,0,0,-0.237746,False,True
2026-02-06 22:00:00+00:00,70367.930000,71549.850000,70327.430000,71391.460000,0,0,-0.246893,False,True
2026-02-06 23:00:00+00:00,71401.650000,71679.580000,70559.670000,70588.220000,0,0,-0.220136,False,True
2026-02-07 00:00:00+00:00,70581.270000,70581.270000,69720.000000,70004.190000,0,0,-0.203799,False,True
2026-02-07 01:00:00+00:00,69973.090000,70685.140000,69778.310000,70524.760000,0,0,-0.187098,False,True
2026-02-07 02:00:00+00:00,70459.450000,70621.750000,70214.040000,70368.920000,0,0,-0.176932,False,True
2026-02-07 03:00:00+00:00,70381.350000,70926.670000,70316.390000,70926.670000,0,0,-0.156203,False,True
2026-02-07 04:00:00+00:00,70863.600000,71669.460000,70641.530000,70709.980000,0,0,-0.140974,False,True
2026-02-07 05:00:00+00:00,70736.210000,71904.000000,69967.260000,70094.960000,0,1,-0.138675,False,True
2026-02-07 06:00:00+00:00,70158.580000,70335.170000,68811.120000,68811.120000,0,0,-0.150417,False,True
2026-02-07 07:00:00+00:00,68982.180000,69044.320000,67382.950000,68150.330000,0,0,-0.144330,False,True
2026-02-07 08:00:00+00:00,68040.270000,68803.380000,67799.560000,68479.580000,0,0,-0.113475,False,True
2026-02-07 09:00:00+00:00,68493.620000,68720.130000,67919.960000,68139.920000,0,0,-0.088271,False,True
2026-02-07 10:00:00+00:00,68117.300000,68263.000000,67698.130000,68051.850000,1,0,-0.059620,False,False
2026-02-07 11:00:00+00:00,68071.690000,68145.590000,67745.260000,67988.250000,1,0,-0.032168,False,False
2026-02-07 12:00:00+00:00,67916.120000,69967.260000,67916.120000,68876.770000,0,0,-0.000901,False,False
2026-02-07 13:00:00+00:00,69052.640000,69403.520000,68891.520000,69041.920000,0,0,0.021646,False,False
2026-02-07 14:00:00+00:00,69120.450000,69206.990000,68389.510000,68637.100000,1,0,0.031359,False,False
2026-02-07 15:00:00+00:00,68603.080000,69662.560000,68603.080000,69123.800000,0,0,0.042602,False,False
2026-02-07 16:00:00+00:00,69201.140000,69952.690000,68951.630000,69056.370000,0,0,0.042518,False,False
2026-02-07 17:00:00+00:00,69037.210000,69368.370000,68615.600000,69136.990000,1,0,0.040103,False,False
2026-02-07 18:00:00+00:00,69223.620000,69674.280000,69026.200000,69497.370000,0,0,0.049282,False,False
2026-02-07 19:00:00+00:00,69494.830000,69584.930000,69302.750000,69342.730000,0,0,0.045119,False,False
2026-02-07 20:00:00+00:00,69377.890000,69691.970000,69282.070000,69553.750000,0,0,0.047631,False,False
2026-02-07 21:00:00+00:00,69661.650000,69664.990000,69434.260000,69440.480000,0,0,0.043417,False,False
2026-02-07 22:00:00+00:00,69501.880000,69701.400000,69362.810000,69420.110000,0,0,0.034360,False,False
2026-02-07 23:00:00+00:00,69428.840000,69441.450000,68861.930000,69310.380000,1,0,0.024583,False,False
2026-02-08 00:00:00+00:00,69313.990000,69419.970000,68900.000000,69168.920000,1,0,0.020635,False,False
2026-02-08 01:00:00+00:00,69240.520000,69496.520000,69134.080000,69354.760000,1,0,0.017290,False,False
2026-02-08 02:00:00+00:00,69320.760000,69679.740000,69214.560000,69260.530000,1,0,0.010365,False,False
2026-02-08 03:00:00+00:00,69396.450000,69419.030000,69076.270000,69076.270000,1,0,0.004449,False,False
2026-02-08 04:00:00+00:00,69117.050000,69334.800000,69000.000000,69328.920000,1,0,0.000696,False,False
2026-02-08 05:00:00+00:00,69318.390000,69439.230000,69170.810000,69246.410000,1,0,-0.003318,False,False
2026-02-08 06:00:00+00:00,69254.120000,69441.450000,69107.820000,69287.000000,1,0,-0.002541,False,False
2026-02-08 07:00:00+00:00,69385.590000,69700.000000,69266.130000,69700.000000,1,0,0.003745,False,False
2026-02-08 08:00:00+00:00,69650.410000,70716.680000,69577.100000,70625.920000,0,0,0.012965,False,False
2026-02-08 09:00:00+00:00,70670.310000,70670.310000,70153.660000,70197.300000,0,0,0.015674,False,False
2026-02-08 10:00:00+00:00,70249.030000,70431.660000,69902.640000,70397.280000,0,0,0.021434,False,False
2026-02-08 11:00:00+00:00,70253.800000,71171.450000,70253.800000,70978.100000,0,0,0.033854,False,False
2026-02-08 12:00:00+00:00,70955.720000,71250.000000,70746.330000,71245.550000,0,0,0.036971,False,False
2026-02-08 13:00:00+00:00,71271.630000,71509.000000,70983.000000,71509.000000,0,0,0.036464,False,False
2026-02-08 14:00:00+00:00,71537.250000,71570.170000,71129.780000,71250.480000,0,0,0.033132,False,False
2026-02-08 15:00:00+00:00,71293.250000,71541.690000,70815.730000,71141.200000,0,0,0.029170,False,False
2026-02-08 16:00:00+00:00,71134.970000,71227.570000,70277.250000,70440.010000,0,0,0.024386,False,False
2026-02-08 17:00:00+00:00,70587.400000,70816.350000,70547.210000,70791.830000,0,0,0.022160,False,False
2026-02-08 18:00:00+00:00,70817.000000,71414.470000,70811.330000,71172.440000,0,0,0.017899,False,False
2026-02-08 19:00:00+00:00,71144.720000,71525.390000,71144.720000,71427.090000,0,0,0.014472,False,False
2026-02-08 20:00:00+00:00,71310.080000,71310.080000,70754.720000,70857.740000,0,0,0.009911,False,False
2026-02-08 21:00:00+00:00,70858.100000,71103.480000,70600.000000,70648.390000,0,0,0.007618,False,False
2026-02-08 22:00:00+00:00,70700.270000,71083.330000,70700.270000,71083.330000,0,0,0.009726,False,False
2026-02-08 23:00:00+00:00,71103.460000,72250.870000,70000.010000,70315.680000,0,0,0.010556,False,False
2026-02-09 00:00:00+00:00,70394.020000,70773.310000,70153.660000,70543.820000,0,0,0.016493,False,False
2026-02-09 01:00:00+00:00,70467.190000,70921.890000,70063.400000,70439.690000,0,0,0.019799,False,False
2026-02-09 02:00:00+00:00,70365.080000,70926.590000,70254.610000,70687.050000,0,0,0.026772,False,False
2026-02-09 03:00:00+00:00,70665.250000,71468.470000,70662.590000,71232.020000,0,1,0.039528,False,False
2026-02-09 04:00:00+00:00,71298.610000,71298.610000,70965.480000,71008.310000,0,1,0.042232,False,False
2026-02-09 05:00:00+00:00,70999.140000,71089.510000,70840.880000,71089.510000,0,1,0.049410,False,False
2026-02-09 06:00:00+00:00,70940.000000,70940.000000,70350.870000,70641.390000,0,1,0.058522,False,False
2026-02-09 07:00:00+00:00,70630.870000,70876.430000,70370.560000,70481.380000,0,1,0.066416,False,False
2026-02-09 08:00:00+00:00,70434.290000,70581.710000,69441.450000,69919.950000,0,0,0.068135,False,False
2026-02-09 09:00:00+00:00,69953.330000,70131.640000,69495.430000,69495.430000,0,0,0.073433,False,False
2026-02-09 10:00:00+00:00,69612.410000,69721.310000,68452.450000,68764.520000,0,0,0.077395,False,False
2026-02-09 11:00:00+00:00,68832.960000,69000.000000,68625.000000,68879.810000,0,0,0.079616,False,False
2026-02-09 12:00:00+00:00,68904.520000,69256.400000,68904.520000,69063.170000,0,0,0.081012,True,False
2026-02-09 13:00:00+00:00,69109.390000,69282.290000,68615.600000,68615.600000,1,0,0.078713,False,False
2026-02-09 14:00:00+00:00,68644.000000,69662.560000,68327.960000,69275.400000,0,0,0.084070,True,False
2026-02-09 15:00:00+00:00,69359.160000,69940.250000,68893.930000,69569.440000,0,0,0.085880,True,False
2026-02-09 16:00:00+00:00,69569.440000,70416.890000,69171.450000,70054.980000,0,0,0.087128,True,False
2026-02-09 17:00:00+00:00,70235.390000,70958.960000,69858.130000,70620.410000,0,0,0.090627,True,False
2026-02-09 18:00:00+00:00,70637.910000,71006.390000,70125.000000,70355.290000,0,0,0.081867,True,False
2026-02-09 19:00:00+00:00,70384.960000,71050.840000,70322.800000,70894.770000,0,1,0.086445,True,False
2026-02-09 20:00:00+00:00,70843.910000,71081.770000,70526.870000,70815.530000,0,1,0.089571,True,False
2026-02-09 21:00:00+00:00,70725.950000,70725.950000,69858.100000,70356.440000,0,1,0.085853,True,False
2026-02-09 22:00:00+00:00,70358.930000,70698.910000,70289.030000,70399.520000,0,1,0.078780,False,False
2026-02-09 23:00:00+00:00,70409.940000,70587.380000,70113.670000,70120.200000,0,1,0.070105,False,False
2026-02-10 00:00:00+00:00,70176.910000,70189.840000,69763.900000,69823.560000,0,0,0.063257,False,False
2026-02-10 01:00:00+00:00,69875.000000,70500.240000,69875.000000,70370.160000,0,1,0.055600,False,False
2026-02-10 02:00:00+00:00,70459.990000,70464.380000,70054.040000,70121.540000,0,1,0.046195,False,False
2026-02-10 03:00:00+00:00,70130.280000,70130.280000,69247.610000,69515.310000,0,0,0.036611,False,False
2026-02-10 04:00:00+00:00,69549.390000,69859.070000,69549.390000,69859.070000,0,1,0.033241,False,False
2026-02-10 05:00:00+00:00,69822.520000,69851.780000,69219.440000,69425.580000,0,0,0.027980,False,False
2026-02-10 06:00:00+00:00,69423.450000,69546.470000,68685.130000,68897.860000,0,0,0.025375,False,False
2026-02-10 07:00:00+00:00,68888.840000,69236.910000,68888.840000,68932.990000,0,0,0.022971,False,False
2026-02-10 08:00:00+00:00,68969.930000,69172.490000,68748.360000,69167.200000,0,0,0.023797,False,False
2026-02-10 09:00:00+00:00,69216.800000,69375.000000,69000.000000,69000.000000,0,0,0.025600,False,False
2026-02-10 10:00:00+00:00,69191.920000,69270.310000,68981.880000,68981.880000,0,0,0.031415,False,False
2026-02-10 11:00:00+00:00,68853.630000,69135.300000,68489.870000,68558.800000,0,0,0.036623,False,False
2026-02-10 12:00:00+00:00,68663.230000,68835.840000,68472.900000,68624.890000,0,0,0.043165,False,False
2026-02-10 13:00:00+00:00,68496.000000,69163.690000,68427.970000,68994.420000,0,0,0.052984,False,False
2026-02-10 14:00:00+00:00,69052.410000,69627.200000,67932.620000,68506.060000,0,0,0.053035,False,False
2026-02-10 15:00:00+00:00,68398.620000,69472.580000,68365.900000,69312.600000,0,0,0.061390,False,False
2026-02-10 16:00:00+00:00,69312.600000,69770.520000,68970.380000,69543.630000,0,0,0.064072,False,False
2026-02-10 17:00:00+00:00,69497.670000,69991.500000,69324.010000,69882.380000,0,1,0.062414,False,False
2026-02-10 18:00:00+00:00,69925.080000,69944.800000,68677.360000,68942.110000,0,1,0.057315,False,False
2026-02-10 19:00:00+00:00,68924.970000,69285.350000,68731.080000,69052.610000,0,1,0.054162,False,False
2026-02-10 20:00:00+00:00,69090.400000,69116.490000,68680.340000,68759.150000,0,0,0.049597,False,False
2026-02-10 21:00:00+00:00,68743.780000,69000.000000,68390.010000,68638.120000,0,0,0.047027,False,False
2026-02-10 22:00:00+00:00,68712.950000,68854.170000,68609.060000,68741.130000,0,0,0.043935,False,False
2026-02-10 23:00:00+00:00,68678.320000,68846.400000,68552.900000,68837.860000,0,0,0.041942,False,False
2026-02-11 00:00:00+00:00,68853.630000,69261.270000,68789.450000,69236.110000,0,1,0.042466,False,False
2026-02-11 01:00:00+00:00,69219.130000,69292.100000,68939.290000,69071.990000,0,1,0.037440,False,False
2026-02-11 02:00:00+00:00,69033.850000,69221.580000,68615.600000,68688.240000,0,1,0.031760,False,False
2026-02-11 03:00:00+00:00,68688.240000,68736.270000,68035.180000,68162.830000,0,0,0.029881,False,False
2026-02-11 04:00:00+00:00,68202.830000,68295.710000,67362.780000,67513.120000,0,0,0.025872,False,False
2026-02-11 05:00:00+00:00,67596.400000,67787.960000,67423.410000,67427.100000,0,0,0.023122,False,False
2026-02-11 06:00:00+00:00,67431.590000,67468.850000,66581.670000,66799.990000,0,0,0.022901,False,False
2026-02-11 07:00:00+00:00,66815.360000,67234.060000,66670.820000,67044.710000,0,0,0.026958,False,False
2026-02-11 08:00:00+00:00,67050.430000,67082.600000,66841.150000,67012.690000,0,0,0.028857,False,False
2026-02-11 09:00:00+00:00,67040.220000,67066.320000,66814.360000,66884.090000,0,0,0.030615,False,False
2026-02-11 10:00:00+00:00,66804.030000,66873.680000,66396.660000,66418.690000,1,0,0.031545,False,False
2026-02-11 11:00:00+00:00,66597.710000,67086.890000,66597.710000,67054.410000,0,0,0.038641,False,False
2026-02-11 12:00:00+00:00,67055.120000,67402.600000,67001.580000,67128.110000,0,0,0.041153,False,False
2026-02-11 13:00:00+00:00,67108.310000,67617.720000,66858.820000,67489.980000,0,0,0.038224,False,False
2026-02-11 14:00:00+00:00,67489.980000,68811.120000,66500.000000,66678.690000,0,0,0.033523,False,False
2026-02-11 15:00:00+00:00,66676.850000,66901.480000,65760.380000,66626.030000,0,0,0.030091,False,False
2026-02-11 16:00:00+00:00,66510.110000,67228.940000,65985.330000,66112.210000,1,0,0.026756,False,False
2026-02-11 17:00:00+00:00,65950.000000,66902.430000,65892.430000,66618.260000,0,0,0.026379,False,False
2026-02-11 18:00:00+00:00,66528.570000,67294.600000,66196.490000,67265.420000,0,0,0.031800,False,False
2026-02-11 19:00:00+00:00,67308.060000,67851.890000,67126.510000,67540.120000,0,0,0.030737,False,False
2026-02-11 20:00:00+00:00,67560.040000,67687.180000,67192.930000,67562.450000,0,0,0.027246,False,False
2026-02-11 21:00:00+00:00,67581.650000,68298.900000,67464.140000,67883.290000,0,0,0.027558,False,False
2026-02-11 22:00:00+00:00,67857.160000,67898.670000,67411.610000,67411.610000,0,0,0.023375,False,False
2026-02-11 23:00:00+00:00,67414.420000,67515.110000,66799.590000,67087.890000,0,0,0.019684,False,False
2026-02-12 00:00:00+00:00,67060.200000,67662.910000,67057.890000,67461.060000,0,0,0.016586,False,False
2026-02-12 01:00:00+00:00,67476.760000,68051.530000,67476.760000,67688.710000,0,0,0.013918,False,False
2026-02-12 02:00:00+00:00,67680.500000,67771.900000,67408.910000,67521.760000,0,0,0.007704,False,False
2026-02-12 03:00:00+00:00,67425.930000,67583.370000,67346.840000,67574.830000,0,0,0.003292,False,False
2026-02-12 04:00:00+00:00,67524.670000,67723.110000,67010.590000,67017.060000,0,0,-0.004259,False,False
2026-02-12 05:00:00+00:00,67012.730000,67194.690000,66673.970000,67130.920000,0,0,-0.006782,False,False
2026-02-12 06:00:00+00:00,67141.830000,67342.210000,67061.940000,67113.610000,0,0,-0.005809,False,False
2026-02-12 07:00:00+00:00,67147.590000,67291.680000,66952.000000,67142.890000,0,0,-0.004970,False,False
2026-02-12 08:00:00+00:00,67227.390000,67332.430000,66889.230000,67129.860000,0,0,-0.004270,False,False
2026-02-12 09:00:00+00:00,67082.750000,67682.270000,67074.540000,67597.490000,0,0,-0.002223,False,False
2026-02-12 10:00:00+00:00,67548.940000,68023.160000,67479.310000,68012.450000,0,1,0.002981,False,False
2026-02-12 11:00:00+00:00,67974.730000,68269.680000,67809.860000,68170.590000,0,1,0.003376,False,False
2026-02-12 12:00:00+00:00,68069.730000,68127.090000,67729.000000,67732.500000,0,0,0.001539,False,False
2026-02-12 13:00:00+00:00,67864.400000,68405.770000,67698.130000,68345.080000,0,1,0.002544,False,False
2026-02-12 14:00:00+00:00,68345.560000,68345.560000,67521.120000,67655.810000,0,1,0.002535,False,False
2026-02-12 15:00:00+00:00,67549.360000,67987.760000,67053.720000,67098.640000,0,0,0.003077,False,False
2026-02-12 16:00:00+00:00,67138.420000,67224.960000,65575.530000,65791.540000,0,0,0.002807,False,False
2026-02-12 17:00:00+00:00,65715.730000,66243.480000,65370.850000,65400.150000,1,0,0.006005,False,False
2026-02-12 18:00:00+00:00,65517.820000,65787.390000,65134.180000,65549.990000,1,0,0.009898,False,False
2026-02-12 19:00:00+00:00,65608.220000,66107.910000,65297.990000,65781.580000,0,0,0.016662,False,False
2026-02-12 20:00:00+00:00,65755.390000,66031.540000,65204.540000,65378.040000,1,0,0.020289,False,False
2026-02-12 21:00:00+00:00,65474.210000,65906.700000,65452.540000,65816.870000,1,0,0.027378,False,False
2026-02-12 22:00:00+00:00,65818.890000,66370.800000,65673.340000,66294.530000,0,0,0.034739,False,False
2026-02-12 23:00:00+00:00,66285.920000,66487.110000,66177.250000,66252.280000,1,0,0.037739,False,False
2026-02-13 00:00:00+00:00,66253.160000,66514.810000,65867.890000,65926.930000,1,0,0.037737,False,False
2026-02-13 01:00:00+00:00,65951.700000,66603.660000,65937.070000,66365.810000,1,0,0.036574,False,False
2026-02-13 02:00:00+00:00,66427.540000,66746.550000,66399.510000,66664.950000,0,0,0.040340,False,False
2026-02-13 03:00:00+00:00,66746.310000,66804.080000,66473.000000,66477.520000,0,0,0.038359,False,False
2026-02-13 04:00:00+00:00,66576.590000,66685.600000,66305.810000,66328.200000,1,0,0.040100,False,False
2026-02-13 05:00:00+00:00,66350.270000,66495.240000,66189.350000,66189.350000,1,0,0.039057,False,False
2026-02-13 06:00:00+00:00,66212.060000,66299.230000,66038.450000,66299.230000,1,0,0.041028,False,False
2026-02-13 07:00:00+00:00,66350.620000,66557.390000,66051.310000,66176.760000,1,0,0.041295,False,False
2026-02-13 08:00:00+00:00,66238.300000,66737.460000,66222.560000,66630.500000,1,0,0.042141,False,False
2026-02-13 09:00:00+00:00,66671.900000,67045.060000,66669.420000,66933.440000,1,0,0.042629,False,False
2026-02-13 10:00:00+00:00,66897.110000,67100.000000,66832.420000,66999.110000,1,0,0.038473,False,False
2026-02-13 11:00:00+00:00,66945.730000,67188.930000,66828.330000,67165.210000,1,0,0.035213,False,False
2026-02-13 12:00:00+00:00,67167.600000,67188.750000,66971.490000,67077.980000,1,0,0.029910,False,False
2026-02-13 13:00:00+00:00,67147.190000,67626.230000,66966.250000,67330.640000,0,0,0.027544,False,False
2026-02-13 14:00:00+00:00,67252.530000,68000.000000,66877.680000,67724.380000,1,0,0.026244,False,False
2026-02-13 15:00:00+00:00,67825.870000,69278.830000,67791.450000,68636.760000,0,0,0.026767,False,False
2026-02-13 16:00:00+00:00,68717.180000,69441.450000,68607.540000,68930.500000,0,0,0.026173,False,False
2026-02-13 17:00:00+00:00,68963.470000,69234.250000,68680.340000,69038.780000,0,0,0.023343,False,False
2026-02-13 18:00:00+00:00,69070.700000,69441.430000,68906.330000,69107.540000,0,0,0.022306,False,False
2026-02-13 19:00:00+00:00,69105.710000,69218.510000,68931.780000,68931.860000,0,0,0.019070,False,False
2026-02-13 20:00:00+00:00,68899.040000,68974.390000,68690.520000,68760.000000,0,0,0.020734,False,False
2026-02-13 21:00:00+00:00,68772.110000,69061.020000,68772.110000,68918.620000,0,0,0.019915,False,False
2026-02-13 22:00:00+00:00,68922.520000,68995.810000,68787.420000,68964.150000,0,0,0.016122,False,False
2026-02-13 23:00:00+00:00,69026.830000,69026.830000,68848.180000,68866.620000,0,0,0.012294,False,False
2026-02-14 00:00:00+00:00,68872.160000,69132.450000,68801.730000,69046.570000,0,0,0.011157,False,False
2026-02-14 01:00:00+00:00,69108.390000,69121.330000,68958.880000,68978.200000,0,0,0.007351,False,False
2026-02-14 02:00:00+00:00,68947.960000,69039.980000,68892.130000,68906.520000,0,0,0.003099,False,False
2026-02-14 03:00:00+00:00,68893.460000,69027.230000,68880.650000,68993.960000,0,0,0.004160,False,False
2026-02-14 04:00:00+00:00,68958.760000,68968.970000,68788.060000,68791.340000,0,0,0.006742,False,False
2026-02-14 05:00:00+00:00,68796.260000,68912.100000,68789.510000,68790.490000,0,0,0.011735,False,False
2026-02-14 06:00:00+00:00,68762.630000,68944.420000,68755.060000,68916.240000,0,0,0.017534,False,False
2026-02-14 07:00:00+00:00,68945.910000,69327.410000,68890.620000,69227.920000,0,0,0.027556,False,False
2026-02-14 08:00:00+00:00,69197.530000,69858.100000,69197.530000,69764.380000,0,0,0.039018,False,False
2026-02-14 09:00:00+00:00,69785.740000,69890.380000,69598.760000,69738.410000,0,0,0.043529,False,False
2026-02-14 10:00:00+00:00,69616.200000,69665.360000,69594.190000,69664.040000,0,0,0.046899,False,False
2026-02-14 11:00:00+00:00,69726.120000,70543.950000,69709.030000,70479.930000,0,0,0.064235,False,False
2026-02-14 12:00:00+00:00,70473.800000,70532.940000,69641.500000,69641.500000,0,0,0.070044,False,False
2026-02-14 13:00:00+00:00,69625.380000,69775.200000,69266.160000,69435.590000,0,0,0.077022,False,False
2026-02-14 14:00:00+00:00,69457.350000,69836.970000,69353.600000,69836.970000,0,0,0.082155,True,False
2026-02-14 15:00:00+00:00,69811.170000,70000.000000,69680.860000,69789.590000,0,0,0.082265,True,False
2026-02-14 16:00:00+00:00,69783.870000,69803.700000,69317.340000,69768.590000,0,0,0.074767,False,False
2026-02-14 17:00:00+00:00,69740.100000,69899.400000,69620.740000,69710.500000,0,0,0.067994,False,False
2026-02-14 18:00:00+00:00,69689.930000,69862.520000,69689.540000,69748.700000,0,0,0.062745,False,False
2026-02-14 19:00:00+00:00,69801.650000,69901.540000,69678.880000,69840.480000,0,0,0.062159,False,False
2026-02-14 20:00:00+00:00,69855.360000,70060.270000,69814.570000,69989.620000,0,0,0.063504,False,False
2026-02-14 21:00:00+00:00,70038.330000,70251.800000,69679.210000,69923.590000,0,0,0.062012,False,False
2026-02-14 22:00:00+00:00,69919.540000,70065.940000,69871.150000,70004.900000,0,0,0.061240,False,False
2026-02-14 23:00:00+00:00,69931.660000,70016.730000,69766.260000,69840.400000,0,0,0.060318,False,False
2026-02-15 00:00:00+00:00,69850.290000,69891.310000,69641.500000,69763.600000,0,0,0.060860,False,False
2026-02-15 01:00:00+00:00,69781.060000,69892.910000,69367.400000,69702.790000,0,0,0.059732,False,False
2026-02-15 02:00:00+00:00,69721.730000,69767.230000,69373.900000,69561.880000,0,0,0.062377,False,False
2026-02-15 03:00:00+00:00,69524.650000,69963.670000,69284.350000,69918.420000,0,0,0.067287,False,False
2026-02-15 04:00:00+00:00,69999.560000,70501.900000,69856.080000,70133.620000,0,0,0.073610,False,False
2026-02-15 05:00:00+00:00,70173.850000,70418.370000,70141.470000,70302.280000,0,0,0.076115,False,False
2026-02-15 06:00:00+00:00,70257.730000,70520.000000,70193.370000,70318.390000,0,0,0.077806,False,False
2026-02-15 07:00:00+00:00,70397.460000,70897.970000,70326.390000,70768.900000,0,1,0.085813,True,False
2026-02-15 08:00:00+00:00,70809.850000,70968.620000,70215.730000,70421.450000,0,1,0.084064,True,False
2026-02-15 09:00:00+00:00,70459.650000,70624.120000,70396.060000,70426.490000,0,1,0.082209,True,False
2026-02-15 10:00:00+00:00,70417.190000,70521.430000,70223.820000,70521.430000,0,1,0.081856,True,False
2026-02-15 11:00:00+00:00,70486.790000,70520.390000,70266.240000,70282.400000,0,1,0.076887,False,False
2026-02-15 12:00:00+00:00,70313.920000,70374.540000,69333.790000,69333.790000,0,0,0.078586,False,False
2026-02-15 13:00:00+00:00,69445.820000,69624.780000,68800.000000,68977.320000,0,0,0.080104,True,False
2026-02-15 14:00:00+00:00,69040.940000,69172.030000,68893.920000,69132.190000,0,0,0.076656,False,False
2026-02-15 15:00:00+00:00,69186.980000,69247.060000,68951.390000,69108.090000,0,0,0.077339,False,False
2026-02-15 16:00:00+00:00,69090.550000,69090.550000,68800.000000,69036.560000,0,0,0.076746,False,False
2026-02-15 17:00:00+00:00,69050.990000,69088.970000,68226.480000,68633.790000,0,0,0.079194,False,False
2026-02-15 18:00:00+00:00,68589.870000,68781.390000,68415.160000,68418.270000,0,0,0.081659,True,False
2026-02-15 19:00:00+00:00,68404.360000,68522.430000,68074.560000,68314.510000,0,0,0.081543,True,False
2026-02-15 20:00:00+00:00,68278.280000,68551.900000,68176.720000,68468.440000,0,0,0.082245,True,False
2026-02-15 21:00:00+00:00,68469.820000,68929.450000,68469.820000,68909.820000,0,0,0.087193,True,False
2026-02-15 22:00:00+00:00,68906.380000,69070.850000,68813.060000,68971.060000,0,0,0.081232,True,False
2026-02-15 23:00:00+00:00,68973.450000,68973.450000,68351.990000,68817.980000,0,0,0.071141,False,False
2026-02-16 00:00:00+00:00,68779.350000,69031.570000,68739.020000,68850.840000,0,0,0.071948,False,False
2026-02-16 01:00:00+00:00,68835.560000,69010.720000,68536.870000,68597.630000,0,0,0.074426,False,False
2026-02-16 02:00:00+00:00,68590.000000,68741.760000,68257.180000,68257.180000,0,0,0.077730,False,False
2026-02-16 03:00:00+00:00,68377.490000,68443.860000,68182.180000,68407.740000,0,0,0.077095,False,False
2026-02-16 04:00:00+00:00,68454.880000,68881.900000,68454.880000,68881.900000,0,0,0.081509,True,False
2026-02-16 05:00:00+00:00,68858.440000,68858.440000,68331.100000,68385.330000,0,0,0.074851,False,False
2026-02-16 06:00:00+00:00,68390.070000,68501.120000,68239.910000,68418.870000,0,0,0.070131,False,False
2026-02-16 07:00:00+00:00,68447.440000,68678.540000,68398.870000,68582.970000,0,0,0.065002,False,False
2026-02-16 08:00:00+00:00,68638.370000,68799.320000,68583.780000,68793.460000,0,0,0.064261,False,False
2026-02-16 09:00:00+00:00,68783.640000,69049.590000,68777.730000,69036.360000,0,0,0.062898,False,False
2026-02-16 10:00:00+00:00,68963.720000,68973.140000,68708.640000,68834.770000,0,0,0.055849,False,False
2026-02-16 11:00:00+00:00,68789.650000,68894.180000,68378.960000,68837.210000,0,0,0.043176,False,False
2026-02-16 12:00:00+00:00,68848.570000,69829.190000,68817.670000,69724.190000,0,1,0.053504,False,False
2026-02-16 13:00:00+00:00,69687.830000,70061.790000,68234.030000,68252.650000,0,0,0.048069,False,False
2026-02-16 14:00:00+00:00,68465.300000,68702.060000,68227.640000,68393.570000,0,0,0.045403,False,False
2026-02-16 15:00:00+00:00,68522.830000,68594.690000,67338.320000,67572.500000,0,0,0.037280,False,False
2026-02-16 16:00:00+00:00,67565.850000,67945.580000,67539.830000,67860.270000,0,0,0.037767,False,False
2026-02-16 17:00:00+00:00,67891.230000,68049.100000,67645.960000,67980.100000,0,0,0.036595,False,False
2026-02-16 18:00:00+00:00,67931.000000,68234.430000,67904.880000,67974.460000,0,0,0.035452,False,False
2026-02-16 19:00:00+00:00,67938.000000,68100.000000,67852.950000,67903.020000,0,0,0.037139,False,False
2026-02-16 20:00:00+00:00,67940.780000,68548.070000,67856.420000,68548.070000,0,0,0.044347,False,False
2026-02-16 21:00:00+00:00,68550.490000,68927.060000,68456.390000,68920.250000,0,1,0.048942,False,False
2026-02-16 22:00:00+00:00,68888.680000,68888.680000,68557.470000,68618.350000,0,0,0.044219,False,False
2026-02-16 23:00:00+00:00,68599.230000,68978.750000,68564.160000,68833.270000,0,1,0.044676,False,False
2026-02-17 00:00:00+00:00,68861.260000,69037.700000,68691.790000,68898.910000,0,1,0.042525,False,False
2026-02-17 01:00:00+00:00,68919.180000,68976.300000,68600.000000,68600.000000,0,0,0.041104,False,False
2026-02-17 02:00:00+00:00,68600.460000,69207.840000,68398.150000,68861.180000,0,1,0.044019,False,False
2026-02-17 03:00:00+00:00,68852.980000,68852.980000,68455.720000,68455.720000,0,0,0.039179,False,False
2026-02-17 04:00:00+00:00,68472.560000,68649.380000,68295.830000,68449.390000,0,0,0.035473,False,False
2026-02-17 05:00:00+00:00,68494.650000,68521.840000,67932.610000,68277.980000,0,0,0.031982,False,False
2026-02-17 06:00:00+00:00,68272.400000,68469.000000,68272.400000,68431.110000,0,0,0.030444,False,False
2026-02-17 07:00:00+00:00,68393.220000,68506.310000,68178.110000,68405.780000,0,0,0.026886,False,False
2026-02-17 08:00:00+00:00,68487.690000,68487.690000,68188.060000,68188.060000,0,0,0.025508,False,False
2026-02-17 09:00:00+00:00,68304.050000,68304.050000,67993.130000,68104.580000,0,0,0.023951,False,False
2026-02-17 10:00:00+00:00,68140.530000,68148.370000,67735.350000,67836.550000,0,0,0.022972,False,False
2026-02-17 11:00:00+00:00,67859.960000,67916.430000,67722.590000,67846.690000,0,0,0.022266,False,False
2026-02-17 12:00:00+00:00,67856.190000,68305.700000,67856.190000,68034.910000,0,0,0.019295,False,False
2026-02-17 13:00:00+00:00,67938.950000,68334.700000,67799.560000,68122.840000,0,0,0.020560,False,False
2026-02-17 14:00:00+00:00,68156.770000,68342.450000,66749.070000,66921.060000,0,0,0.022142,False,False
2026-02-17 15:00:00+00:00,66898.030000,67395.190000,66600.000000,67306.190000,0,0,0.027545,False,False
2026-02-17 16:00:00+00:00,67416.720000,68131.190000,67416.720000,67498.980000,0,0,0.028970,False,False
2026-02-17 17:00:00+00:00,67716.490000,67716.490000,66904.750000,67130.840000,0,0,0.030602,False,False
2026-02-17 18:00:00+00:00,67256.810000,68249.990000,67150.310000,68091.500000,0,0,0.040403,False,False
2026-02-17 19:00:00+00:00,68101.920000,68221.500000,67783.690000,67827.890000,0,0,0.042361,False,False
2026-02-17 20:00:00+00:00,67788.620000,67887.610000,67528.280000,67755.310000,0,0,0.040083,False,False
2026-02-17 21:00:00+00:00,67750.230000,67895.820000,67541.250000,67656.930000,0,0,0.037762,False,False
2026-02-17 22:00:00+00:00,67668.860000,67722.540000,67515.170000,67515.170000,0,0,0.037049,False,False
2026-02-17 23:00:00+00:00,67522.500000,67582.450000,67395.220000,67498.200000,0,0,0.035445,False,False
2026-02-18 00:00:00+00:00,67506.500000,67665.260000,67304.340000,67313.570000,0,0,0.032736,False,False
2026-02-18 01:00:00+00:00,67348.090000,67359.360000,66859.120000,67144.890000,0,0,0.031109,False,False
2026-02-18 02:00:00+00:00,67193.080000,67395.190000,67193.080000,67341.990000,0,0,0.027133,False,False
2026-02-18 03:00:00+00:00,67345.670000,67709.110000,67345.670000,67693.030000,0,0,0.028581,False,False
2026-02-18 04:00:00+00:00,67649.950000,67839.030000,67479.440000,67828.280000,0,0,0.028822,False,False
2026-02-18 05:00:00+00:00,67831.460000,67929.970000,67616.470000,67695.790000,0,0,0.025205,False,False
2026-02-18 06:00:00+00:00,67640.560000,67977.210000,67630.530000,67874.510000,0,0,0.024776,False,False
2026-02-18 07:00:00+00:00,67851.450000,68206.360000,67708.250000,68152.250000,0,1,0.026455,False,False
2026-02-18 08:00:00+00:00,68128.970000,68446.920000,68071.590000,68071.590000,0,1,0.025198,False,False
2026-02-18 09:00:00+00:00,68093.010000,68257.390000,68027.830000,68172.910000,0,1,0.024574,False,False
2026-02-18 10:00:00+00:00,68109.740000,68180.780000,67767.070000,67800.490000,0,0,0.022878,False,False
2026-02-18 11:00:00+00:00,67774.440000,67959.280000,67154.360000,67519.830000,0,0,0.021135,False,False
2026-02-18 12:00:00+00:00,67378.640000,67659.660000,67378.640000,67488.730000,0,0,0.017241,False,False
2026-02-18 13:00:00+00:00,67541.930000,67580.740000,67141.220000,67236.730000,0,0,0.012878,False,False
2026-02-18 14:00:00+00:00,67303.840000,67375.190000,66716.260000,67235.890000,0,0,0.015498,False,False
2026-02-18 15:00:00+00:00,67236.320000,68302.160000,67236.320000,67684.620000,0,1,0.019148,False,False
2026-02-18 16:00:00+00:00,67661.730000,67690.090000,67004.540000,67140.040000,0,0,0.019597,False,False
2026-02-18 17:00:00+00:00,67136.400000,67494.490000,67073.280000,67175.130000,0,0,0.023325,False,False
2026-02-18 18:00:00+00:00,67177.240000,67225.140000,66223.130000,66459.490000,0,0,0.021771,False,False
2026-02-18 19:00:00+00:00,66504.690000,66504.690000,65863.270000,66187.450000,0,0,0.022700,False,False
2026-02-18 20:00:00+00:00,66187.450000,66537.000000,66126.150000,66272.530000,0,0,0.021554,False,False
2026-02-18 21:00:00+00:00,66287.230000,66492.420000,66049.420000,66353.170000,0,0,0.022104,False,False
2026-02-18 22:00:00+00:00,66313.050000,66456.780000,66234.560000,66433.030000,0,0,0.024476,False,False
2026-02-18 23:00:00+00:00,66456.220000,66506.500000,66287.270000,66445.590000,0,0,0.026082,False,False
2026-02-19 00:00:00+00:00,66461.310000,66579.500000,66359.330000,66452.490000,0,0,0.028559,False,False
2026-02-19 01:00:00+00:00,66469.410000,66888.210000,66469.410000,66888.210000,0,0,0.036259,False,False
2026-02-19 02:00:00+00:00,66822.150000,66949.880000,66638.900000,66849.340000,0,0,0.039049,False,False
2026-02-19 03:00:00+00:00,66826.600000,66999.790000,66744.860000,66999.790000,0,0,0.038433,False,False
2026-02-19 04:00:00+00:00,66967.640000,67055.180000,66775.380000,66810.390000,0,0,0.037953,False,False
2026-02-19 05:00:00+00:00,66799.920000,66888.270000,66673.200000,66888.270000,0,0,0.038495,False,False
2026-02-19 06:00:00+00:00,66909.800000,67259.490000,66886.530000,67203.950000,0,0,0.041553,False,False
2026-02-19 07:00:00+00:00,67166.020000,67300.000000,67048.000000,67186.310000,0,0,0.038596,False,False
2026-02-19 08:00:00+00:00,67170.070000,67170.070000,66859.490000,66976.700000,0,0,0.033498,False,False
2026-02-19 09:00:00+00:00,67002.900000,67150.560000,66760.030000,66843.780000,0,0,0.028491,False,False
2026-02-19 10:00:00+00:00,66826.480000,66958.170000,66750.220000,66830.200000,0,0,0.023873,False,False
2026-02-19 11:00:00+00:00,66843.190000,66935.310000,66504.010000,66504.010000,0,0,0.020387,False,False
2026-02-19 12:00:00+00:00,66509.080000,66642.030000,66328.630000,66494.780000,0,0,0.017477,False,False
2026-02-19 13:00:00+00:00,66531.160000,66564.650000,65798.780000,65933.170000,1,0,0.016737,False,False
2026-02-19 14:00:00+00:00,65959.360000,66664.340000,65649.990000,66348.310000,0,0,0.017403,False,False
2026-02-19 15:00:00+00:00,66431.840000,66710.770000,65970.990000,66424.500000,0,0,0.015698,False,False
2026-02-19 16:00:00+00:00,66296.700000,66505.520000,65903.020000,66383.510000,0,0,0.015320,False,False
2026-02-19 17:00:00+00:00,66344.060000,67044.110000,66191.200000,66323.300000,0,0,0.015422,False,False
2026-02-19 18:00:00+00:00,66357.140000,67073.600000,66266.770000,66974.890000,0,0,0.022425,False,False
2026-02-19 19:00:00+00:00,66948.720000,67162.880000,66731.070000,67033.060000,0,0,0.027350,False,False
2026-02-19 20:00:00+00:00,67039.050000,67189.810000,66893.550000,67141.000000,0,0,0.030755,False,False
2026-02-19 21:00:00+00:00,67107.530000,67161.340000,66970.960000,66970.960000,0,0,0.033362,False,False
2026-02-19 22:00:00+00:00,66900.000000,66996.090000,66666.310000,66985.200000,0,0,0.036277,False,False
2026-02-19 23:00:00+00:00,66938.820000,67027.570000,66787.710000,66970.730000,0,0,0.037508,False,False
2026-02-20 00:00:00+00:00,66948.190000,67483.180000,66944.550000,67211.060000,0,0,0.042580,False,False
2026-02-20 01:00:00+00:00,67274.880000,67357.250000,67183.750000,67294.710000,0,0,0.040489,False,False
2026-02-20 02:00:00+00:00,67278.370000,67352.570000,67212.200000,67299.380000,0,0,0.038294,False,False
2026-02-20 03:00:00+00:00,67261.170000,67498.340000,67261.170000,67350.660000,0,0,0.036350,False,False
2026-02-20 04:00:00+00:00,67398.000000,67403.210000,67154.500000,67271.070000,0,0,0.033564,False,False
2026-02-20 05:00:00+00:00,67282.960000,68016.200000,67215.930000,67723.630000,0,0,0.033813,False,False
2026-02-20 06:00:00+00:00,67806.110000,67913.620000,67701.220000,67854.520000,0,0,0.034332,False,False
2026-02-20 07:00:00+00:00,67855.090000,67977.100000,67784.620000,67798.600000,0,0,0.030972,False,False
2026-02-20 08:00:00+00:00,67874.280000,67954.070000,67791.480000,67912.440000,0,0,0.030445,False,False
2026-02-20 09:00:00+00:00,67922.550000,68220.400000,67922.550000,68159.720000,0,0,0.031395,False,False
2026-02-20 10:00:00+00:00,68238.340000,68300.000000,67859.550000,67960.180000,0,0,0.028020,False,False
2026-02-20 11:00:00+00:00,67958.360000,67997.590000,67299.410000,67299.410000,0,0,0.026437,False,False
2026-02-20 12:00:00+00:00,67352.840000,67581.590000,67304.030000,67520.810000,0,0,0.026109,False,False
2026-02-20 13:00:00+00:00,67533.720000,67533.720000,66483.690000,66748.820000,0,0,0.029166,False,False
2026-02-20 14:00:00+00:00,66822.860000,67325.110000,66661.490000,67069.390000,0,0,0.033456,False,False
2026-02-20 15:00:00+00:00,67246.770000,68055.200000,66552.750000,67577.910000,0,0,0.038198,False,False
2026-02-20 16:00:00+00:00,67577.950000,67914.700000,67277.850000,67900.580000,0,0,0.043150,False,False
2026-02-20 17:00:00+00:00,67774.710000,67783.340000,66962.150000,67611.690000,0,0,0.044577,False,False
2026-02-20 18:00:00+00:00,67628.540000,68000.000000,67477.660000,67959.620000,0,0,0.047735,False,False
2026-02-20 19:00:00+00:00,67979.600000,68000.600000,67566.140000,67633.920000,0,0,0.048389,False,False
2026-02-20 20:00:00+00:00,67696.780000,67848.890000,67576.070000,67708.500000,0,0,0.049868,False,False
2026-02-20 21:00:00+00:00,67701.610000,67876.540000,67630.280000,67817.780000,0,0,0.051949,False,False
2026-02-20 22:00:00+00:00,67814.720000,68099.700000,67666.840000,68058.080000,0,0,0.057422,False,False
2026-02-20 23:00:00+00:00,68062.010000,68217.460000,67920.000000,68022.850000,0,0,0.059215,False,False
2026-02-21 00:00:00+00:00,68026.060000,68046.030000,67756.390000,67853.260000,0,0,0.059125,False,False
2026-02-21 01:00:00+00:00,67859.730000,67986.710000,67834.550000,67970.600000,0,0,0.054858,False,False
2026-02-21 02:00:00+00:00,67973.270000,68082.000000,67917.970000,67991.580000,0,0,0.051502,False,False
2026-02-21 03:00:00+00:00,67915.870000,67915.870000,67519.630000,67659.760000,0,0,0.051409,False,False
2026-02-21 04:00:00+00:00,67640.360000,67825.140000,67609.370000,67825.140000,0,0,0.053269,False,False
2026-02-21 05:00:00+00:00,67848.820000,67891.990000,67767.240000,67852.310000,0,0,0.051393,False,False
2026-02-21 06:00:00+00:00,67871.460000,67933.070000,67776.580000,67803.680000,0,0,0.049671,False,False
2026-02-21 07:00:00+00:00,67780.300000,67876.000000,67748.020000,67866.590000,0,0,0.048283,False,False
2026-02-21 08:00:00+00:00,67863.670000,68079.100000,67863.670000,68079.100000,0,0,0.048835,False,False
2026-02-21 09:00:00+00:00,68044.620000,68286.620000,68000.090000,68175.680000,0,0,0.047920,False,False
2026-02-21 10:00:00+00:00,68188.770000,68252.950000,68177.630000,68201.100000,0,0,0.046201,False,False
2026-02-21 11:00:00+00:00,68230.880000,68275.540000,68124.610000,68124.610000,0,0,0.047106,False,False
2026-02-21 12:00:00+00:00,68130.570000,68201.730000,67910.310000,68201.730000,0,0,0.047916,False,False
2026-02-21 13:00:00+00:00,68185.100000,68261.510000,68137.230000,68261.510000,0,0,0.053834,False,False
2026-02-21 14:00:00+00:00,68263.180000,68622.950000,68217.800000,68535.090000,0,0,0.061386,False,False
2026-02-21 15:00:00+00:00,68456.510000,68696.220000,68445.680000,68662.520000,0,0,0.062634,False,False
2026-02-21 16:00:00+00:00,68554.870000,68554.870000,68086.590000,68308.330000,0,0,0.058536,False,False
2026-02-21 17:00:00+00:00,68319.530000,68456.780000,68221.800000,68419.960000,0,0,0.058492,False,False
2026-02-21 18:00:00+00:00,68457.380000,68649.620000,68403.630000,68560.030000,0,0,0.056269,False,False
2026-02-21 19:00:00+00:00,68567.720000,68654.570000,68549.620000,68560.620000,0,0,0.054695,False,False
2026-02-21 20:00:00+00:00,68529.030000,68598.060000,68206.360000,68206.360000,0,0,0.053955,False,False
2026-02-21 21:00:00+00:00,68245.860000,68386.000000,68168.200000,68385.590000,0,0,0.053534,False,False
2026-02-21 22:00:00+00:00,68412.300000,68427.060000,67904.390000,67936.670000,0,0,0.052504,False,False
2026-02-21 23:00:00+00:00,67967.770000,68123.070000,67963.690000,68023.170000,0,0,0.052367,False,False
2026-02-22 00:00:00+00:00,67984.380000,68041.420000,67764.610000,67968.100000,0,0,0.050859,False,False
2026-02-22 01:00:00+00:00,67955.200000,68183.640000,67955.200000,68183.640000,0,1,0.052261,False,False
2026-02-22 02:00:00+00:00,68140.740000,68234.250000,67799.560000,67928.950000,0,1,0.052414,False,False
2026-02-22 03:00:00+00:00,67933.340000,68059.080000,67798.110000,68019.700000,0,1,0.054157,False,False
2026-02-22 04:00:00+00:00,68057.160000,68089.910000,67987.250000,68018.010000,0,1,0.055320,False,False
2026-02-22 05:00:00+00:00,67995.780000,68030.790000,67900.300000,67901.080000,0,1,0.056911,False,False
2026-02-22 06:00:00+00:00,67979.520000,68170.640000,67979.520000,68050.930000,0,1,0.059433,False,False
2026-02-22 07:00:00+00:00,68004.570000,68091.760000,68004.570000,68024.080000,0,1,0.060109,False,False
2026-02-22 08:00:00+00:00,68008.440000,68008.440000,67941.050000,67957.030000,0,1,0.060435,False,False
2026-02-22 09:00:00+00:00,67993.140000,68058.900000,67978.200000,68051.350000,0,1,0.060367,False,False
2026-02-22 10:00:00+00:00,68043.160000,68160.640000,68013.120000,68157.750000,0,1,0.062244,False,False
2026-02-22 11:00:00+00:00,68200.000000,68290.470000,68139.290000,68223.910000,0,1,0.063819,False,False
2026-02-22 12:00:00+00:00,68241.840000,68241.840000,67900.800000,67963.300000,0,1,0.063085,False,False
2026-02-22 13:00:00+00:00,67973.710000,68013.000000,67596.580000,67618.070000,0,1,0.064993,False,False
2026-02-22 14:00:00+00:00,67688.810000,67688.810000,67395.190000,67463.080000,0,1,0.064447,False,False
2026-02-22 15:00:00+00:00,67457.890000,67803.110000,67323.090000,67758.210000,0,1,0.063643,False,False
2026-02-22 16:00:00+00:00,67670.450000,67687.670000,67523.240000,67636.570000,0,1,0.063053,False,False
2026-02-22 17:00:00+00:00,67621.100000,67634.910000,67190.100000,67361.740000,0,1,0.061686,False,False
2026-02-22 18:00:00+00:00,67377.180000,67465.880000,67339.840000,67445.110000,0,1,0.060197,False,False
2026-02-22 19:00:00+00:00,67447.560000,67487.910000,67417.600000,67433.180000,0,1,0.058462,False,False
2026-02-22 20:00:00+00:00,67433.180000,67492.590000,67345.970000,67371.890000,0,1,0.058420,False,False
2026-02-22 21:00:00+00:00,67425.750000,67637.310000,67405.550000,67618.220000,0,1,0.059470,False,False
2026-02-22 22:00:00+00:00,67620.660000,67750.000000,67464.380000,67701.650000,0,1,0.060473,False,False
2026-02-22 23:00:00+00:00,67725.520000,67729.970000,67487.280000,67637.420000,0,1,0.057450,False,False
2026-02-23 00:00:00+00:00,67669.830000,67678.510000,66724.400000,66724.400000,0,1,0.062087,False,False
2026-02-23 01:00:00+00:00,66700.000000,66700.000000,64318.680000,64407.840000,1,0,0.079761,False,False
2026-02-23 02:00:00+00:00,64369.540000,64900.200000,64361.280000,64789.480000,0,0,0.081719,True,False
2026-02-23 03:00:00+00:00,64775.860000,65073.600000,64740.400000,64950.770000,0,0,0.074067,False,False
2026-02-23 04:00:00+00:00,64963.440000,65052.630000,64672.230000,64810.620000,0,0,0.073251,False,False
2026-02-23 05:00:00+00:00,64859.990000,65210.750000,64812.940000,65061.060000,0,0,0.075234,False,False
2026-02-23 06:00:00+00:00,65061.060000,65800.000000,65061.060000,65770.040000,0,0,0.084150,True,False
2026-02-23 07:00:00+00:00,65789.380000,66006.280000,65615.500000,65953.670000,0,0,0.087761,True,False
2026-02-23 08:00:00+00:00,65862.800000,65867.730000,65585.820000,65674.540000,0,0,0.081618,True,False
2026-02-23 09:00:00+00:00,65727.250000,66437.710000,65720.130000,66387.820000,0,1,0.089305,True,False
2026-02-23 10:00:00+00:00,66354.210000,66593.670000,66228.900000,66370.000000,0,1,0.089215,True,False
2026-02-23 11:00:00+00:00,66317.240000,66486.690000,66118.130000,66228.640000,0,1,0.078958,False,False
2026-02-23 12:00:00+00:00,66230.040000,66500.000000,66000.000000,66263.590000,0,1,0.078171,False,False
2026-02-23 13:00:00+00:00,66299.760000,66398.740000,66114.090000,66142.610000,0,1,0.070057,False,False
2026-02-23 14:00:00+00:00,66182.340000,66260.020000,65529.990000,66046.430000,0,1,0.064258,False,False
2026-02-23 15:00:00+00:00,65953.480000,66201.850000,65611.880000,65713.780000,0,1,0.055936,False,False
2026-02-23 16:00:00+00:00,65672.800000,65672.800000,65178.550000,65441.360000,0,1,0.045854,False,False
2026-02-23 17:00:00+00:00,65391.220000,65459.200000,64198.460000,64675.530000,0,0,0.040815,False,False
2026-02-23 18:00:00+00:00,64709.910000,65151.700000,64600.000000,64624.850000,0,0,0.037892,False,False
2026-02-23 19:00:00+00:00,64665.590000,64836.310000,64117.220000,64289.130000,0,0,0.032853,False,False
2026-02-23 20:00:00+00:00,64278.730000,64473.090000,63909.620000,64461.340000,0,0,0.030473,False,False
2026-02-23 21:00:00+00:00,64528.720000,64757.760000,64471.880000,64581.200000,0,0,0.026839,False,False
2026-02-23 22:00:00+00:00,64574.400000,65016.600000,64574.400000,64759.950000,0,1,0.023222,False,False
2026-02-23 23:00:00+00:00,64721.990000,64897.270000,64532.480000,64665.990000,0,1,0.018682,False,False
2026-02-24 00:00:00+00:00,64643.740000,64990.560000,64643.740000,64933.980000,0,1,0.017676,False,False
2026-02-24 01:00:00+00:00,64863.230000,64919.980000,63461.740000,64140.660000,0,0,0.021264,False,False
2026-02-24 02:00:00+00:00,64154.580000,64499.640000,64005.230000,64114.030000,0,0,0.024654,False,False
2026-02-24 03:00:00+00:00,64057.450000,64103.940000,63387.140000,63580.600000,0,0,0.024826,False,False
2026-02-24 04:00:00+00:00,63579.700000,63608.600000,62872.350000,63380.000000,0,0,0.029609,False,False
2026-02-24 05:00:00+00:00,63338.500000,63545.770000,62726.800000,63097.560000,0,0,0.032909,False,False
2026-02-24 06:00:00+00:00,63081.690000,63300.030000,62951.670000,63072.280000,0,0,0.033943,False,False
2026-02-24 07:00:00+00:00,63101.440000,63363.040000,62929.090000,63050.310000,0,0,0.033790,False,False
2026-02-24 08:00:00+00:00,63133.670000,63416.200000,63099.700000,63377.230000,0,0,0.037858,False,False
2026-02-24 09:00:00+00:00,63395.280000,63395.280000,62942.830000,63192.220000,0,0,0.035555,False,False
2026-02-24 10:00:00+00:00,63222.800000,63363.770000,63174.640000,63325.230000,0,0,0.033423,False,False
2026-02-24 11:00:00+00:00,63301.560000,63311.180000,63096.380000,63200.790000,0,0,0.029823,False,False
2026-02-24 12:00:00+00:00,63201.920000,63349.390000,62976.520000,62987.630000,0,0,0.023733,False,False
2026-02-24 13:00:00+00:00,63016.010000,63112.420000,62550.790000,62911.670000,1,0,0.019289,False,False
2026-02-24 14:00:00+00:00,62855.140000,63833.800000,62787.510000,63463.880000,1,0,0.018020,False,False
2026-02-24 15:00:00+00:00,63438.410000,64013.240000,63316.260000,64013.240000,1,0,0.023964,False,False
2026-02-24 16:00:00+00:00,63978.110000,64417.250000,63730.000000,64276.240000,0,0,0.027631,False,False
2026-02-24 17:00:00+00:00,64297.390000,64501.500000,64077.620000,64231.920000,1,0,0.027261,False,False
2026-02-24 18:00:00+00:00,64206.840000,64500.000000,63940.990000,64421.490000,0,0,0.027595,False,False
2026-02-24 19:00:00+00:00,64427.310000,64726.320000,64269.570000,64471.140000,0,0,0.026581,False,False
2026-02-24 20:00:00+00:00,64448.400000,64581.000000,64313.350000,64464.220000,0,0,0.023731,False,False
2026-02-24 21:00:00+00:00,64295.380000,64295.380000,63848.600000,64054.730000,1,0,0.018077,False,False
2026-02-24 22:00:00+00:00,63981.170000,64214.470000,63981.170000,64094.230000,1,0,0.012464,False,False
2026-02-24 23:00:00+00:00,64100.460000,64248.280000,63848.610000,64024.600000,1,0,0.004933,False,False
2026-02-25 00:00:00+00:00,64072.620000,64276.600000,63910.910000,64211.670000,1,0,-0.001922,False,False
2026-02-25 01:00:00+00:00,64227.810000,66310.290000,64160.250000,65938.250000,0,0,0.006808,False,False
2026-02-25 02:00:00+00:00,65996.080000,66289.390000,65887.350000,65918.910000,0,0,0.006069,False,False
2026-02-25 03:00:00+00:00,65886.720000,65932.680000,65365.060000,65389.590000,0,0,0.003115,False,False
2026-02-25 04:00:00+00:00,65386.140000,65637.110000,65131.400000,65453.320000,0,0,0.001009,False,False
2026-02-25 05:00:00+00:00,65444.350000,65499.510000,64754.910000,64870.320000,1,0,-0.004055,False,False
2026-02-25 06:00:00+00:00,64932.020000,65128.470000,64891.230000,64891.230000,1,0,-0.005650,False,False
2026-02-25 07:00:00+00:00,64927.640000,65179.750000,64834.860000,65057.740000,1,0,-0.004783,False,False
2026-02-25 08:00:00+00:00,65041.890000,65570.720000,64974.620000,65492.000000,1,0,-0.001245,False,False
2026-02-25 09:00:00+00:00,65523.330000,65691.930000,65407.570000,65556.840000,1,0,0.001016,False,False
2026-02-25 10:00:00+00:00,65567.510000,65627.860000,65345.940000,65381.380000,1,0,0.001142,False,False
2026-02-25 11:00:00+00:00,65341.510000,65432.850000,65226.160000,65431.170000,1,0,0.000844,False,False
2026-02-25 12:00:00+00:00,65436.020000,66210.700000,65401.960000,66056.540000,1,0,0.005085,False,False
2026-02-25 13:00:00+00:00,66055.000000,66717.700000,66031.610000,66231.330000,1,0,0.014046,False,False
2026-02-25 14:00:00+00:00,66279.390000,67017.110000,66244.500000,67006.740000,1,0,0.027854,False,False
2026-02-25 15:00:00+00:00,66960.350000,67578.040000,66738.600000,67410.090000,1,0,0.037066,False,False
2026-02-25 16:00:00+00:00,67440.140000,68327.290000,67425.140000,68281.060000,0,0,0.049302,False,False
2026-02-25 17:00:00+00:00,68252.920000,68884.730000,68033.470000,68703.820000,0,0,0.054709,False,False
2026-02-25 18:00:00+00:00,68701.000000,69545.310000,68382.970000,69338.630000,0,0,0.057167,False,False
2026-02-25 19:00:00+00:00,69406.120000,69406.120000,68800.000000,69040.240000,0,0,0.048952,False,False
2026-02-25 20:00:00+00:00,69063.500000,69354.900000,68664.770000,69172.000000,0,0,0.043416,False,False
2026-02-25 21:00:00+00:00,69123.640000,70100.000000,68767.930000,68934.120000,0,1,0.037140,False,False
2026-02-25 22:00:00+00:00,68916.390000,69182.060000,68064.900000,68459.590000,0,0,0.029670,False,False
2026-02-25 23:00:00+00:00,68410.210000,68683.280000,67601.640000,67957.930000,0,0,0.021368,False,False
2026-02-26 00:00:00+00:00,67991.860000,68523.580000,67725.280000,68341.690000,0,0,0.017190,False,False
2026-02-26 01:00:00+00:00,68341.690000,68687.300000,68213.610000,68240.710000,0,0,0.005406,False,False
2026-02-26 02:00:00+00:00,68265.790000,68388.830000,67799.560000,68271.730000,0,0,-0.000114,False,False
2026-02-26 03:00:00+00:00,68283.190000,68330.160000,68055.200000,68230.000000,0,0,-0.002128,False,False
2026-02-26 04:00:00+00:00,68176.110000,68859.670000,68176.110000,68599.280000,0,1,0.000639,False,False
2026-02-26 05:00:00+00:00,68584.590000,68584.590000,68142.860000,68442.570000,0,0,0.004910,False,False
2026-02-26 06:00:00+00:00,68457.030000,68497.300000,68068.860000,68173.090000,0,0,0.010269,False,False
2026-02-26 07:00:00+00:00,68236.930000,68267.890000,67832.230000,67867.490000,0,0,0.016620,False,False
2026-02-26 08:00:00+00:00,67876.960000,68179.180000,67815.380000,67917.580000,0,0,0.021866,False,False
2026-02-26 09:00:00+00:00,67988.820000,68615.600000,67988.820000,68548.410000,0,0,0.033049,False,False
2026-02-26 10:00:00+00:00,68586.720000,68680.340000,68277.410000,68289.800000,0,0,0.042142,False,False
2026-02-26 11:00:00+00:00,68287.250000,68387.870000,67985.410000,68041.220000,0,0,0.050897,False,False
2026-02-26 12:00:00+00:00,68141.420000,68264.010000,68014.450000,68135.620000,0,0,0.059689,False,False
2026-02-26 13:00:00+00:00,68194.540000,68206.050000,67863.720000,67863.720000,0,0,0.070599,False,False
2026-02-26 14:00:00+00:00,67903.970000,68263.000000,67275.030000,67718.350000,0,0,0.079657,False,False
2026-02-26 15:00:00+00:00,67753.210000,67767.990000,66759.400000,67365.380000,0,0,0.085836,True,False
2026-02-26 16:00:00+00:00,67355.070000,67557.890000,66535.110000,66635.840000,1,0,0.093098,True,False
2026-02-26 17:00:00+00:00,66619.910000,68828.000000,66601.650000,66823.330000,0,0,0.093507,True,False
2026-02-26 18:00:00+00:00,66849.690000,67364.010000,66581.670000,67301.680000,0,0,0.093594,True,False
2026-02-26 19:00:00+00:00,67306.290000,67863.600000,67306.290000,67675.820000,0,0,0.094310,True,False
2026-02-26 20:00:00+00:00,67639.200000,67826.960000,67215.580000,67416.230000,0,0,0.084492,True,False
2026-02-26 21:00:00+00:00,67344.100000,67550.890000,67142.270000,67413.780000,0,0,0.079630,False,False
2026-02-26 22:00:00+00:00,67455.060000,67604.280000,67300.020000,67540.960000,0,0,0.079027,False,False
2026-02-26 23:00:00+00:00,67542.140000,67647.070000,67412.200000,67481.400000,0,0,0.080323,True,False
2026-02-27 00:00:00+00:00,67468.080000,67526.120000,67012.700000,67218.430000,0,0,0.079164,False,False
2026-02-27 01:00:00+00:00,67199.560000,67327.470000,66890.140000,67327.470000,0,0,0.077892,False,False
2026-02-27 02:00:00+00:00,67314.190000,67514.250000,67284.200000,67314.030000,0,0,0.076227,False,False
2026-02-27 03:00:00+00:00,67267.810000,67702.860000,67092.170000,67666.860000,0,0,0.080256,True,False
2026-02-27 04:00:00+00:00,67612.500000,68206.360000,67612.500000,67730.830000,0,0,0.074060,False,False
2026-02-27 05:00:00+00:00,67739.220000,67898.120000,67678.950000,67748.940000,0,0,0.064975,False,False
2026-02-27 06:00:00+00:00,67749.220000,67780.650000,67543.930000,67702.780000,0,0,0.062106,False,False
2026-02-27 07:00:00+00:00,67681.030000,67722.740000,67459.520000,67650.890000,0,0,0.061342,False,False
2026-02-27 08:00:00+00:00,67863.690000,68075.890000,67750.240000,67977.920000,0,1,0.064229,False,False
2026-02-27 09:00:00+00:00,67926.520000,68158.450000,67353.320000,67371.450000,0,1,0.058849,False,False
2026-02-27 10:00:00+00:00,67316.310000,67404.790000,66581.670000,66611.710000,0,1,0.059510,False,False
2026-02-27 11:00:00+00:00,66651.690000,66767.610000,65982.200000,66125.660000,0,1,0.057866,False,False
2026-02-27 12:00:00+00:00,66115.970000,66206.410000,65764.500000,65880.190000,0,0,0.053832,False,False
2026-02-27 13:00:00+00:00,65999.350000,66312.480000,65683.250000,66260.780000,0,1,0.053294,False,False
2026-02-27 14:00:00+00:00,66305.170000,66321.680000,65699.690000,65864.580000,0,0,0.051466,False,False
2026-02-27 15:00:00+00:00,65943.310000,66312.480000,65874.650000,66135.910000,0,1,0.052971,False,False
2026-02-27 16:00:00+00:00,66040.370000,66121.670000,65465.690000,65490.350000,0,0,0.056891,False,False
2026-02-27 17:00:00+00:00,65525.390000,65722.870000,65113.440000,65715.510000,0,1,0.062373,False,False
2026-02-27 18:00:00+00:00,65714.550000,65759.430000,65217.430000,65291.680000,0,0,0.061928,False,False
2026-02-27 19:00:00+00:00,65305.710000,65424.220000,65197.740000,65406.830000,0,0,0.062039,False,False
2026-02-27 20:00:00+00:00,65407.180000,65662.250000,65341.500000,65567.430000,0,0,0.059286,False,False
2026-02-27 21:00:00+00:00,65614.520000,65742.600000,65432.710000,65532.110000,0,0,0.055327,False,False
2026-02-27 22:00:00+00:00,65578.330000,65649.180000,64979.520000,65647.250000,0,1,0.054735,False,False
2026-02-27 23:00:00+00:00,65634.890000,65952.750000,65567.730000,65882.980000,0,1,0.057470,False,False
2026-02-28 00:00:00+00:00,65848.730000,66006.000000,65741.890000,65963.360000,0,1,0.059194,False,False
2026-02-28 01:00:00+00:00,65931.890000,65985.010000,65778.650000,65795.790000,0,1,0.056613,False,False
2026-02-28 02:00:00+00:00,65817.800000,66010.610000,65762.950000,65970.000000,0,1,0.057522,False,False
2026-02-28 03:00:00+00:00,65970.930000,65973.400000,65754.730000,65815.330000,0,1,0.054238,False,False
2026-02-28 04:00:00+00:00,65814.380000,65826.990000,65409.230000,65710.180000,0,1,0.050230,False,False
2026-02-28 05:00:00+00:00,65682.350000,65713.380000,65506.650000,65594.660000,0,1,0.045691,False,False
2026-02-28 06:00:00+00:00,65602.690000,65603.190000,63047.830000,63175.210000,1,0,0.055649,False,False
2026-02-28 07:00:00+00:00,63181.180000,64261.650000,63101.030000,63841.860000,0,0,0.053349,False,False
2026-02-28 08:00:00+00:00,63812.280000,63864.610000,63450.190000,63511.580000,1,0,0.038105,False,False
2026-02-28 09:00:00+00:00,63464.130000,63928.260000,63383.860000,63680.180000,1,0,0.035844,False,False
2026-02-28 10:00:00+00:00,63636.770000,64102.950000,63481.780000,63950.600000,1,0,0.036408,False,False
2026-02-28 11:00:00+00:00,63986.020000,64267.570000,63795.870000,63795.870000,1,0,0.034806,False,False
2026-02-28 12:00:00+00:00,63895.720000,64077.500000,63820.310000,64014.670000,1,0,0.037553,False,False
2026-02-28 13:00:00+00:00,64024.700000,65206.100000,63903.630000,65153.100000,0,0,0.051321,False,False
2026-02-28 14:00:00+00:00,65195.080000,65340.680000,64284.980000,64430.260000,1,0,0.046904,False,False
2026-02-28 15:00:00+00:00,64446.640000,65019.110000,64222.330000,64831.120000,1,0,0.046094,False,False
2026-02-28 16:00:00+00:00,64829.530000,65179.090000,64690.800000,65140.570000,1,0,0.049422,False,False
2026-02-28 17:00:00+00:00,65073.730000,65553.020000,64846.820000,65455.980000,1,0,0.053489,False,False
2026-02-28 18:00:00+00:00,65376.210000,66168.340000,65195.190000,65892.980000,1,0,0.057347,False,False
2026-02-28 19:00:00+00:00,65937.450000,66676.570000,65614.750000,66384.420000,0,0,0.063896,False,False
2026-02-28 20:00:00+00:00,66338.150000,67139.220000,66196.490000,66935.110000,0,0,0.066631,False,False
2026-02-28 21:00:00+00:00,66972.040000,67008.140000,66391.670000,66726.380000,0,0,0.056543,False,False
2026-02-28 22:00:00+00:00,66785.820000,67729.870000,66638.060000,67174.010000,0,0,0.051292,False,False
2026-02-28 23:00:00+00:00,67106.220000,67194.110000,66738.600000,66954.130000,0,0,0.036637,False,False
2026-03-01 00:00:00+00:00,66990.400000,67113.800000,66639.390000,66793.080000,0,0,0.020711,False,False
2026-03-01 01:00:00+00:00,66663.450000,67706.500000,66010.360000,67330.030000,0,0,0.014122,False,False
2026-03-01 02:00:00+00:00,67394.110000,68200.000000,67381.710000,67617.580000,0,1,0.002774,False,False
2026-03-01 03:00:00+00:00,67639.990000,67799.340000,67381.330000,67501.900000,0,1,-0.008633,False,False
2026-03-01 04:00:00+00:00,67510.660000,67615.360000,67079.440000,67338.550000,0,1,-0.018408,False,False
2026-03-01 05:00:00+00:00,67376.720000,67568.600000,67215.490000,67281.200000,0,1,-0.027461,False,False
2026-03-01 06:00:00+00:00,67337.830000,67337.830000,66799.410000,66963.030000,0,0,-0.028618,False,False
2026-03-01 07:00:00+00:00,66940.530000,67223.040000,66802.350000,67104.630000,0,1,-0.027664,False,False
2026-03-01 08:00:00+00:00,67156.050000,67275.080000,66446.000000,66446.000000,0,0,-0.025074,False,False
2026-03-01 09:00:00+00:00,66551.830000,66777.130000,66259.750000,66375.020000,0,0,-0.019531,False,False
2026-03-01 10:00:00+00:00,66413.030000,66681.600000,66231.290000,66489.320000,0,0,-0.013923,False,False
2026-03-01 11:00:00+00:00,66481.270000,66633.320000,66429.750000,66478.960000,0,0,-0.005714,False,False
2026-03-01 12:00:00+00:00,66476.930000,66553.130000,66263.250000,66303.960000,0,0,0.002764,False,False
2026-03-01 13:00:00+00:00,66328.370000,67323.070000,66136.100000,66946.690000,0,0,0.010046,False,False
2026-03-01 14:00:00+00:00,66965.250000,67302.110000,66784.080000,66863.100000,0,0,0.018891,False,False
2026-03-01 15:00:00+00:00,66843.790000,67226.830000,66809.920000,66870.520000,0,0,0.025293,False,False
2026-03-01 16:00:00+00:00,66899.000000,67108.450000,65838.640000,66165.090000,0,0,0.032462,False,False
2026-03-01 17:00:00+00:00,66131.510000,66221.810000,65718.240000,66039.030000,0,0,0.039120,False,False
2026-03-01 18:00:00+00:00,66046.190000,66637.700000,66005.480000,66290.610000,0,0,0.042632,False,False
2026-03-01 19:00:00+00:00,66323.640000,66361.660000,65756.420000,65964.390000,0,0,0.044395,False,False
2026-03-01 20:00:00+00:00,65959.160000,65965.950000,65080.410000,65375.020000,1,0,0.046908,False,False
2026-03-01 21:00:00+00:00,65317.670000,65748.930000,65278.110000,65666.560000,0,0,0.047667,False,False
2026-03-01 22:00:00+00:00,65669.640000,66467.170000,65050.370000,65201.990000,1,0,0.046604,False,False
2026-03-01 23:00:00+00:00,65254.440000,66032.780000,65127.150000,65721.170000,0,0,0.050571,False,False
2026-03-02 00:00:00+00:00,65792.280000,66774.300000,65792.280000,66511.740000,0,0,0.060922,False,False
2026-03-02 01:00:00+00:00,66538.530000,67061.800000,66389.580000,66537.010000,0,0,0.058803,False,False
2026-03-02 02:00:00+00:00,66533.940000,66592.770000,65925.470000,66276.390000,0,0,0.051831,False,False
2026-03-02 03:00:00+00:00,66297.640000,67044.110000,66165.270000,66818.830000,0,0,0.055079,False,False
2026-03-02 04:00:00+00:00,66830.270000,66967.740000,66660.660000,66819.420000,0,0,0.055830,False,False
2026-03-02 05:00:00+00:00,66878.790000,66999.990000,66624.600000,66706.190000,0,0,0.050652,False,False
2026-03-02 06:00:00+00:00,66562.010000,66643.720000,66114.950000,66226.160000,0,0,0.048578,False,False
2026-03-02 07:00:00+00:00,66183.180000,66183.180000,65579.720000,65982.500000,0,0,0.044125,False,False
2026-03-02 08:00:00+00:00,65980.530000,66277.610000,65675.020000,66277.610000,0,0,0.039613,False,False
2026-03-02 09:00:00+00:00,66224.410000,66694.420000,66182.350000,66182.350000,0,0,0.036438,False,False
2026-03-02 10:00:00+00:00,66158.700000,66366.380000,66116.640000,66293.790000,0,0,0.029358,False,False
2026-03-02 11:00:00+00:00,66311.720000,66450.820000,66013.800000,66356.720000,0,0,0.025630,False,False
2026-03-02 12:00:00+00:00,66349.090000,66398.200000,65920.030000,65968.710000,0,0,0.025169,False,False
2026-03-02 13:00:00+00:00,65968.710000,66119.000000,65367.670000,65454.500000,1,0,0.024131,False,False
2026-03-02 14:00:00+00:00,65408.260000,67201.200000,65280.480000,66990.000000,1,0,0.031312,False,False
2026-03-02 15:00:00+00:00,67228.610000,69609.250000,67012.420000,69121.300000,0,0,0.063786,False,False
2026-03-02 16:00:00+00:00,69114.390000,70100.000000,68986.710000,69457.720000,0,1,0.069985,False,False
2026-03-02 17:00:00+00:00,69447.900000,69564.670000,68805.790000,69191.040000,0,1,0.056639,False,False
2026-03-02 18:00:00+00:00,69177.670000,69256.100000,68761.920000,68875.700000,0,0,0.053119,False,False
2026-03-02 19:00:00+00:00,68852.700000,69033.040000,68573.130000,68952.330000,0,0,0.047435,False,False
2026-03-02 20:00:00+00:00,68938.110000,69500.000000,68588.180000,69215.320000,0,1,0.046184,False,False
2026-03-02 21:00:00+00:00,69148.500000,69537.860000,69013.920000,69433.110000,0,1,0.043359,False,False
2026-03-02 22:00:00+00:00,69417.420000,69468.230000,69175.700000,69437.840000,0,1,0.040016,False,False
2026-03-02 23:00:00+00:00,69430.310000,69471.690000,68782.500000,68811.430000,0,0,0.032613,False,False
2026-03-03 00:00:00+00:00,68881.130000,69157.500000,68650.000000,69098.610000,0,1,0.019853,False,False
2026-03-03 01:00:00+00:00,69073.000000,69247.840000,68797.060000,68797.060000,0,1,-0.000303,False,False
2026-03-03 02:00:00+00:00,68703.630000,68703.630000,68263.010000,68547.430000,0,1,-0.008046,False,False
2026-03-03 03:00:00+00:00,68549.510000,68549.510000,68232.190000,68337.730000,0,1,-0.009185,False,False
2026-03-03 04:00:00+00:00,68390.580000,68458.130000,68067.980000,68124.730000,0,0,-0.009158,False,False
2026-03-03 05:00:00+00:00,68186.370000,68530.010000,67853.270000,67967.580000,0,0,-0.007505,False,False
2026-03-03 06:00:00+00:00,67964.930000,68208.500000,67824.590000,68134.500000,0,0,-0.002922,False,False
2026-03-03 07:00:00+00:00,68112.650000,68279.420000,67977.790000,68195.330000,0,0,0.003635,False,False
2026-03-03 08:00:00+00:00,68173.500000,68301.890000,66958.030000,66964.940000,0,0,0.011378,False,False
2026-03-03 09:00:00+00:00,67028.380000,67200.300000,66361.330000,66617.430000,0,0,0.021856,False,False
2026-03-03 10:00:00+00:00,66648.200000,66986.090000,66481.660000,66848.420000,0,0,0.028396,False,False
2026-03-03 11:00:00+00:00,66859.690000,67131.190000,66787.750000,67034.200000,0,0,0.041206,False,False
2026-03-03 12:00:00+00:00,67073.650000,67948.070000,67060.010000,67388.620000,0,0,0.057040,False,False
2026-03-03 13:00:00+00:00,67425.370000,67425.370000,66673.030000,66812.530000,0,0,0.072017,False,False
2026-03-03 14:00:00+00:00,66937.140000,67573.090000,66171.200000,66575.810000,1,0,0.083721,True,False
2026-03-03 15:00:00+00:00,66630.720000,67799.560000,66529.320000,67673.300000,1,0,0.095303,True,False
2026-03-03 16:00:00+00:00,67688.360000,68991.950000,67520.000000,68192.380000,0,0,0.105783,True,False
2026-03-03 17:00:00+00:00,68162.390000,68412.380000,67698.130000,68310.370000,0,0,0.098508,True,False
2026-03-03 18:00:00+00:00,68317.950000,68910.640000,68006.590000,68622.260000,0,0,0.100615,True,False
2026-03-03 19:00:00+00:00,68623.800000,68875.260000,68330.430000,68452.590000,0,0,0.101232,True,False
2026-03-03 20:00:00+00:00,68454.550000,68527.920000,68116.030000,68200.000000,0,0,0.098318,True,False
2026-03-03 21:00:00+00:00,68247.050000,68247.050000,67842.130000,68037.440000,0,0,0.088652,True,False
2026-03-03 22:00:00+00:00,68054.990000,68520.840000,68054.990000,68279.860000,0,0,0.080061,True,False
2026-03-03 23:00:00+00:00,68270.440000,68755.310000,68255.280000,68263.230000,0,0,0.073315,False,False
2026-03-04 00:00:00+00:00,68244.810000,68400.000000,67925.420000,68174.990000,0,0,0.064014,False,False
2026-03-04 01:00:00+00:00,68104.800000,68898.000000,67987.170000,68404.700000,0,0,0.054307,False,False
2026-03-04 02:00:00+00:00,68430.290000,68456.860000,67978.690000,68325.170000,0,0,0.038111,False,False
2026-03-04 03:00:00+00:00,68283.650000,68349.960000,67416.720000,67640.890000,1,0,0.033781,False,False
2026-03-04 04:00:00+00:00,67797.860000,67963.210000,67508.640000,67800.260000,1,0,0.031585,False,False
2026-03-04 05:00:00+00:00,67812.660000,68375.000000,67690.790000,68213.050000,1,0,0.030821,False,False
2026-03-04 06:00:00+00:00,68117.180000,68680.340000,68073.900000,68521.850000,1,0,0.030937,False,False
2026-03-04 07:00:00+00:00,68570.390000,69626.620000,68382.160000,69508.720000,1,0,0.040210,False,False
2026-03-04 08:00:00+00:00,69543.700000,71153.370000,69139.240000,70988.100000,1,0,0.067289,False,False
2026-03-04 09:00:00+00:00,71015.050000,71868.110000,70748.330000,71438.320000,0,0,0.078209,False,False
2026-03-04 10:00:00+00:00,71548.670000,71863.300000,71221.530000,71322.000000,0,0,0.071557,False,False
2026-03-04 11:00:00+00:00,71369.600000,71490.560000,70903.560000,71119.460000,0,0,0.071125,False,False
2026-03-04 12:00:00+00:00,71112.350000,71344.170000,70585.010000,71344.170000,1,0,0.070258,False,False
2026-03-04 13:00:00+00:00,71307.620000,71616.170000,71266.350000,71505.950000,1,0,0.072949,False,False
2026-03-04 14:00:00+00:00,71486.670000,72613.190000,71303.710000,71594.100000,1,0,0.072604,False,False
2026-03-04 15:00:00+00:00,71636.700000,73475.870000,71636.700000,73377.100000,0,0,0.087284,True,False
2026-03-04 16:00:00+00:00,73382.720000,73513.090000,72558.360000,73315.820000,0,0,0.068403,False,False
2026-03-04 17:00:00+00:00,73278.370000,73750.000000,72998.290000,73232.440000,0,0,0.039857,False,False
2026-03-04 18:00:00+00:00,73216.770000,73703.250000,72935.870000,73684.380000,0,1,0.025251,False,False
2026-03-04 19:00:00+00:00,73684.380000,74038.220000,73539.010000,73710.050000,0,1,0.012543,False,False
2026-03-04 20:00:00+00:00,73675.620000,73715.010000,73047.490000,73047.490000,0,0,0.002789,False,False
2026-03-04 21:00:00+00:00,73014.090000,73350.250000,72890.000000,73350.250000,0,1,-0.000431,False,False
2026-03-04 22:00:00+00:00,73355.240000,73542.030000,72636.050000,72691.660000,0,0,-0.007172,False,False
2026-03-04 23:00:00+00:00,72726.030000,72877.000000,72339.570000,72747.380000,0,0,-0.010005,False,False
2026-03-05 00:00:00+00:00,72701.610000,73000.000000,72565.610000,72784.980000,0,0,-0.011858,False,False
2026-03-05 01:00:00+00:00,72750.470000,73282.550000,72411.020000,72457.030000,0,0,-0.012477,False,False
2026-03-05 02:00:00+00:00,72591.430000,72874.800000,72348.070000,72518.700000,0,0,-0.011267,False,False
2026-03-05 03:00:00+00:00,72521.110000,72729.790000,72369.410000,72493.500000,0,0,-0.003764,False,False
2026-03-05 04:00:00+00:00,72532.000000,73057.540000,72452.540000,72807.770000,0,0,0.007052,False,False
2026-03-05 05:00:00+00:00,72826.360000,72868.770000,72263.360000,72388.330000,0,0,0.017114,False,False
2026-03-05 06:00:00+00:00,72367.100000,72639.490000,72052.780000,72549.190000,0,0,0.028943,False,False
2026-03-05 07:00:00+00:00,72567.260000,72663.570000,71812.230000,72056.070000,0,0,0.036871,False,False
2026-03-05 08:00:00+00:00,72067.610000,72342.470000,71765.530000,72340.040000,0,0,0.041766,False,False
2026-03-05 09:00:00+00:00,72388.100000,72856.110000,72388.100000,72596.990000,0,0,0.043925,False,False
2026-03-05 10:00:00+00:00,72625.430000,73565.000000,72565.720000,73415.730000,0,1,0.057496,False,False
2026-03-05 11:00:00+00:00,73402.090000,73440.970000,72809.610000,72861.780000,0,1,0.058930,False,False
2026-03-05 12:00:00+00:00,72932.200000,73043.350000,72722.090000,72904.160000,0,1,0.061813,False,False
2026-03-05 13:00:00+00:00,72916.170000,72933.960000,72207.860000,72461.470000,0,1,0.063752,False,False
2026-03-05 14:00:00+00:00,72490.460000,72827.720000,71975.060000,72640.770000,0,1,0.069102,False,False
2026-03-05 15:00:00+00:00,72701.320000,72701.320000,71192.900000,71510.560000,0,1,0.068768,False,False
2026-03-05 16:00:00+00:00,71574.740000,71622.210000,70800.000000,71277.460000,0,1,0.067573,False,False
2026-03-05 17:00:00+00:00,71337.000000,71567.860000,70644.770000,70697.550000,0,0,0.061856,False,False
2026-03-05 18:00:00+00:00,70678.340000,71123.070000,70678.340000,71002.330000,0,0,0.058548,False,False
2026-03-05 19:00:00+00:00,71012.120000,71401.600000,70871.420000,70962.590000,0,0,0.052941,False,False
2026-03-05 20:00:00+00:00,70961.420000,71373.400000,70857.150000,71249.800000,0,1,0.051007,False,False
2026-03-05 21:00:00+00:00,71272.250000,71549.850000,71032.140000,71136.000000,0,1,0.047647,False,False
2026-03-05 22:00:00+00:00,71166.340000,71340.160000,71076.280000,71236.500000,0,1,0.044819,False,False
2026-03-05 23:00:00+00:00,71216.380000,71309.180000,70778.400000,70858.600000,0,0,0.042838,False,False
2026-03-06 00:00:00+00:00,70894.730000,71048.980000,70842.940000,70966.460000,0,0,0.040019,False,False
2026-03-06 01:00:00+00:00,70959.230000,71276.030000,70408.420000,71276.030000,0,1,0.039904,False,False
2026-03-06 02:00:00+00:00,71256.200000,71397.250000,71040.170000,71234.890000,0,1,0.033651,False,False
2026-03-06 03:00:00+00:00,71255.580000,71265.700000,71000.000000,71089.960000,0,1,0.031085,False,False
2026-03-06 04:00:00+00:00,71060.730000,71102.020000,70286.610000,70615.090000,0,0,0.028804,False,False
2026-03-06 05:00:00+00:00,70587.920000,70675.910000,70122.070000,70440.200000,0,0,0.026476,False,False
2026-03-06 06:00:00+00:00,70444.270000,70811.670000,70281.190000,70608.460000,0,0,0.023376,False,False
2026-03-06 07:00:00+00:00,70656.820000,71153.370000,70495.580000,71109.690000,0,1,0.026189,False,False
2026-03-06 08:00:00+00:00,70984.630000,70993.330000,70774.390000,70774.390000,0,1,0.022558,False,False
2026-03-06 09:00:00+00:00,70799.920000,70799.920000,70349.000000,70498.360000,0,1,0.019296,False,False
2026-03-06 10:00:00+00:00,70568.860000,70763.130000,70526.040000,70583.710000,0,1,0.013401,False,False
2026-03-06 11:00:00+00:00,70471.490000,70625.980000,70200.000000,70227.800000,0,1,0.008602,False,False
2026-03-06 12:00:00+00:00,70207.680000,70241.510000,69677.710000,69925.800000,0,1,0.004816,False,False
2026-03-06 13:00:00+00:00,70024.800000,70277.250000,69247.890000,69247.890000,0,0,0.000434,False,False
2026-03-06 14:00:00+00:00,69219.440000,69235.400000,68189.230000,68189.230000,0,0,-0.004529,False,False
2026-03-06 15:00:00+00:00,68416.080000,69056.200000,68310.210000,68506.200000,0,0,-0.005679,False,False
2026-03-06 16:00:00+00:00,68517.110000,68779.800000,68260.140000,68439.020000,0,0,-0.006629,False,False
2026-03-06 17:00:00+00:00,68519.450000,68667.930000,67763.000000,68060.280000,0,0,-0.002921,False,False
2026-03-06 18:00:00+00:00,67945.020000,68470.650000,67945.020000,68177.690000,0,0,-0.000344,False,False
2026-03-06 19:00:00+00:00,68270.820000,68433.900000,68008.700000,68117.970000,0,0,0.000181,False,False
2026-03-06 20:00:00+00:00,68173.840000,68265.370000,67799.560000,68112.700000,0,0,0.000944,False,False
2026-03-06 21:00:00+00:00,68116.400000,68327.980000,67936.910000,68321.110000,0,0,0.002343,False,False
2026-03-06 22:00:00+00:00,68283.930000,68433.750000,68248.140000,68355.600000,0,0,0.001302,False,False
2026-03-06 23:00:00+00:00,68287.970000,68373.720000,68118.250000,68118.250000,0,0,-0.000581,False,False
2026-03-07 00:00:00+00:00,68127.770000,68349.090000,68121.410000,68307.180000,0,0,-0.003025,False,False
2026-03-07 01:00:00+00:00,68252.630000,68365.460000,68183.410000,68277.300000,0,0,-0.007347,False,False
2026-03-07 02:00:00+00:00,68227.480000,68345.070000,68067.710000,68345.070000,0,0,-0.008883,False,False
2026-03-07 03:00:00+00:00,68370.400000,68550.690000,68126.440000,68144.770000,0,0,-0.011919,False,False
2026-03-07 04:00:00+00:00,68111.810000,68141.570000,67854.000000,68082.300000,0,0,-0.013616,False,False
2026-03-07 05:00:00+00:00,68065.280000,68139.270000,67931.560000,68002.800000,0,0,-0.016013,False,False
2026-03-07 06:00:00+00:00,68008.000000,68034.150000,67640.860000,67710.560000,0,0,-0.017780,False,False
2026-03-07 07:00:00+00:00,67695.700000,67839.120000,67481.800000,67839.120000,0,0,-0.020662,False,False
2026-03-07 08:00:00+00:00,67850.100000,68036.600000,67790.600000,67790.600000,0,0,-0.023470,False,False
2026-03-07 09:00:00+00:00,67817.040000,68049.300000,67817.040000,68026.370000,0,0,-0.024318,False,False
2026-03-07 10:00:00+00:00,68010.860000,68098.690000,67914.630000,67914.630000,0,0,-0.026766,False,False
2026-03-07 11:00:00+00:00,67909.280000,68218.200000,67889.260000,68026.460000,0,0,-0.026986,False,False
2026-03-07 12:00:00+00:00,68015.630000,68087.840000,67914.430000,67985.590000,0,0,-0.028787,False,False
2026-03-07 13:00:00+00:00,68005.550000,68066.500000,67914.730000,67914.730000,0,0,-0.029504,False,False
2026-03-07 14:00:00+00:00,67906.890000,68065.690000,67611.520000,68046.060000,0,0,-0.028336,False,False
2026-03-07 15:00:00+00:00,68005.050000,68030.020000,67804.060000,67882.480000,0,0,-0.028387,False,False
2026-03-07 16:00:00+00:00,67868.650000,67896.380000,67760.220000,67847.630000,0,0,-0.027907,False,False
2026-03-07 17:00:00+00:00,67816.510000,67931.510000,67766.920000,67766.920000,0,0,-0.026977,False,False
2026-03-07 18:00:00+00:00,67755.440000,67755.440000,67500.000000,67590.300000,0,0,-0.026906,False,False
2026-03-07 19:00:00+00:00,67550.240000,67561.600000,66933.550000,67111.020000,0,0,-0.027455,False,False
2026-03-07 20:00:00+00:00,67110.990000,67430.000000,67110.990000,67405.020000,0,0,-0.026006,False,False
2026-03-07 21:00:00+00:00,67422.400000,67482.060000,67275.030000,67452.940000,0,0,-0.025936,False,False
2026-03-07 22:00:00+00:00,67450.910000,67462.380000,67128.050000,67252.120000,0,0,-0.024639,False,False
2026-03-07 23:00:00+00:00,67306.200000,67397.000000,67189.490000,67264.190000,0,0,-0.023426,False,False
2026-03-08 00:00:00+00:00,67289.130000,67473.400000,67170.750000,67180.400000,0,0,-0.023390,False,False
2026-03-08 01:00:00+00:00,67195.510000,67373.210000,67107.110000,67350.710000,0,0,-0.022977,False,False
2026-03-08 02:00:00+00:00,67271.910000,67395.060000,66863.640000,66943.170000,0,0,-0.024629,False,False
2026-03-08 03:00:00+00:00,66918.590000,67073.690000,66918.590000,67005.800000,0,0,-0.023971,False,False
2026-03-08 04:00:00+00:00,67017.590000,67080.000000,66581.670000,66623.960000,0,0,-0.025524,False,False
2026-03-08 05:00:00+00:00,66653.210000,67233.380000,66653.210000,67160.460000,0,0,-0.023242,False,False
2026-03-08 06:00:00+00:00,67191.880000,67200.000000,67054.570000,67182.960000,0,0,-0.021741,False,False
2026-03-08 07:00:00+00:00,67175.370000,67421.030000,67165.650000,67321.410000,0,0,-0.017373,False,False
2026-03-08 08:00:00+00:00,67276.850000,67568.480000,67183.480000,67543.810000,0,0,-0.014322,False,False
2026-03-08 09:00:00+00:00,67526.880000,67855.800000,67513.530000,67691.020000,0,0,-0.011736,False,False
2026-03-08 10:00:00+00:00,67751.650000,68189.230000,67751.650000,67881.980000,0,1,-0.009850,False,False
2026-03-08 11:00:00+00:00,67698.130000,67779.670000,67435.900000,67506.410000,0,0,-0.011488,False,False
2026-03-08 12:00:00+00:00,67498.530000,67631.500000,66904.750000,67306.780000,0,0,-0.013585,False,False
2026-03-08 13:00:00+00:00,67357.770000,67361.200000,66821.040000,67243.670000,0,0,-0.016085,False,False
2026-03-08 14:00:00+00:00,67256.840000,67416.690000,67100.000000,67367.820000,0,0,-0.017936,False,False
2026-03-08 15:00:00+00:00,67345.960000,67371.200000,67091.360000,67194.420000,0,0,-0.019739,False,False
2026-03-08 16:00:00+00:00,67173.300000,67258.140000,66800.000000,66875.230000,0,0,-0.022661,False,False
2026-03-08 17:00:00+00:00,66876.560000,67174.160000,66819.240000,66985.230000,0,0,-0.023003,False,False
2026-03-08 18:00:00+00:00,67050.100000,67050.100000,66763.610000,66867.610000,0,0,-0.023469,False,False
2026-03-08 19:00:00+00:00,66789.140000,67459.790000,66789.140000,67324.350000,0,0,-0.019630,False,False
2026-03-08 20:00:00+00:00,67279.170000,67508.890000,67073.920000,67235.700000,0,0,-0.018011,False,False
2026-03-08 21:00:00+00:00,67239.190000,67252.750000,66738.600000,66998.970000,0,0,-0.016439,False,False
2026-03-08 22:00:00+00:00,66988.910000,66991.120000,65627.020000,66195.660000,1,0,-0.017888,False,False
2026-03-08 23:00:00+00:00,66248.580000,66547.760000,65936.130000,66007.380000,1,0,-0.017516,False,False
2026-03-09 00:00:00+00:00,65992.980000,66738.600000,65889.080000,66363.720000,1,0,-0.016069,False,False
2026-03-09 01:00:00+00:00,66358.390000,66666.440000,66196.490000,66246.620000,1,0,-0.014361,False,False
2026-03-09 02:00:00+00:00,66153.730000,66648.520000,65971.120000,66618.130000,1,0,-0.008226,False,False
2026-03-09 03:00:00+00:00,66608.880000,67660.000000,66608.880000,67166.040000,1,0,-0.000672,False,False
2026-03-09 04:00:00+00:00,67209.450000,67599.080000,67117.000000,67117.000000,1,0,0.005704,False,False
2026-03-09 05:00:00+00:00,67144.370000,68116.020000,67141.600000,67833.680000,0,0,0.014841,False,False
2026-03-09 06:00:00+00:00,67912.150000,67912.150000,67270.300000,67270.300000,1,0,0.014653,False,False
2026-03-09 07:00:00+00:00,67237.470000,67562.980000,66904.750000,67562.980000,1,0,0.017644,False,False
2026-03-09 08:00:00+00:00,67562.970000,67891.230000,67463.280000,67800.910000,0,0,0.018866,False,False
2026-03-09 09:00:00+00:00,67790.250000,68453.340000,67605.640000,67996.910000,0,0,0.020696,False,False
2026-03-09 10:00:00+00:00,68020.040000,68043.050000,67563.780000,67615.850000,1,0,0.014055,False,False
2026-03-09 11:00:00+00:00,67677.800000,67862.010000,67350.810000,67762.250000,1,0,0.009326,False,False
2026-03-09 12:00:00+00:00,67779.730000,68334.520000,67754.500000,68203.580000,1,0,0.007654,False,False
2026-03-09 13:00:00+00:00,68183.510000,69278.830000,68165.660000,69026.520000,0,0,0.011091,False,False
2026-03-09 14:00:00+00:00,68997.740000,69471.920000,68724.940000,69147.490000,0,0,0.009035,False,False
2026-03-09 15:00:00+00:00,69218.440000,69274.330000,68747.970000,69024.160000,0,0,0.005555,False,False
2026-03-09 16:00:00+00:00,68851.030000,69189.680000,68680.340000,68964.900000,0,0,0.001512,False,False
2026-03-09 17:00:00+00:00,68993.900000,69073.550000,68258.500000,68653.670000,0,0,-0.003423,False,False
2026-03-09 18:00:00+00:00,68579.800000,68680.500000,68240.840000,68343.080000,1,0,-0.009262,False,False
2026-03-09 19:00:00+00:00,68461.890000,69519.890000,68425.480000,69007.670000,0,0,-0.011682,False,False
2026-03-09 20:00:00+00:00,69006.030000,69155.860000,68768.400000,69011.980000,0,0,-0.014298,False,False
2026-03-09 21:00:00+00:00,69084.750000,69115.410000,68680.340000,68983.640000,0,0,-0.013220,False,False
2026-03-09 22:00:00+00:00,68959.940000,69071.910000,68603.660000,68634.000000,1,0,-0.013212,False,False
2026-03-09 23:00:00+00:00,68638.980000,68716.590000,68374.920000,68374.920000,1,0,-0.011531,False,False
2026-03-10 00:00:00+00:00,68404.530000,69303.150000,68404.530000,69093.680000,1,0,-0.007412,False,False
2026-03-10 01:00:00+00:00,69107.300000,69353.460000,68797.690000,69327.160000,1,0,0.001135,False,False
2026-03-10 02:00:00+00:00,69279.250000,70569.360000,69132.340000,70261.290000,0,0,0.017210,False,False
2026-03-10 03:00:00+00:00,70249.660000,70308.400000,69408.430000,69539.250000,1,0,0.018612,False,False
2026-03-10 04:00:00+00:00,69453.260000,70144.400000,69453.260000,70028.470000,0,0,0.025801,False,False
2026-03-10 05:00:00+00:00,70057.470000,70337.200000,69924.480000,69959.230000,0,0,0.024559,False,False
2026-03-10 06:00:00+00:00,69941.060000,70138.300000,69759.490000,69983.400000,0,0,0.025235,False,False
2026-03-10 07:00:00+00:00,69938.890000,70523.900000,69839.760000,70341.760000,0,0,0.031201,False,False
2026-03-10 08:00:00+00:00,70495.000000,71129.080000,70414.200000,70662.280000,0,0,0.037182,False,False
2026-03-10 09:00:00+00:00,70676.650000,71294.050000,70676.650000,71074.180000,0,0,0.042791,False,False
2026-03-10 10:00:00+00:00,71029.050000,71029.050000,70656.000000,70755.700000,0,0,0.041070,False,False
2026-03-10 11:00:00+00:00,70722.700000,70892.100000,70572.090000,70600.520000,0,0,0.036843,False,False
2026-03-10 12:00:00+00:00,70614.290000,70614.290000,70332.600000,70491.600000,0,0,0.032971,False,False
2026-03-10 13:00:00+00:00,70525.600000,70916.500000,69759.490000,69927.860000,0,0,0.027932,False,False
2026-03-10 14:00:00+00:00,69943.430000,71520.000000,69292.310000,71412.200000,0,1,0.038300,False,False
2026-03-10 15:00:00+00:00,71474.220000,71774.180000,70923.510000,71366.620000,0,1,0.036283,False,False
2026-03-10 16:00:00+00:00,71333.300000,71658.610000,70968.800000,71211.520000,0,1,0.029754,False,False
2026-03-10 17:00:00+00:00,71266.330000,71400.240000,70559.670000,70890.660000,0,0,0.028389,False,False
2026-03-10 18:00:00+00:00,70854.030000,70892.450000,69945.350000,69945.350000,0,0,0.029950,False,False
2026-03-10 19:00:00+00:00,70055.240000,70266.000000,69759.490000,70061.030000,0,0,0.030477,False,False
2026-03-10 20:00:00+00:00,70024.360000,70317.410000,70015.370000,70277.120000,0,0,0.031052,False,False
2026-03-10 21:00:00+00:00,70236.360000,70416.670000,69559.980000,69791.690000,0,0,0.034716,False,False
2026-03-10 22:00:00+00:00,69828.280000,69878.080000,69471.790000,69698.760000,0,0,0.042010,False,False
2026-03-10 23:00:00+00:00,69778.520000,69961.140000,69728.110000,69937.150000,0,0,0.050307,False,False
2026-03-11 00:00:00+00:00,69900.700000,70153.660000,69779.660000,70025.820000,0,0,0.058281,False,False
2026-03-11 01:00:00+00:00,70071.950000,70142.480000,69893.230000,70082.030000,0,0,0.061286,False,False
2026-03-11 02:00:00+00:00,70059.060000,70100.000000,69662.560000,69803.800000,0,0,0.060770,False,False
2026-03-11 03:00:00+00:00,69864.580000,69921.090000,69500.420000,69553.720000,0,0,0.065113,False,False
2026-03-11 04:00:00+00:00,69568.900000,70247.650000,69535.970000,70150.450000,0,0,0.069657,False,False
2026-03-11 05:00:00+00:00,70164.400000,70196.590000,69441.450000,69574.280000,0,0,0.068726,False,False
2026-03-11 06:00:00+00:00,69512.710000,69974.730000,69512.710000,69969.280000,0,0,0.072747,False,False
2026-03-11 07:00:00+00:00,69975.120000,70044.890000,69550.390000,69676.920000,0,0,0.071715,False,False
2026-03-11 08:00:00+00:00,69737.080000,69754.020000,69517.600000,69641.260000,0,0,0.070289,False,False
2026-03-11 09:00:00+00:00,69607.850000,69655.510000,69408.430000,69655.120000,0,0,0.066800,False,False
2026-03-11 10:00:00+00:00,69452.670000,69655.760000,69421.000000,69624.310000,0,0,0.064586,False,False
2026-03-11 11:00:00+00:00,69563.030000,69694.540000,69171.450000,69171.450000,1,0,0.067050,False,False
2026-03-11 12:00:00+00:00,69185.700000,69750.820000,68976.270000,69362.950000,0,0,0.066863,False,False
2026-03-11 13:00:00+00:00,69364.280000,71094.720000,69294.890000,70171.450000,0,0,0.079443,False,False
2026-03-11 14:00:00+00:00,70229.860000,70998.790000,69995.850000,70764.980000,0,0,0.086925,True,False
2026-03-11 15:00:00+00:00,70617.780000,70771.900000,69716.430000,70270.700000,0,0,0.072834,False,False
2026-03-11 16:00:00+00:00,70325.570000,70825.700000,70249.950000,70577.720000,0,0,0.070235,False,False
2026-03-11 17:00:00+00:00,70637.090000,71294.050000,70499.980000,70773.500000,0,0,0.068962,False,False
2026-03-11 18:00:00+00:00,70877.280000,70899.000000,70439.810000,70638.010000,0,0,0.066363,False,False
2026-03-11 19:00:00+00:00,70500.000000,70735.780000,70373.780000,70574.890000,0,0,0.063238,False,False
2026-03-11 20:00:00+00:00,70610.210000,70665.340000,70426.570000,70641.480000,0,0,0.057949,False,False
2026-03-11 21:00:00+00:00,70712.750000,70770.180000,70521.360000,70732.430000,0,0,0.056330,False,False
2026-03-11 22:00:00+00:00,70708.250000,70912.340000,70247.650000,70342.420000,0,0,0.052706,False,False
2026-03-11 23:00:00+00:00,70424.410000,70496.580000,70153.660000,70192.650000,0,0,0.044308,False,False
2026-03-12 00:00:00+00:00,70207.970000,70321.270000,70170.230000,70213.580000,0,0,0.034394,False,False
2026-03-12 01:00:00+00:00,70214.960000,70221.420000,69771.010000,69833.680000,0,0,0.032964,False,False
2026-03-12 02:00:00+00:00,69833.760000,69885.510000,69247.240000,69344.560000,1,0,0.035567,False,False
2026-03-12 03:00:00+00:00,69284.170000,69581.420000,69258.060000,69409.020000,1,0,0.036630,False,False
2026-03-12 04:00:00+00:00,69458.700000,69661.890000,69303.090000,69362.340000,1,0,0.035077,False,False
2026-03-12 05:00:00+00:00,69347.330000,69461.270000,69222.500000,69442.970000,1,0,0.037967,False,False
2026-03-12 06:00:00+00:00,69437.920000,69530.890000,69400.740000,69510.220000,1,0,0.038929,False,False
2026-03-12 07:00:00+00:00,69503.980000,69799.130000,69451.970000,69795.060000,1,0,0.042970,False,False
2026-03-12 08:00:00+00:00,69858.100000,70084.770000,69773.780000,69853.210000,0,0,0.045411,False,False
2026-03-12 09:00:00+00:00,69830.460000,70372.330000,69606.680000,69968.530000,0,0,0.046299,False,False
2026-03-12 10:00:00+00:00,70051.500000,70493.420000,69917.280000,70441.050000,0,0,0.055191,False,False
2026-03-12 11:00:00+00:00,70491.230000,70773.270000,70328.530000,70434.020000,0,0,0.061788,False,False
2026-03-12 12:00:00+00:00,70421.680000,70479.300000,70311.520000,70400.000000,0,0,0.064138,False,False
2026-03-12 13:00:00+00:00,70384.760000,70535.230000,69717.060000,69861.850000,0,0,0.065561,False,False
2026-03-12 14:00:00+00:00,69988.790000,70638.540000,69404.590000,69414.450000,1,0,0.061727,False,False
2026-03-12 15:00:00+00:00,69588.970000,70535.580000,69548.090000,70343.470000,0,0,0.064973,False,False
2026-03-12 16:00:00+00:00,70322.550000,70528.360000,69962.670000,70394.690000,0,0,0.062491,False,False
2026-03-12 17:00:00+00:00,70366.820000,70506.280000,70056.300000,70056.300000,1,0,0.050373,False,False
2026-03-12 18:00:00+00:00,70225.000000,70279.140000,69830.270000,69830.270000,1,0,0.044804,False,False
2026-03-12 19:00:00+00:00,69800.670000,70562.380000,69779.750000,70485.820000,0,0,0.045024,False,False
2026-03-12 20:00:00+00:00,70490.550000,70555.120000,70169.710000,70169.710000,1,0,0.039974,False,False
2026-03-12 21:00:00+00:00,70211.340000,70434.570000,70192.620000,70301.030000,1,0,0.034909,False,False
2026-03-12 22:00:00+00:00,70305.640000,70305.640000,70040.720000,70206.730000,1,0,0.031141,False,False
2026-03-12 23:00:00+00:00,70265.300000,70699.060000,70205.910000,70489.420000,1,0,0.031213,False,False
2026-03-13 00:00:00+00:00,70457.740000,71988.420000,70434.090000,71446.000000,0,0,0.041118,False,False
2026-03-13 01:00:00+00:00,71457.100000,71700.030000,71362.410000,71684.860000,0,0,0.043088,False,False
2026-03-13 02:00:00+00:00,71631.710000,71652.130000,71057.340000,71153.690000,1,0,0.035027,False,False
2026-03-13 03:00:00+00:00,71171.560000,71505.340000,70961.470000,71428.420000,1,0,0.036538,False,False
2026-03-13 04:00:00+00:00,71401.370000,71471.460000,71252.910000,71356.830000,1,0,0.035879,False,False
2026-03-13 05:00:00+00:00,71352.480000,71637.910000,71254.180000,71522.320000,1,0,0.035160,False,False
2026-03-13 06:00:00+00:00,71505.750000,71561.410000,71212.500000,71291.040000,1,0,0.031178,False,False
2026-03-13 07:00:00+00:00,71344.870000,71658.610000,71261.510000,71578.000000,1,0,0.030881,False,False
2026-03-13 08:00:00+00:00,71649.970000,72115.700000,71486.720000,71802.370000,0,0,0.029417,False,False
2026-03-13 09:00:00+00:00,71861.790000,72085.870000,71610.600000,72053.340000,0,0,0.027393,False,False
2026-03-13 10:00:00+00:00,71990.850000,72567.480000,71990.850000,72461.600000,0,0,0.023856,False,False
2026-03-13 11:00:00+00:00,72480.700000,72492.530000,72225.000000,72287.490000,0,0,0.016780,False,False
2026-03-13 12:00:00+00:00,72229.870000,72856.110000,72229.870000,72783.140000,0,0,0.017410,False,False
2026-03-13 13:00:00+00:00,72730.200000,73570.770000,72660.540000,73341.020000,0,0,0.023265,False,False
2026-03-13 14:00:00+00:00,73522.000000,73895.520000,72350.360000,72450.000000,0,0,0.020325,False,False
2026-03-13 15:00:00+00:00,72465.970000,72823.740000,71750.000000,71750.000000,0,0,0.016901,False,False
2026-03-13 16:00:00+00:00,71911.100000,72080.510000,71181.570000,72033.700000,0,0,0.011997,False,False
2026-03-13 17:00:00+00:00,71909.420000,72153.150000,70900.600000,70990.770000,0,0,0.010848,False,False
2026-03-13 18:00:00+00:00,71087.580000,71311.720000,70879.230000,71063.970000,0,0,0.014691,False,False
2026-03-13 19:00:00+00:00,71063.500000,71316.830000,71027.810000,71240.260000,0,0,0.013552,False,False
2026-03-13 20:00:00+00:00,71172.840000,71456.050000,71172.840000,71379.780000,0,0,0.018582,False,False
2026-03-13 21:00:00+00:00,71369.380000,71499.160000,71083.800000,71111.450000,0,0,0.022814,False,False
2026-03-13 22:00:00+00:00,71122.140000,71158.130000,70564.500000,70820.590000,0,0,0.028721,False,False
2026-03-13 23:00:00+00:00,70795.200000,70973.250000,70730.860000,70968.630000,0,0,0.034085,False,False
2026-03-14 00:00:00+00:00,70877.840000,70935.950000,70577.520000,70675.480000,0,0,0.034588,False,False
2026-03-14 01:00:00+00:00,70615.410000,70891.230000,70496.180000,70857.710000,0,0,0.032302,False,False
2026-03-14 02:00:00+00:00,70834.500000,70898.470000,70749.530000,70822.600000,0,0,0.032540,False,False
2026-03-14 03:00:00+00:00,70836.370000,71153.370000,70836.270000,71081.310000,0,0,0.035595,False,False
2026-03-14 04:00:00+00:00,71094.860000,71296.800000,71069.730000,71084.460000,0,0,0.035551,False,False
2026-03-14 05:00:00+00:00,71077.110000,71147.790000,70961.430000,71012.060000,0,0,0.035771,False,False
2026-03-14 06:00:00+00:00,70977.300000,70977.300000,70355.000000,70631.130000,0,0,0.038744,False,False
2026-03-14 07:00:00+00:00,70682.610000,70732.100000,70507.570000,70581.970000,0,0,0.040028,False,False
2026-03-14 08:00:00+00:00,70666.460000,70717.670000,70558.350000,70581.750000,0,0,0.038437,False,False
2026-03-14 09:00:00+00:00,70619.270000,70698.230000,70517.760000,70547.380000,0,0,0.037718,False,False
2026-03-14 10:00:00+00:00,70542.920000,70579.310000,70438.830000,70562.180000,0,0,0.035588,False,False
2026-03-14 11:00:00+00:00,70613.090000,70763.570000,70613.090000,70689.070000,0,0,0.034372,False,False
2026-03-14 12:00:00+00:00,70780.310000,70811.670000,70617.960000,70766.990000,0,0,0.031456,False,False
2026-03-14 13:00:00+00:00,70753.550000,70927.030000,70745.000000,70868.720000,0,0,0.027907,False,False
2026-03-14 14:00:00+00:00,70900.020000,70955.700000,70595.520000,70595.520000,0,0,0.024366,False,False
2026-03-14 15:00:00+00:00,70615.970000,70708.280000,70500.000000,70572.530000,0,0,0.022408,False,False
2026-03-14 16:00:00+00:00,70563.110000,70691.120000,70509.880000,70691.120000,0,0,0.019506,False,False
2026-03-14 17:00:00+00:00,70690.780000,70729.220000,70615.590000,70627.460000,0,0,0.018684,False,False
2026-03-14 18:00:00+00:00,70596.050000,70683.470000,70581.380000,70676.810000,0,0,0.018506,False,False
2026-03-14 19:00:00+00:00,70672.900000,70728.180000,70625.400000,70704.430000,0,0,0.017708,False,False
2026-03-14 20:00:00+00:00,70710.000000,70845.940000,70636.860000,70845.940000,0,0,0.017690,False,False
2026-03-14 21:00:00+00:00,70791.000000,70794.420000,70674.220000,70783.030000,0,0,0.016455,False,False
2026-03-14 22:00:00+00:00,70765.590000,70813.510000,70699.850000,70724.280000,1,0,0.015892,False,False
2026-03-14 23:00:00+00:00,70806.080000,71258.560000,70799.630000,71211.280000,0,0,0.019593,False,False
2026-03-15 00:00:00+00:00,71188.820000,71188.820000,70909.770000,70970.720000,1,0,0.019346,False,False
2026-03-15 01:00:00+00:00,71000.000000,71038.990000,70893.990000,71007.980000,1,0,0.019067,False,False
2026-03-15 02:00:00+00:00,71096.860000,71591.590000,71096.860000,71489.840000,0,0,0.022317,False,False
2026-03-15 03:00:00+00:00,71513.110000,71527.860000,71296.080000,71343.520000,1,0,0.020218,False,False
2026-03-15 04:00:00+00:00,71339.250000,71642.600000,71339.250000,71554.610000,1,0,0.019277,False,False
2026-03-15 05:00:00+00:00,71541.760000,71787.400000,71491.940000,71491.940000,1,0,0.016762,False,False
2026-03-15 06:00:00+00:00,71489.320000,71577.800000,71432.390000,71447.870000,1,0,0.015206,False,False
2026-03-15 07:00:00+00:00,71461.900000,71652.050000,71415.820000,71461.800000,1,0,0.013472,False,False
2026-03-15 08:00:00+00:00,71519.060000,71700.000000,71475.640000,71700.000000,1,0,0.014260,False,False
2026-03-15 09:00:00+00:00,71729.500000,71930.660000,71729.500000,71794.450000,0,0,0.014006,False,False
2026-03-15 10:00:00+00:00,71831.200000,71905.730000,71751.520000,71806.000000,0,0,0.012215,False,False
2026-03-15 11:00:00+00:00,71793.970000,71856.930000,71693.440000,71856.930000,0,0,0.011997,False,False
2026-03-15 12:00:00+00:00,71838.080000,71838.080000,71598.790000,71627.710000,1,0,0.009534,False,False
2026-03-15 13:00:00+00:00,71662.900000,71679.800000,71300.000000,71600.000000,1,0,0.006811,False,False
2026-03-15 14:00:00+00:00,71578.690000,71625.830000,71376.900000,71617.580000,1,0,0.006773,False,False
2026-03-15 15:00:00+00:00,71611.950000,71616.390000,71443.980000,71471.390000,1,0,0.007287,False,False
2026-03-15 16:00:00+00:00,71472.310000,71594.010000,71339.430000,71418.570000,1,0,0.008622,False,False
2026-03-15 17:00:00+00:00,71423.460000,71987.170000,71419.030000,71830.070000,0,0,0.012114,False,False
2026-03-15 18:00:00+00:00,71790.300000,71835.980000,71301.640000,71370.700000,1,0,0.013056,False,False
2026-03-15 19:00:00+00:00,71414.350000,71577.930000,71356.470000,71548.630000,1,0,0.015609,False,False
2026-03-15 20:00:00+00:00,71535.150000,71903.440000,71430.820000,71748.470000,1,0,0.017835,False,False
2026-03-15 21:00:00+00:00,71713.540000,72232.300000,71640.320000,72037.880000,1,0,0.022965,False,False
2026-03-15 22:00:00+00:00,72061.300000,73036.330000,71750.000000,72715.090000,1,0,0.034752,False,False
2026-03-15 23:00:00+00:00,72756.960000,73181.720000,72427.890000,72741.880000,0,0,0.038009,False,False
2026-03-16 00:00:00+00:00,72879.100000,73000.000000,72488.380000,72538.740000,1,0,0.037620,False,False
2026-03-16 01:00:00+00:00,72600.150000,72830.000000,72307.490000,72788.630000,1,0,0.041423,False,False
2026-03-16 02:00:00+00:00,72741.440000,72863.650000,72360.320000,72599.170000,1,0,0.040247,False,False
2026-03-16 03:00:00+00:00,72490.070000,74286.690000,72474.400000,73600.000000,0,0,0.050043,False,False
2026-03-16 04:00:00+00:00,73634.060000,74425.530000,73600.080000,73820.550000,0,0,0.051370,False,False
2026-03-16 05:00:00+00:00,73800.010000,74227.530000,73682.460000,74128.760000,0,0,0.048535,False,False
2026-03-16 06:00:00+00:00,74000.000000,74000.000000,73621.920000,73833.490000,0,0,0.041691,False,False
2026-03-16 07:00:00+00:00,73670.520000,73937.330000,73417.090000,73417.090000,0,0,0.035727,False,False
2026-03-16 08:00:00+00:00,73651.980000,73747.900000,72895.550000,73098.140000,1,0,0.027727,False,False
2026-03-16 09:00:00+00:00,73115.760000,73305.830000,73115.760000,73264.090000,1,0,0.021248,False,False
2026-03-16 10:00:00+00:00,73264.120000,73767.010000,73264.120000,73767.010000,0,0,0.021879,False,False
2026-03-16 11:00:00+00:00,73799.830000,73817.480000,73532.160000,73547.970000,0,0,0.018474,False,False
2026-03-16 12:00:00+00:00,73569.700000,74035.510000,73468.140000,73853.090000,0,0,0.017244,False,False
2026-03-16 13:00:00+00:00,73875.760000,74477.930000,73800.000000,74014.170000,0,0,0.016945,False,False
2026-03-16 14:00:00+00:00,74077.740000,74422.100000,73024.870000,73530.430000,1,0,0.012761,False,False
2026-03-16 15:00:00+00:00,73615.110000,74020.970000,73203.480000,73203.480000,1,0,0.014509,False,False
2026-03-16 16:00:00+00:00,73266.860000,73895.690000,73241.190000,73789.080000,1,0,0.018455,False,False
2026-03-16 17:00:00+00:00,73786.280000,74009.490000,73737.130000,73975.540000,0,0,0.022207,False,False
2026-03-16 18:00:00+00:00,73949.050000,74364.490000,73943.890000,73943.890000,0,0,0.026267,False,False
2026-03-16 19:00:00+00:00,73866.670000,74400.000000,73820.550000,73981.000000,0,0,0.030184,False,False
2026-03-16 20:00:00+00:00,73995.220000,74244.190000,73904.300000,74237.740000,0,0,0.035358,False,False
2026-03-16 21:00:00+00:00,74181.670000,74777.000000,74181.670000,74431.900000,0,0,0.040011,False,False
2026-03-16 22:00:00+00:00,74414.450000,74897.980000,74412.790000,74724.900000,0,0,0.044225,False,False
2026-03-16 23:00:00+00:00,74724.900000,74900.000000,74300.000000,74879.980000,0,0,0.046477,False,False
2026-03-17 00:00:00+00:00,74821.700000,75500.000000,74686.840000,75270.240000,0,0,0.053098,False,False
2026-03-17 01:00:00+00:00,75369.000000,76100.000000,75132.140000,75655.290000,0,0,0.060464,False,False
2026-03-17 02:00:00+00:00,75654.230000,75659.330000,75121.090000,75186.100000,0,0,0.056968,False,False
2026-03-17 03:00:00+00:00,75252.000000,75421.680000,74285.710000,74494.900000,0,0,0.049452,False,False
2026-03-17 04:00:00+00:00,74514.520000,74768.730000,74045.000000,74222.960000,0,0,0.042205,False,False
2026-03-17 05:00:00+00:00,74186.080000,74620.400000,73806.900000,74060.930000,0,0,0.034484,False,False
2026-03-17 06:00:00+00:00,74030.610000,74417.890000,73893.670000,74112.460000,0,0,0.030077,False,False
2026-03-17 07:00:00+00:00,74100.340000,74694.100000,74100.340000,74332.130000,0,0,0.028968,False,False
2026-03-17 08:00:00+00:00,74331.950000,74618.910000,74164.570000,74195.200000,0,0,0.029007,False,False
2026-03-17 09:00:00+00:00,74204.790000,74415.170000,73846.550000,73937.440000,0,0,0.030643,False,False
2026-03-17 10:00:00+00:00,73926.320000,73964.180000,73586.600000,73779.900000,0,0,0.031161,False,False
2026-03-17 11:00:00+00:00,73750.580000,74196.740000,73691.770000,74021.710000,0,0,0.033374,False,False
2026-03-17 12:00:00+00:00,74018.150000,74240.970000,73681.790000,73717.080000,0,0,0.033616,False,False
2026-03-17 13:00:00+00:00,73721.330000,74121.860000,73555.000000,73654.070000,0,0,0.031835,False,False
2026-03-17 14:00:00+00:00,73646.370000,74381.510000,73555.000000,74381.510000,0,0,0.036749,False,False
2026-03-17 15:00:00+00:00,74416.340000,74864.860000,73700.000000,73941.770000,0,0,0.039175,False,False
2026-03-17 16:00:00+00:00,73926.920000,74353.500000,73903.440000,74214.660000,0,0,0.041181,False,False
2026-03-17 17:00:00+00:00,74266.100000,74585.500000,74075.990000,74498.520000,0,1,0.045196,False,False
2026-03-17 18:00:00+00:00,74491.140000,74739.210000,74343.710000,74695.000000,0,1,0.049155,False,False
2026-03-17 19:00:00+00:00,74688.590000,74782.690000,74496.640000,74506.640000,0,1,0.049337,False,False
2026-03-17 20:00:00+00:00,74504.050000,74656.690000,74386.040000,74545.540000,0,1,0.049852,False,False
2026-03-17 21:00:00+00:00,74515.850000,74796.650000,74449.750000,74683.690000,0,1,0.050243,False,False
2026-03-17 22:00:00+00:00,74653.490000,74779.770000,73951.760000,74330.410000,0,1,0.046291,False,False
2026-03-17 23:00:00+00:00,74311.650000,74375.440000,73897.960000,73908.830000,0,0,0.043544,False,False
2026-03-18 00:00:00+00:00,73928.580000,74076.190000,73568.010000,73858.070000,0,0,0.036515,False,False
2026-03-18 01:00:00+00:00,73853.940000,74196.740000,73844.720000,74099.840000,0,0,0.029656,False,False
2026-03-18 02:00:00+00:00,74114.840000,74445.820000,74090.620000,74365.000000,0,1,0.028331,False,False
2026-03-18 03:00:00+00:00,74354.420000,74609.550000,74279.860000,74483.180000,0,1,0.025588,False,False
2026-03-18 04:00:00+00:00,74462.450000,74495.750000,74157.800000,74206.450000,0,1,0.023035,False,False
2026-03-18 05:00:00+00:00,74169.990000,74283.690000,73855.060000,73893.220000,0,1,0.022961,False,False
2026-03-18 06:00:00+00:00,74006.660000,74224.580000,73989.810000,74040.010000,0,1,0.021922,False,False
2026-03-18 07:00:00+00:00,73958.890000,73996.650000,73600.400000,73796.250000,0,0,0.020314,False,False
2026-03-18 08:00:00+00:00,73933.030000,74105.890000,73877.950000,74028.340000,0,1,0.020789,False,False
2026-03-18 09:00:00+00:00,74042.790000,74248.830000,73920.730000,74111.900000,0,1,0.021052,False,False
2026-03-18 10:00:00+00:00,74186.570000,74251.570000,73808.000000,73919.540000,0,1,0.021671,False,False
2026-03-18 11:00:00+00:00,73897.540000,73995.460000,72721.740000,72905.600000,0,1,0.026264,False,False
2026-03-18 12:00:00+00:00,72902.370000,72957.940000,72290.000000,72395.680000,0,1,0.030961,False,False
2026-03-18 13:00:00+00:00,72267.120000,72537.370000,71966.970000,72082.640000,0,1,0.029125,False,False
2026-03-18 14:00:00+00:00,72107.520000,72181.840000,71150.000000,71150.000000,0,0,0.032779,False,False
2026-03-18 15:00:00+00:00,71135.880000,71511.810000,70852.870000,71494.610000,0,0,0.032648,False,False
2026-03-18 16:00:00+00:00,71442.950000,71541.590000,71063.010000,71368.850000,0,0,0.027653,False,False
2026-03-18 17:00:00+00:00,71348.800000,71762.490000,71209.500000,71603.810000,0,1,0.027887,False,False
2026-03-18 18:00:00+00:00,71636.200000,71979.140000,70956.010000,71069.890000,0,0,0.027712,False,False
2026-03-18 19:00:00+00:00,71114.400000,71483.490000,70955.970000,71022.690000,0,0,0.027664,False,False
2026-03-18 20:00:00+00:00,71033.390000,71313.330000,70500.010000,71237.140000,0,1,0.023615,False,False
2026-03-18 21:00:00+00:00,71257.370000,71450.000000,71159.370000,71335.450000,0,1,0.020857,False,False
2026-03-18 22:00:00+00:00,71206.630000,71206.630000,70979.300000,71130.000000,0,0,0.014496,False,False
2026-03-18 23:00:00+00:00,71148.220000,71380.520000,71088.600000,71256.100000,0,1,0.012366,False,False
2026-03-19 00:00:00+00:00,71206.970000,71318.170000,71000.000000,71000.000000,0,0,0.010184,False,False
2026-03-19 01:00:00+00:00,71060.980000,71179.640000,70987.650000,71132.900000,0,0,0.008265,False,False
2026-03-19 02:00:00+00:00,71105.590000,71254.780000,70927.310000,71059.030000,0,0,0.006586,False,False
2026-03-19 03:00:00+00:00,71091.160000,71621.510000,71082.830000,71250.000000,0,1,0.006425,False,False
2026-03-19 04:00:00+00:00,71181.570000,71199.400000,70646.870000,70824.280000,0,0,0.005854,False,False
2026-03-19 05:00:00+00:00,70841.210000,70905.680000,70672.920000,70824.890000,0,0,0.004641,False,False
2026-03-19 06:00:00+00:00,70843.010000,70925.420000,70555.000000,70581.540000,0,0,0.002310,False,False
2026-03-19 07:00:00+00:00,70601.880000,70601.880000,69669.000000,70194.360000,0,0,0.003379,False,False
2026-03-19 08:00:00+00:00,70258.080000,70258.080000,69935.670000,69985.260000,0,0,0.002315,False,False
2026-03-19 09:00:00+00:00,70040.000000,70518.640000,69994.810000,70483.920000,0,0,0.001139,False,False
2026-03-19 10:00:00+00:00,70468.140000,70482.560000,70148.140000,70148.140000,0,0,0.000110,False,False
2026-03-19 11:00:00+00:00,70144.330000,70192.030000,69927.980000,69927.980000,0,0,-0.000235,False,False
2026-03-19 12:00:00+00:00,69914.460000,69920.000000,69147.690000,69351.560000,0,0,-0.000460,False,False
2026-03-19 13:00:00+00:00,69251.070000,70037.520000,69105.000000,69906.920000,0,0,-0.000409,False,False
2026-03-19 14:00:00+00:00,70010.380000,70223.010000,69111.280000,69547.300000,0,0,-0.000997,False,False
2026-03-19 15:00:00+00:00,69511.040000,69886.100000,68791.950000,69524.700000,0,0,-0.001888,False,False
2026-03-19 16:00:00+00:00,69401.200000,69600.000000,69242.150000,69486.370000,0,0,-0.003932,False,False
2026-03-19 17:00:00+00:00,69427.490000,69928.930000,69131.810000,69849.820000,0,0,-0.001888,False,False
2026-03-19 18:00:00+00:00,69811.690000,70089.480000,69626.650000,69800.000000,0,0,-0.001780,False,False
2026-03-19 19:00:00+00:00,69818.810000,70583.870000,69818.810000,70239.670000,0,0,0.003242,False,False
2026-03-19 20:00:00+00:00,70249.370000,70655.060000,70224.550000,70468.860000,0,0,0.007788,False,False
2026-03-19 21:00:00+00:00,70499.780000,70699.060000,70389.080000,70469.670000,0,0,0.007315,False,False
2026-03-19 22:00:00+00:00,70458.390000,70458.390000,69974.730000,70145.770000,0,0,0.006149,False,False
2026-03-19 23:00:00+00:00,70219.140000,70271.800000,69745.430000,69977.880000,0,0,0.004843,False,False
2026-03-20 00:00:00+00:00,69934.160000,70277.250000,69862.750000,70239.150000,0,0,0.001270,False,False
2026-03-20 01:00:00+00:00,70204.020000,70588.780000,70204.020000,70466.940000,0,0,0.002647,False,False
2026-03-20 02:00:00+00:00,70359.090000,70501.090000,70089.140000,70439.780000,0,0,0.000666,False,False
2026-03-20 03:00:00+00:00,70410.320000,70789.120000,70408.050000,70738.280000,0,0,0.000944,False,False
2026-03-20 04:00:00+00:00,70778.950000,70959.460000,70583.370000,70775.560000,0,0,-0.001324,False,False
2026-03-20 05:00:00+00:00,70755.950000,70855.620000,70554.060000,70593.090000,0,0,-0.005458,False,False
2026-03-20 06:00:00+00:00,70562.030000,70620.710000,70391.960000,70474.540000,0,0,-0.009130,False,False
2026-03-20 07:00:00+00:00,70463.110000,70899.960000,70202.430000,70899.960000,0,0,-0.008579,False,False
2026-03-20 08:00:00+00:00,70818.920000,71347.200000,70818.920000,71165.560000,0,0,-0.006159,False,False
2026-03-20 09:00:00+00:00,70991.960000,70991.960000,70464.670000,70512.640000,0,0,-0.008544,False,False
2026-03-20 10:00:00+00:00,70573.320000,70573.320000,70244.890000,70551.510000,0,0,-0.009610,False,False
2026-03-20 11:00:00+00:00,70695.220000,70806.330000,70344.780000,70428.940000,0,0,-0.013844,False,False
2026-03-20 12:00:00+00:00,70490.870000,70682.040000,70277.250000,70326.840000,0,0,-0.012102,False,False
2026-03-20 13:00:00+00:00,70344.980000,70641.800000,69799.130000,69837.250000,0,0,-0.010082,False,False
2026-03-20 14:00:00+00:00,69772.730000,70250.000000,69616.080000,69732.320000,0,0,-0.007537,False,False
2026-03-20 15:00:00+00:00,69787.370000,69987.310000,69500.000000,69880.180000,0,0,-0.005841,False,False
2026-03-20 16:00:00+00:00,69847.410000,70092.940000,69625.230000,69681.980000,0,0,-0.002109,False,False
2026-03-20 17:00:00+00:00,69918.630000,69988.500000,69408.430000,69982.670000,0,0,0.001873,False,False
2026-03-20 18:00:00+00:00,70016.800000,70065.730000,69506.000000,69719.780000,0,0,0.003866,False,False
2026-03-20 19:00:00+00:00,69834.790000,70155.950000,69707.350000,70155.950000,0,0,0.007735,False,False
2026-03-20 20:00:00+00:00,70112.930000,70250.000000,69759.490000,70027.430000,0,0,0.006251,False,False
2026-03-20 21:00:00+00:00,70053.150000,70699.060000,69963.640000,70544.960000,0,0,0.011310,False,False
2026-03-20 22:00:00+00:00,70554.960000,70885.220000,70540.780000,70766.040000,0,0,0.016955,False,False
2026-03-20 23:00:00+00:00,70737.170000,70737.170000,70393.200000,70494.620000,0,0,0.016956,False,False
2026-03-21 00:00:00+00:00,70549.420000,70820.440000,70464.810000,70699.440000,0,1,0.019313,False,False
2026-03-21 01:00:00+00:00,70703.390000,70752.930000,70465.280000,70465.280000,0,0,0.018035,False,False
2026-03-21 02:00:00+00:00,70436.310000,70778.110000,70436.310000,70719.520000,0,1,0.017874,False,False
2026-03-21 03:00:00+00:00,70706.730000,70792.660000,70650.750000,70712.750000,0,1,0.016749,False,False
2026-03-21 04:00:00+00:00,70679.850000,70798.500000,70641.630000,70643.630000,0,0,0.012915,False,False
2026-03-21 05:00:00+00:00,70659.880000,70791.380000,70629.860000,70735.640000,0,1,0.011642,False,False
2026-03-21 06:00:00+00:00,70718.910000,70780.200000,70718.910000,70760.310000,0,1,0.008776,False,False
2026-03-21 07:00:00+00:00,70778.250000,70823.350000,70695.210000,70707.600000,0,1,0.005531,False,False
2026-03-21 08:00:00+00:00,70718.650000,70733.170000,70500.620000,70573.380000,0,0,0.001746,False,False
2026-03-21 09:00:00+00:00,70577.180000,70737.740000,70577.180000,70688.660000,0,1,0.000894,False,False
2026-03-21 10:00:00+00:00,70674.960000,70674.960000,70607.710000,70607.710000,0,0,-0.000185,False,False
2026-03-21 11:00:00+00:00,70616.190000,70636.500000,70563.930000,70622.730000,0,0,-0.000838,False,False
2026-03-21 12:00:00+00:00,70687.800000,70796.400000,70678.700000,70729.080000,0,1,-0.000469,False,False
2026-03-21 13:00:00+00:00,70747.990000,70791.970000,70716.730000,70716.730000,0,1,0.000593,False,False
2026-03-21 14:00:00+00:00,70809.030000,71086.480000,70633.770000,70633.770000,0,1,0.002708,False,False
2026-03-21 15:00:00+00:00,70639.700000,70713.630000,70466.940000,70677.460000,0,1,0.004728,False,False
2026-03-21 16:00:00+00:00,70677.140000,70677.140000,70258.180000,70280.000000,0,1,0.010312,False,False
2026-03-21 17:00:00+00:00,70294.360000,70409.600000,70233.720000,70335.150000,0,1,0.013270,False,False
2026-03-21 18:00:00+00:00,70332.330000,70504.880000,70313.170000,70417.890000,0,1,0.016093,False,False
2026-03-21 19:00:00+00:00,70428.530000,70453.680000,70327.370000,70388.200000,0,1,0.018162,False,False
2026-03-21 20:00:00+00:00,70403.180000,70491.780000,70353.350000,70472.360000,0,1,0.021706,False,False
2026-03-21 21:00:00+00:00,70454.130000,70493.780000,70275.730000,70348.220000,0,1,0.022252,False,False
2026-03-21 22:00:00+00:00,70356.850000,70379.060000,70265.070000,70297.530000,0,1,0.022879,False,False
2026-03-21 23:00:00+00:00,70252.000000,70268.010000,68571.950000,68747.470000,0,0,0.036896,False,False
2026-03-22 00:00:00+00:00,68803.760000,69128.000000,68330.430000,68916.570000,0,0,0.038230,False,False
2026-03-22 01:00:00+00:00,68993.650000,69072.720000,68822.340000,68965.810000,0,0,0.028758,False,False
2026-03-22 02:00:00+00:00,69000.000000,69419.990000,68962.970000,69306.550000,0,0,0.032344,False,False
2026-03-22 03:00:00+00:00,69294.290000,69559.980000,69120.750000,69335.780000,0,0,0.032763,False,False
2026-03-22 04:00:00+00:00,69368.440000,69512.440000,69238.160000,69358.080000,0,0,0.030150,False,False
2026-03-22 05:00:00+00:00,69320.440000,69320.440000,69158.660000,69205.900000,0,0,0.030775,False,False
2026-03-22 06:00:00+00:00,69158.660000,69214.760000,69109.770000,69170.120000,0,0,0.030664,False,False
2026-03-22 07:00:00+00:00,69164.230000,69219.020000,68910.640000,68910.640000,0,0,0.030300,False,False
2026-03-22 08:00:00+00:00,68900.000000,68929.670000,68585.800000,68759.750000,0,0,0.029671,False,False
2026-03-22 09:00:00+00:00,68859.640000,68859.640000,68606.900000,68837.690000,0,0,0.025958,False,False
2026-03-22 10:00:00+00:00,68841.630000,68841.630000,68598.990000,68672.580000,0,0,0.021689,False,False
2026-03-22 11:00:00+00:00,68619.650000,68681.100000,68136.170000,68266.110000,0,0,0.024106,False,False
2026-03-22 12:00:00+00:00,68293.800000,68737.840000,68204.700000,68646.000000,0,0,0.023690,False,False
2026-03-22 13:00:00+00:00,68751.080000,68921.640000,68562.230000,68703.860000,0,0,0.023702,False,False
2026-03-22 14:00:00+00:00,68751.750000,68864.920000,68598.920000,68721.950000,0,0,0.021317,False,False
2026-03-22 15:00:00+00:00,68772.580000,69004.880000,68748.220000,68827.700000,0,0,0.021400,False,False
2026-03-22 16:00:00+00:00,68861.860000,68885.450000,68736.920000,68824.360000,0,0,0.020777,False,False
2026-03-22 17:00:00+00:00,68819.540000,68850.020000,68665.780000,68702.570000,0,0,0.018552,False,False
2026-03-22 18:00:00+00:00,68633.980000,68726.600000,68379.530000,68615.000000,0,0,0.017065,False,False
2026-03-22 19:00:00+00:00,68615.000000,68615.000000,68187.500000,68230.380000,0,0,0.017844,False,False
2026-03-22 20:00:00+00:00,68324.900000,68469.710000,68100.000000,68195.020000,0,0,0.017147,False,False
2026-03-22 21:00:00+00:00,68191.230000,68194.470000,67377.050000,67855.830000,1,0,0.016111,False,False
2026-03-22 22:00:00+00:00,67888.270000,68360.490000,67614.230000,68117.050000,0,0,0.016119,False,False
2026-03-22 23:00:00+00:00,68335.750000,68426.570000,67850.460000,67865.470000,1,0,0.016021,False,False
2026-03-23 00:00:00+00:00,67973.970000,68142.860000,67462.390000,67744.860000,1,0,0.017305,False,False
2026-03-23 01:00:00+00:00,67624.750000,68127.770000,67571.430000,67946.230000,1,0,0.017461,False,False
2026-03-23 02:00:00+00:00,67890.280000,68380.600000,67863.050000,68186.710000,0,0,0.020227,False,False
2026-03-23 03:00:00+00:00,68357.450000,68604.700000,68074.150000,68079.780000,0,0,0.018558,False,False
2026-03-23 04:00:00+00:00,68138.580000,68596.990000,68095.670000,68557.020000,0,0,0.023002,False,False
2026-03-23 05:00:00+00:00,68556.130000,68853.000000,68556.130000,68761.490000,0,0,0.027129,False,False
2026-03-23 06:00:00+00:00,68745.420000,68745.420000,67707.420000,67860.400000,1,0,0.024769,False,False
2026-03-23 07:00:00+00:00,67863.800000,68428.570000,67559.750000,68428.570000,1,0,0.026468,False,False
2026-03-23 08:00:00+00:00,68438.600000,68680.340000,68433.840000,68438.590000,1,0,0.024981,False,False
2026-03-23 09:00:00+00:00,68322.640000,68322.640000,68033.470000,68208.230000,1,0,0.020794,False,False
2026-03-23 10:00:00+00:00,68362.820000,68680.340000,68358.690000,68508.200000,1,0,0.022387,False,False
2026-03-23 11:00:00+00:00,68664.420000,71499.980000,68528.820000,70186.910000,0,0,0.055195,False,False
2026-03-23 12:00:00+00:00,70157.940000,70823.350000,69720.610000,70582.480000,0,0,0.063230,False,False
2026-03-23 13:00:00+00:00,70816.830000,71589.670000,70641.300000,71293.800000,0,0,0.059043,False,False
2026-03-23 14:00:00+00:00,71471.680000,71791.260000,71149.820000,71467.190000,0,0,0.057672,False,False
2026-03-23 15:00:00+00:00,71487.670000,71611.420000,70119.610000,70119.610000,0,0,0.047435,False,False
2026-03-23 16:00:00+00:00,70139.780000,70699.060000,70099.950000,70554.860000,0,0,0.036859,False,False
2026-03-23 17:00:00+00:00,70597.770000,71125.840000,70397.550000,71076.770000,0,1,0.028225,False,False
2026-03-23 18:00:00+00:00,71090.460000,71172.060000,70910.690000,71097.450000,0,1,0.016054,False,False
2026-03-23 19:00:00+00:00,71093.470000,71233.880000,70668.850000,70668.850000,0,0,0.007910,False,False
2026-03-23 20:00:00+00:00,70689.770000,70951.570000,70589.830000,70924.140000,0,0,0.001696,False,False
2026-03-23 21:00:00+00:00,70980.780000,71004.620000,70835.250000,70866.510000,0,0,-0.008242,False,False
2026-03-23 22:00:00+00:00,70816.730000,70816.730000,70538.700000,70765.800000,0,0,-0.016435,False,False
2026-03-23 23:00:00+00:00,70809.590000,71045.910000,70411.030000,70910.840000,0,0,-0.015534,False,False
2026-03-24 00:00:00+00:00,70905.560000,71080.010000,70466.940000,70657.790000,0,0,-0.013001,False,False
2026-03-24 01:00:00+00:00,70706.180000,70878.640000,70327.600000,70525.430000,0,0,-0.009516,False,False
2026-03-24 02:00:00+00:00,70509.660000,70668.550000,70425.190000,70456.200000,0,0,-0.007693,False,False
2026-03-24 03:00:00+00:00,70436.680000,70574.170000,70424.900000,70465.230000,0,0,-0.005078,False,False
2026-03-24 04:00:00+00:00,70550.460000,70733.000000,70276.810000,70390.370000,0,0,-0.001759,False,False
2026-03-24 05:00:00+00:00,70371.540000,70371.540000,70136.360000,70319.980000,0,0,0.001485,False,False
2026-03-24 06:00:00+00:00,70264.060000,70575.150000,70264.060000,70528.730000,0,0,0.009608,False,False
2026-03-24 07:00:00+00:00,70497.280000,71391.300000,70497.280000,71288.530000,0,1,0.026740,False,False
2026-03-24 08:00:00+00:00,71285.090000,71285.090000,70905.010000,70925.100000,0,0,0.032846,False,False
2026-03-24 09:00:00+00:00,70977.500000,71349.860000,70863.210000,71321.330000,0,1,0.044560,False,False
2026-03-24 10:00:00+00:00,71295.350000,71301.310000,71119.090000,71296.300000,0,1,0.057736,False,False
2026-03-24 11:00:00+00:00,71250.710000,71298.920000,70967.680000,71162.210000,0,1,0.057138,False,False
2026-03-24 12:00:00+00:00,71168.880000,71168.880000,70880.890000,70978.410000,0,0,0.057811,False,False
2026-03-24 13:00:00+00:00,70991.400000,71028.650000,70000.000000,70053.500000,0,0,0.062348,False,False
2026-03-24 14:00:00+00:00,70145.840000,70449.760000,69555.830000,69730.750000,0,0,0.061783,False,False
2026-03-24 15:00:00+00:00,69897.720000,70224.740000,69833.330000,69878.580000,0,0,0.055632,False,False
2026-03-24 16:00:00+00:00,69847.000000,69990.090000,69365.550000,69489.060000,0,0,0.056184,False,False
2026-03-24 17:00:00+00:00,69449.940000,69449.940000,68939.160000,69194.820000,1,0,0.057303,False,False
2026-03-24 18:00:00+00:00,69218.040000,69720.610000,69186.200000,69511.680000,1,0,0.053639,False,False
2026-03-24 19:00:00+00:00,69485.570000,69660.490000,69286.850000,69362.500000,1,0,0.053753,False,False
2026-03-24 20:00:00+00:00,69364.990000,70277.250000,69311.140000,70102.030000,0,0,0.062223,False,False
2026-03-24 21:00:00+00:00,70104.900000,70377.840000,69950.950000,70332.170000,0,0,0.065928,False,False
2026-03-24 22:00:00+00:00,70298.630000,70596.980000,70130.820000,70379.800000,0,0,0.058236,False,False
2026-03-24 23:00:00+00:00,70315.310000,70823.350000,70292.460000,70601.730000,0,0,0.058511,False,False
2026-03-25 00:00:00+00:00,70585.020000,71031.890000,70502.530000,70870.250000,0,0,0.063573,False,False
2026-03-25 01:00:00+00:00,70851.290000,70953.940000,70652.970000,70753.410000,0,0,0.062934,False,False
2026-03-25 02:00:00+00:00,70609.120000,70740.750000,70522.700000,70522.700000,0,0,0.062808,False,False
2026-03-25 03:00:00+00:00,70534.730000,70804.720000,70416.680000,70784.550000,0,0,0.064142,False,False
2026-03-25 04:00:00+00:00,70727.290000,70965.430000,70689.000000,70965.430000,0,0,0.065803,False,False
2026-03-25 05:00:00+00:00,70961.840000,71338.800000,70956.780000,71109.570000,0,0,0.060836,False,False
2026-03-25 06:00:00+00:00,71140.410000,71249.570000,71026.020000,71209.870000,0,0,0.056176,False,False
2026-03-25 07:00:00+00:00,70981.530000,71250.000000,70922.620000,70922.620000,0,0,0.044858,False,False
2026-03-25 08:00:00+00:00,70953.680000,71488.560000,70816.470000,71262.310000,0,0,0.042101,False,False
2026-03-25 09:00:00+00:00,71255.390000,71354.370000,71119.950000,71119.950000,0,0,0.036583,False,False
2026-03-25 10:00:00+00:00,71370.670000,71610.600000,71340.910000,71513.450000,0,0,0.034316,False,False
2026-03-25 11:00:00+00:00,71500.000000,72000.000000,71491.010000,71664.480000,0,1,0.032778,False,False
2026-03-25 12:00:00+00:00,71711.870000,71925.900000,71135.880000,71708.870000,0,1,0.027898,False,False
2026-03-25 13:00:00+00:00,71761.690000,71936.360000,71541.590000,71588.930000,0,1,0.025078,False,False
2026-03-25 14:00:00+00:00,71572.070000,71654.120000,71241.590000,71241.590000,0,0,0.024090,False,False
2026-03-25 15:00:00+00:00,71251.030000,71309.320000,70603.720000,70847.700000,0,0,0.024129,False,False
2026-03-25 16:00:00+00:00,70814.350000,71735.770000,70814.350000,71389.330000,0,1,0.025853,False,False
2026-03-25 17:00:00+00:00,71298.850000,71397.900000,70740.400000,70770.470000,0,0,0.030403,False,False
2026-03-25 18:00:00+00:00,70820.000000,71109.630000,70734.260000,70758.480000,0,0,0.035169,False,False
2026-03-25 19:00:00+00:00,70810.920000,71060.880000,70770.870000,70871.530000,0,0,0.036163,False,False
2026-03-25 20:00:00+00:00,70850.750000,71051.480000,70668.620000,71005.120000,0,0,0.040248,False,False
2026-03-25 21:00:00+00:00,71021.950000,71166.670000,70960.840000,71028.090000,0,0,0.041699,False,False
2026-03-25 22:00:00+00:00,71074.290000,71541.590000,70960.980000,71386.090000,0,1,0.046830,False,False
2026-03-25 23:00:00+00:00,71397.610000,71442.980000,71215.040000,71334.090000,0,1,0.047652,False,False
2026-03-26 00:00:00+00:00,71354.830000,71442.330000,71124.980000,71276.830000,0,1,0.044808,False,False
2026-03-26 01:00:00+00:00,71322.810000,71382.290000,71195.170000,71250.610000,0,1,0.044928,False,False
2026-03-26 02:00:00+00:00,71247.020000,71278.980000,70666.970000,70897.980000,0,1,0.049009,False,False
2026-03-26 03:00:00+00:00,70877.540000,70958.630000,70727.610000,70884.830000,0,1,0.049516,False,False
2026-03-26 04:00:00+00:00,70891.840000,70891.840000,70736.810000,70827.860000,0,1,0.046901,False,False
2026-03-26 05:00:00+00:00,70783.660000,70783.990000,69974.730000,69994.810000,0,0,0.054962,False,False
2026-03-26 06:00:00+00:00,69985.010000,70149.910000,69863.000000,70087.860000,0,0,0.054900,False,False
2026-03-26 07:00:00+00:00,70096.370000,70175.300000,69840.940000,70108.980000,0,0,0.049340,False,False
2026-03-26 08:00:00+00:00,70137.750000,70137.750000,69872.920000,70014.260000,0,1,0.049486,False,False
2026-03-26 09:00:00+00:00,70115.120000,70148.170000,69416.600000,69590.000000,0,0,0.053391,False,False
2026-03-26 10:00:00+00:00,69551.730000,69688.420000,69506.430000,69506.430000,0,1,0.052081,False,False
2026-03-26 11:00:00+00:00,69527.010000,69628.140000,69219.870000,69295.700000,0,0,0.049437,False,False
2026-03-26 12:00:00+00:00,69261.290000,69469.380000,69251.430000,69457.750000,0,1,0.048128,False,False
2026-03-26 13:00:00+00:00,69423.180000,69859.890000,69342.860000,69616.980000,0,1,0.047372,False,False
2026-03-26 14:00:00+00:00,69681.020000,69817.950000,69229.700000,69445.250000,0,1,0.044296,False,False
2026-03-26 15:00:00+00:00,69503.730000,69503.730000,68800.000000,69143.010000,0,1,0.045314,False,False
2026-03-26 16:00:00+00:00,69024.210000,69077.170000,68874.370000,68912.510000,0,0,0.042920,False,False
2026-03-26 17:00:00+00:00,68945.770000,69163.000000,68333.000000,68507.040000,0,0,0.045439,False,False
2026-03-26 18:00:00+00:00,68449.010000,68587.940000,68176.030000,68422.980000,0,0,0.045808,False,False
2026-03-26 19:00:00+00:00,68498.980000,68664.780000,68366.420000,68557.730000,0,0,0.042624,False,False
2026-03-26 20:00:00+00:00,68559.560000,69441.450000,68460.000000,68979.300000,0,1,0.046481,False,False
2026-03-26 21:00:00+00:00,68940.520000,69137.980000,68869.380000,68923.430000,0,1,0.044767,False,False
2026-03-26 22:00:00+00:00,68914.490000,68998.920000,68615.600000,68875.390000,0,1,0.040481,False,False
2026-03-26 23:00:00+00:00,68942.820000,69025.620000,68601.420000,68807.520000,0,1,0.039149,False,False
2026-03-27 00:00:00+00:00,68811.340000,68967.870000,68550.000000,68754.690000,0,1,0.037080,False,False
2026-03-27 01:00:00+00:00,68789.620000,69037.280000,68700.930000,69037.280000,0,1,0.036914,False,False
2026-03-27 02:00:00+00:00,69051.310000,69147.690000,68874.910000,68928.090000,0,1,0.034339,False,False
2026-03-27 03:00:00+00:00,68892.660000,68905.110000,68687.280000,68800.620000,0,1,0.032066,False,False
2026-03-27 04:00:00+00:00,68769.170000,68769.170000,68330.430000,68619.850000,0,1,0.030886,False,False
2026-03-27 05:00:00+00:00,68574.190000,68841.360000,68561.350000,68611.950000,0,1,0.028676,False,False
2026-03-27 06:00:00+00:00,68649.880000,68839.690000,68623.700000,68683.010000,0,1,0.025754,False,False
2026-03-27 07:00:00+00:00,68678.450000,68910.640000,68470.650000,68470.650000,0,1,0.024740,False,False
2026-03-27 08:00:00+00:00,68606.110000,68606.110000,67625.440000,67946.000000,0,1,0.028301,False,False
2026-03-27 09:00:00+00:00,67925.430000,67925.430000,67599.080000,67791.460000,0,1,0.028245,False,False
2026-03-27 10:00:00+00:00,67698.860000,67747.600000,66361.000000,66524.290000,0,0,0.035318,False,False
2026-03-27 11:00:00+00:00,66451.850000,66818.260000,66289.870000,66720.300000,0,0,0.035506,False,False
2026-03-27 12:00:00+00:00,66730.000000,66730.000000,66451.720000,66633.810000,0,0,0.026214,False,False
2026-03-27 13:00:00+00:00,66639.220000,66724.740000,66015.570000,66026.360000,0,0,0.027967,False,False
2026-03-27 14:00:00+00:00,66150.900000,66412.400000,65756.670000,66207.930000,0,0,0.026379,False,False
2026-03-27 15:00:00+00:00,66217.930000,66599.000000,66003.380000,66112.700000,0,0,0.020981,False,False
2026-03-27 16:00:00+00:00,66084.410000,66186.500000,65801.670000,65931.930000,0,0,0.021825,False,False
2026-03-27 17:00:00+00:00,66001.190000,66273.810000,65631.500000,65631.500000,0,0,0.022609,False,False
2026-03-27 18:00:00+00:00,65668.510000,65904.640000,65575.530000,65889.540000,0,0,0.020862,False,False
2026-03-27 19:00:00+00:00,65766.090000,66135.810000,65712.340000,66068.250000,0,0,0.020281,False,False
2026-03-27 20:00:00+00:00,66030.640000,66120.330000,65832.510000,66078.630000,0,0,0.016743,False,False
2026-03-27 21:00:00+00:00,66041.030000,66181.720000,66041.030000,66057.800000,0,0,0.011223,False,False
2026-03-27 22:00:00+00:00,66067.630000,66079.020000,65927.910000,66047.380000,0,0,0.010896,False,False
2026-03-27 23:00:00+00:00,66052.530000,66428.470000,65993.900000,66428.470000,0,0,0.013621,False,False
2026-03-28 00:00:00+00:00,66397.350000,66503.500000,66291.030000,66442.890000,0,0,0.013419,False,False
2026-03-28 01:00:00+00:00,66396.000000,66413.370000,66071.430000,66129.970000,0,0,0.010523,False,False
2026-03-28 02:00:00+00:00,66193.750000,66250.790000,65942.220000,66045.910000,0,0,0.008365,False,False
2026-03-28 03:00:00+00:00,66118.520000,66240.020000,66095.570000,66221.550000,0,0,0.005421,False,False
2026-03-28 04:00:00+00:00,66175.420000,66278.130000,66115.670000,66270.600000,0,0,0.003691,False,False
2026-03-28 05:00:00+00:00,66300.570000,66355.880000,66221.530000,66355.880000,0,0,0.000637,False,False
2026-03-28 06:00:00+00:00,66336.860000,66469.480000,66336.860000,66394.970000,0,0,-0.001055,False,False
2026-03-28 07:00:00+00:00,66427.600000,66547.340000,66385.070000,66547.340000,0,0,-0.000761,False,False
2026-03-28 08:00:00+00:00,66522.210000,66556.390000,66396.190000,66396.190000,0,0,-0.003050,False,False
2026-03-28 09:00:00+00:00,66355.590000,66379.630000,66257.290000,66325.650000,0,0,-0.004085,False,False
2026-03-28 10:00:00+00:00,66300.330000,66300.330000,66165.230000,66205.300000,0,0,-0.005962,False,False
2026-03-28 11:00:00+00:00,66262.390000,66345.850000,66217.070000,66326.990000,0,0,-0.006748,False,False
2026-03-28 12:00:00+00:00,66347.400000,66473.550000,66312.150000,66468.020000,0,0,-0.006504,False,False
2026-03-28 13:00:00+00:00,66461.750000,67142.860000,66394.080000,66880.580000,0,0,-0.001464,False,False
2026-03-28 14:00:00+00:00,66820.410000,66903.880000,66689.790000,66689.790000,0,0,-0.002442,False,False
2026-03-28 15:00:00+00:00,66763.290000,67270.060000,66716.130000,66974.920000,0,0,-0.000794,False,False
2026-03-28 16:00:00+00:00,67033.070000,67087.090000,66916.530000,66939.010000,0,0,-0.000743,False,False
2026-03-28 17:00:00+00:00,66938.590000,66997.890000,66652.900000,66853.800000,0,0,-0.000105,False,False
2026-03-28 18:00:00+00:00,66873.660000,66961.360000,66857.990000,66961.360000,0,0,0.000200,False,False
2026-03-28 19:00:00+00:00,66900.690000,66950.950000,66828.150000,66866.670000,0,0,0.000525,False,False
2026-03-28 20:00:00+00:00,66991.800000,67026.370000,66920.250000,66944.110000,0,0,0.000564,False,False
2026-03-28 21:00:00+00:00,66936.700000,66941.920000,66651.730000,66670.310000,0,0,0.001030,False,False
2026-03-28 22:00:00+00:00,66656.480000,66783.640000,66619.990000,66765.410000,0,0,0.000863,False,False
2026-03-28 23:00:00+00:00,66757.130000,66757.130000,66300.790000,66393.380000,0,0,-0.000099,False,False
2026-03-29 00:00:00+00:00,66392.250000,66502.650000,66317.700000,66476.910000,0,0,0.000053,False,False
2026-03-29 01:00:00+00:00,66490.320000,66617.200000,66466.790000,66516.920000,0,0,0.000582,False,False
2026-03-29 02:00:00+00:00,66556.730000,66791.340000,66556.730000,66791.340000,0,0,0.004628,False,False
2026-03-29 03:00:00+00:00,66820.120000,67076.910000,66760.870000,66902.520000,0,0,0.007592,False,False
2026-03-29 04:00:00+00:00,66943.440000,66943.440000,66750.000000,66750.000000,0,0,0.008151,False,False
2026-03-29 05:00:00+00:00,66737.680000,66805.460000,66546.970000,66805.460000,0,0,0.009315,False,False
2026-03-29 06:00:00+00:00,66845.910000,66864.700000,66651.640000,66752.900000,0,0,0.009279,False,False
2026-03-29 07:00:00+00:00,66702.650000,66706.730000,66564.130000,66706.730000,0,0,0.009503,False,False
2026-03-29 08:00:00+00:00,66676.110000,66762.020000,66625.610000,66714.340000,0,0,0.010470,False,False
2026-03-29 09:00:00+00:00,66685.660000,66715.600000,66562.050000,66632.420000,0,0,0.012178,False,False
2026-03-29 10:00:00+00:00,66569.700000,66569.700000,66430.940000,66503.800000,0,0,0.015458,False,False
2026-03-29 11:00:00+00:00,66560.280000,66953.540000,66560.280000,66852.690000,0,0,0.019129,False,False
2026-03-29 12:00:00+00:00,66848.580000,66874.220000,66748.880000,66874.220000,0,0,0.021162,False,False
2026-03-29 13:00:00+00:00,66863.520000,66863.520000,66534.910000,66607.950000,0,0,0.019542,False,False
2026-03-29 14:00:00+00:00,66589.970000,66750.000000,66497.980000,66554.060000,0,0,0.020452,False,False
2026-03-29 15:00:00+00:00,66722.990000,66722.990000,66362.250000,66555.080000,0,0,0.018630,False,False
2026-03-29 16:00:00+00:00,66525.490000,66644.670000,66452.110000,66505.590000,0,0,0.018617,False,False
2026-03-29 17:00:00+00:00,66507.760000,66541.970000,66196.150000,66396.230000,0,0,0.019395,False,False
2026-03-29 18:00:00+00:00,66407.660000,66495.430000,66359.160000,66437.030000,0,0,0.019015,False,False
2026-03-29 19:00:00+00:00,66417.320000,66473.860000,66323.600000,66323.600000,0,0,0.019320,False,False
2026-03-29 20:00:00+00:00,66387.160000,66750.000000,66387.160000,66608.760000,0,0,0.021853,False,False
2026-03-29 21:00:00+00:00,66663.720000,66726.420000,66548.650000,66726.420000,0,0,0.024670,False,False
2026-03-29 22:00:00+00:00,66590.500000,66590.500000,65019.110000,65905.360000,1,0,0.027271,False,False
2026-03-29 23:00:00+00:00,65887.810000,66360.720000,65816.450000,66070.330000,1,0,0.029198,False,False
2026-03-30 00:00:00+00:00,66059.670000,67070.190000,65813.420000,66337.360000,0,0,0.027924,False,False
2026-03-30 01:00:00+00:00,66336.960000,66877.470000,66330.810000,66629.340000,0,0,0.032459,False,False
2026-03-30 02:00:00+00:00,66751.110000,67491.640000,66624.500000,67159.990000,0,0,0.040853,False,False
2026-03-30 03:00:00+00:00,67137.770000,67250.000000,67000.000000,67163.480000,0,0,0.041660,False,False
2026-03-30 04:00:00+00:00,67175.900000,67612.920000,67175.900000,67612.920000,0,0,0.045564,False,False
2026-03-30 05:00:00+00:00,67640.860000,67812.240000,67446.980000,67513.000000,0,0,0.044908,False,False
2026-03-30 06:00:00+00:00,67519.080000,67519.080000,67279.200000,67319.150000,0,0,0.041319,False,False
2026-03-30 07:00:00+00:00,67264.800000,67591.370000,67262.580000,67591.370000,0,0,0.039950,False,False
2026-03-30 08:00:00+00:00,67650.390000,67925.420000,67650.390000,67658.560000,0,0,0.040014,False,False
2026-03-30 09:00:00+00:00,67639.110000,67641.190000,67500.270000,67500.270000,0,0,0.036673,False,False
2026-03-30 10:00:00+00:00,67470.480000,67496.940000,67375.110000,67496.940000,0,0,0.031603,False,False
2026-03-30 11:00:00+00:00,67501.710000,67954.550000,67501.710000,67581.110000,0,0,0.024561,False,False
2026-03-30 12:00:00+00:00,67697.410000,67956.810000,67680.730000,67870.820000,0,0,0.021669,False,False
2026-03-30 13:00:00+00:00,67912.760000,68133.880000,67493.540000,67493.540000,0,0,0.016075,False,False
2026-03-30 14:00:00+00:00,67615.590000,67852.220000,67105.240000,67782.260000,0,0,0.015983,False,False
2026-03-30 15:00:00+00:00,67886.650000,67886.650000,67418.200000,67619.050000,0,0,0.013088,False,False
2026-03-30 16:00:00+00:00,67647.250000,67647.250000,67250.000000,67332.560000,0,0,0.014287,False,False
2026-03-30 17:00:00+00:00,67407.750000,67460.870000,66697.190000,66836.280000,0,0,0.018845,False,False
2026-03-30 18:00:00+00:00,66847.590000,66847.590000,66551.450000,66551.450000,0,0,0.021986,False,False
2026-03-30 19:00:00+00:00,66647.620000,66647.620000,66276.980000,66489.000000,0,0,0.023625,False,False
2026-03-30 20:00:00+00:00,66551.970000,66680.650000,66547.750000,66643.110000,0,0,0.025013,False,False
2026-03-30 21:00:00+00:00,66662.970000,66986.040000,66607.880000,66781.780000,0,0,0.028088,False,False
2026-03-30 22:00:00+00:00,66864.230000,66985.170000,66716.890000,66735.730000,0,0,0.032642,False,False
2026-03-30 23:00:00+00:00,66791.530000,66794.150000,66430.940000,66794.150000,0,0,0.038088,False,False
2026-03-31 00:00:00+00:00,66794.140000,67299.810000,66559.340000,67171.890000,0,0,0.047739,False,False
2026-03-31 01:00:00+00:00,67257.250000,68400.000000,67077.660000,68016.630000,0,0,0.067725,False,False
2026-03-31 02:00:00+00:00,67909.190000,68081.420000,67799.560000,68012.760000,0,0,0.069353,False,False
2026-03-31 03:00:00+00:00,67927.780000,68020.690000,67668.110000,67732.580000,0,0,0.063539,False,False
2026-03-31 04:00:00+00:00,67757.010000,67928.570000,67522.820000,67535.070000,0,0,0.064487,False,False
2026-03-31 05:00:00+00:00,67514.650000,67745.770000,67409.070000,67676.080000,0,0,0.061506,False,False
2026-03-31 06:00:00+00:00,67679.430000,67679.430000,67344.940000,67517.560000,0,0,0.058230,False,False
2026-03-31 07:00:00+00:00,67499.360000,67527.710000,67101.170000,67346.380000,0,0,0.054315,False,False
2026-03-31 08:00:00+00:00,67437.480000,67437.480000,66676.970000,66894.690000,0,0,0.051640,False,False
2026-03-31 09:00:00+00:00,66700.100000,66761.360000,66000.000000,66116.090000,1,0,0.055042,False,False
2026-03-31 10:00:00+00:00,66183.380000,66430.270000,66183.380000,66350.200000,1,0,0.050451,False,False
2026-03-31 11:00:00+00:00,66368.470000,66847.180000,66256.030000,66626.420000,1,0,0.046956,False,False
2026-03-31 12:00:00+00:00,66741.920000,66901.360000,66559.260000,66719.140000,1,0,0.044666,False,False
2026-03-31 13:00:00+00:00,66697.880000,67395.190000,66697.880000,67224.430000,0,0,0.047927,False,False
2026-03-31 14:00:00+00:00,67293.670000,67780.710000,66454.390000,66621.330000,1,0,0.044041,False,False
2026-03-31 15:00:00+00:00,66671.250000,67287.560000,66632.970000,66724.760000,1,0,0.042641,False,False
2026-03-31 16:00:00+00:00,66788.640000,68000.000000,66788.640000,67574.130000,0,0,0.051001,False,False
2026-03-31 17:00:00+00:00,67685.950000,68578.300000,67473.010000,67473.010000,0,0,0.052025,False,False
2026-03-31 18:00:00+00:00,67574.600000,67961.010000,67574.600000,67778.280000,0,0,0.052205,False,False
2026-03-31 19:00:00+00:00,67859.950000,68022.670000,67761.980000,67909.590000,0,0,0.059738,False,False
2026-03-31 20:00:00+00:00,67910.390000,68256.960000,67899.000000,68256.960000,0,0,0.066952,False,False
2026-03-31 21:00:00+00:00,68258.880000,68395.700000,67933.730000,68276.430000,0,0,0.064406,False,False
2026-03-31 22:00:00+00:00,68309.390000,68309.390000,68022.560000,68221.860000,0,0,0.058587,False,False
2026-03-31 23:00:00+00:00,68141.910000,68372.730000,68112.900000,68297.520000,0,0,0.057279,False,False
2026-04-01 00:00:00+00:00,68245.470000,68339.280000,67871.270000,68322.700000,0,0,0.053693,False,False
2026-04-01 01:00:00+00:00,68366.650000,68371.620000,67766.420000,67819.440000,0,0,0.051209,False,False
2026-04-01 02:00:00+00:00,67834.750000,67925.450000,67599.080000,67614.780000,0,0,0.042627,False,False
2026-04-01 03:00:00+00:00,67729.200000,68232.760000,67729.200000,68126.610000,0,0,0.033052,False,False
2026-04-01 04:00:00+00:00,68198.920000,68470.350000,68054.510000,68274.350000,0,0,0.031885,False,False
2026-04-01 05:00:00+00:00,68254.220000,68737.840000,68172.510000,68447.630000,0,0,0.026158,False,False
2026-04-01 06:00:00+00:00,68462.470000,69218.990000,68462.470000,69188.820000,0,1,0.034112,False,False
2026-04-01 07:00:00+00:00,69138.360000,69279.480000,68680.340000,68688.950000,0,0,0.029145,False,False
2026-04-01 08:00:00+00:00,68731.850000,68808.570000,68470.650000,68725.520000,0,0,0.027508,False,False
2026-04-01 09:00:00+00:00,68689.230000,68731.890000,68433.000000,68527.340000,0,0,0.027907,False,False
2026-04-01 10:00:00+00:00,68640.000000,68640.000000,68486.160000,68486.160000,0,0,0.031330,False,False
2026-04-01 11:00:00+00:00,68611.190000,68690.630000,68530.840000,68690.630000,0,0,0.034871,False,False
2026-04-01 12:00:00+00:00,68680.360000,68784.560000,68263.770000,68361.830000,0,0,0.037646,False,False
2026-04-01 13:00:00+00:00,68397.160000,68615.600000,67954.550000,68116.840000,0,0,0.038964,False,False
2026-04-01 14:00:00+00:00,68110.530000,68680.340000,68110.530000,68621.820000,0,0,0.041158,False,False
2026-04-01 15:00:00+00:00,68657.440000,68939.440000,68499.940000,68933.730000,0,1,0.050356,False,False
2026-04-01 16:00:00+00:00,68890.180000,68999.870000,68631.280000,68847.380000,0,1,0.046470,False,False
2026-04-01 17:00:00+00:00,68826.270000,69147.690000,68250.260000,68250.260000,0,1,0.050335,False,False
2026-04-01 18:00:00+00:00,68210.720000,68307.990000,67954.550000,68048.190000,0,0,0.052057,False,False
2026-04-01 19:00:00+00:00,68062.980000,68316.360000,68042.620000,68188.420000,0,0,0.049137,False,False
2026-04-01 20:00:00+00:00,68165.120000,68249.090000,68043.190000,68212.720000,0,0,0.049520,False,False
2026-04-01 21:00:00+00:00,68196.820000,68502.000000,68188.290000,68409.730000,0,1,0.050353,False,False
2026-04-01 22:00:00+00:00,68344.140000,68344.140000,68071.400000,68130.410000,0,0,0.049566,False,False
2026-04-01 23:00:00+00:00,68142.330000,68253.190000,68014.670000,68106.860000,0,0,0.050250,False,False
2026-04-02 00:00:00+00:00,68114.370000,68643.480000,68065.690000,68605.640000,0,1,0.055186,False,False
2026-04-02 01:00:00+00:00,68502.240000,68502.240000,67095.730000,67360.610000,0,0,0.062411,False,False
2026-04-02 02:00:00+00:00,67362.940000,67477.230000,66656.900000,66868.070000,0,0,0.073446,False,False
2026-04-02 03:00:00+00:00,66859.460000,67110.810000,66525.250000,66590.020000,0,0,0.065934,False,False
2026-04-02 04:00:00+00:00,66563.750000,66830.160000,66258.810000,66501.350000,0,0,0.064420,False,False
2026-04-02 05:00:00+00:00,66364.600000,66816.980000,66324.620000,66634.100000,0,0,0.063946,False,False
2026-04-02 06:00:00+00:00,66641.100000,66985.720000,66567.330000,66693.410000,0,0,0.061578,False,False
2026-04-02 07:00:00+00:00,66681.000000,67122.590000,66571.990000,66962.400000,0,0,0.063658,False,False
2026-04-02 08:00:00+00:00,66960.000000,67036.550000,66317.250000,66466.930000,0,0,0.063265,False,False
2026-04-02 09:00:00+00:00,66469.400000,66475.000000,66354.020000,66458.290000,0,0,0.063235,False,False
2026-04-02 10:00:00+00:00,66457.330000,66528.500000,66250.000000,66477.160000,0,0,0.057597,False,False
2026-04-02 11:00:00+00:00,66486.480000,66506.800000,66191.400000,66217.500000,0,0,0.057830,False,False
2026-04-02 12:00:00+00:00,66201.430000,66263.980000,66000.000000,66059.100000,0,0,0.050880,False,False
2026-04-02 13:00:00+00:00,66079.600000,66294.170000,65722.830000,66294.170000,0,0,0.048152,False,False
2026-04-02 14:00:00+00:00,66269.880000,67025.330000,66199.460000,66927.820000,0,0,0.058338,False,False
2026-04-02 15:00:00+00:00,66826.690000,66987.160000,66651.000000,66789.120000,0,0,0.055238,False,False
2026-04-02 16:00:00+00:00,66835.860000,67240.040000,66835.860000,67183.300000,0,0,0.054936,False,False
2026-04-02 17:00:00+00:00,67079.980000,67395.190000,66681.040000,66681.040000,0,0,0.053299,False,False
2026-04-02 18:00:00+00:00,66697.790000,67073.650000,66639.410000,66988.700000,0,0,0.053644,False,False
2026-04-02 19:00:00+00:00,67009.610000,67100.000000,66892.000000,66997.360000,0,0,0.051490,False,False
2026-04-02 20:00:00+00:00,66830.960000,67100.000000,66830.960000,67009.510000,0,0,0.046866,False,False
2026-04-02 21:00:00+00:00,67025.550000,67025.560000,66766.780000,66907.030000,0,0,0.044668,False,False
2026-04-02 22:00:00+00:00,66951.090000,67025.420000,66852.620000,67025.420000,0,0,0.042547,False,False
2026-04-02 23:00:00+00:00,66987.870000,67099.990000,66851.040000,66887.480000,0,0,0.037750,False,False
2026-04-03 00:00:00+00:00,66960.280000,67000.110000,66723.670000,66783.110000,0,0,0.032886,False,False
2026-04-03 01:00:00+00:00,66783.110000,67078.600000,66526.600000,66677.250000,0,0,0.028108,False,False
2026-04-03 02:00:00+00:00,66649.750000,66908.170000,66302.080000,66493.370000,0,0,0.028427,False,False
2026-04-03 03:00:00+00:00,66553.110000,66901.350000,66505.680000,66639.500000,0,0,0.028331,False,False
2026-04-03 04:00:00+00:00,66602.420000,66858.080000,66524.630000,66614.290000,0,0,0.028172,False,False
2026-04-03 05:00:00+00:00,66627.980000,66967.670000,66444.140000,66605.570000,0,0,0.027336,False,False
2026-04-03 06:00:00+00:00,66622.220000,66977.090000,66580.960000,66813.680000,0,0,0.029376,False,False
2026-04-03 07:00:00+00:00,66804.590000,67335.670000,66776.430000,67024.430000,0,0,0.031474,False,False
2026-04-03 08:00:00+00:00,67043.460000,67262.750000,66739.770000,66971.480000,0,0,0.030956,False,False
2026-04-03 09:00:00+00:00,66945.770000,66996.090000,66617.210000,66856.070000,0,0,0.031056,False,False
2026-04-03 10:00:00+00:00,66791.120000,66893.310000,66667.600000,66863.960000,0,0,0.031397,False,False
2026-04-03 11:00:00+00:00,66908.840000,67038.030000,66836.300000,67017.420000,0,0,0.034595,False,False
2026-04-03 12:00:00+00:00,67029.030000,67336.720000,66724.760000,66783.090000,0,0,0.037757,False,False
2026-04-03 13:00:00+00:00,66689.660000,66735.000000,66540.660000,66670.380000,0,0,0.040601,False,False
2026-04-03 14:00:00+00:00,66676.450000,66980.000000,66663.030000,66855.050000,0,0,0.038730,False,False
2026-04-03 15:00:00+00:00,66920.800000,67033.340000,66827.440000,66863.200000,0,0,0.039038,False,False
2026-04-03 16:00:00+00:00,66840.390000,67071.670000,66840.390000,67017.380000,0,0,0.038474,False,False
2026-04-03 17:00:00+00:00,67013.000000,67075.000000,66797.570000,66844.980000,0,0,0.037513,False,False
2026-04-03 18:00:00+00:00,66861.130000,66943.220000,66793.140000,66836.630000,0,0,0.037229,False,False
2026-04-03 19:00:00+00:00,66832.180000,66905.770000,66779.970000,66888.180000,0,0,0.035893,False,False
2026-04-03 20:00:00+00:00,66888.100000,66925.090000,66841.960000,66864.810000,0,0,0.035582,False,False
2026-04-03 21:00:00+00:00,66859.160000,66974.930000,66842.020000,66974.310000,0,0,0.036468,False,False
2026-04-03 22:00:00+00:00,66937.410000,66951.800000,66844.620000,66877.010000,0,0,0.035762,False,False
2026-04-03 23:00:00+00:00,66903.730000,66959.120000,66825.260000,66939.090000,0,0,0.035604,False,False
2026-04-04 00:00:00+00:00,66951.360000,66977.540000,66877.490000,66894.570000,0,0,0.035106,False,False
2026-04-04 01:00:00+00:00,66904.510000,66914.380000,66668.320000,66862.100000,0,0,0.034582,False,False
2026-04-04 02:00:00+00:00,66845.460000,66932.410000,66638.020000,66825.910000,0,0,0.035951,False,False
2026-04-04 03:00:00+00:00,66847.560000,66891.690000,66666.940000,66827.260000,0,0,0.036601,False,False
2026-04-04 04:00:00+00:00,66839.780000,66872.670000,66625.780000,66864.670000,0,0,0.037654,False,False
2026-04-04 05:00:00+00:00,66862.710000,66935.670000,66799.600000,66911.270000,0,0,0.039364,False,False
2026-04-04 06:00:00+00:00,66931.720000,67046.550000,66908.620000,67022.250000,0,0,0.041173,False,False
2026-04-04 07:00:00+00:00,67039.360000,67047.880000,66951.130000,67028.560000,0,0,0.041165,False,False
2026-04-04 08:00:00+00:00,66996.900000,67048.790000,66996.900000,67012.670000,0,0,0.040135,False,False
2026-04-04 09:00:00+00:00,66981.150000,67004.660000,66958.920000,66972.050000,0,0,0.040508,False,False
2026-04-04 10:00:00+00:00,66972.050000,67167.460000,66946.540000,67167.460000,0,0,0.043058,False,False
2026-04-04 11:00:00+00:00,67167.460000,67201.900000,67103.670000,67127.780000,0,0,0.042979,False,False
2026-04-04 12:00:00+00:00,67179.380000,67179.380000,67048.680000,67100.720000,0,0,0.042061,False,False
2026-04-04 13:00:00+00:00,67105.750000,67274.840000,67083.810000,67213.860000,0,0,0.043691,False,False
2026-04-04 14:00:00+00:00,67222.480000,67226.960000,67072.460000,67125.560000,0,0,0.042931,False,False
2026-04-04 15:00:00+00:00,67217.500000,67522.820000,67190.260000,67311.140000,0,0,0.043645,False,False
2026-04-04 16:00:00+00:00,67404.750000,67533.540000,67326.560000,67379.280000,0,0,0.043812,False,False
2026-04-04 17:00:00+00:00,67330.000000,67423.510000,67289.510000,67334.590000,0,0,0.041597,False,False
2026-04-04 18:00:00+00:00,67345.470000,67368.030000,67277.840000,67308.500000,0,0,0.041234,False,False
2026-04-04 19:00:00+00:00,67358.570000,67540.000000,67314.600000,67323.840000,0,0,0.040498,False,False
2026-04-04 20:00:00+00:00,67294.020000,67300.090000,67217.390000,67273.860000,0,0,0.039815,False,False
2026-04-04 21:00:00+00:00,67294.800000,67448.360000,67237.510000,67360.970000,0,0,0.039064,False,False
2026-04-04 22:00:00+00:00,67355.440000,67445.680000,67355.440000,67384.030000,0,0,0.039418,False,False
2026-04-04 23:00:00+00:00,67398.510000,67398.510000,67249.090000,67303.950000,0,0,0.038517,False,False
2026-04-05 00:00:00+00:00,67306.280000,67306.280000,67185.940000,67238.050000,0,0,0.038389,False,False
2026-04-05 01:00:00+00:00,67237.950000,67238.310000,67069.900000,67103.470000,0,0,0.039499,False,False
2026-04-05 02:00:00+00:00,67086.580000,67181.890000,66967.610000,67178.140000,0,0,0.039665,False,False
2026-04-05 03:00:00+00:00,67178.140000,67184.220000,67124.380000,67132.810000,0,0,0.040471,False,False
2026-04-05 04:00:00+00:00,67147.680000,67197.500000,67063.480000,67106.750000,0,0,0.041549,False,False
2026-04-05 05:00:00+00:00,67105.070000,67143.960000,66944.780000,66944.780000,1,0,0.043836,False,False
2026-04-05 06:00:00+00:00,66938.800000,66954.410000,66642.350000,66841.780000,1,0,0.045454,False,False
2026-04-05 07:00:00+00:00,66814.270000,66919.380000,66729.160000,66776.900000,1,0,0.045919,False,False
2026-04-05 08:00:00+00:00,66827.190000,66949.860000,66827.190000,66943.100000,1,0,0.047375,False,False
2026-04-05 09:00:00+00:00,66976.360000,67045.920000,66915.370000,67041.030000,1,0,0.049570,False,False
2026-04-05 10:00:00+00:00,67001.170000,67122.600000,66970.350000,67049.680000,1,0,0.048337,False,False
2026-04-05 11:00:00+00:00,67079.260000,67097.100000,67003.650000,67003.650000,1,0,0.047817,False,False
2026-04-05 12:00:00+00:00,67001.170000,67001.170000,66683.920000,66795.190000,1,0,0.049618,False,False
2026-04-05 13:00:00+00:00,66793.030000,66912.130000,66711.780000,66912.130000,1,0,0.049827,False,False
2026-04-05 14:00:00+00:00,66898.080000,66968.540000,66850.390000,66936.880000,1,0,0.049978,False,False
2026-04-05 15:00:00+00:00,66926.330000,67820.380000,66869.910000,67266.780000,1,0,0.054811,False,False
2026-04-05 16:00:00+00:00,67329.060000,67385.920000,67207.020000,67207.020000,1,0,0.054928,False,False
2026-04-05 17:00:00+00:00,67220.620000,67406.880000,67191.350000,67406.880000,1,0,0.055472,False,False
2026-04-05 18:00:00+00:00,67329.570000,67456.850000,67294.920000,67400.880000,1,0,0.055888,False,False
2026-04-05 19:00:00+00:00,67393.070000,67545.220000,67321.520000,67321.520000,1,0,0.053091,False,False
2026-04-05 20:00:00+00:00,67363.830000,67666.910000,67360.300000,67634.960000,1,0,0.056590,False,False
2026-04-05 21:00:00+00:00,67633.820000,67684.120000,67458.600000,67619.140000,1,0,0.056504,False,False
2026-04-05 22:00:00+00:00,67578.580000,68365.330000,67363.980000,68358.300000,0,0,0.066680,False,False
2026-04-05 23:00:00+00:00,68392.390000,69123.420000,68307.650000,69007.230000,0,0,0.078965,False,False
2026-04-06 00:00:00+00:00,69047.200000,69566.450000,69047.200000,69098.110000,0,0,0.071119,False,False
2026-04-06 01:00:00+00:00,69125.530000,69126.920000,68785.580000,68839.060000,0,0,0.060679,False,False
2026-04-06 02:00:00+00:00,68839.830000,69573.270000,68839.830000,69242.900000,0,0,0.059523,False,False
2026-04-06 03:00:00+00:00,69223.170000,69448.150000,69078.850000,69100.400000,0,0,0.054515,False,False
2026-04-06 04:00:00+00:00,69182.200000,69390.140000,68994.840000,69142.840000,0,0,0.046218,False,False
2026-04-06 05:00:00+00:00,69212.210000,69428.450000,69097.160000,69208.530000,0,0,0.041829,False,False
2026-04-06 06:00:00+00:00,69224.680000,69448.980000,68834.000000,68981.630000,0,0,0.037417,False,False
2026-04-06 07:00:00+00:00,69013.800000,69358.770000,68842.200000,69129.370000,0,0,0.031939,False,False
2026-04-06 08:00:00+00:00,69170.600000,69432.650000,69088.550000,69264.770000,0,0,0.027689,False,False
2026-04-06 09:00:00+00:00,69237.330000,70358.650000,69234.100000,69748.010000,0,0,0.025760,False,False
2026-04-06 10:00:00+00:00,69805.100000,70113.610000,69711.170000,69956.630000,0,0,0.025770,False,False
2026-04-06 11:00:00+00:00,69768.070000,69930.690000,69543.000000,69624.230000,0,0,0.023121,False,False
2026-04-06 12:00:00+00:00,69629.640000,69793.420000,69339.870000,69377.380000,0,0,0.024869,False,False
2026-04-06 13:00:00+00:00,69417.700000,69719.520000,69257.320000,69385.690000,0,0,0.023378,False,False
2026-04-06 14:00:00+00:00,69422.600000,69905.440000,69211.050000,69671.500000,0,0,0.027018,False,False
2026-04-06 15:00:00+00:00,69640.110000,70150.100000,69593.690000,69990.900000,0,1,0.032352,False,False
2026-04-06 16:00:00+00:00,69995.820000,70358.470000,69820.000000,69820.000000,0,0,0.032406,False,False
2026-04-06 17:00:00+00:00,69825.030000,69982.230000,69303.910000,69554.080000,0,0,0.034590,False,False
2026-04-06 18:00:00+00:00,69605.210000,70072.650000,69518.150000,69900.950000,0,1,0.036811,False,False
2026-04-06 19:00:00+00:00,69909.890000,70026.940000,69604.640000,69753.410000,0,0,0.039440,False,False
2026-04-06 20:00:00+00:00,69707.500000,70127.090000,69614.220000,69827.790000,0,0,0.040928,False,False
2026-04-06 21:00:00+00:00,69835.720000,69988.620000,69459.450000,69511.680000,0,0,0.047610,False,False
2026-04-06 22:00:00+00:00,69515.390000,69734.000000,68818.210000,68837.900000,0,0,0.058253,False,False
2026-04-06 23:00:00+00:00,68816.590000,68897.050000,68332.710000,68878.640000,0,0,0.058641,False,False
2026-04-07 00:00:00+00:00,68828.550000,69115.660000,68742.030000,68814.110000,0,0,0.053420,False,False
2026-04-07 01:00:00+00:00,68692.640000,69050.490000,68378.870000,68418.470000,0,0,0.059304,False,False
2026-04-07 02:00:00+00:00,68437.550000,68885.080000,68303.500000,68708.200000,0,0,0.059391,False,False
2026-04-07 03:00:00+00:00,68698.200000,69000.770000,68643.000000,68829.300000,0,0,0.060105,False,False
2026-04-07 04:00:00+00:00,68829.300000,68916.670000,68583.330000,68889.590000,0,0,0.058819,False,False
2026-04-07 05:00:00+00:00,68841.700000,68848.650000,68629.980000,68696.790000,0,0,0.058957,False,False
2026-04-07 06:00:00+00:00,68633.510000,68683.400000,68470.650000,68586.320000,0,0,0.060220,False,False
2026-04-07 07:00:00+00:00,68585.600000,68695.050000,68516.510000,68658.300000,0,0,0.058952,False,False
2026-04-07 08:00:00+00:00,68644.900000,69027.280000,68632.950000,68964.390000,0,0,0.061551,False,False
2026-04-07 09:00:00+00:00,68971.500000,69230.330000,68951.770000,69131.410000,0,0,0.061720,False,False
2026-04-07 10:00:00+00:00,69119.000000,69119.000000,68215.110000,68225.880000,0,0,0.063566,False,False
2026-04-07 11:00:00+00:00,68227.800000,68444.400000,68088.520000,68349.020000,0,0,0.064015,False,False
2026-04-07 12:00:00+00:00,68350.150000,68593.440000,68167.320000,68398.220000,0,0,0.057468,False,False
2026-04-07 13:00:00+00:00,68407.690000,68641.120000,68239.300000,68274.120000,0,0,0.056222,False,False
2026-04-07 14:00:00+00:00,68234.040000,68234.040000,67776.820000,67865.780000,1,0,0.059529,False,False
2026-04-07 15:00:00+00:00,67861.620000,68249.380000,67755.500000,68249.380000,1,0,0.057529,False,False
2026-04-07 16:00:00+00:00,68172.330000,68429.160000,68095.090000,68226.340000,1,0,0.056502,False,False
2026-04-07 17:00:00+00:00,68258.470000,68982.930000,68200.260000,68726.140000,1,0,0.059582,False,False
2026-04-07 18:00:00+00:00,68711.070000,68767.550000,68385.070000,68459.360000,1,0,0.056588,False,False
2026-04-07 19:00:00+00:00,68414.650000,69076.570000,68361.540000,69010.810000,1,0,0.059087,False,False
2026-04-07 20:00:00+00:00,69035.820000,69535.740000,69035.820000,69315.790000,1,0,0.064801,False,False
2026-04-07 21:00:00+00:00,69326.080000,70203.420000,69326.080000,69961.510000,1,0,0.071784,False,False
2026-04-07 22:00:00+00:00,69938.890000,71511.480000,69938.890000,71496.360000,0,0,0.105049,True,False
2026-04-07 23:00:00+00:00,71511.470000,72745.830000,71202.150000,71964.450000,0,0,0.110109,True,False
2026-04-08 00:00:00+00:00,71956.270000,72150.370000,71549.850000,71694.790000,0,0,0.083840,True,False
2026-04-08 01:00:00+00:00,71712.810000,71766.240000,71301.910000,71471.940000,0,0,0.078077,False,False
2026-04-08 02:00:00+00:00,71498.030000,71732.090000,71276.190000,71334.360000,0,0,0.064117,False,False
2026-04-08 03:00:00+00:00,71374.920000,71449.040000,71281.520000,71290.520000,0,0,0.048451,False,False
2026-04-08 04:00:00+00:00,71311.000000,71668.270000,71311.000000,71642.820000,0,0,0.038004,False,False
2026-04-08 05:00:00+00:00,71598.520000,71825.790000,71573.870000,71740.650000,0,0,0.028204,False,False
2026-04-08 06:00:00+00:00,71721.680000,71951.840000,71595.260000,71732.490000,0,0,0.014079,False,False
2026-04-08 07:00:00+00:00,71716.420000,71853.780000,71617.650000,71624.460000,0,0,0.004364,False,False
2026-04-08 08:00:00+00:00,71654.270000,71806.450000,71654.270000,71730.740000,0,0,-0.005253,False,False
2026-04-08 09:00:00+00:00,71841.640000,71919.870000,71633.780000,71633.780000,0,0,-0.014377,False,False
2026-04-08 10:00:00+00:00,71714.600000,71791.530000,71486.300000,71508.340000,0,0,-0.014007,False,False
2026-04-08 11:00:00+00:00,71570.450000,71739.370000,71510.280000,71697.020000,0,0,-0.013567,False,False
2026-04-08 12:00:00+00:00,71729.830000,72135.010000,71629.990000,72113.890000,0,0,-0.009308,False,False
2026-04-08 13:00:00+00:00,72106.740000,72845.480000,71533.690000,71533.690000,0,0,-0.007506,False,False
2026-04-08 14:00:00+00:00,71626.590000,71723.960000,70723.970000,70886.460000,0,0,0.000339,False,False
2026-04-08 15:00:00+00:00,70904.590000,71347.950000,70851.220000,71347.950000,0,0,0.003346,False,False
2026-04-08 16:00:00+00:00,71305.010000,71658.610000,71214.600000,71619.870000,0,0,0.010745,False,False
2026-04-08 17:00:00+00:00,71636.170000,71979.140000,71500.730000,71863.930000,0,0,0.017336,False,False
2026-04-08 18:00:00+00:00,71839.110000,71889.390000,71056.920000,71094.640000,0,0,0.026484,False,False
2026-04-08 19:00:00+00:00,71046.530000,71367.240000,71007.690000,71318.770000,0,0,0.035283,False,False
2026-04-08 20:00:00+00:00,71353.090000,71472.950000,71283.000000,71383.880000,0,0,0.040710,False,False
2026-04-08 21:00:00+00:00,71372.080000,71741.970000,71333.800000,71554.530000,0,0,0.047834,False,False
2026-04-08 22:00:00+00:00,71535.230000,71538.820000,71100.340000,71182.840000,0,0,0.046843,False,False
2026-04-08 23:00:00+00:00,70997.230000,71188.790000,70922.100000,71078.160000,0,0,0.045094,False,False
2026-04-09 00:00:00+00:00,71028.700000,71113.050000,70671.290000,70855.440000,1,0,0.041151,False,False
2026-04-09 01:00:00+00:00,70873.850000,70929.360000,70491.910000,70929.360000,1,0,0.040286,False,False
2026-04-09 02:00:00+00:00,70972.870000,71153.370000,70836.810000,71079.650000,0,0,0.039533,False,False
2026-04-09 03:00:00+00:00,71060.290000,71087.500000,70880.590000,71030.250000,0,0,0.038513,False,False
2026-04-09 04:00:00+00:00,70999.880000,71012.280000,70769.520000,70785.760000,1,0,0.038326,False,False
2026-04-09 05:00:00+00:00,70766.510000,71057.750000,70715.060000,70986.880000,0,0,0.036026,False,False
2026-04-09 06:00:00+00:00,71017.720000,71090.490000,70868.690000,70978.100000,0,0,0.034917,False,False
2026-04-09 07:00:00+00:00,71040.440000,71108.650000,71000.500000,71005.000000,0,0,0.032835,False,False
2026-04-09 08:00:00+00:00,71010.940000,71375.830000,70900.450000,71299.170000,0,0,0.035679,False,False
2026-04-09 09:00:00+00:00,71163.830000,71549.850000,71150.960000,71549.850000,0,0,0.038325,False,False
2026-04-09 10:00:00+00:00,71537.450000,71537.450000,71291.440000,71291.440000,0,0,0.035279,False,False
2026-04-09 11:00:00+00:00,71329.080000,71329.080000,71064.690000,71198.920000,0,0,0.034203,False,False
2026-04-09 12:00:00+00:00,71197.090000,71320.530000,71101.340000,71320.530000,0,0,0.030849,False,False
2026-04-09 13:00:00+00:00,71306.100000,71334.210000,70673.360000,70818.700000,1,0,0.030799,False,False
2026-04-09 14:00:00+00:00,70802.850000,71233.880000,70550.000000,71111.740000,0,0,0.031819,False,False
2026-04-09 15:00:00+00:00,71143.450000,72343.060000,70963.610000,72128.510000,0,0,0.044977,False,False
2026-04-09 16:00:00+00:00,72291.830000,72400.000000,71743.750000,72063.090000,0,0,0.041708,False,False
2026-04-09 17:00:00+00:00,72091.030000,72538.940000,72091.030000,72327.630000,0,0,0.034414,False,False
2026-04-09 18:00:00+00:00,72315.060000,72315.060000,71763.320000,71895.990000,0,0,0.031932,False,False
2026-04-09 19:00:00+00:00,71858.700000,72267.120000,71812.830000,72075.970000,0,0,0.028372,False,False
2026-04-09 20:00:00+00:00,72144.640000,72415.930000,71995.970000,72390.810000,0,0,0.025735,False,False
2026-04-09 21:00:00+00:00,72384.250000,72714.350000,72164.140000,72252.170000,0,0,0.021481,False,False
2026-04-09 22:00:00+00:00,72286.510000,73131.980000,71979.150000,71979.150000,0,0,0.018562,False,False
2026-04-09 23:00:00+00:00,71953.810000,72010.250000,71610.600000,71831.700000,0,0,0.015292,False,False
2026-04-10 00:00:00+00:00,71795.560000,72008.040000,71645.470000,71887.720000,0,0,0.012305,False,False
2026-04-10 01:00:00+00:00,71953.850000,72395.550000,71665.730000,72190.690000,0,0,0.009789,False,False
2026-04-10 02:00:00+00:00,72151.420000,72293.010000,71944.140000,71967.850000,0,0,0.004757,False,False
2026-04-10 03:00:00+00:00,71949.390000,72009.770000,71846.290000,71846.290000,0,0,0.005038,False,False
2026-04-10 04:00:00+00:00,71915.790000,72180.000000,71831.140000,72104.470000,0,0,0.006317,False,False
2026-04-10 05:00:00+00:00,72132.900000,72229.450000,72031.330000,72090.590000,0,0,0.006980,False,False
2026-04-10 06:00:00+00:00,72114.280000,72175.590000,71811.630000,71811.630000,0,0,0.007855,False,False
2026-04-10 07:00:00+00:00,71811.610000,71843.270000,71451.380000,71451.380000,0,0,0.011164,False,False
2026-04-10 08:00:00+00:00,71455.370000,71712.930000,71455.370000,71537.670000,0,0,0.010709,False,False
2026-04-10 09:00:00+00:00,71664.650000,71859.380000,71664.650000,71752.790000,0,0,0.010704,False,False
2026-04-10 10:00:00+00:00,71750.840000,71922.120000,71715.460000,71922.120000,0,0,0.013007,False,False
2026-04-10 11:00:00+00:00,71921.070000,72249.280000,71907.930000,72160.000000,0,0,0.016341,False,False
2026-04-10 12:00:00+00:00,72131.230000,72438.230000,72022.700000,72267.600000,0,0,0.018885,False,False
2026-04-10 13:00:00+00:00,72245.550000,72355.560000,71930.350000,72341.280000,0,0,0.022877,False,False
2026-04-10 14:00:00+00:00,72302.300000,73144.470000,72302.300000,72882.470000,0,0,0.033176,False,False
2026-04-10 15:00:00+00:00,72890.400000,73299.920000,72375.650000,72375.650000,0,0,0.029775,False,False
2026-04-10 16:00:00+00:00,72448.220000,73040.160000,72448.220000,72978.010000,0,0,0.032236,False,False
2026-04-10 17:00:00+00:00,72942.110000,73136.340000,72820.110000,73099.880000,0,0,0.032780,False,False
2026-04-10 18:00:00+00:00,73109.520000,73153.490000,72930.070000,73101.240000,0,0,0.027458,False,False
2026-04-10 19:00:00+00:00,73134.590000,73236.910000,72900.000000,73134.560000,0,0,0.022486,False,False
2026-04-10 20:00:00+00:00,73225.230000,73444.640000,73079.740000,73352.150000,0,0,0.019499,False,False
2026-04-10 21:00:00+00:00,73348.790000,73348.790000,72900.000000,73177.370000,0,0,0.012427,False,False
2026-04-10 22:00:00+00:00,73187.230000,73229.130000,72748.190000,72902.460000,0,0,0.008812,False,False
2026-04-10 23:00:00+00:00,72871.220000,72972.720000,72796.020000,72959.510000,0,0,0.005298,False,False
2026-04-11 00:00:00+00:00,72914.220000,72921.810000,72795.030000,72842.090000,0,0,0.001940,False,False
2026-04-11 01:00:00+00:00,72835.640000,73017.200000,72684.590000,72940.880000,0,0,-0.000666,False,False
2026-04-11 02:00:00+00:00,72980.170000,73099.700000,72922.300000,72942.910000,0,0,-0.001523,False,False
2026-04-11 03:00:00+00:00,72993.220000,73083.600000,72853.310000,72853.310000,0,0,-0.003360,False,False
2026-04-11 04:00:00+00:00,72845.700000,72960.810000,72709.160000,72825.380000,0,0,-0.003463,False,False
2026-04-11 05:00:00+00:00,72823.110000,72841.780000,72771.750000,72813.470000,0,0,-0.003618,False,False
2026-04-11 06:00:00+00:00,72735.750000,72752.640000,72632.630000,72718.580000,0,0,-0.002108,False,False
2026-04-11 07:00:00+00:00,72779.530000,72807.070000,72676.110000,72708.280000,0,0,0.001053,False,False
2026-04-11 08:00:00+00:00,72735.270000,72796.990000,72661.360000,72661.360000,0,0,0.003482,False,False
2026-04-11 09:00:00+00:00,72657.570000,72910.290000,72647.150000,72910.290000,0,0,0.007572,False,False
2026-04-11 10:00:00+00:00,72918.830000,72918.830000,72777.780000,72777.780000,0,0,0.010102,False,False
2026-04-11 11:00:00+00:00,72828.020000,72893.280000,72812.070000,72882.600000,0,0,0.012185,False,False
2026-04-11 12:00:00+00:00,72919.010000,72937.730000,72855.490000,72918.510000,0,0,0.014264,False,False
2026-04-11 13:00:00+00:00,72880.620000,72880.620000,72533.900000,72683.560000,0,0,0.016016,False,False
2026-04-11 14:00:00+00:00,72628.750000,72736.340000,72628.750000,72736.340000,0,0,0.015671,False,False
2026-04-11 15:00:00+00:00,72720.550000,72845.240000,72672.670000,72822.430000,0,0,0.017084,False,False
2026-04-11 16:00:00+00:00,72847.560000,73199.880000,72838.240000,73102.410000,0,0,0.020254,False,False
2026-04-11 17:00:00+00:00,73027.030000,73177.100000,72960.250000,73088.880000,0,0,0.020176,False,False
2026-04-11 18:00:00+00:00,73073.930000,73700.000000,73051.510000,73530.530000,0,1,0.024195,False,False
2026-04-11 19:00:00+00:00,73606.340000,73799.950000,73506.540000,73682.090000,0,1,0.025625,False,False
2026-04-11 20:00:00+00:00,73686.490000,73693.120000,73240.510000,73296.430000,0,1,0.020735,False,False
2026-04-11 21:00:00+00:00,73312.830000,73529.330000,73286.470000,73464.830000,0,1,0.019001,False,False
2026-04-11 22:00:00+00:00,73399.710000,73575.860000,73285.600000,73376.400000,0,1,0.015501,False,False
2026-04-11 23:00:00+00:00,73340.620000,73350.880000,72942.280000,73052.080000,0,1,0.014418,False,False
2026-04-12 00:00:00+00:00,73026.130000,73115.760000,72800.020000,73087.300000,0,1,0.013021,False,False
2026-04-12 01:00:00+00:00,73096.620000,73143.070000,71317.230000,71688.660000,0,0,0.018704,False,False
2026-04-12 02:00:00+00:00,71630.270000,71921.400000,71397.790000,71803.770000,0,0,0.019223,False,False
2026-04-12 03:00:00+00:00,71854.400000,71854.410000,71600.000000,71651.750000,0,0,0.011330,False,False
2026-04-12 04:00:00+00:00,71602.520000,71675.600000,71443.280000,71469.220000,0,0,0.013395,False,False
2026-04-12 05:00:00+00:00,71469.220000,71745.110000,71458.100000,71723.300000,0,0,0.014745,False,False
2026-04-12 06:00:00+00:00,71714.630000,71761.600000,71654.670000,71672.340000,0,0,0.013992,False,False
2026-04-12 07:00:00+00:00,71646.090000,71713.280000,71579.430000,71685.050000,0,0,0.014409,False,False
2026-04-12 08:00:00+00:00,71714.200000,71721.530000,71545.890000,71620.130000,0,0,0.015735,False,False
2026-04-12 09:00:00+00:00,71620.130000,71634.230000,71501.200000,71553.490000,0,0,0.015802,False,False
2026-04-12 10:00:00+00:00,71522.530000,71661.930000,71470.000000,71470.000000,0,0,0.014895,False,False
2026-04-12 11:00:00+00:00,71432.800000,71550.670000,71430.980000,71480.690000,0,0,0.013683,False,False
2026-04-12 12:00:00+00:00,71455.470000,71461.440000,71101.520000,71126.890000,0,0,0.010722,False,False
2026-04-12 13:00:00+00:00,71058.650000,71143.230000,70893.020000,70928.140000,0,0,0.013841,False,False
2026-04-12 14:00:00+00:00,70882.240000,71055.460000,70714.290000,70740.370000,0,0,0.014738,False,False
2026-04-12 15:00:00+00:00,70770.780000,70912.660000,70615.560000,70902.710000,0,0,0.015395,False,False
2026-04-12 16:00:00+00:00,70872.690000,70950.000000,70830.710000,70939.920000,0,0,0.016087,False,False
2026-04-12 17:00:00+00:00,70932.390000,71191.420000,70932.390000,71116.830000,0,0,0.016717,False,False
2026-04-12 18:00:00+00:00,71114.630000,71200.000000,71063.040000,71125.830000,0,0,0.016344,False,False
2026-04-12 19:00:00+00:00,71142.230000,71217.920000,71079.230000,71113.740000,0,0,0.014581,False,False
2026-04-12 20:00:00+00:00,71064.160000,71428.550000,70958.380000,71368.350000,0,0,0.016146,False,False
2026-04-12 21:00:00+00:00,71354.070000,71436.900000,71195.620000,71332.650000,0,0,0.015261,False,False
2026-04-12 22:00:00+00:00,71360.350000,71360.350000,70537.990000,70845.760000,1,0,0.014485,False,False
2026-04-12 23:00:00+00:00,70903.630000,70903.630000,70590.750000,70726.650000,1,0,0.013150,False,False
2026-04-13 00:00:00+00:00,70693.470000,71235.410000,70625.210000,71157.950000,0,0,0.013059,False,False
2026-04-13 01:00:00+00:00,71164.460000,71219.590000,70985.510000,71200.550000,0,0,0.014134,False,False
2026-04-13 02:00:00+00:00,71232.570000,71268.370000,71012.110000,71044.830000,0,0,0.011278,False,False
2026-04-13 03:00:00+00:00,71057.860000,71164.230000,70912.340000,70991.060000,0,0,0.010846,False,False
2026-04-13 04:00:00+00:00,71000.790000,71141.260000,70867.290000,70953.800000,1,0,0.009786,False,False
2026-04-13 05:00:00+00:00,70891.560000,70920.660000,70698.910000,70862.420000,1,0,0.009040,False,False
2026-04-13 06:00:00+00:00,70928.700000,71119.960000,70928.700000,71061.810000,0,0,0.009722,False,False
2026-04-13 07:00:00+00:00,71045.760000,71045.760000,70698.910000,70830.610000,1,0,0.009212,False,False
2026-04-13 08:00:00+00:00,70846.090000,70846.090000,70534.210000,70763.460000,1,0,0.009092,False,False
2026-04-13 09:00:00+00:00,70746.960000,70861.390000,70699.360000,70812.560000,1,0,0.007292,False,False
2026-04-13 10:00:00+00:00,70723.300000,70841.490000,70709.540000,70709.540000,1,0,0.007026,False,False
2026-04-13 11:00:00+00:00,70765.560000,70982.320000,70765.560000,70930.030000,1,0,0.007721,False,False
2026-04-13 12:00:00+00:00,70915.690000,71181.570000,70761.740000,71181.570000,1,0,0.010639,False,False
2026-04-13 13:00:00+00:00,71089.630000,71753.500000,70832.500000,71675.580000,1,0,0.017717,False,False
2026-04-13 14:00:00+00:00,71687.590000,72392.010000,71479.800000,72392.010000,0,0,0.029654,False,False
2026-04-13 15:00:00+00:00,72392.010000,72468.190000,71651.280000,71859.490000,1,0,0.026206,False,False
2026-04-13 16:00:00+00:00,71869.360000,72422.990000,71716.140000,72210.220000,1,0,0.026348,False,False
2026-04-13 17:00:00+00:00,72233.470000,72609.190000,72105.390000,72105.390000,1,0,0.022732,False,False
2026-04-13 18:00:00+00:00,72154.930000,72448.260000,72070.770000,72425.180000,1,0,0.021904,False,False
2026-04-13 19:00:00+00:00,72389.450000,73469.090000,72315.130000,73340.070000,1,0,0.032230,False,False
2026-04-13 20:00:00+00:00,73305.420000,73360.050000,73031.330000,73173.990000,1,0,0.026636,False,False
2026-04-13 21:00:00+00:00,73159.060000,73331.660000,73086.100000,73220.370000,1,0,0.017158,False,False
2026-04-13 22:00:00+00:00,73263.230000,74701.840000,73246.010000,74674.230000,0,0,0.031384,False,False
2026-04-13 23:00:00+00:00,74615.630000,74892.000000,74464.730000,74496.700000,0,0,0.026105,False,False
2026-04-14 00:00:00+00:00,74421.250000,74519.790000,74123.440000,74144.670000,0,0,0.011582,False,False
2026-04-14 01:00:00+00:00,74178.700000,74377.650000,74012.650000,74352.640000,0,0,0.005452,False,False
2026-04-14 02:00:00+00:00,74356.300000,74546.400000,74298.900000,74324.390000,0,0,0.000194,False,False
2026-04-14 03:00:00+00:00,74314.710000,74454.990000,74276.550000,74448.880000,0,0,-0.007331,False,False
2026-04-14 04:00:00+00:00,74400.600000,74505.210000,74335.500000,74358.540000,0,0,-0.010758,False,False
2026-04-14 05:00:00+00:00,74377.630000,74428.550000,74188.360000,74217.970000,0,0,-0.013606,False,False
2026-04-14 06:00:00+00:00,74253.550000,74532.520000,74253.550000,74532.520000,0,0,-0.015938,False,False
2026-04-14 07:00:00+00:00,74517.950000,74900.000000,74427.620000,74530.380000,0,0,-0.014890,False,False
2026-04-14 08:00:00+00:00,74542.610000,74891.720000,74483.000000,74661.000000,0,0,-0.013476,False,False
2026-04-14 09:00:00+00:00,74747.590000,74825.980000,74450.000000,74533.090000,0,0,-0.013575,False,False
2026-04-14 10:00:00+00:00,74507.510000,74587.370000,74351.410000,74419.330000,0,0,-0.009256,False,False
2026-04-14 11:00:00+00:00,74315.100000,74450.880000,74307.110000,74395.360000,0,0,-0.005395,False,False
2026-04-14 12:00:00+00:00,74374.810000,74456.850000,74297.090000,74456.850000,0,0,-0.000981,False,False
2026-04-14 13:00:00+00:00,74509.360000,75555.830000,74508.900000,75555.830000,0,0,0.016953,False,False
2026-04-14 14:00:00+00:00,75550.430000,76039.160000,75057.200000,75057.200000,0,0,0.018512,False,False
2026-04-14 15:00:00+00:00,74966.500000,75427.950000,74594.990000,75324.430000,0,0,0.022803,False,False
2026-04-14 16:00:00+00:00,75331.570000,75705.740000,74514.300000,74585.690000,0,0,0.026470,False,False
2026-04-14 17:00:00+00:00,74663.900000,74865.340000,74278.770000,74759.550000,0,0,0.032217,False,False
2026-04-14 18:00:00+00:00,74769.000000,74822.570000,73847.990000,74106.170000,0,0,0.037762,False,False
2026-04-14 19:00:00+00:00,74088.020000,74388.830000,73945.380000,74210.860000,0,0,0.041137,False,False
2026-04-14 20:00:00+00:00,74253.300000,74416.340000,74026.890000,74026.890000,0,0,0.042168,False,False
2026-04-14 21:00:00+00:00,74113.570000,74285.660000,73968.140000,74285.660000,0,0,0.047688,False,False
2026-04-14 22:00:00+00:00,74232.490000,74373.250000,73847.990000,74061.280000,0,0,0.046048,False,False
2026-04-14 23:00:00+00:00,74038.390000,74228.250000,74038.390000,74158.730000,0,0,0.044065,False,False
2026-04-15 00:00:00+00:00,74151.750000,74689.140000,74136.870000,74577.760000,0,0,0.049147,False,False
2026-04-15 01:00:00+00:00,74564.030000,74769.010000,74496.810000,74620.500000,0,0,0.047729,False,False
2026-04-15 02:00:00+00:00,74633.310000,74647.910000,74184.720000,74356.310000,0,0,0.044655,False,False
2026-04-15 03:00:00+00:00,74333.990000,74373.810000,74214.200000,74354.480000,0,0,0.042159,False,False
2026-04-15 04:00:00+00:00,74321.770000,74436.890000,74284.010000,74361.110000,0,0,0.040071,False,False
2026-04-15 05:00:00+00:00,74384.320000,74421.620000,73893.170000,74035.520000,0,0,0.042273,False,False
2026-04-15 06:00:00+00:00,74017.580000,74025.250000,73855.240000,73870.600000,0,0,0.042608,False,False
2026-04-15 07:00:00+00:00,73926.890000,74022.050000,73550.500000,73776.000000,0,0,0.040647,False,False
2026-04-15 08:00:00+00:00,73720.280000,74166.670000,73720.280000,74166.670000,0,0,0.042026,False,False
2026-04-15 09:00:00+00:00,74118.940000,74173.130000,73931.470000,73945.510000,0,0,0.041127,False,False
2026-04-15 10:00:00+00:00,74006.540000,74239.340000,73816.570000,73943.310000,0,0,0.039418,False,False
2026-04-15 11:00:00+00:00,73923.570000,74198.720000,73897.490000,74183.680000,0,0,0.040509,False,False
2026-04-15 12:00:00+00:00,74172.290000,74461.110000,74070.800000,74300.490000,0,0,0.041589,False,False
2026-04-15 13:00:00+00:00,74287.640000,74427.220000,73833.330000,74112.640000,0,0,0.037411,False,False
2026-04-15 14:00:00+00:00,74060.500000,74500.000000,73873.990000,74165.110000,0,0,0.036308,False,False
2026-04-15 15:00:00+00:00,74155.140000,74304.740000,73604.140000,73848.400000,0,0,0.035425,False,False
2026-04-15 16:00:00+00:00,73791.910000,74166.670000,73791.910000,73954.700000,0,0,0.034360,False,False
2026-04-15 17:00:00+00:00,73962.860000,74195.560000,73924.420000,74146.320000,0,0,0.033966,False,False
2026-04-15 18:00:00+00:00,74108.050000,74393.620000,74107.830000,74393.620000,0,0,0.036301,False,False
2026-04-15 19:00:00+00:00,74387.400000,75263.910000,74386.610000,75000.000000,0,0,0.044172,False,False
2026-04-15 20:00:00+00:00,75042.380000,75042.380000,74558.200000,74839.500000,0,0,0.043043,False,False
2026-04-15 21:00:00+00:00,74851.750000,74851.750000,74562.230000,74738.480000,0,0,0.038350,False,False
2026-04-15 22:00:00+00:00,74748.800000,75400.000000,74748.800000,74971.120000,0,0,0.037940,False,False
2026-04-15 23:00:00+00:00,74894.530000,74931.960000,74598.640000,74806.490000,0,0,0.036177,False,False
2026-04-16 00:00:00+00:00,74821.000000,74861.210000,74488.120000,74812.930000,0,0,0.033340,False,False
2026-04-16 01:00:00+00:00,74774.990000,74774.990000,74476.200000,74637.570000,0,0,0.029859,False,False
2026-04-16 02:00:00+00:00,74668.250000,75254.270000,74668.250000,74918.890000,0,0,0.029033,False,False
2026-04-16 03:00:00+00:00,74891.080000,75101.440000,74649.990000,74876.920000,0,0,0.024798,False,False
2026-04-16 04:00:00+00:00,74851.900000,75154.600000,74698.400000,74916.300000,0,0,0.019279,False,False
2026-04-16 05:00:00+00:00,74940.680000,75122.670000,74889.300000,75066.560000,0,0,0.017782,False,False
2026-04-16 06:00:00+00:00,75096.890000,75096.890000,74829.000000,75005.700000,0,0,0.015987,False,False
2026-04-16 07:00:00+00:00,75063.130000,75089.520000,74635.900000,74676.700000,0,0,0.017543,False,False
2026-04-16 08:00:00+00:00,74736.400000,74736.400000,74514.330000,74691.470000,0,0,0.017185,False,False
2026-04-16 09:00:00+00:00,74655.720000,74869.440000,74596.920000,74596.920000,0,0,0.016511,False,False
2026-04-16 10:00:00+00:00,74610.460000,74610.460000,74285.710000,74318.340000,0,0,0.019926,False,False
2026-04-16 11:00:00+00:00,74325.060000,74559.580000,74269.800000,74559.580000,0,0,0.020588,False,False
2026-04-16 12:00:00+00:00,74578.770000,74833.330000,74572.000000,74608.230000,0,0,0.020934,False,False
2026-04-16 13:00:00+00:00,74586.880000,75000.000000,73322.570000,73786.100000,1,0,0.026804,False,False
2026-04-16 14:00:00+00:00,73805.990000,74166.670000,73450.000000,73869.600000,1,0,0.029201,False,False
2026-04-16 15:00:00+00:00,73975.540000,74890.150000,73925.800000,74731.950000,0,0,0.036239,False,False
2026-04-16 16:00:00+00:00,74711.500000,74943.760000,74082.520000,74197.400000,1,0,0.036560,False,False
2026-04-16 17:00:00+00:00,74188.810000,74416.340000,73931.770000,74185.250000,1,0,0.035943,False,False
2026-04-16 18:00:00+00:00,74407.450000,75064.740000,74252.820000,74993.750000,1,0,0.043201,False,False
2026-04-16 19:00:00+00:00,75071.140000,75401.000000,74766.030000,75398.410000,0,0,0.050403,False,False
2026-04-16 20:00:00+00:00,75397.870000,75507.540000,75028.620000,75214.220000,0,0,0.043456,False,False
2026-04-16 21:00:00+00:00,75238.280000,75283.570000,74833.330000,74934.970000,1,0,0.042594,False,False
2026-04-16 22:00:00+00:00,75006.540000,75114.400000,74872.880000,74872.880000,1,0,0.039620,False,False
2026-04-16 23:00:00+00:00,74851.040000,75162.500000,74831.500000,75099.580000,0,0,0.037929,False,False
2026-04-17 00:00:00+00:00,75122.220000,75150.100000,74864.700000,74935.800000,1,0,0.036541,False,False
2026-04-17 01:00:00+00:00,74944.760000,75021.450000,74577.610000,74737.440000,1,0,0.032301,False,False
2026-04-17 02:00:00+00:00,74721.400000,74792.920000,74573.630000,74706.540000,1,0,0.026110,False,False
2026-04-17 03:00:00+00:00,74703.280000,74809.990000,74585.700000,74629.440000,1,0,0.023915,False,False
2026-04-17 04:00:00+00:00,74642.160000,74834.100000,74634.620000,74757.480000,1,0,0.021052,False,False
2026-04-17 05:00:00+00:00,74806.290000,74811.200000,74568.280000,74651.910000,1,0,0.016635,False,False
2026-04-17 06:00:00+00:00,74636.110000,74922.900000,74616.910000,74922.900000,1,0,0.016854,False,False
2026-04-17 07:00:00+00:00,74949.560000,75094.360000,74949.560000,75033.690000,1,0,0.016913,False,False
2026-04-17 08:00:00+00:00,75046.600000,75867.730000,75046.600000,75779.710000,0,0,0.025363,False,False
2026-04-17 09:00:00+00:00,75762.100000,76360.050000,75518.570000,75775.610000,0,0,0.026443,False,False
2026-04-17 10:00:00+00:00,75746.000000,75830.100000,75064.740000,75254.190000,1,0,0.023489,False,False
2026-04-17 11:00:00+00:00,75249.600000,75578.980000,75249.300000,75578.980000,1,0,0.017577,False,False
2026-04-17 12:00:00+00:00,75590.080000,76242.540000,75590.080000,76234.300000,0,0,0.023288,False,False
2026-04-17 13:00:00+00:00,76232.240000,77401.140000,76100.890000,77401.140000,0,0,0.044262,False,False
2026-04-17 14:00:00+00:00,77391.910000,78042.870000,77029.170000,77973.750000,0,0,0.053414,False,False
2026-04-17 15:00:00+00:00,77853.470000,77974.320000,77478.290000,77782.400000,0,0,0.037978,False,False
2026-04-17 16:00:00+00:00,77743.540000,78304.820000,77743.540000,77836.750000,0,0,0.031083,False,False
2026-04-17 17:00:00+00:00,77812.110000,77908.330000,77142.860000,77516.410000,0,0,0.023431,False,False
2026-04-17 18:00:00+00:00,77527.790000,77527.790000,77061.430000,77154.130000,0,0,0.013215,False,False
2026-04-17 19:00:00+00:00,77185.290000,77446.860000,77029.170000,77410.640000,0,0,0.001069,False,False
2026-04-17 20:00:00+00:00,77449.050000,77590.000000,77194.990000,77355.660000,0,0,-0.005810,False,False
2026-04-17 21:00:00+00:00,77348.880000,77485.510000,77289.900000,77443.970000,0,0,-0.010287,False,False
2026-04-17 22:00:00+00:00,77420.230000,77522.630000,77250.000000,77291.240000,0,0,-0.016578,False,False
2026-04-17 23:00:00+00:00,77305.370000,77306.390000,76921.160000,77097.650000,0,0,-0.021362,False,False
2026-04-18 00:00:00+00:00,77054.770000,77244.450000,77003.510000,77169.650000,0,0,-0.024749,False,False
2026-04-18 01:00:00+00:00,77190.160000,77342.400000,77125.130000,77226.930000,0,0,-0.024075,False,False
2026-04-18 02:00:00+00:00,77146.190000,77381.470000,77146.190000,77301.030000,0,0,-0.022649,False,False
2026-04-18 03:00:00+00:00,77298.080000,77298.080000,76985.120000,76999.470000,0,0,-0.019800,False,False
2026-04-18 04:00:00+00:00,76994.390000,77170.250000,76897.670000,77170.250000,0,0,-0.017421,False,False
2026-04-18 05:00:00+00:00,77162.670000,77251.620000,77116.420000,77132.290000,0,0,-0.014309,False,False
2026-04-18 06:00:00+00:00,77141.420000,77225.050000,77075.700000,77116.290000,0,0,-0.010244,False,False
2026-04-18 07:00:00+00:00,77118.830000,77142.560000,76903.970000,76903.970000,0,0,-0.004706,False,False
2026-04-18 08:00:00+00:00,77006.290000,77037.840000,76538.060000,76754.510000,0,0,-0.001172,False,False
2026-04-18 09:00:00+00:00,76593.220000,76670.100000,76460.050000,76618.400000,0,0,0.001857,False,False
2026-04-18 10:00:00+00:00,76492.800000,76492.800000,76166.160000,76168.410000,0,0,0.012075,False,False
2026-04-18 11:00:00+00:00,76199.280000,76199.280000,75789.680000,76062.320000,0,0,0.019340,False,False
2026-04-18 12:00:00+00:00,76058.520000,76273.990000,76058.520000,76235.830000,0,0,0.019761,False,False
2026-04-18 13:00:00+00:00,76203.960000,76210.910000,75894.520000,76145.160000,0,0,0.019049,False,False
2026-04-18 14:00:00+00:00,76153.660000,76298.740000,76095.960000,76228.900000,0,0,0.017181,False,False
2026-04-18 15:00:00+00:00,76229.840000,76347.630000,76027.710000,76196.720000,0,0,0.015468,False,False
2026-04-18 16:00:00+00:00,76128.950000,76225.230000,75714.290000,75894.080000,0,0,0.015651,False,False
2026-04-18 17:00:00+00:00,75912.390000,75946.030000,75826.050000,75883.920000,0,0,0.013794,False,False
2026-04-18 18:00:00+00:00,75749.720000,75857.490000,75437.680000,75623.320000,0,0,0.011391,False,False
2026-04-18 19:00:00+00:00,75649.710000,75795.880000,75597.810000,75657.640000,0,0,0.009539,False,False
2026-04-18 20:00:00+00:00,75624.000000,75776.650000,75624.000000,75735.750000,0,0,0.006585,False,False
2026-04-18 21:00:00+00:00,75798.770000,75831.000000,75697.860000,75754.780000,0,0,0.004465,False,False
2026-04-18 22:00:00+00:00,75809.520000,75862.630000,75623.660000,75824.030000,0,0,0.004051,False,False
2026-04-18 23:00:00+00:00,75825.800000,75866.930000,75714.230000,75714.230000,0,0,0.003456,False,False
2026-04-19 00:00:00+00:00,75752.540000,75826.910000,75578.400000,75663.990000,0,0,0.002503,False,False
2026-04-19 01:00:00+00:00,75796.700000,75796.700000,75500.000000,75626.950000,0,0,0.001071,False,False
2026-04-19 02:00:00+00:00,75620.370000,75692.000000,75419.250000,75592.630000,0,0,-0.000374,False,False
2026-04-19 03:00:00+00:00,75497.210000,75625.720000,75375.800000,75600.010000,0,0,-0.002176,False,False
2026-04-19 04:00:00+00:00,75577.070000,75767.210000,75523.010000,75677.250000,0,0,-0.002524,False,False
2026-04-19 05:00:00+00:00,75688.590000,75691.490000,75550.380000,75603.690000,0,0,-0.003334,False,False
2026-04-19 06:00:00+00:00,75489.660000,75489.660000,75360.030000,75396.840000,0,0,-0.002162,False,False
2026-04-19 07:00:00+00:00,75410.540000,75410.540000,74958.560000,75171.710000,0,0,-0.001014,False,False
2026-04-19 08:00:00+00:00,75200.000000,75274.420000,75195.480000,75274.420000,0,0,-0.002117,False,False
2026-04-19 09:00:00+00:00,75244.950000,75244.950000,74956.980000,74956.980000,0,0,-0.001725,False,False
2026-04-19 10:00:00+00:00,75094.310000,75115.980000,75006.520000,75062.840000,0,0,-0.001581,False,False
2026-04-19 11:00:00+00:00,75213.170000,75587.020000,75213.170000,75587.020000,0,0,0.001840,False,False
2026-04-19 12:00:00+00:00,75624.070000,75673.960000,75488.090000,75507.480000,0,0,0.002434,False,False
2026-04-19 13:00:00+00:00,75629.200000,76197.960000,75629.200000,75885.580000,0,0,0.005185,False,False
2026-04-19 14:00:00+00:00,75990.940000,76146.890000,75707.540000,76081.820000,0,1,0.009031,False,False
2026-04-19 15:00:00+00:00,76038.260000,76159.020000,75427.950000,75711.810000,0,0,0.006775,False,False
2026-04-19 16:00:00+00:00,75859.210000,75859.210000,75375.800000,75379.650000,0,0,0.006558,False,False
2026-04-19 17:00:00+00:00,75327.190000,75330.890000,74668.470000,74805.840000,0,0,0.006534,False,False
2026-04-19 18:00:00+00:00,74797.110000,74891.760000,74671.600000,74789.580000,0,0,0.004835,False,False
2026-04-19 19:00:00+00:00,74962.540000,75025.920000,74923.160000,74971.030000,0,0,0.001943,False,False
2026-04-19 20:00:00+00:00,74848.550000,74874.320000,74488.120000,74641.480000,0,0,0.002172,False,False
2026-04-19 21:00:00+00:00,74692.650000,74789.440000,74405.000000,74438.950000,0,0,0.002890,False,False
2026-04-19 22:00:00+00:00,74408.090000,74408.090000,73772.070000,74054.250000,1,0,0.002891,False,False
2026-04-19 23:00:00+00:00,74042.920000,74042.920000,73756.700000,73793.740000,1,0,0.004043,False,False
2026-04-20 00:00:00+00:00,73756.700000,74364.040000,73740.310000,74289.560000,1,0,0.004516,False,False
2026-04-20 01:00:00+00:00,74300.900000,74731.340000,74215.180000,74603.290000,0,0,0.007510,False,False
2026-04-20 02:00:00+00:00,74554.970000,74564.420000,74312.220000,74437.100000,0,0,0.004005,False,False
2026-04-20 03:00:00+00:00,74421.010000,74656.550000,74382.430000,74648.680000,0,0,0.004195,False,False
2026-04-20 04:00:00+00:00,74644.570000,74644.570000,74462.740000,74538.300000,0,0,0.003058,False,False
2026-04-20 05:00:00+00:00,74575.640000,74575.640000,74115.740000,74304.130000,1,0,0.002326,False,False
2026-04-20 06:00:00+00:00,74291.560000,74880.640000,74291.560000,74741.360000,0,0,0.004713,False,False
2026-04-20 07:00:00+00:00,74847.870000,75555.840000,74666.950000,74818.980000,0,0,0.007570,False,False
2026-04-20 08:00:00+00:00,74834.200000,74963.340000,74698.660000,74700.000000,0,0,0.006857,False,False
2026-04-20 09:00:00+00:00,74852.000000,75184.770000,74852.000000,75061.760000,0,0,0.013057,False,False
2026-04-20 10:00:00+00:00,75073.430000,75401.450000,75073.430000,75160.140000,0,0,0.016008,False,False
2026-04-20 11:00:00+00:00,75004.890000,75274.950000,75004.890000,75155.480000,0,0,0.010767,False,False
2026-04-20 12:00:00+00:00,75188.270000,75624.070000,75074.280000,75262.670000,0,0,0.010841,False,False
2026-04-20 13:00:00+00:00,75274.510000,75413.370000,74891.880000,75230.500000,0,0,0.010116,False,False
2026-04-20 14:00:00+00:00,75228.770000,75719.280000,74938.710000,75035.090000,0,0,0.007593,False,False
2026-04-20 15:00:00+00:00,75077.190000,75756.100000,74737.650000,75696.790000,0,0,0.012291,False,False
2026-04-20 16:00:00+00:00,75703.860000,75703.860000,75311.390000,75322.400000,0,0,0.009012,False,False
2026-04-20 17:00:00+00:00,75339.250000,75984.260000,75316.710000,75911.040000,0,0,0.008937,False,False
2026-04-20 18:00:00+00:00,75955.360000,76472.970000,75930.980000,76456.530000,0,0,0.015046,False,False
2026-04-20 19:00:00+00:00,76399.520000,76491.440000,76169.420000,76325.000000,0,0,0.010111,False,False
2026-04-20 20:00:00+00:00,76226.830000,76538.060000,76150.000000,76294.130000,0,0,0.004686,False,False
2026-04-20 21:00:00+00:00,76295.410000,76373.580000,75809.000000,75985.540000,0,0,0.003180,False,False
2026-04-20 22:00:00+00:00,75981.920000,76142.160000,75912.670000,75967.970000,0,0,0.000888,False,False
2026-04-20 23:00:00+00:00,75948.150000,75948.150000,75636.110000,75853.480000,0,0,0.000291,False,False
2026-04-21 00:00:00+00:00,75844.930000,76094.690000,75722.130000,76094.690000,0,0,0.001214,False,False
2026-04-21 01:00:00+00:00,76058.900000,76268.810000,75870.860000,75888.180000,0,0,-0.000122,False,False
2026-04-21 02:00:00+00:00,75823.990000,75823.990000,75555.840000,75604.190000,0,0,-0.000142,False,False
2026-04-21 03:00:00+00:00,75565.560000,75703.540000,75500.000000,75692.360000,0,0,-0.000317,False,False
2026-04-21 04:00:00+00:00,75711.930000,75808.200000,75609.450000,75808.200000,0,0,-0.000689,False,False
2026-04-21 05:00:00+00:00,75813.690000,75976.690000,75785.660000,75824.910000,0,0,0.002634,False,False
2026-04-21 06:00:00+00:00,75784.470000,76132.200000,75706.540000,76022.380000,0,0,0.005034,False,False
2026-04-21 07:00:00+00:00,75957.010000,76291.380000,75889.790000,76102.270000,0,0,0.007585,False,False
2026-04-21 08:00:00+00:00,76138.270000,76925.970000,76104.390000,76467.170000,0,0,0.013815,False,False
2026-04-21 09:00:00+00:00,76498.390000,76565.910000,76188.700000,76390.240000,0,0,0.015611,False,False
2026-04-21 10:00:00+00:00,76403.290000,76884.330000,76399.410000,76752.920000,0,0,0.019927,False,False
2026-04-21 11:00:00+00:00,76746.790000,76746.790000,76253.940000,76488.590000,0,0,0.020490,False,False
2026-04-21 12:00:00+00:00,76476.690000,76518.790000,75718.610000,76028.570000,0,0,0.023441,False,False
2026-04-21 13:00:00+00:00,76033.970000,76172.000000,75732.520000,75934.820000,0,0,0.023254,False,False
2026-04-21 14:00:00+00:00,75917.440000,76592.570000,75624.080000,75778.820000,0,0,0.022412,False,False
2026-04-21 15:00:00+00:00,75721.100000,75960.580000,75468.370000,75721.170000,0,0,0.021842,False,False
2026-04-21 16:00:00+00:00,75850.940000,76176.450000,75732.840000,75732.840000,0,0,0.022256,False,False
2026-04-21 17:00:00+00:00,75778.420000,75884.770000,75071.170000,75553.390000,0,0,0.022539,False,False
2026-04-21 18:00:00+00:00,75511.060000,75647.490000,75294.770000,75590.720000,0,0,0.022179,False,False
2026-04-21 19:00:00+00:00,75614.860000,75900.000000,74828.700000,75037.240000,1,0,0.025410,False,False
2026-04-21 20:00:00+00:00,75020.300000,75847.420000,74961.720000,75728.080000,1,0,0.027635,False,False
2026-04-21 21:00:00+00:00,75734.230000,75775.240000,75499.320000,75566.800000,1,0,0.027311,False,False
2026-04-21 22:00:00+00:00,75550.500000,75630.980000,75318.420000,75630.170000,1,0,0.022082,False,False
2026-04-21 23:00:00+00:00,75620.930000,76423.660000,75620.930000,76305.280000,1,0,0.030403,False,False
2026-04-22 00:00:00+00:00,76373.030000,76430.170000,76228.230000,76303.100000,1,0,0.032403,False,False
2026-04-22 01:00:00+00:00,76333.550000,76400.200000,76141.920000,76272.670000,1,0,0.027437,False,False
2026-04-22 02:00:00+00:00,76311.540000,77627.680000,76239.920000,77607.140000,0,0,0.055097,False,False
2026-04-22 03:00:00+00:00,77643.600000,77702.110000,77399.050000,77547.310000,0,0,0.059738,False,False
2026-04-22 04:00:00+00:00,77542.040000,77688.050000,77379.230000,77491.700000,0,0,0.045102,False,False
2026-04-22 05:00:00+00:00,77489.850000,78432.340000,77459.520000,77986.770000,0,0,0.051187,False,False
2026-04-22 06:00:00+00:00,77971.700000,78040.660000,77903.020000,77987.770000,0,0,0.048647,False,False
2026-04-22 07:00:00+00:00,78015.830000,78119.800000,77832.000000,78017.790000,0,0,0.033035,False,False
2026-04-22 08:00:00+00:00,78052.280000,78193.880000,77913.030000,78068.190000,0,0,0.026742,False,False
2026-04-22 09:00:00+00:00,78054.970000,78193.470000,77954.990000,77983.160000,0,0,0.017488,False,False
2026-04-22 10:00:00+00:00,77971.700000,78178.490000,77962.110000,78178.490000,0,0,0.007184,False,False
2026-04-22 11:00:00+00:00,78192.750000,78378.330000,78077.700000,78277.690000,0,0,0.001451,False,False
2026-04-22 12:00:00+00:00,78296.770000,78490.120000,78152.410000,78238.160000,0,0,-0.005190,False,False
2026-04-22 13:00:00+00:00,78210.170000,78835.610000,78177.510000,78835.610000,0,0,-0.007391,False,False
2026-04-22 14:00:00+00:00,78835.630000,79156.650000,78607.970000,79072.010000,0,0,-0.005464,False,False
2026-04-22 15:00:00+00:00,79033.580000,79382.760000,78837.220000,79304.770000,0,0,-0.005478,False,False
2026-04-22 16:00:00+00:00,79304.770000,79452.890000,78649.010000,78733.770000,0,0,-0.007778,False,False
2026-04-22 17:00:00+00:00,78792.840000,79047.270000,78728.240000,78934.470000,0,0,-0.007610,False,False
2026-04-22 18:00:00+00:00,78932.990000,79156.150000,78850.280000,79008.530000,0,0,-0.010138,False,False
2026-04-22 19:00:00+00:00,78966.660000,79071.880000,78738.670000,78934.470000,0,0,-0.007172,False,False
2026-04-22 20:00:00+00:00,78878.800000,78897.140000,78438.370000,78450.870000,0,0,-0.003285,False,False
2026-04-22 21:00:00+00:00,78478.040000,78830.500000,78454.670000,78817.730000,0,0,-0.000486,False,False
2026-04-22 22:00:00+00:00,78798.260000,78834.290000,78478.520000,78634.240000,0,0,0.002651,False,False
2026-04-22 23:00:00+00:00,78616.200000,78616.200000,78172.170000,78208.890000,0,0,0.007963,False,False
2026-04-23 00:00:00+00:00,78193.380000,78571.200000,77598.300000,78410.530000,0,0,0.011107,False,False
2026-04-23 01:00:00+00:00,78410.170000,78428.640000,78080.750000,78381.160000,0,0,0.017034,False,False
2026-04-23 02:00:00+00:00,78365.120000,78365.120000,77778.110000,77981.330000,0,0,0.021139,False,False
2026-04-23 03:00:00+00:00,77945.100000,78019.550000,77493.130000,77721.090000,0,0,0.024832,False,False
2026-04-23 04:00:00+00:00,77697.100000,77935.290000,77694.830000,77935.290000,0,0,0.025465,False,False
2026-04-23 05:00:00+00:00,77936.300000,78111.160000,77750.010000,78017.320000,0,0,0.026973,False,False
2026-04-23 06:00:00+00:00,78097.760000,78325.600000,78097.760000,78181.230000,0,0,0.027595,False,False
2026-04-23 07:00:00+00:00,78246.500000,78246.500000,77982.910000,78052.520000,0,0,0.026941,False,False
2026-04-23 08:00:00+00:00,78031.730000,78146.520000,77736.820000,77860.440000,0,0,0.029057,False,False
2026-04-23 09:00:00+00:00,77837.160000,77852.210000,77397.600000,77618.890000,0,0,0.030047,False,False
2026-04-23 10:00:00+00:00,77660.990000,77660.990000,77199.490000,77401.610000,0,0,0.030837,False,False
2026-04-23 11:00:00+00:00,77491.910000,77733.900000,77394.350000,77724.020000,0,0,0.031239,False,False
2026-04-23 12:00:00+00:00,77739.460000,77858.200000,77540.200000,77781.080000,0,0,0.032188,False,False
2026-04-23 13:00:00+00:00,77889.710000,77895.640000,77419.190000,77518.680000,0,0,0.029511,False,False
2026-04-23 14:00:00+00:00,77491.890000,78207.980000,77431.320000,78207.980000,0,0,0.036347,False,False
2026-04-23 15:00:00+00:00,78186.770000,78651.800000,78023.320000,78324.630000,0,0,0.039361,False,False
2026-04-23 16:00:00+00:00,78412.080000,78500.000000,78022.720000,78075.590000,0,0,0.033000,False,False
2026-04-23 17:00:00+00:00,78073.900000,78073.900000,76965.050000,77788.810000,0,0,0.033648,False,False
2026-04-23 18:00:00+00:00,77787.100000,78117.690000,77692.290000,77700.130000,0,0,0.030750,False,False
2026-04-23 19:00:00+00:00,77742.390000,77882.040000,77608.330000,77744.800000,0,0,0.026839,False,False
2026-04-23 20:00:00+00:00,77705.930000,77995.860000,77677.720000,77875.720000,0,0,0.027141,False,False
2026-04-23 21:00:00+00:00,77867.300000,78041.460000,77813.520000,77952.080000,0,0,0.026143,False,False
2026-04-23 22:00:00+00:00,78013.020000,78314.780000,78002.270000,78213.210000,0,0,0.026415,False,False
2026-04-23 23:00:00+00:00,78227.840000,78299.300000,78034.250000,78254.340000,0,0,0.025959,False,False
2026-04-24 00:00:00+00:00,78265.130000,78478.220000,78163.720000,78353.890000,0,0,0.024014,False,False
2026-04-24 01:00:00+00:00,78419.930000,78461.810000,77955.960000,78461.810000,0,0,0.021969,False,False
2026-04-24 02:00:00+00:00,78430.340000,78563.950000,78080.750000,78151.720000,0,0,0.020991,False,False
2026-04-24 03:00:00+00:00,78167.180000,78178.740000,77555.950000,77744.570000,0,0,0.023357,False,False
2026-04-24 04:00:00+00:00,77712.870000,77832.540000,77500.000000,77714.050000,0,0,0.021273,False,False
2026-04-24 05:00:00+00:00,77676.360000,78011.370000,77475.170000,78011.370000,0,0,0.019537,False,False
2026-04-24 06:00:00+00:00,77921.570000,77955.990000,77794.490000,77860.690000,0,0,0.017521,False,False
2026-04-24 07:00:00+00:00,77788.900000,77842.770000,77607.040000,77626.070000,0,0,0.016727,False,False
2026-04-24 08:00:00+00:00,77634.500000,77973.750000,77632.460000,77834.360000,0,0,0.015554,False,False
2026-04-24 09:00:00+00:00,77697.770000,77697.770000,77431.120000,77524.850000,0,0,0.016381,False,False
2026-04-24 10:00:00+00:00,77524.010000,77769.860000,77455.050000,77769.860000,0,0,0.018850,False,False
2026-04-24 11:00:00+00:00,77762.320000,78358.720000,77762.320000,78228.010000,0,0,0.023960,False,False
2026-04-24 12:00:00+00:00,78242.730000,78347.310000,78092.230000,78131.610000,0,0,0.022895,False,False
2026-04-24 13:00:00+00:00,78350.000000,78434.720000,77926.420000,78088.800000,0,0,0.021044,False,False
2026-04-24 14:00:00+00:00,78030.900000,78051.310000,77692.290000,78002.900000,0,0,0.019835,False,False
2026-04-24 15:00:00+00:00,78003.220000,78251.590000,77628.680000,77987.950000,0,0,0.017643,False,False
2026-04-24 16:00:00+00:00,78064.410000,78064.410000,77592.540000,77738.800000,0,0,0.016933,False,False
2026-04-24 17:00:00+00:00,77750.770000,77803.490000,77500.000000,77724.850000,0,0,0.016873,False,False
2026-04-24 18:00:00+00:00,77650.890000,77696.620000,77375.170000,77588.720000,0,0,0.016129,False,False
2026-04-24 19:00:00+00:00,77700.000000,77759.940000,77569.290000,77629.400000,0,0,0.015796,False,False
2026-04-24 20:00:00+00:00,77609.300000,77750.240000,77500.000000,77750.240000,0,0,0.016037,False,False
2026-04-24 21:00:00+00:00,77723.940000,77723.940000,77535.350000,77575.770000,0,0,0.014636,False,False
2026-04-24 22:00:00+00:00,77540.910000,77606.830000,77234.230000,77341.530000,0,0,0.015745,False,False
2026-04-24 23:00:00+00:00,77354.310000,77451.240000,77329.230000,77438.570000,0,0,0.013664,False,False
2026-04-25 00:00:00+00:00,77411.220000,77471.490000,77296.540000,77471.490000,0,0,0.011994,False,False
2026-04-25 01:00:00+00:00,77483.200000,77588.820000,77433.670000,77560.920000,0,0,0.011276,False,False
2026-04-25 02:00:00+00:00,77555.050000,77644.200000,77477.450000,77614.840000,0,0,0.010581,False,False
2026-04-25 03:00:00+00:00,77637.560000,77693.090000,77550.180000,77682.370000,0,0,0.010382,False,False
2026-04-25 04:00:00+00:00,77668.370000,77699.980000,77523.380000,77628.400000,0,0,0.009875,False,False
2026-04-25 05:00:00+00:00,77599.270000,77599.270000,77500.000000,77502.630000,0,0,0.009503,False,False
2026-04-25 06:00:00+00:00,77555.640000,77555.640000,77482.180000,77514.390000,0,0,0.008630,False,False
2026-04-25 07:00:00+00:00,77474.110000,77572.140000,77442.470000,77525.710000,0,0,0.008005,False,False
2026-04-25 08:00:00+00:00,77564.470000,77638.070000,77564.470000,77638.070000,0,0,0.008561,False,False
2026-04-25 09:00:00+00:00,77638.070000,77757.900000,77594.380000,77757.900000,0,0,0.010742,False,False
2026-04-25 10:00:00+00:00,77758.270000,77870.130000,77755.680000,77835.530000,0,0,0.011073,False,False
2026-04-25 11:00:00+00:00,77771.070000,77771.070000,77630.930000,77673.320000,0,0,0.009634,False,False
2026-04-25 12:00:00+00:00,77665.630000,77668.740000,77537.050000,77578.810000,0,0,0.008795,False,False
2026-04-25 13:00:00+00:00,77575.030000,77695.000000,77575.030000,77695.000000,0,0,0.007165,False,False
2026-04-25 14:00:00+00:00,77695.000000,77745.170000,77628.430000,77668.850000,0,0,0.006392,False,False
2026-04-25 15:00:00+00:00,77648.870000,77721.400000,77321.820000,77321.820000,0,0,0.007802,False,False
2026-04-25 16:00:00+00:00,77324.770000,77460.150000,77165.670000,77387.180000,0,0,0.007233,False,False
2026-04-25 17:00:00+00:00,77387.180000,77412.970000,77250.430000,77250.430000,0,0,0.005334,False,False
2026-04-25 18:00:00+00:00,77239.160000,77402.180000,77239.160000,77309.260000,0,0,0.005588,False,False
2026-04-25 19:00:00+00:00,77301.990000,77341.540000,77212.040000,77311.220000,0,0,0.005038,False,False
2026-04-25 20:00:00+00:00,77345.030000,77474.530000,77339.760000,77474.530000,0,0,0.005809,False,False
2026-04-25 21:00:00+00:00,77509.990000,77528.880000,77449.690000,77516.770000,0,0,0.006330,False,False
2026-04-25 22:00:00+00:00,77516.070000,77629.170000,77481.080000,77540.760000,0,0,0.006332,False,False
2026-04-25 23:00:00+00:00,77563.040000,77626.420000,77549.870000,77610.680000,0,0,0.007100,False,False
2026-04-26 00:00:00+00:00,77631.640000,77631.640000,77424.500000,77514.730000,0,0,0.007073,False,False
2026-04-26 01:00:00+00:00,77506.190000,77555.000000,77438.080000,77438.080000,0,0,0.006710,False,False
2026-04-26 02:00:00+00:00,77465.210000,77587.770000,77462.390000,77523.200000,0,0,0.006031,False,False
2026-04-26 03:00:00+00:00,77500.150000,77554.460000,77340.150000,77390.170000,0,0,0.005620,False,False
2026-04-26 04:00:00+00:00,77392.500000,77800.080000,77392.500000,77784.910000,0,0,0.009047,False,False
2026-04-26 05:00:00+00:00,77704.110000,78175.080000,77704.110000,78033.540000,0,0,0.012712,False,False
2026-04-26 06:00:00+00:00,78040.600000,78058.700000,77949.000000,77999.090000,0,0,0.011243,False,False
2026-04-26 07:00:00+00:00,78000.320000,78106.390000,78000.060000,78106.390000,0,0,0.010505,False,False
2026-04-26 08:00:00+00:00,78102.510000,78200.000000,78040.760000,78044.660000,0,0,0.009510,False,False
2026-04-26 09:00:00+00:00,78032.200000,78061.810000,77932.150000,78013.370000,0,0,0.007140,False,False
2026-04-26 10:00:00+00:00,77976.770000,78055.520000,77976.770000,77993.750000,0,0,0.004819,False,False
2026-04-26 11:00:00+00:00,78018.450000,78150.660000,78018.450000,78102.160000,0,0,0.004330,False,False
2026-04-26 12:00:00+00:00,78133.230000,78133.230000,77820.100000,77850.110000,0,0,0.003530,False,False
2026-04-26 13:00:00+00:00,77827.610000,77986.560000,77790.240000,77956.710000,0,0,0.001719,False,False
2026-04-26 14:00:00+00:00,77939.340000,78176.070000,77886.040000,78100.180000,0,0,-0.000025,False,False
2026-04-26 15:00:00+00:00,78118.430000,78118.430000,77986.500000,78009.550000,0,0,-0.002623,False,False
2026-04-26 16:00:00+00:00,78038.570000,78105.530000,77938.710000,77945.880000,0,0,-0.002844,False,False
2026-04-26 17:00:00+00:00,77916.450000,78036.250000,77836.320000,78036.250000,0,0,-0.001993,False,False
2026-04-26 18:00:00+00:00,78036.250000,78329.020000,78024.560000,78275.000000,0,0,0.001095,False,False
2026-04-26 19:00:00+00:00,78297.950000,78478.220000,78052.730000,78271.690000,0,0,0.002613,False,False
2026-04-26 20:00:00+00:00,78233.300000,78360.280000,78163.080000,78203.130000,0,0,0.002864,False,False
2026-04-26 21:00:00+00:00,78224.230000,78920.000000,77866.330000,78352.640000,0,0,0.004539,False,False
2026-04-26 22:00:00+00:00,78372.470000,78830.940000,77980.000000,78357.040000,0,0,0.005345,False,False
2026-04-26 23:00:00+00:00,78281.200000,78881.300000,78059.750000,78626.160000,0,0,0.008537,False,False
2026-04-27 00:00:00+00:00,78658.010000,79338.930000,78414.700000,79261.830000,0,1,0.018193,False,False
2026-04-27 01:00:00+00:00,79304.770000,79448.450000,78764.640000,79239.100000,0,1,0.019511,False,False
2026-04-27 02:00:00+00:00,79215.910000,79242.430000,79037.030000,79139.250000,0,1,0.016571,False,False
2026-04-27 03:00:00+00:00,79187.020000,79271.480000,79082.590000,79089.790000,0,1,0.016805,False,False
2026-04-27 04:00:00+00:00,79089.790000,79151.860000,78895.670000,78910.500000,0,1,0.014359,False,False
2026-04-27 05:00:00+00:00,78863.510000,78865.300000,77587.270000,77820.250000,0,0,0.020333,False,False
2026-04-27 06:00:00+00:00,77763.790000,77872.590000,77487.010000,77700.050000,0,0,0.020778,False,False
2026-04-27 07:00:00+00:00,77682.620000,77720.900000,77614.170000,77693.100000,0,0,0.012458,False,False
2026-04-27 08:00:00+00:00,77578.250000,77824.850000,77578.250000,77816.690000,0,0,0.013414,False,False
2026-04-27 09:00:00+00:00,77819.160000,77948.210000,77714.230000,77948.210000,0,0,0.015208,False,False
2026-04-27 10:00:00+00:00,77907.690000,77907.690000,77781.910000,77890.120000,0,0,0.014367,False,False
2026-04-27 11:00:00+00:00,77858.160000,77887.880000,77752.350000,77837.730000,0,0,0.015701,False,False
2026-04-27 12:00:00+00:00,77838.100000,77864.080000,77672.310000,77674.500000,0,0,0.017321,False,False
2026-04-27 13:00:00+00:00,77702.150000,77869.880000,77617.130000,77753.200000,0,0,0.017357,False,False
2026-04-27 14:00:00+00:00,77826.160000,78237.390000,77681.270000,77800.080000,0,0,0.016883,False,False
2026-04-27 15:00:00+00:00,77809.050000,77840.730000,76583.720000,76771.370000,0,0,0.023761,False,False
2026-04-27 16:00:00+00:00,76734.260000,76832.930000,76595.140000,76614.890000,0,0,0.024886,False,False
2026-04-27 17:00:00+00:00,76661.220000,76926.560000,76648.120000,76712.530000,0,0,0.018248,False,False
2026-04-27 18:00:00+00:00,76714.660000,76887.320000,76679.900000,76887.320000,0,0,0.020700,False,False
2026-04-27 19:00:00+00:00,76863.770000,76897.120000,76491.060000,76853.030000,0,0,0.021077,False,False
2026-04-27 20:00:00+00:00,76858.800000,77041.720000,76849.630000,76992.000000,0,0,0.021104,False,False
2026-04-27 21:00:00+00:00,76926.270000,76997.940000,76801.390000,76814.680000,0,0,0.021488,False,False
2026-04-27 22:00:00+00:00,76772.380000,77069.020000,76761.580000,77069.020000,0,0,0.022880,False,False
2026-04-27 23:00:00+00:00,77096.130000,77503.720000,77011.640000,77373.700000,0,0,0.026556,False,False
2026-04-28 00:00:00+00:00,77326.950000,77479.580000,77204.030000,77374.990000,0,0,0.025210,False,False
2026-04-28 01:00:00+00:00,77369.200000,77390.340000,77055.550000,77101.570000,0,0,0.022833,False,False
2026-04-28 02:00:00+00:00,77075.490000,77193.450000,76703.800000,76822.610000,0,0,0.021223,False,False
2026-04-28 03:00:00+00:00,76884.670000,76884.670000,76688.810000,76826.970000,0,0,0.018344,False,False
2026-04-28 04:00:00+00:00,76827.110000,76933.340000,76700.000000,76930.150000,0,0,0.016009,False,False
2026-04-28 05:00:00+00:00,76937.300000,77105.690000,76834.400000,76936.920000,0,0,0.015320,False,False
2026-04-28 06:00:00+00:00,76938.780000,77039.190000,76637.710000,76722.770000,0,0,0.015469,False,False
2026-04-28 07:00:00+00:00,76677.070000,76921.140000,76442.600000,76921.140000,0,0,0.015502,False,False
2026-04-28 08:00:00+00:00,76900.920000,76964.860000,76754.420000,76835.080000,0,0,0.014771,False,False
2026-04-28 09:00:00+00:00,76874.600000,76874.600000,76538.460000,76624.760000,0,0,0.015046,False,False
2026-04-28 10:00:00+00:00,76528.280000,76641.710000,76500.000000,76628.870000,0,0,0.014428,False,False
2026-04-28 11:00:00+00:00,76630.440000,76630.440000,76157.670000,76162.090000,0,0,0.015976,False,False
2026-04-28 12:00:00+00:00,76269.210000,76404.780000,76191.460000,76361.620000,0,0,0.015134,False,False
2026-04-28 13:00:00+00:00,76380.750000,76390.980000,75984.450000,76230.050000,0,0,0.012895,False,False
2026-04-28 14:00:00+00:00,76203.080000,76203.080000,75674.970000,75935.890000,0,0,0.014999,False,False
2026-04-28 15:00:00+00:00,75941.060000,76075.660000,75902.310000,76039.770000,0,0,0.015338,False,False
2026-04-28 16:00:00+00:00,76078.560000,76176.050000,75906.400000,76145.160000,0,0,0.015855,False,False
2026-04-28 17:00:00+00:00,76134.110000,76220.000000,75946.780000,76199.990000,0,0,0.016979,False,False
2026-04-28 18:00:00+00:00,76193.680000,76251.000000,76141.150000,76210.210000,0,0,0.017388,False,False
2026-04-28 19:00:00+00:00,76246.540000,76354.820000,76070.000000,76348.240000,0,0,0.019244,False,False
2026-04-28 20:00:00+00:00,76331.450000,76475.980000,76331.450000,76475.980000,0,0,0.020565,False,False
2026-04-28 21:00:00+00:00,76478.790000,76492.240000,76302.210000,76426.940000,0,0,0.020441,False,False
2026-04-28 22:00:00+00:00,76402.180000,76462.700000,76225.000000,76238.730000,0,0,0.020510,False,False
2026-04-28 23:00:00+00:00,76255.140000,76356.900000,76219.990000,76332.320000,0,0,0.020053,False,False
2026-04-29 00:00:00+00:00,76350.430000,76538.460000,76277.440000,76521.310000,0,0,0.021999,False,False
2026-04-29 01:00:00+00:00,76534.890000,76642.700000,76220.000000,76551.790000,0,0,0.022734,False,False
2026-04-29 02:00:00+00:00,76580.660000,76646.750000,76435.560000,76480.360000,0,0,0.020260,False,False
2026-04-29 03:00:00+00:00,76580.280000,77110.010000,76527.800000,76984.910000,0,0,0.026790,False,False
2026-04-29 04:00:00+00:00,76990.000000,77427.690000,76921.850000,77263.080000,0,0,0.031394,False,False
2026-04-29 05:00:00+00:00,77281.580000,77335.230000,77213.790000,77273.140000,0,0,0.027517,False,False
2026-04-29 06:00:00+00:00,77285.190000,77285.190000,76949.490000,77000.650000,0,0,0.024726,False,False
2026-04-29 07:00:00+00:00,77053.110000,77144.390000,77022.400000,77030.000000,0,0,0.022070,False,False
2026-04-29 08:00:00+00:00,77078.310000,77078.310000,77001.590000,77053.270000,0,0,0.017094,False,False
2026-04-29 09:00:00+00:00,77045.340000,77778.110000,76979.880000,77720.250000,0,1,0.024005,False,False
2026-04-29 10:00:00+00:00,77702.310000,77857.100000,77576.530000,77614.600000,0,1,0.020780,False,False
2026-04-29 11:00:00+00:00,77628.230000,77682.980000,77481.000000,77602.180000,0,1,0.015615,False,False
2026-04-29 12:00:00+00:00,77554.060000,77554.060000,76998.390000,77147.750000,0,0,0.014391,False,False
2026-04-29 13:00:00+00:00,77129.870000,77220.250000,76480.000000,76794.000000,0,0,0.013761,False,False
2026-04-29 14:00:00+00:00,76764.550000,76797.280000,76437.770000,76569.300000,0,0,0.011682,False,False
2026-04-29 15:00:00+00:00,76582.270000,76582.270000,75726.480000,75907.640000,0,0,0.017349,False,False
2026-04-29 16:00:00+00:00,75926.020000,76093.200000,75710.250000,75768.920000,0,0,0.020230,False,False
2026-04-29 17:00:00+00:00,75818.560000,76157.670000,75816.360000,76157.670000,0,0,0.019141,False,False
2026-04-29 18:00:00+00:00,76167.400000,76220.000000,74916.160000,75507.540000,0,0,0.022909,False,False
2026-04-29 19:00:00+00:00,75526.690000,75607.300000,75314.240000,75487.540000,0,0,0.026156,False,False
2026-04-29 20:00:00+00:00,75582.290000,75818.110000,75523.300000,75714.170000,0,0,0.023383,False,False
2026-04-29 21:00:00+00:00,75689.920000,76046.950000,75614.080000,75939.620000,0,0,0.026475,False,False
2026-04-29 22:00:00+00:00,75942.060000,75998.340000,75823.010000,75944.340000,0,0,0.026045,False,False
2026-04-29 23:00:00+00:00,75932.960000,76005.000000,75710.250000,75792.810000,0,0,0.023653,False,False
2026-04-30 00:00:00+00:00,75800.330000,76322.460000,75665.560000,76261.250000,0,0,0.027201,False,False
2026-04-30 01:00:00+00:00,76256.420000,76447.740000,76178.050000,76284.610000,0,0,0.028452,False,False
2026-04-30 02:00:00+00:00,76240.480000,76341.870000,75494.510000,75719.650000,0,0,0.027808,False,False
2026-04-30 03:00:00+00:00,75702.780000,75968.490000,75702.780000,75968.490000,0,0,0.027951,False,False
2026-04-30 04:00:00+00:00,75931.970000,75943.130000,75422.990000,75530.910000,0,0,0.025155,False,False
2026-04-30 05:00:00+00:00,75506.880000,75757.240000,75316.360000,75616.040000,0,0,0.024895,False,False
2026-04-30 06:00:00+00:00,75610.200000,75860.160000,75568.310000,75761.170000,0,0,0.021797,False,False
2026-04-30 07:00:00+00:00,75766.560000,76170.470000,75697.140000,76116.360000,0,0,0.024092,False,False
2026-04-30 08:00:00+00:00,76172.570000,76193.510000,76062.300000,76062.300000,0,0,0.022831,False,False
2026-04-30 09:00:00+00:00,76071.050000,76339.830000,76030.680000,76171.640000,0,0,0.021394,False,False
2026-04-30 10:00:00+00:00,76112.520000,76126.280000,76030.970000,76030.970000,0,0,0.020319,False,False
2026-04-30 11:00:00+00:00,76047.690000,76205.770000,75893.100000,76070.890000,0,0,0.019317,False,False
2026-04-30 12:00:00+00:00,76071.900000,76420.250000,76071.900000,76323.270000,0,0,0.020755,False,False
2026-04-30 13:00:00+00:00,76322.710000,76641.130000,76172.570000,76438.610000,1,0,0.022061,False,False
2026-04-30 14:00:00+00:00,76432.540000,76611.640000,76122.500000,76385.820000,1,0,0.019139,False,False
2026-04-30 15:00:00+00:00,76319.270000,76637.710000,76172.570000,76506.440000,1,0,0.019875,False,False
2026-04-30 16:00:00+00:00,76484.490000,76484.490000,76250.890000,76263.970000,1,0,0.017858,False,False
2026-04-30 17:00:00+00:00,76266.640000,76336.550000,76113.020000,76281.980000,1,0,0.014510,False,False
2026-04-30 18:00:00+00:00,76257.920000,76443.430000,76238.870000,76358.630000,1,0,0.012693,False,False
2026-04-30 19:00:00+00:00,76353.580000,76517.070000,76341.580000,76422.390000,1,0,0.014486,False,False
2026-04-30 20:00:00+00:00,76428.700000,76564.470000,76352.160000,76532.940000,1,0,0.015577,False,False
2026-04-30 21:00:00+00:00,76498.700000,76533.140000,76274.620000,76277.900000,1,0,0.015383,False,False
2026-04-30 22:00:00+00:00,76249.450000,76459.590000,76222.670000,76222.670000,1,0,0.014815,False,False
2026-04-30 23:00:00+00:00,76243.110000,76385.230000,76240.440000,76327.210000,1,0,0.012937,False,False
2026-05-01 00:00:00+00:00,76354.390000,76600.000000,76354.390000,76412.500000,1,0,0.013073,False,False
2026-05-01 01:00:00+00:00,76472.180000,76761.310000,76468.390000,76688.720000,0,0,0.015583,False,False
2026-05-01 02:00:00+00:00,76704.740000,76723.180000,76527.820000,76527.820000,1,0,0.016156,False,False
2026-05-01 03:00:00+00:00,76611.620000,77393.410000,76553.220000,77107.340000,0,0,0.023136,False,False
2026-05-01 04:00:00+00:00,77165.600000,77213.680000,76905.610000,77034.570000,0,0,0.026141,False,False
2026-05-01 05:00:00+00:00,77053.670000,77210.890000,77039.810000,77187.810000,0,0,0.025550,False,False
2026-05-01 06:00:00+00:00,77166.010000,77180.530000,76875.010000,77106.350000,0,0,0.026302,False,False
2026-05-01 07:00:00+00:00,77036.840000,77116.470000,76985.590000,77116.470000,0,0,0.025568,False,False
2026-05-01 08:00:00+00:00,77128.690000,77479.820000,77056.680000,77383.950000,0,0,0.027813,False,False
2026-05-01 09:00:00+00:00,77362.650000,77372.160000,77211.420000,77250.950000,0,0,0.025856,False,False
2026-05-01 10:00:00+00:00,77229.820000,77406.680000,77155.930000,77326.980000,0,0,0.023524,False,False
2026-05-01 11:00:00+00:00,77291.460000,77581.680000,77274.950000,77465.080000,0,0,0.023080,False,False
2026-05-01 12:00:00+00:00,77471.900000,78143.640000,77426.220000,77970.000000,0,0,0.027251,False,False
2026-05-01 13:00:00+00:00,78025.300000,78920.700000,78025.300000,78712.300000,0,0,0.037120,False,False
2026-05-01 14:00:00+00:00,78711.940000,78871.350000,78050.250000,78335.830000,0,0,0.029224,False,False
2026-05-01 15:00:00+00:00,78319.560000,78714.850000,78214.850000,78469.000000,0,0,0.025414,False,False
2026-05-01 16:00:00+00:00,78514.850000,78699.490000,78212.710000,78260.940000,0,0,0.021073,False,False
2026-05-01 17:00:00+00:00,78289.390000,78586.550000,78149.080000,78538.700000,0,0,0.020036,False,False
2026-05-01 18:00:00+00:00,78586.190000,78632.600000,78427.250000,78427.250000,0,0,0.016796,False,False
2026-05-01 19:00:00+00:00,78452.990000,78530.000000,78309.570000,78428.650000,0,0,0.013364,False,False
2026-05-01 20:00:00+00:00,78431.690000,78431.690000,77775.720000,77899.750000,0,0,0.014204,False,False
2026-05-01 21:00:00+00:00,77890.300000,78205.520000,77890.300000,78188.040000,0,0,0.012728,False,False
2026-05-01 22:00:00+00:00,78226.590000,78419.310000,78155.760000,78171.680000,0,0,0.010213,False,False
2026-05-01 23:00:00+00:00,78150.440000,78235.090000,78041.650000,78235.090000,0,0,0.008355,False,False
2026-05-02 00:00:00+00:00,78235.090000,78399.970000,78204.060000,78351.720000,0,0,0.010731,False,False
2026-05-02 01:00:00+00:00,78314.330000,78447.090000,78299.110000,78325.430000,0,0,0.011781,False,False
2026-05-02 02:00:00+00:00,78343.140000,78498.950000,78292.910000,78357.900000,0,0,0.013922,False,False
2026-05-02 03:00:00+00:00,78375.460000,78502.950000,78251.090000,78458.460000,0,0,0.016009,False,False
2026-05-02 04:00:00+00:00,78406.860000,78443.760000,78125.120000,78192.900000,0,0,0.018093,False,False
2026-05-02 05:00:00+00:00,78179.460000,78229.960000,78043.730000,78208.710000,0,0,0.019740,False,False
2026-05-02 06:00:00+00:00,78202.870000,78330.280000,78153.930000,78330.280000,0,0,0.021284,False,False
2026-05-02 07:00:00+00:00,78350.240000,78362.980000,78210.640000,78224.960000,0,0,0.023911,False,False
2026-05-02 08:00:00+00:00,78209.790000,78336.220000,78171.500000,78336.220000,0,0,0.024421,False,False
2026-05-02 09:00:00+00:00,78310.250000,78347.280000,78309.370000,78333.030000,0,0,0.027236,False,False
2026-05-02 10:00:00+00:00,78296.410000,78317.230000,78235.280000,78274.380000,0,0,0.029694,False,False
2026-05-02 11:00:00+00:00,78200.030000,78206.610000,78127.850000,78129.190000,0,0,0.034195,False,False
2026-05-02 12:00:00+00:00,78135.060000,78235.650000,78122.940000,78224.870000,0,0,0.034790,False,False
2026-05-02 13:00:00+00:00,78245.590000,78429.130000,78145.690000,78359.390000,0,0,0.035407,False,False
2026-05-02 14:00:00+00:00,78371.080000,78471.150000,78321.960000,78437.110000,0,0,0.035526,False,False
2026-05-02 15:00:00+00:00,78439.090000,78471.150000,78386.190000,78456.490000,0,0,0.034280,False,False
2026-05-02 16:00:00+00:00,78471.150000,78575.070000,78429.160000,78479.480000,0,0,0.033636,False,False
2026-05-02 17:00:00+00:00,78467.140000,78495.830000,78404.970000,78404.970000,0,0,0.032481,False,False
2026-05-02 18:00:00+00:00,78384.420000,78453.820000,78334.410000,78453.820000,0,0,0.031699,False,False
2026-05-02 19:00:00+00:00,78471.210000,78503.970000,78446.580000,78465.790000,0,0,0.030469,False,False
2026-05-02 20:00:00+00:00,78478.720000,78479.160000,78411.230000,78462.530000,0,0,0.031295,False,False
2026-05-02 21:00:00+00:00,78496.530000,79143.400000,78456.110000,78729.500000,0,0,0.035210,False,False
2026-05-02 22:00:00+00:00,78741.860000,78884.890000,78652.450000,78848.800000,0,0,0.036902,False,False
2026-05-02 23:00:00+00:00,78821.320000,78835.350000,78652.240000,78674.910000,0,0,0.032969,False,False
2026-05-03 00:00:00+00:00,78702.310000,78732.690000,78500.000000,78546.310000,0,0,0.031698,False,False
2026-05-03 01:00:00+00:00,78520.990000,78525.810000,78175.080000,78269.200000,0,0,0.031390,False,False
2026-05-03 02:00:00+00:00,78248.100000,78295.020000,78098.100000,78180.030000,0,0,0.030869,False,False
2026-05-03 03:00:00+00:00,78154.820000,78203.800000,78120.000000,78203.800000,0,0,0.028155,False,False
2026-05-03 04:00:00+00:00,78193.270000,78232.480000,78107.160000,78163.780000,1,0,0.027852,False,False
2026-05-03 05:00:00+00:00,78185.810000,78253.030000,78185.810000,78239.330000,1,0,0.028239,False,False
2026-05-03 06:00:00+00:00,78207.460000,78302.400000,78090.040000,78302.400000,0,0,0.028441,False,False
2026-05-03 07:00:00+00:00,78294.770000,78424.630000,78294.770000,78350.500000,0,0,0.028797,False,False
2026-05-03 08:00:00+00:00,78387.810000,78488.510000,78387.810000,78414.970000,0,0,0.029040,False,False
2026-05-03 09:00:00+00:00,78367.990000,78622.100000,78367.990000,78538.870000,0,0,0.029919,False,False
2026-05-03 10:00:00+00:00,78527.180000,78527.180000,78441.300000,78441.300000,0,0,0.028264,False,False
2026-05-03 11:00:00+00:00,78392.160000,78817.620000,78392.160000,78728.780000,0,0,0.031640,False,False
2026-05-03 12:00:00+00:00,78695.640000,78860.940000,78678.590000,78754.990000,0,0,0.033553,False,False
2026-05-03 13:00:00+00:00,78732.530000,78781.290000,78610.290000,78674.950000,0,0,0.031138,False,False
2026-05-03 14:00:00+00:00,78714.000000,78795.090000,78649.780000,78772.290000,0,0,0.030727,False,False
2026-05-03 15:00:00+00:00,78737.010000,78810.440000,78656.950000,78657.020000,0,0,0.029245,False,False
2026-05-03 16:00:00+00:00,78681.310000,78747.570000,78630.750000,78706.000000,0,0,0.027033,False,False
2026-05-03 17:00:00+00:00,78618.990000,78815.490000,78591.940000,78726.500000,0,0,0.025122,False,False
2026-05-03 18:00:00+00:00,78726.340000,78784.870000,78647.340000,78761.540000,0,0,0.023514,False,False
2026-05-03 19:00:00+00:00,78747.220000,78843.990000,78672.360000,78790.380000,0,0,0.021983,False,False
2026-05-03 20:00:00+00:00,78750.460000,79253.600000,78728.510000,78930.060000,0,0,0.022062,False,False
2026-05-03 21:00:00+00:00,78904.690000,79064.200000,78644.040000,78840.590000,0,0,0.019857,False,False
2026-05-03 22:00:00+00:00,78865.100000,79427.870000,78849.370000,79190.010000,0,0,0.020854,False,False
2026-05-03 23:00:00+00:00,79190.000000,79269.000000,78510.850000,78565.730000,0,0,0.020369,False,False
2026-05-04 00:00:00+00:00,78500.000000,78569.720000,78311.310000,78569.720000,0,0,0.020344,False,False
2026-05-04 01:00:00+00:00,78505.300000,79828.270000,78414.890000,79737.450000,0,0,0.031116,False,False
2026-05-04 02:00:00+00:00,79773.970000,80393.770000,79563.300000,80193.480000,0,0,0.040161,False,False
2026-05-04 03:00:00+00:00,80188.110000,80468.100000,79920.010000,80300.380000,0,0,0.032784,False,False
2026-05-04 04:00:00+00:00,80322.860000,80633.100000,80267.540000,80311.720000,0,0,0.029379,False,False
2026-05-04 05:00:00+00:00,80386.400000,80392.490000,79971.300000,80047.470000,0,0,0.027778,False,False
2026-05-04 06:00:00+00:00,80036.690000,80036.690000,79500.000000,79886.160000,0,0,0.023460,False,False
2026-05-04 07:00:00+00:00,79851.150000,79957.900000,79803.590000,79803.590000,0,0,0.018915,False,False
2026-05-04 08:00:00+00:00,79716.660000,79779.910000,79607.290000,79720.290000,0,0,0.016180,False,False
2026-05-04 09:00:00+00:00,79680.430000,79935.290000,79680.430000,79854.210000,0,0,0.013313,False,False
2026-05-04 10:00:00+00:00,79720.290000,79720.290000,78230.480000,78915.380000,1,0,0.018462,False,False
2026-05-04 11:00:00+00:00,78949.500000,79121.660000,78705.140000,78836.440000,1,0,0.016249,False,False
2026-05-04 12:00:00+00:00,78787.220000,79006.370000,78723.340000,78855.670000,1,0,0.006615,False,False
2026-05-04 13:00:00+00:00,78766.250000,79128.190000,78622.220000,78802.870000,1,0,0.008000,False,False
2026-05-04 14:00:00+00:00,78806.860000,80529.970000,78526.860000,80256.850000,0,0,0.023758,False,False
2026-05-04 15:00:00+00:00,80244.300000,80358.040000,79358.130000,80034.510000,0,0,0.025033,False,False
2026-05-04 16:00:00+00:00,80024.900000,80361.850000,79625.810000,80005.720000,0,0,0.018023,False,False
2026-05-04 17:00:00+00:00,80047.950000,80739.020000,80032.260000,80367.860000,0,0,0.021138,False,False
2026-05-04 18:00:00+00:00,80343.750000,80450.990000,80052.390000,80118.970000,0,0,0.021033,False,False
2026-05-04 19:00:00+00:00,80121.290000,80121.290000,79831.700000,80088.580000,0,0,0.019227,False,False
2026-05-04 20:00:00+00:00,80009.830000,80135.500000,79907.300000,79956.100000,0,0,0.018690,False,False
2026-05-04 21:00:00+00:00,80002.990000,80384.310000,79969.370000,80294.980000,0,0,0.022932,False,False
2026-05-04 22:00:00+00:00,80335.720000,80405.480000,80088.990000,80092.540000,0,0,0.020223,False,False
2026-05-04 23:00:00+00:00,80058.290000,80058.290000,79749.150000,79858.720000,0,0,0.020160,False,False
2026-05-05 00:00:00+00:00,79856.960000,80183.430000,79798.030000,80154.500000,0,0,0.018832,False,False
2026-05-05 01:00:00+00:00,80165.920000,80388.590000,80070.340000,80340.060000,0,0,0.011727,False,False
2026-05-05 02:00:00+00:00,80337.010000,80875.880000,80337.010000,80528.420000,0,0,0.010940,False,False
2026-05-05 03:00:00+00:00,80562.990000,81079.470000,80485.390000,80903.040000,0,0,0.013284,False,False
2026-05-05 04:00:00+00:00,80877.190000,80978.990000,80736.520000,80924.480000,0,0,0.011239,False,False
2026-05-05 05:00:00+00:00,80897.250000,81297.970000,80842.530000,80981.060000,0,0,0.007651,False,False
2026-05-05 06:00:00+00:00,81000.190000,81002.610000,80816.130000,80912.450000,0,0,0.004837,False,False
2026-05-05 07:00:00+00:00,80965.910000,81133.100000,80831.750000,80831.750000,0,0,0.001963,False,False
2026-05-05 08:00:00+00:00,80851.510000,80902.500000,80728.110000,80782.800000,0,0,-0.001786,False,False
2026-05-05 09:00:00+00:00,80739.220000,80739.220000,80576.260000,80585.030000,0,0,-0.003208,False,False
2026-05-05 10:00:00+00:00,80540.910000,80785.960000,80540.910000,80751.610000,0,0,-0.002377,False,False
2026-05-05 11:00:00+00:00,80805.700000,81086.000000,80805.700000,80973.670000,0,0,-0.000791,False,False
2026-05-05 12:00:00+00:00,81005.920000,81304.370000,80994.900000,81275.630000,0,0,0.003752,False,False
2026-05-05 13:00:00+00:00,81304.370000,81682.290000,81230.310000,81234.580000,0,0,0.006905,False,False
2026-05-05 14:00:00+00:00,81238.510000,81489.380000,80974.340000,81356.040000,0,0,0.005014,False,False
2026-05-05 15:00:00+00:00,81318.700000,81665.970000,81274.640000,81553.380000,0,0,0.006112,False,False
2026-05-05 16:00:00+00:00,81553.380000,81593.490000,81079.030000,81246.190000,0,0,0.004610,False,False
2026-05-05 17:00:00+00:00,81268.330000,81444.420000,81200.000000,81251.370000,0,0,0.003051,False,False
2026-05-05 18:00:00+00:00,81292.810000,81571.840000,81292.810000,81515.390000,0,0,0.002871,False,False
2026-05-05 19:00:00+00:00,81489.290000,81682.280000,81407.580000,81576.460000,0,0,0.003144,False,False
2026-05-05 20:00:00+00:00,81588.190000,81760.030000,81519.780000,81636.710000,0,0,0.002902,False,False
2026-05-05 21:00:00+00:00,81654.840000,81770.350000,81294.610000,81439.770000,0,0,0.000866,False,False
2026-05-05 22:00:00+00:00,81477.490000,81600.610000,80843.970000,81126.830000,0,0,0.000943,False,False
2026-05-05 23:00:00+00:00,81095.530000,81231.630000,80813.620000,80933.100000,0,0,0.002688,False,False
2026-05-06 00:00:00+00:00,80870.120000,81241.080000,80767.490000,81028.890000,0,0,0.003089,False,False
2026-05-06 01:00:00+00:00,81036.920000,81512.860000,81016.490000,81411.690000,0,0,0.006521,False,False
2026-05-06 02:00:00+00:00,81429.500000,81429.500000,81061.870000,81353.110000,0,0,0.007181,False,False
2026-05-06 03:00:00+00:00,81367.220000,81729.560000,81367.220000,81579.540000,0,0,0.007291,False,False
2026-05-06 04:00:00+00:00,81588.470000,81613.510000,81249.470000,81321.560000,0,0,0.006517,False,False
2026-05-06 05:00:00+00:00,81323.530000,81335.940000,81074.220000,81276.480000,0,0,0.005561,False,False
2026-05-06 06:00:00+00:00,81320.260000,81500.990000,81118.250000,81482.630000,0,0,0.004234,False,False
2026-05-06 07:00:00+00:00,81482.630000,81583.990000,81200.440000,81339.390000,0,0,0.004126,False,False
2026-05-06 08:00:00+00:00,81326.700000,81966.700000,81326.700000,81942.750000,0,0,0.010061,False,False
2026-05-06 09:00:00+00:00,81884.150000,82047.480000,81679.130000,81974.490000,0,0,0.013933,False,False
2026-05-06 10:00:00+00:00,82000.380000,82352.850000,81933.800000,82276.000000,0,0,0.014944,False,False
2026-05-06 11:00:00+00:00,82268.060000,82807.000000,82268.060000,82516.830000,0,0,0.016127,False,False
2026-05-06 12:00:00+00:00,82508.300000,82529.890000,81844.050000,82209.720000,0,0,0.011397,False,False
2026-05-06 13:00:00+00:00,82194.790000,82202.380000,81613.800000,81681.840000,0,0,0.010623,False,False
2026-05-06 14:00:00+00:00,81638.900000,81954.070000,81152.850000,81528.120000,0,0,0.007179,False,False
2026-05-06 15:00:00+00:00,81551.290000,81808.850000,81305.200000,81698.050000,0,0,0.002342,False,False
2026-05-06 16:00:00+00:00,81731.460000,81866.170000,81448.100000,81622.780000,0,0,0.001042,False,False
2026-05-06 17:00:00+00:00,81629.200000,81689.270000,81400.770000,81503.210000,0,0,-0.000244,False,False
2026-05-06 18:00:00+00:00,81466.040000,81570.930000,81297.810000,81354.300000,0,0,-0.001353,False,False
2026-05-06 19:00:00+00:00,81353.090000,81509.310000,81205.310000,81502.400000,0,0,-0.002844,False,False
2026-05-06 20:00:00+00:00,81459.940000,81668.640000,81323.880000,81399.780000,0,0,-0.003404,False,False
2026-05-06 21:00:00+00:00,81442.350000,81620.130000,81322.490000,81509.730000,0,0,-0.003138,False,False
2026-05-06 22:00:00+00:00,81503.190000,81520.880000,81256.140000,81353.200000,0,0,-0.002707,False,False
2026-05-06 23:00:00+00:00,81346.820000,81444.850000,81008.730000,81444.830000,0,0,-0.002507,False,False
2026-05-07 00:00:00+00:00,81434.940000,81494.320000,80985.160000,80985.160000,0,0,-0.000938,False,False
2026-05-07 01:00:00+00:00,81012.220000,81299.580000,80865.310000,81187.200000,0,0,-0.000236,False,False
2026-05-07 02:00:00+00:00,81161.960000,81161.960000,80887.020000,81129.430000,0,0,-0.000908,False,False
2026-05-07 03:00:00+00:00,81085.800000,81111.540000,80841.110000,80841.110000,0,0,0.000369,False,False
2026-05-07 04:00:00+00:00,80855.190000,80991.490000,80750.100000,80987.180000,0,0,0.001073,False,False
2026-05-07 05:00:00+00:00,80987.180000,81158.500000,80987.180000,81050.020000,0,0,0.001547,False,False
2026-05-07 06:00:00+00:00,81052.850000,81428.560000,80873.700000,81428.560000,0,0,0.005686,False,False
2026-05-07 07:00:00+00:00,81428.570000,81696.490000,81399.470000,81502.360000,0,0,0.008263,False,False
2026-05-07 08:00:00+00:00,81498.170000,81589.690000,81216.290000,81216.290000,0,0,0.007021,False,False
2026-05-07 09:00:00+00:00,81200.660000,81212.190000,80877.220000,80946.980000,0,0,0.006732,False,False
2026-05-07 10:00:00+00:00,80906.330000,80997.760000,80589.080000,80858.390000,0,0,0.004506,False,False
2026-05-07 11:00:00+00:00,80858.390000,81043.380000,80823.670000,80892.200000,0,0,0.002301,False,False
2026-05-07 12:00:00+00:00,80835.370000,81158.510000,80835.360000,81158.510000,0,0,0.003823,False,False
2026-05-07 13:00:00+00:00,81085.750000,81144.190000,80259.590000,80583.050000,0,0,0.004320,False,False
2026-05-07 14:00:00+00:00,80472.440000,80672.520000,80053.670000,80219.030000,0,0,0.006895,False,False
2026-05-07 15:00:00+00:00,80162.690000,80273.930000,79731.140000,79863.120000,0,0,0.005082,False,False
2026-05-07 16:00:00+00:00,79851.420000,80004.520000,79700.000000,79793.360000,0,0,0.003690,False,False
2026-05-07 17:00:00+00:00,79808.270000,80120.210000,79500.010000,80107.750000,0,0,0.003568,False,False
2026-05-07 18:00:00+00:00,80112.280000,80283.000000,80043.760000,80218.120000,0,0,0.003888,False,False
2026-05-07 19:00:00+00:00,80180.020000,80218.000000,79961.220000,80116.110000,0,0,0.001697,False,False
2026-05-07 20:00:00+00:00,80168.360000,80361.850000,79868.680000,79868.680000,0,0,0.002254,False,False
2026-05-07 21:00:00+00:00,79897.010000,79937.530000,79652.450000,79776.210000,0,0,0.001568,False,False
2026-05-07 22:00:00+00:00,79741.750000,79974.200000,79625.180000,79940.780000,0,0,0.000192,False,False
2026-05-07 23:00:00+00:00,79919.770000,80070.980000,79883.900000,80034.950000,0,0,0.000460,False,False
2026-05-08 00:00:00+00:00,80038.550000,80134.490000,79736.660000,79763.690000,0,0,-0.001941,False,False
2026-05-08 01:00:00+00:00,79883.200000,79906.790000,79603.700000,79752.800000,0,0,-0.002703,False,False
2026-05-08 02:00:00+00:00,79708.000000,79708.000000,79358.130000,79572.140000,0,0,-0.003321,False,False
2026-05-08 03:00:00+00:00,79488.700000,79640.530000,79244.310000,79579.660000,0,0,-0.002811,False,False
2026-05-08 04:00:00+00:00,79579.660000,79731.140000,79554.680000,79649.560000,0,0,-0.003164,False,False
2026-05-08 05:00:00+00:00,79659.260000,79755.980000,79603.990000,79603.990000,0,0,-0.003427,False,False
2026-05-08 06:00:00+00:00,79584.390000,79669.690000,79413.300000,79485.650000,0,0,-0.003461,False,False
2026-05-08 07:00:00+00:00,79509.510000,79731.130000,79308.460000,79718.800000,0,0,-0.003085,False,False
2026-05-08 08:00:00+00:00,79695.850000,79983.330000,79665.390000,79929.660000,0,0,-0.000674,False,False
2026-05-08 09:00:00+00:00,79858.600000,80038.730000,79780.830000,79890.100000,0,0,-0.000745,False,False
2026-05-08 10:00:00+00:00,79914.430000,80238.050000,79791.650000,80227.370000,0,0,0.002864,False,False
2026-05-08 11:00:00+00:00,80242.410000,80312.960000,80179.710000,80179.710000,0,0,0.003569,False,False
2026-05-08 12:00:00+00:00,80258.770000,80466.110000,80000.000000,80000.000000,0,0,0.002598,False,False
2026-05-08 13:00:00+00:00,80030.080000,80112.560000,79566.090000,79638.900000,0,0,0.002483,False,False
2026-05-08 14:00:00+00:00,79662.490000,80416.650000,79662.490000,80127.840000,0,0,0.002345,False,False
2026-05-08 15:00:00+00:00,80195.530000,80199.300000,79640.530000,80124.990000,0,0,0.002020,False,False
2026-05-08 16:00:00+00:00,80182.970000,80182.970000,79780.360000,79841.650000,0,0,0.000999,False,False
2026-05-08 17:00:00+00:00,79867.270000,80251.620000,79756.280000,80023.910000,0,0,0.000107,False,False
2026-05-08 18:00:00+00:00,80135.310000,80281.980000,80083.140000,80083.140000,0,0,-0.001907,False,False
2026-05-08 19:00:00+00:00,80046.840000,80149.580000,79974.200000,80129.640000,0,0,-0.004012,False,False
2026-05-08 20:00:00+00:00,80167.390000,80273.570000,80073.630000,80122.980000,0,0,-0.004125,False,False
2026-05-08 21:00:00+00:00,80122.980000,80245.000000,80112.260000,80245.000000,0,0,-0.003212,False,False
2026-05-08 22:00:00+00:00,80250.040000,80411.520000,80250.040000,80289.920000,0,0,-0.003495,False,False
2026-05-08 23:00:00+00:00,80279.080000,80305.640000,80113.250000,80205.470000,0,0,-0.004391,False,False
2026-05-09 00:00:00+00:00,80180.300000,80247.880000,80125.360000,80247.880000,0,0,-0.004342,False,False
2026-05-09 01:00:00+00:00,80236.000000,80426.480000,80233.620000,80337.540000,0,0,-0.005358,False,False
2026-05-09 02:00:00+00:00,80353.850000,80462.540000,80077.200000,80418.170000,0,0,-0.003959,False,False
2026-05-09 03:00:00+00:00,80412.130000,80532.400000,80274.300000,80404.900000,0,0,-0.003048,False,False
2026-05-09 04:00:00+00:00,80400.300000,80635.440000,80384.960000,80400.580000,0,0,-0.003306,False,False
2026-05-09 05:00:00+00:00,80395.870000,80483.420000,80360.510000,80403.510000,0,0,-0.002965,False,False
2026-05-09 06:00:00+00:00,80426.280000,80436.400000,80204.270000,80221.680000,0,0,-0.001057,False,False
2026-05-09 07:00:00+00:00,80272.210000,80296.410000,80158.260000,80224.270000,0,0,-0.000214,False,False
2026-05-09 08:00:00+00:00,80224.270000,80454.320000,80000.000000,80390.770000,0,0,-0.000113,False,False
2026-05-09 09:00:00+00:00,80386.210000,80415.010000,80207.500000,80229.400000,0,0,0.000506,False,False
2026-05-09 10:00:00+00:00,80217.600000,80347.090000,80182.920000,80256.600000,0,0,0.000598,False,False
2026-05-09 11:00:00+00:00,80260.700000,80379.930000,80259.800000,80348.610000,0,0,0.000282,False,False
2026-05-09 12:00:00+00:00,80345.200000,80412.660000,80277.280000,80392.760000,0,0,0.001013,False,False
2026-05-09 13:00:00+00:00,80407.560000,80424.230000,80296.780000,80398.490000,0,0,0.003033,False,False
2026-05-09 14:00:00+00:00,80401.610000,80425.460000,80219.700000,80299.090000,0,0,0.003548,False,False
2026-05-09 15:00:00+00:00,80335.540000,80578.750000,80250.880000,80530.270000,0,0,0.005313,False,False
2026-05-09 16:00:00+00:00,80526.500000,80755.850000,80485.830000,80628.170000,0,0,0.008359,False,False
2026-05-09 17:00:00+00:00,80641.580000,80908.730000,80638.950000,80823.560000,0,0,0.010973,False,False
2026-05-09 18:00:00+00:00,80823.560000,81069.590000,80789.440000,80901.030000,0,0,0.012331,False,False
2026-05-09 19:00:00+00:00,80920.490000,80966.300000,80814.770000,80909.600000,0,0,0.011772,False,False
2026-05-09 20:00:00+00:00,80951.800000,80951.800000,80761.080000,80789.970000,0,0,0.011521,False,False
2026-05-09 21:00:00+00:00,80821.700000,80884.170000,80762.000000,80805.790000,0,0,0.010355,False,False
2026-05-09 22:00:00+00:00,80792.000000,80808.020000,80689.330000,80760.600000,0,0,0.008332,False,False
2026-05-09 23:00:00+00:00,80807.040000,80814.900000,80654.440000,80697.780000,0,0,0.008263,False,False
2026-05-10 00:00:00+00:00,80698.890000,80783.450000,80629.130000,80660.890000,0,0,0.007832,False,False
2026-05-10 01:00:00+00:00,80670.000000,80675.440000,80574.280000,80675.440000,0,0,0.006881,False,False
2026-05-10 02:00:00+00:00,80673.410000,80783.840000,80609.630000,80757.660000,0,0,0.005815,False,False
2026-05-10 03:00:00+00:00,80761.210000,80878.240000,79537.170000,80806.560000,0,0,0.005698,False,False
2026-05-10 04:00:00+00:00,80775.360000,80826.530000,80718.380000,80792.530000,0,0,0.005384,False,False
2026-05-10 05:00:00+00:00,80754.150000,80820.680000,80707.970000,80731.800000,0,0,0.005800,False,False
2026-05-10 06:00:00+00:00,80727.520000,80762.830000,80654.000000,80748.290000,0,0,0.006452,False,False
2026-05-10 07:00:00+00:00,80756.990000,80821.820000,80751.060000,80752.550000,0,0,0.006914,False,False
2026-05-10 08:00:00+00:00,80736.490000,80919.190000,80704.670000,80919.190000,0,0,0.009479,False,False
2026-05-10 09:00:00+00:00,80909.190000,80909.190000,80752.470000,80752.470000,0,0,0.010670,False,False
2026-05-10 10:00:00+00:00,80800.100000,80878.640000,80722.590000,80878.640000,0,0,0.012689,False,False
2026-05-10 11:00:00+00:00,80884.460000,80959.030000,80770.920000,80846.900000,0,0,0.013373,False,False
2026-05-10 12:00:00+00:00,80839.300000,80947.930000,80800.950000,80911.830000,0,0,0.014182,False,False
2026-05-10 13:00:00+00:00,80920.790000,80989.890000,80889.690000,80943.250000,0,0,0.015477,False,False
2026-05-10 14:00:00+00:00,80983.380000,80998.680000,80803.220000,80938.140000,0,0,0.017240,False,False
2026-05-10 15:00:00+00:00,80993.520000,81428.570000,80940.390000,81387.750000,0,0,0.024576,False,False
2026-05-10 16:00:00+00:00,81428.570000,81486.630000,81191.120000,81385.480000,0,0,0.026075,False,False
2026-05-10 17:00:00+00:00,81361.020000,81562.500000,81243.690000,81464.960000,0,0,0.023369,False,False
2026-05-10 18:00:00+00:00,81439.700000,81482.440000,81226.520000,81282.490000,0,0,0.022478,False,False
2026-05-10 19:00:00+00:00,81218.780000,81492.090000,81144.720000,81445.000000,0,0,0.021609,False,False
2026-05-10 20:00:00+00:00,81430.400000,81452.100000,80292.990000,80707.830000,0,0,0.024199,False,False
2026-05-10 21:00:00+00:00,80718.590000,80938.390000,80580.000000,80777.040000,0,0,0.024084,False,False
2026-05-10 22:00:00+00:00,80691.500000,82145.940000,80691.500000,82061.150000,0,0,0.034918,False,False
2026-05-10 23:00:00+00:00,82054.800000,82447.410000,82003.030000,82154.400000,0,0,0.037399,False,False
2026-05-11 00:00:00+00:00,82262.150000,82288.400000,81299.640000,81476.020000,0,0,0.028842,False,False
2026-05-11 01:00:00+00:00,81483.440000,81730.360000,81301.910000,81486.590000,0,0,0.027992,False,False
2026-05-11 02:00:00+00:00,81558.910000,81558.910000,81158.510000,81200.000000,0,0,0.021942,False,False
2026-05-11 03:00:00+00:00,81159.750000,81159.750000,80548.130000,80723.150000,0,0,0.024478,False,False
2026-05-11 04:00:00+00:00,80703.810000,80876.030000,80662.470000,80876.030000,0,0,0.022955,False,False
2026-05-11 05:00:00+00:00,80823.320000,80989.860000,80779.650000,80837.600000,0,0,0.020775,False,False
2026-05-11 06:00:00+00:00,80836.710000,81025.930000,80789.530000,80857.950000,0,0,0.021270,False,False
2026-05-11 07:00:00+00:00,80805.530000,80835.670000,80707.830000,80800.710000,0,0,0.022264,False,False
2026-05-11 08:00:00+00:00,80779.770000,80852.590000,80650.000000,80843.610000,0,0,0.021775,False,False
2026-05-11 09:00:00+00:00,80855.800000,80999.100000,80855.800000,80937.750000,0,0,0.023041,False,False
2026-05-11 10:00:00+00:00,80963.010000,81192.710000,80963.010000,81023.690000,0,0,0.023840,False,False
2026-05-11 11:00:00+00:00,80989.780000,81192.720000,80984.000000,81182.240000,0,0,0.023521,False,False
2026-05-11 12:00:00+00:00,81192.720000,81342.300000,81029.810000,81085.640000,0,0,0.023607,False,False
2026-05-11 13:00:00+00:00,81084.220000,81338.020000,80775.500000,81037.590000,0,0,0.023425,False,False
2026-05-11 14:00:00+00:00,81069.550000,81252.990000,80489.510000,80990.830000,0,0,0.023332,False,False
2026-05-11 15:00:00+00:00,80943.630000,81447.100000,80852.140000,81438.090000,0,0,0.028840,False,False
2026-05-11 16:00:00+00:00,81420.300000,81895.820000,81377.130000,81590.570000,0,0,0.032365,False,False
2026-05-11 17:00:00+00:00,81591.780000,82059.790000,81374.580000,81936.410000,0,0,0.034758,False,False
2026-05-11 18:00:00+00:00,81945.830000,82118.280000,81878.570000,81976.760000,0,0,0.034983,False,False
2026-05-11 19:00:00+00:00,81863.550000,82093.910000,81773.910000,81955.090000,0,0,0.030329,False,False
2026-05-11 20:00:00+00:00,82015.060000,82093.720000,81791.840000,81854.530000,0,0,0.029846,False,False
2026-05-11 21:00:00+00:00,81851.030000,81893.110000,81606.870000,81805.660000,0,0,0.028847,False,False
2026-05-11 22:00:00+00:00,81831.500000,81985.430000,81759.610000,81855.560000,0,0,0.024320,False,False
2026-05-11 23:00:00+00:00,81822.570000,81840.380000,81609.110000,81774.050000,0,0,0.021193,False,False
2026-05-12 00:00:00+00:00,81730.000000,81801.360000,81497.110000,81556.290000,0,0,0.019434,False,False
2026-05-12 01:00:00+00:00,81558.580000,81631.370000,80707.920000,81207.000000,0,0,0.017990,False,False
2026-05-12 02:00:00+00:00,81244.140000,81340.280000,81115.420000,81229.150000,0,0,0.014269,False,False
2026-05-12 03:00:00+00:00,81298.630000,81298.630000,81047.740000,81059.760000,0,0,0.014357,False,False
2026-05-12 04:00:00+00:00,81038.390000,81301.930000,81016.630000,81236.460000,0,0,0.015725,False,False
2026-05-12 05:00:00+00:00,81235.510000,81301.930000,81203.520000,81240.000000,0,0,0.016732,False,False
2026-05-12 06:00:00+00:00,81269.070000,81304.760000,81034.220000,81060.630000,0,0,0.017735,False,False
2026-05-12 07:00:00+00:00,81024.280000,81149.650000,80842.350000,80967.100000,0,0,0.019846,False,False
2026-05-12 08:00:00+00:00,80860.700000,80966.690000,80772.940000,80950.490000,0,0,0.020332,False,False
2026-05-12 09:00:00+00:00,80843.520000,80954.270000,80728.180000,80842.940000,0,0,0.021674,False,False
2026-05-12 10:00:00+00:00,80804.610000,80844.280000,80625.000000,80664.540000,0,0,0.023213,False,False
2026-05-12 11:00:00+00:00,80684.530000,80760.280000,80516.860000,80759.460000,0,0,0.022109,False,False
2026-05-12 12:00:00+00:00,80793.000000,81011.210000,80651.000000,80907.470000,0,0,0.023100,False,False
2026-05-12 13:00:00+00:00,80923.890000,80944.270000,80418.070000,80418.070000,0,0,0.026537,False,False
2026-05-12 14:00:00+00:00,80411.680000,80847.610000,80382.200000,80551.770000,0,0,0.028364,False,False
2026-05-12 15:00:00+00:00,80522.010000,80655.090000,80191.370000,80375.850000,0,0,0.026171,False,False
2026-05-12 16:00:00+00:00,80272.280000,80426.470000,79865.300000,79998.430000,0,0,0.029584,False,False
2026-05-12 17:00:00+00:00,80024.020000,80555.990000,79945.890000,80529.010000,0,0,0.029595,False,False
2026-05-12 18:00:00+00:00,80520.440000,80742.700000,80474.000000,80681.940000,0,0,0.030783,False,False
2026-05-12 19:00:00+00:00,80691.680000,80878.240000,80691.680000,80827.750000,0,0,0.028428,False,False
2026-05-12 20:00:00+00:00,80827.750000,80899.820000,80634.000000,80697.330000,0,0,0.026807,False,False
2026-05-12 21:00:00+00:00,80737.750000,80741.860000,80507.590000,80593.970000,0,0,0.026554,False,False
2026-05-12 22:00:00+00:00,80616.020000,80781.800000,80611.890000,80648.730000,0,0,0.024208,False,False
2026-05-12 23:00:00+00:00,80704.090000,80711.790000,80464.200000,80483.200000,0,0,0.023753,False,False
2026-05-13 00:00:00+00:00,80490.160000,80780.230000,80462.540000,80726.220000,0,0,0.024509,False,False
2026-05-13 01:00:00+00:00,80715.430000,81170.400000,80693.110000,81021.420000,0,0,0.028512,False,False
2026-05-13 02:00:00+00:00,81013.600000,81270.230000,80865.250000,81041.600000,0,0,0.028021,False,False
2026-05-13 03:00:00+00:00,81047.730000,81299.990000,80980.410000,81208.970000,0,0,0.027531,False,False
2026-05-13 04:00:00+00:00,81273.630000,81273.630000,81006.890000,81241.890000,0,1,0.024176,False,False
2026-05-13 05:00:00+00:00,81238.550000,81242.450000,80966.560000,80991.960000,0,0,0.021630,False,False
2026-05-13 06:00:00+00:00,81027.030000,81160.810000,80936.610000,80969.350000,0,0,0.019783,False,False
2026-05-13 07:00:00+00:00,81007.600000,81037.030000,80865.250000,81011.550000,0,0,0.016897,False,False
2026-05-13 08:00:00+00:00,81033.000000,81200.660000,80796.000000,81156.470000,0,0,0.016955,False,False
2026-05-13 09:00:00+00:00,81180.240000,81309.420000,81120.150000,81248.670000,0,1,0.016038,False,False
2026-05-13 10:00:00+00:00,81284.000000,81284.000000,80815.620000,80837.070000,0,0,0.015509,False,False
2026-05-13 11:00:00+00:00,80802.470000,80802.470000,80522.920000,80522.920000,0,0,0.015603,False,False
2026-05-13 12:00:00+00:00,80494.160000,80602.620000,79848.750000,80177.240000,0,0,0.015307,False,False
2026-05-13 13:00:00+00:00,80202.240000,80336.960000,79577.570000,79613.550000,0,0,0.019679,False,False
2026-05-13 14:00:00+00:00,79585.640000,79842.260000,79500.000000,79778.470000,0,0,0.018832,False,False
2026-05-13 15:00:00+00:00,79844.360000,79865.720000,78831.900000,78834.300000,1,0,0.022893,False,False
2026-05-13 16:00:00+00:00,78843.190000,79221.770000,78776.880000,79074.100000,1,0,0.026128,False,False
2026-05-13 17:00:00+00:00,79213.220000,79537.170000,79180.150000,79537.170000,0,0,0.025495,False,False
2026-05-13 18:00:00+00:00,79515.450000,79822.620000,79515.450000,79643.720000,0,0,0.026102,False,False
2026-05-13 19:00:00+00:00,79629.550000,79647.370000,79455.340000,79643.150000,0,0,0.023222,False,False
2026-05-13 20:00:00+00:00,79652.810000,79748.130000,79636.550000,79708.840000,0,0,0.022808,False,False
2026-05-13 21:00:00+00:00,79711.710000,79719.220000,79385.230000,79390.600000,1,0,0.021070,False,False
2026-05-13 22:00:00+00:00,79391.190000,79478.110000,79245.790000,79444.040000,0,0,0.018555,False,False
2026-05-13 23:00:00+00:00,79426.170000,79488.820000,79266.110000,79329.710000,1,0,0.015402,False,False
2026-05-14 00:00:00+00:00,79335.340000,79688.690000,79335.340000,79597.030000,0,0,0.016522,False,False
2026-05-14 01:00:00+00:00,79578.290000,79679.900000,79433.200000,79632.920000,0,0,0.017412,False,False
2026-05-14 02:00:00+00:00,79607.270000,79669.450000,79244.330000,79359.620000,1,0,0.016166,False,False
2026-05-14 03:00:00+00:00,79364.470000,79457.480000,78954.140000,79031.640000,1,0,0.014711,False,False
2026-05-14 04:00:00+00:00,79029.520000,79463.210000,79013.000000,79450.270000,1,0,0.012230,False,False
2026-05-14 05:00:00+00:00,79432.420000,79979.480000,79409.170000,79822.660000,0,0,0.015987,False,False
2026-05-14 06:00:00+00:00,79830.280000,79945.590000,79790.170000,79822.930000,0,0,0.014707,False,False
2026-05-14 07:00:00+00:00,79851.750000,79933.240000,79731.140000,79854.000000,0,0,0.012945,False,False
2026-05-14 08:00:00+00:00,79743.750000,79945.590000,79674.270000,79829.690000,0,0,0.012513,False,False
2026-05-14 09:00:00+00:00,79875.120000,79875.120000,79811.450000,79811.450000,0,0,0.010652,False,False
2026-05-14 10:00:00+00:00,79633.560000,79722.150000,79430.020000,79596.600000,1,0,0.009825,False,False
2026-05-14 11:00:00+00:00,79596.600000,79612.460000,79245.790000,79270.440000,1,0,0.010198,False,False
2026-05-14 12:00:00+00:00,79306.600000,79784.660000,79302.340000,79784.660000,0,0,0.010161,False,False
2026-05-14 13:00:00+00:00,79735.890000,80038.660000,79712.160000,79712.160000,0,0,0.010024,False,False
2026-05-14 14:00:00+00:00,79622.390000,81010.050000,79581.270000,80940.490000,0,0,0.023301,False,False
2026-05-14 15:00:00+00:00,81038.500000,81320.270000,80827.980000,81307.300000,0,0,0.031544,False,False
2026-05-14 16:00:00+00:00,81340.000000,81835.710000,81127.040000,81835.710000,0,1,0.031272,False,False
2026-05-14 17:00:00+00:00,81880.790000,82030.330000,81328.170000,81677.890000,0,1,0.027538,False,False
2026-05-14 18:00:00+00:00,81706.150000,81966.740000,81461.090000,81566.860000,0,1,0.022650,False,False
2026-05-14 19:00:00+00:00,81574.620000,81697.710000,81343.420000,81432.490000,0,1,0.015749,False,False
2026-05-14 20:00:00+00:00,81487.870000,81607.310000,81172.770000,81388.360000,0,1,0.010428,False,False
2026-05-14 21:00:00+00:00,81412.780000,81510.140000,81282.210000,81394.100000,0,1,0.006445,False,False
2026-05-14 22:00:00+00:00,81363.940000,81558.430000,81337.140000,81428.530000,0,1,0.002480,False,False
2026-05-14 23:00:00+00:00,81431.410000,81431.410000,81069.810000,81077.620000,0,0,-0.001460,False,False
2026-05-15 00:00:00+00:00,81106.400000,81658.810000,81078.180000,81496.980000,0,1,-0.004806,False,False
2026-05-15 01:00:00+00:00,81544.010000,81721.210000,81127.040000,81177.230000,0,1,-0.011743,False,False
2026-05-15 02:00:00+00:00,81114.190000,81350.410000,80776.680000,81337.160000,0,1,-0.010978,False,False
2026-05-15 03:00:00+00:00,81342.230000,81351.860000,80953.870000,81108.630000,0,1,-0.008891,False,False
2026-05-15 04:00:00+00:00,81070.970000,81104.600000,80728.180000,80728.180000,0,0,-0.004763,False,False
2026-05-15 05:00:00+00:00,80713.590000,80867.410000,80313.770000,80364.880000,0,0,-0.001514,False,False
2026-05-15 06:00:00+00:00,80327.280000,80633.000000,80320.410000,80596.180000,0,0,-0.000788,False,False
2026-05-15 07:00:00+00:00,80606.700000,80967.070000,80586.530000,80838.130000,0,1,0.002262,False,False
2026-05-15 08:00:00+00:00,80807.320000,80807.320000,80462.540000,80627.280000,0,1,0.004189,False,False
2026-05-15 09:00:00+00:00,80581.250000,80633.160000,80377.170000,80464.280000,0,1,0.007907,False,False
2026-05-15 10:00:00+00:00,80450.160000,80736.820000,80446.240000,80715.620000,0,1,0.011717,False,False
2026-05-15 11:00:00+00:00,80742.660000,80742.660000,80599.000000,80678.730000,0,1,0.018271,False,False
2026-05-15 12:00:00+00:00,80546.640000,80607.810000,80332.990000,80366.380000,0,1,0.022881,False,False
2026-05-15 13:00:00+00:00,80313.770000,80313.770000,78700.000000,78799.680000,0,0,0.046627,False,False
2026-05-15 14:00:00+00:00,78700.000000,79358.250000,78670.400000,79257.540000,0,0,0.045002,False,False
2026-05-15 15:00:00+00:00,79173.580000,79337.160000,79033.990000,79202.320000,0,0,0.034419,False,False
2026-05-15 16:00:00+00:00,79144.780000,79376.070000,79131.390000,79313.650000,0,0,0.031264,False,False
2026-05-15 17:00:00+00:00,79272.020000,79481.730000,79240.890000,79463.000000,0,0,0.032130,False,False
2026-05-15 18:00:00+00:00,79488.820000,79546.520000,79198.470000,79293.890000,0,0,0.029765,False,False
2026-05-15 19:00:00+00:00,79226.560000,79229.980000,79085.850000,79172.990000,0,0,0.028895,False,False
2026-05-15 20:00:00+00:00,79203.240000,79208.990000,79033.990000,79102.760000,0,0,0.027120,False,False
2026-05-15 21:00:00+00:00,79120.500000,79201.950000,78965.940000,78965.940000,0,0,0.026125,False,False
2026-05-15 22:00:00+00:00,79020.340000,79135.340000,79020.340000,79123.580000,0,0,0.023577,False,False
2026-05-15 23:00:00+00:00,79103.370000,79144.700000,79085.580000,79112.250000,0,0,0.019503,False,False
2026-05-16 00:00:00+00:00,79094.240000,79236.970000,79090.000000,79106.300000,0,0,0.013244,False,False
2026-05-16 01:00:00+00:00,79120.900000,79162.050000,79021.890000,79160.000000,0,0,0.011890,False,False
2026-05-16 02:00:00+00:00,79173.470000,79195.160000,79086.740000,79109.470000,0,0,0.011359,False,False
2026-05-16 03:00:00+00:00,79148.890000,79195.150000,79078.940000,79118.880000,0,0,0.010527,False,False
2026-05-16 04:00:00+00:00,79084.800000,79117.450000,78876.560000,78995.750000,0,0,0.010428,False,False
2026-05-16 05:00:00+00:00,79033.820000,79038.870000,78972.310000,78992.610000,0,0,0.009424,False,False
2026-05-16 06:00:00+00:00,79021.900000,79031.930000,78478.220000,78645.740000,0,0,0.011145,False,False
2026-05-16 07:00:00+00:00,78649.950000,78649.950000,78100.390000,78356.820000,0,0,0.013456,False,False
2026-05-16 08:00:00+00:00,78378.600000,78519.820000,78366.530000,78387.720000,0,0,0.011280,False,False
2026-05-16 09:00:00+00:00,78399.290000,78406.060000,77912.380000,78085.600000,0,0,0.011247,False,False
2026-05-16 10:00:00+00:00,78028.610000,78028.610000,77634.480000,77945.510000,0,0,0.012184,False,False
2026-05-16 11:00:00+00:00,78028.610000,78190.740000,78021.270000,78165.490000,0,0,0.010509,False,False
2026-05-16 12:00:00+00:00,78096.080000,78122.650000,77967.420000,78030.480000,0,0,0.010064,False,False
2026-05-16 13:00:00+00:00,78011.560000,78011.560000,77864.990000,77989.490000,0,0,0.010816,False,False
2026-05-16 14:00:00+00:00,78010.930000,78329.030000,77917.150000,78143.300000,0,0,0.010410,False,False
2026-05-16 15:00:00+00:00,78157.250000,78246.470000,78085.810000,78230.570000,0,0,0.010893,False,False
2026-05-16 16:00:00+00:00,78230.570000,78359.280000,78192.790000,78193.820000,0,0,0.009035,False,False
2026-05-16 17:00:00+00:00,78193.830000,78305.190000,78193.830000,78219.750000,0,0,0.007035,False,False
2026-05-16 18:00:00+00:00,78229.090000,78302.000000,78155.530000,78246.240000,0,0,0.006145,False,False
2026-05-16 19:00:00+00:00,78241.370000,78313.280000,78184.680000,78263.390000,0,0,0.005780,False,False
2026-05-16 20:00:00+00:00,78279.380000,78329.730000,78226.360000,78259.840000,0,0,0.005417,False,False
2026-05-16 21:00:00+00:00,78259.450000,78298.920000,78222.010000,78283.950000,0,0,0.005816,False,False
2026-05-16 22:00:00+00:00,78243.340000,78264.380000,78186.920000,78205.530000,0,0,0.004953,False,False
2026-05-16 23:00:00+00:00,78200.090000,78243.980000,78154.970000,78154.970000,0,0,0.004871,False,False
2026-05-17 00:00:00+00:00,78210.510000,78244.070000,77840.140000,77840.140000,0,0,0.006193,False,False
2026-05-17 01:00:00+00:00,77968.690000,78109.390000,77750.000000,77750.000000,0,0,0.006241,False,False
2026-05-17 02:00:00+00:00,77785.880000,77937.790000,77756.880000,77894.740000,0,0,0.004481,False,False
2026-05-17 03:00:00+00:00,77929.790000,78085.350000,77929.790000,78010.380000,0,0,0.005325,False,False
2026-05-17 04:00:00+00:00,78067.180000,78213.240000,78048.320000,78151.570000,0,0,0.006326,False,False
2026-05-17 05:00:00+00:00,78163.320000,78310.000000,78160.060000,78171.890000,0,0,0.006988,False,False
2026-05-17 06:00:00+00:00,78167.520000,78199.500000,78049.290000,78073.290000,0,0,0.006615,False,False
2026-05-17 07:00:00+00:00,78123.880000,78207.970000,78089.040000,78180.550000,0,0,0.006525,False,False
2026-05-17 08:00:00+00:00,78188.550000,78188.550000,78042.240000,78093.990000,0,0,0.005726,False,False
2026-05-17 09:00:00+00:00,78116.050000,78253.910000,78102.120000,78247.650000,0,0,0.006792,False,False
2026-05-17 10:00:00+00:00,78251.320000,78575.360000,78251.320000,78457.210000,0,0,0.010703,False,False
2026-05-17 11:00:00+00:00,78457.210000,78463.000000,78311.410000,78398.000000,0,0,0.013316,False,False
2026-05-17 12:00:00+00:00,78424.260000,78529.820000,78376.600000,78376.670000,0,0,0.012610,False,False
2026-05-17 13:00:00+00:00,78343.410000,78345.220000,78205.000000,78217.010000,0,0,0.012184,False,False
2026-05-17 14:00:00+00:00,78209.840000,78209.840000,77896.050000,78074.460000,0,0,0.011749,False,False
2026-05-17 15:00:00+00:00,78057.280000,78133.580000,77960.420000,78052.680000,0,0,0.010019,False,False
2026-05-17 16:00:00+00:00,78084.460000,78174.000000,78044.470000,78065.390000,0,0,0.008744,False,False
2026-05-17 17:00:00+00:00,77984.520000,78093.940000,77898.930000,78093.940000,0,0,0.008986,False,False
2026-05-17 18:00:00+00:00,78062.570000,78278.650000,78055.270000,78260.460000,0,0,0.010248,False,False
2026-05-17 19:00:00+00:00,78278.640000,78473.170000,78225.030000,78396.020000,0,0,0.011617,False,False
2026-05-17 20:00:00+00:00,78414.230000,78415.950000,78258.540000,78278.150000,0,0,0.010505,False,False
2026-05-17 21:00:00+00:00,78277.370000,78474.500000,78246.200000,78384.810000,0,0,0.010522,False,False
2026-05-17 22:00:00+00:00,78384.810000,78417.410000,77850.000000,77997.270000,0,0,0.011808,False,False
2026-05-17 23:00:00+00:00,77992.430000,77999.520000,76750.230000,77436.870000,0,0,0.017941,False,False
2026-05-18 00:00:00+00:00,77451.160000,77451.160000,76913.850000,77197.790000,0,0,0.018103,False,False
2026-05-18 01:00:00+00:00,77197.790000,77268.100000,76777.350000,77133.200000,0,0,0.014882,False,False
2026-05-18 02:00:00+00:00,77123.780000,77244.820000,76733.990000,76823.430000,0,0,0.016804,False,False
2026-05-18 03:00:00+00:00,76851.900000,77015.740000,76820.180000,76909.620000,0,0,0.017033,False,False
2026-05-18 04:00:00+00:00,76928.470000,77050.150000,76798.190000,77050.150000,0,0,0.016222,False,False
2026-05-18 05:00:00+00:00,77058.320000,77079.320000,76893.110000,76945.610000,0,0,0.016400,False,False
2026-05-18 06:00:00+00:00,76925.560000,76947.010000,76608.000000,76925.250000,0,0,0.016918,False,False
2026-05-18 07:00:00+00:00,76994.220000,77072.130000,76821.200000,77067.720000,0,0,0.016249,False,False
2026-05-18 08:00:00+00:00,77102.270000,77165.130000,76896.240000,77035.340000,0,0,0.015014,False,False
2026-05-18 09:00:00+00:00,76989.150000,76990.050000,76895.020000,76914.830000,0,0,0.011615,False,False
2026-05-18 10:00:00+00:00,76879.800000,76879.800000,76740.910000,76800.330000,0,0,0.008320,False,False
2026-05-18 11:00:00+00:00,76727.890000,77407.250000,76700.000000,77268.190000,0,0,0.010535,False,False
2026-05-18 12:00:00+00:00,77300.920000,77778.110000,77297.970000,77637.430000,0,0,0.017806,False,False
2026-05-18 13:00:00+00:00,77654.270000,77659.830000,76718.390000,76944.270000,0,0,0.016935,False,False
2026-05-18 14:00:00+00:00,76871.340000,76961.440000,76256.130000,76401.070000,0,0,0.022342,False,False
2026-05-18 15:00:00+00:00,76360.840000,76431.390000,76067.000000,76411.180000,0,0,0.015075,False,False
2026-05-18 16:00:00+00:00,76348.040000,76642.340000,76235.960000,76440.060000,0,0,0.009110,False,False
2026-05-18 17:00:00+00:00,76409.790000,76750.570000,76409.790000,76750.570000,0,0,0.012190,False,False
2026-05-18 18:00:00+00:00,76686.960000,76686.960000,76172.570000,76281.860000,0,0,0.012435,False,False
2026-05-18 19:00:00+00:00,76270.490000,76977.020000,76270.490000,76887.840000,0,0,0.015515,False,False
2026-05-18 20:00:00+00:00,76965.110000,77165.670000,76899.410000,76939.840000,0,0,0.016102,False,False
2026-05-18 21:00:00+00:00,76902.330000,77179.970000,76832.830000,77105.270000,0,0,0.014808,False,False
2026-05-18 22:00:00+00:00,77132.350000,77219.870000,76932.480000,77007.730000,0,0,0.014513,False,False
2026-05-18 23:00:00+00:00,77073.230000,77147.350000,76990.560000,77006.420000,0,0,0.014085,False,False
2026-05-19 00:00:00+00:00,77006.420000,77367.620000,76967.270000,77149.180000,0,0,0.011317,False,False
2026-05-19 01:00:00+00:00,77105.690000,77129.870000,76661.890000,76661.890000,0,0,0.013504,False,False
2026-05-19 02:00:00+00:00,76661.890000,76950.000000,76500.000000,76621.350000,0,0,0.013957,False,False
2026-05-19 03:00:00+00:00,76595.470000,76843.700000,76595.470000,76790.670000,0,0,0.009015,False,False
2026-05-19 04:00:00+00:00,76766.960000,76949.620000,76692.150000,76901.580000,0,0,0.009154,False,False
2026-05-19 05:00:00+00:00,76938.890000,77000.000000,76651.580000,76928.610000,0,0,0.008992,False,False
2026-05-19 06:00:00+00:00,76977.510000,77101.260000,76937.680000,77042.220000,0,0,0.007326,False,False
2026-05-19 07:00:00+00:00,77032.900000,77282.810000,76986.130000,77218.910000,0,0,0.009045,False,False
2026-05-19 08:00:00+00:00,77255.760000,77282.810000,76967.030000,77059.530000,0,0,0.007977,False,False
2026-05-19 09:00:00+00:00,77051.770000,77054.450000,76743.270000,76777.640000,0,0,0.009724,False,False
2026-05-19 10:00:00+00:00,76806.790000,77098.040000,76724.680000,77049.260000,0,0,0.008790,False,False
2026-05-19 11:00:00+00:00,77052.720000,77069.630000,76670.490000,76726.620000,0,0,0.007818,False,False
2026-05-19 12:00:00+00:00,76689.860000,76985.670000,76681.250000,76985.670000,0,0,0.008053,False,False
2026-05-19 13:00:00+00:00,76934.530000,77050.150000,76594.690000,76884.550000,0,0,0.005994,False,False
2026-05-19 14:00:00+00:00,76859.120000,77007.390000,76153.560000,76404.780000,0,0,0.011314,False,False
2026-05-19 15:00:00+00:00,76401.110000,76684.580000,76370.040000,76481.580000,0,0,0.012442,False,False
2026-05-19 16:00:00+00:00,76513.070000,76898.910000,76439.890000,76898.910000,0,0,0.014080,False,False
2026-05-19 17:00:00+00:00,76898.910000,77005.340000,76722.250000,76818.750000,0,0,0.014672,False,False
2026-05-19 18:00:00+00:00,76852.750000,76949.870000,76785.370000,76821.620000,0,0,0.015943,False,False
2026-05-19 19:00:00+00:00,76851.010000,77066.300000,76805.800000,76880.000000,0,0,0.015735,False,False
2026-05-19 20:00:00+00:00,76833.910000,77044.410000,76833.910000,77031.060000,0,0,0.017341,False,False
2026-05-19 21:00:00+00:00,77005.730000,77045.170000,76972.840000,77009.990000,0,0,0.016710,False,False
2026-05-19 22:00:00+00:00,77009.990000,77009.990000,76656.120000,76734.910000,0,0,0.018023,False,False
2026-05-19 23:00:00+00:00,76726.930000,76976.920000,76709.850000,76833.850000,0,0,0.017352,False,False
2026-05-20 00:00:00+00:00,76901.970000,76901.970000,76527.010000,76756.390000,0,0,0.015003,False,False
2026-05-20 01:00:00+00:00,76804.250000,76919.920000,76567.520000,76826.970000,0,0,0.016134,False,False
2026-05-20 02:00:00+00:00,76784.330000,76908.650000,76637.710000,76710.880000,0,0,0.015671,False,False
2026-05-20 03:00:00+00:00,76683.100000,76822.700000,76587.950000,76740.990000,0,0,0.014777,False,False
2026-05-20 04:00:00+00:00,76804.520000,76823.640000,76741.780000,76761.630000,0,0,0.014331,False,False
2026-05-20 05:00:00+00:00,76759.600000,77302.970000,76758.930000,77183.490000,0,0,0.020366,False,False
2026-05-20 06:00:00+00:00,77231.850000,77435.800000,77218.140000,77422.780000,0,0,0.024211,False,False
2026-05-20 07:00:00+00:00,77419.570000,77486.660000,77278.800000,77278.800000,0,0,0.021167,False,False
2026-05-20 08:00:00+00:00,77299.390000,77628.970000,77266.140000,77479.280000,0,0,0.021555,False,False
2026-05-20 09:00:00+00:00,77469.700000,77541.550000,77419.070000,77465.390000,0,0,0.021564,False,False
2026-05-20 10:00:00+00:00,77465.390000,77664.930000,77465.390000,77512.130000,0,0,0.018533,False,False
2026-05-20 11:00:00+00:00,77567.600000,77567.600000,77375.780000,77409.680000,0,0,0.018119,False,False
2026-05-20 12:00:00+00:00,77488.610000,77726.370000,77389.390000,77631.630000,0,0,0.018007,False,False
2026-05-20 13:00:00+00:00,77614.250000,77614.250000,77000.000000,77132.500000,0,0,0.018422,False,False
2026-05-20 14:00:00+00:00,77256.040000,77555.950000,76876.270000,77460.770000,0,0,0.018964,False,False
2026-05-20 15:00:00+00:00,77462.030000,77835.070000,77307.750000,77432.580000,0,0,0.016101,False,False
2026-05-20 16:00:00+00:00,77467.470000,77567.670000,77025.070000,77356.970000,0,0,0.011795,False,False
2026-05-20 17:00:00+00:00,77340.470000,77705.840000,77250.520000,77565.740000,0,0,0.012382,False,False
2026-05-20 18:00:00+00:00,77567.000000,77610.690000,77390.400000,77466.290000,0,0,0.012616,False,False
2026-05-20 19:00:00+00:00,77408.080000,77705.840000,77373.530000,77665.580000,0,0,0.012956,False,False
2026-05-20 20:00:00+00:00,77682.090000,77750.000000,77486.660000,77708.540000,0,0,0.013506,False,False
2026-05-20 21:00:00+00:00,77709.580000,77750.000000,77488.260000,77488.260000,0,0,0.013482,False,False
2026-05-20 22:00:00+00:00,77486.660000,77510.990000,77231.190000,77510.990000,0,0,0.014526,False,False
2026-05-20 23:00:00+00:00,77518.920000,77576.520000,77409.560000,77542.460000,0,0,0.013583,False,False
2026-05-21 00:00:00+00:00,77575.770000,78068.620000,77554.460000,77940.500000,0,0,0.020184,False,False
2026-05-21 01:00:00+00:00,77963.110000,78157.450000,77812.530000,77837.340000,0,0,0.020073,False,False
2026-05-21 02:00:00+00:00,77856.430000,78096.600000,77843.250000,77969.640000,0,0,0.021446,False,False
2026-05-21 03:00:00+00:00,77971.310000,78090.950000,77925.440000,78090.950000,0,0,0.025006,False,False
2026-05-21 04:00:00+00:00,78076.970000,78160.840000,77965.770000,78044.710000,0,0,0.025808,False,False
2026-05-21 05:00:00+00:00,78017.560000,78136.500000,77782.750000,77810.950000,0,0,0.027242,False,False
2026-05-21 06:00:00+00:00,77821.140000,77878.750000,77555.950000,77630.810000,0,0,0.027175,False,False
2026-05-21 07:00:00+00:00,77614.340000,77905.210000,77515.460000,77905.210000,0,0,0.026038,False,False
2026-05-21 08:00:00+00:00,77902.390000,78175.080000,77902.390000,77936.140000,0,0,0.026152,False,False
2026-05-21 09:00:00+00:00,77913.560000,77953.470000,77653.220000,77653.220000,0,0,0.025371,False,False
2026-05-21 10:00:00+00:00,77652.140000,77683.800000,77179.750000,77244.260000,0,0,0.029427,False,False
2026-05-21 11:00:00+00:00,77218.950000,77371.210000,77143.500000,77185.280000,0,0,0.028413,False,False
2026-05-21 12:00:00+00:00,77236.220000,77350.640000,77105.690000,77295.360000,0,0,0.024765,False,False
2026-05-21 13:00:00+00:00,77287.800000,77365.610000,76750.000000,77108.390000,0,0,0.028018,False,False
2026-05-21 14:00:00+00:00,77151.800000,77233.050000,76794.400000,76982.020000,0,0,0.030308,False,False
2026-05-21 15:00:00+00:00,76996.380000,77377.590000,76923.470000,77271.730000,0,0,0.030330,False,False
2026-05-21 16:00:00+00:00,77294.080000,77333.860000,77046.290000,77120.360000,0,0,0.030835,False,False
2026-05-21 17:00:00+00:00,77268.100000,78075.260000,77188.990000,78005.110000,0,0,0.042386,False,False
2026-05-21 18:00:00+00:00,77900.340000,77908.500000,77268.100000,77382.860000,0,0,0.042265,False,False
2026-05-21 19:00:00+00:00,77395.670000,77778.110000,77376.450000,77750.420000,0,0,0.041383,False,False
2026-05-21 20:00:00+00:00,77703.070000,77809.030000,77661.020000,77707.150000,0,0,0.037800,False,False
2026-05-21 21:00:00+00:00,77729.440000,77813.030000,77678.110000,77702.090000,0,0,0.035970,False,False
2026-05-21 22:00:00+00:00,77645.640000,77756.560000,77560.190000,77626.770000,0,0,0.036421,False,False
2026-05-21 23:00:00+00:00,77623.440000,77729.070000,77556.120000,77609.930000,0,0,0.036237,False,False
2026-05-22 00:00:00+00:00,77638.440000,77646.660000,77375.200000,77424.770000,0,0,0.036363,False,False
2026-05-22 01:00:00+00:00,77355.920000,77645.680000,77317.950000,77598.280000,0,1,0.034870,False,False
2026-05-22 02:00:00+00:00,77661.550000,77737.780000,77615.780000,77641.940000,0,1,0.032047,False,False
2026-05-22 03:00:00+00:00,77712.630000,77818.190000,77686.560000,77782.100000,0,1,0.030811,False,False
2026-05-22 04:00:00+00:00,77790.720000,77891.230000,77638.220000,77646.140000,0,1,0.027242,False,False
2026-05-22 05:00:00+00:00,77653.500000,77725.360000,77486.660000,77486.660000,0,0,0.027028,False,False
2026-05-22 06:00:00+00:00,77470.920000,77495.840000,77393.660000,77412.020000,0,0,0.025377,False,False
2026-05-22 07:00:00+00:00,77417.910000,77533.420000,77295.940000,77430.480000,0,1,0.023387,False,False
2026-05-22 08:00:00+00:00,77449.790000,77539.540000,77239.260000,77309.250000,0,1,0.023652,False,False
2026-05-22 09:00:00+00:00,77243.900000,77363.840000,77243.900000,77363.840000,0,1,0.023383,False,False
2026-05-22 10:00:00+00:00,77324.340000,77361.420000,77276.080000,77319.070000,0,1,0.023625,False,False
2026-05-22 11:00:00+00:00,77334.030000,77419.870000,77187.920000,77410.080000,0,1,0.025276,False,False
2026-05-22 12:00:00+00:00,77436.780000,77574.970000,77405.050000,77503.740000,0,1,0.026958,False,False
2026-05-22 13:00:00+00:00,77540.350000,77560.360000,77154.700000,77267.630000,0,1,0.029009,False,False
2026-05-22 14:00:00+00:00,77262.900000,77262.900000,76743.000000,76777.050000,0,1,0.037526,False,False
2026-05-22 15:00:00+00:00,76763.280000,76996.740000,76592.570000,76823.750000,0,1,0.036108,False,False
2026-05-22 16:00:00+00:00,76805.160000,76997.170000,76764.990000,76974.100000,0,1,0.033654,False,False
2026-05-22 17:00:00+00:00,76965.410000,77098.160000,76751.140000,76751.140000,0,1,0.033891,False,False
2026-05-22 18:00:00+00:00,76751.160000,76923.400000,76127.470000,76552.570000,0,0,0.036713,False,False
2026-05-22 19:00:00+00:00,76545.140000,76586.790000,75701.100000,75861.380000,0,0,0.043097,False,False
2026-05-22 20:00:00+00:00,75861.380000,76103.490000,75836.860000,75998.880000,0,0,0.041415,False,False
2026-05-22 21:00:00+00:00,75999.610000,76075.270000,75957.850000,75970.420000,0,0,0.034340,False,False
2026-05-22 22:00:00+00:00,75972.900000,75983.530000,75547.210000,75730.250000,0,0,0.036086,False,False
2026-05-22 23:00:00+00:00,75752.640000,75866.180000,75354.820000,75555.700000,0,0,0.036615,False,False
2026-05-23 00:00:00+00:00,75543.030000,75607.070000,75239.330000,75386.210000,0,0,0.033974,False,False
2026-05-23 01:00:00+00:00,75397.690000,75510.470000,75397.690000,75481.560000,0,0,0.030827,False,False
2026-05-23 02:00:00+00:00,75508.360000,75547.200000,75454.360000,75547.200000,0,0,0.030190,False,False
2026-05-23 03:00:00+00:00,75602.520000,75666.420000,75581.750000,75646.710000,0,0,0.029332,False,False
2026-05-23 04:00:00+00:00,75646.710000,75651.670000,75518.630000,75537.990000,0,0,0.026258,False,False
2026-05-23 05:00:00+00:00,75543.520000,75554.890000,75477.400000,75477.400000,0,0,0.024110,False,False
2026-05-23 06:00:00+00:00,75465.350000,75501.670000,75393.250000,75399.670000,0,0,0.020233,False,False
2026-05-23 07:00:00+00:00,75403.580000,75432.830000,74320.000000,74585.230000,1,0,0.030215,False,False
2026-05-23 08:00:00+00:00,74620.310000,74738.440000,74364.940000,74658.760000,1,0,0.029271,False,False
2026-05-23 09:00:00+00:00,74647.390000,74763.000000,74642.390000,74763.000000,1,0,0.020169,False,False
2026-05-23 10:00:00+00:00,74685.350000,74771.540000,74685.350000,74738.530000,1,0,0.019406,False,False
2026-05-23 11:00:00+00:00,74701.200000,74843.870000,74701.200000,74815.350000,1,0,0.018962,False,False
2026-05-23 12:00:00+00:00,74809.990000,74809.990000,74679.000000,74752.350000,1,0,0.018201,False,False
2026-05-23 13:00:00+00:00,74864.860000,75249.670000,74864.860000,75203.340000,1,0,0.022899,False,False
2026-05-23 14:00:00+00:00,75218.420000,75674.800000,75102.800000,75538.190000,0,0,0.027501,False,False
2026-05-23 15:00:00+00:00,75557.680000,75665.410000,75451.260000,75504.580000,0,0,0.024784,False,False
2026-05-23 16:00:00+00:00,75537.000000,75610.970000,75440.030000,75487.250000,0,0,0.022641,False,False
2026-05-23 17:00:00+00:00,75534.750000,75534.750000,75407.780000,75499.880000,0,0,0.022203,False,False
2026-05-23 18:00:00+00:00,75499.890000,75960.580000,75477.620000,75833.750000,0,0,0.026797,False,False
2026-05-23 19:00:00+00:00,75838.140000,75985.000000,75786.730000,75964.640000,0,0,0.027265,False,False
2026-05-23 20:00:00+00:00,76000.000000,77275.180000,75986.830000,77275.180000,0,0,0.046967,False,False
2026-05-23 21:00:00+00:00,77279.000000,77393.400000,76532.110000,76735.650000,0,0,0.040670,False,False
2026-05-23 22:00:00+00:00,76832.820000,76881.890000,76405.660000,76603.880000,0,0,0.031324,False,False
2026-05-23 23:00:00+00:00,76547.750000,76799.960000,76547.750000,76772.080000,0,0,0.019785,False,False
2026-05-24 00:00:00+00:00,76775.630000,76923.640000,76633.140000,76849.470000,0,0,0.013922,False,False
2026-05-24 01:00:00+00:00,76842.490000,76937.890000,76772.140000,76871.190000,0,0,0.007388,False,False
2026-05-24 02:00:00+00:00,76891.110000,76911.060000,76713.280000,76837.970000,0,0,0.003194,False,False
2026-05-24 03:00:00+00:00,76832.110000,76995.100000,76770.000000,76770.000000,0,0,-0.000576,False,False
2026-05-24 04:00:00+00:00,76812.040000,76848.580000,76729.650000,76791.840000,0,0,-0.005505,False,False
2026-05-24 05:00:00+00:00,76789.770000,76848.580000,76668.710000,76841.790000,0,0,-0.009994,False,False
2026-05-24 06:00:00+00:00,76831.420000,77051.490000,76644.620000,77001.330000,0,0,-0.011977,False,False
2026-05-24 07:00:00+00:00,76991.480000,77030.970000,76801.430000,76801.430000,0,0,-0.012418,False,False
2026-05-24 08:00:00+00:00,76814.800000,76832.370000,76748.260000,76822.670000,0,0,-0.010942,False,False
2026-05-24 09:00:00+00:00,76831.360000,77032.110000,76831.360000,77032.110000,0,0,-0.008546,False,False
2026-05-24 10:00:00+00:00,77032.110000,77516.960000,76937.440000,77200.610000,0,0,-0.004269,False,False
2026-05-24 11:00:00+00:00,77261.750000,77341.860000,77216.120000,77310.290000,0,0,0.000162,False,False
2026-05-24 12:00:00+00:00,77291.180000,77308.070000,77055.690000,77114.070000,0,0,0.004630,False,False
2026-05-24 13:00:00+00:00,77109.680000,77125.880000,76565.430000,76805.970000,0,0,0.009777,False,False
2026-05-24 14:00:00+00:00,76821.350000,76824.990000,76188.190000,76453.990000,0,0,0.013996,False,False
2026-05-24 15:00:00+00:00,76464.900000,76548.460000,76341.540000,76394.040000,0,0,0.016305,False,False
2026-05-24 16:00:00+00:00,76388.660000,76724.680000,76369.390000,76684.800000,0,0,0.019395,False,False
2026-05-24 17:00:00+00:00,76693.400000,76777.350000,76598.130000,76699.220000,0,0,0.025177,False,False
2026-05-24 18:00:00+00:00,76709.520000,76792.790000,76614.010000,76627.280000,0,0,0.027448,False,False
2026-05-24 19:00:00+00:00,76735.890000,76780.910000,76623.360000,76780.910000,0,0,0.032439,False,False
2026-05-24 20:00:00+00:00,76793.610000,76793.610000,76617.550000,76641.860000,0,0,0.032028,False,False
2026-05-24 21:00:00+00:00,76671.060000,76746.320000,76103.720000,76145.550000,0,0,0.037680,False,False
2026-05-24 22:00:00+00:00,76181.890000,76992.420000,76176.130000,76802.000000,0,0,0.038787,False,False
2026-05-24 23:00:00+00:00,76835.800000,77205.180000,76835.800000,77098.760000,0,0,0.041867,False,False
2026-05-25 00:00:00+00:00,77127.410000,77284.060000,77104.350000,77133.140000,0,0,0.037271,False,False
2026-05-25 01:00:00+00:00,77153.230000,77254.540000,76906.950000,76909.560000,0,0,0.036470,False,False
2026-05-25 02:00:00+00:00,77020.390000,77445.910000,77020.390000,77101.450000,0,0,0.036669,False,False
2026-05-25 03:00:00+00:00,77168.220000,77168.220000,76999.820000,77039.890000,0,0,0.034413,False,False
2026-05-25 04:00:00+00:00,77030.580000,77425.950000,76984.640000,77382.100000,0,0,0.037561,False,False
2026-05-25 05:00:00+00:00,77360.290000,77501.200000,77314.420000,77390.030000,0,0,0.038028,False,False
2026-05-25 06:00:00+00:00,77413.920000,77621.140000,77241.570000,77396.530000,0,0,0.033549,False,False
2026-05-25 07:00:00+00:00,77448.920000,77494.060000,77200.980000,77376.240000,0,0,0.032854,False,False
2026-05-25 08:00:00+00:00,77421.380000,77464.630000,77291.920000,77441.610000,0,0,0.031898,False,False
2026-05-25 09:00:00+00:00,77486.630000,77674.000000,77422.870000,77616.600000,0,0,0.026986,False,False
2026-05-25 10:00:00+00:00,77573.490000,77698.620000,77513.490000,77552.870000,0,0,0.023528,False,False
2026-05-25 11:00:00+00:00,77486.810000,77524.830000,77328.410000,77368.430000,0,0,0.022057,False,False
2026-05-25 12:00:00+00:00,77364.950000,77431.270000,77300.940000,77390.090000,0,0,0.019575,False,False
2026-05-25 13:00:00+00:00,77390.090000,77449.580000,77301.410000,77337.300000,0,0,0.015901,False,False
2026-05-25 14:00:00+00:00,77337.300000,77749.590000,77308.330000,77729.550000,0,0,0.019732,False,False
2026-05-25 15:00:00+00:00,77743.250000,77875.410000,77576.530000,77651.100000,0,0,0.019522,False,False
2026-05-25 16:00:00+00:00,77641.000000,77827.600000,77520.150000,77743.800000,0,0,0.018495,False,False
2026-05-25 17:00:00+00:00,77740.110000,77792.730000,77551.680000,77566.100000,0,0,0.018906,False,False
2026-05-25 18:00:00+00:00,77553.940000,77655.420000,77553.940000,77576.970000,0,0,0.019796,False,False
2026-05-25 19:00:00+00:00,77540.880000,77540.880000,77362.520000,77442.090000,0,0,0.019100,False,False
2026-05-25 20:00:00+00:00,77413.570000,77500.350000,77246.160000,77296.270000,0,0,0.021893,False,False
2026-05-25 21:00:00+00:00,77318.820000,77380.460000,77286.100000,77345.660000,0,0,0.025972,False,False
2026-05-25 22:00:00+00:00,77382.680000,77436.460000,77050.000000,77126.910000,0,0,0.028956,False,False
2026-05-25 23:00:00+00:00,77093.000000,77347.560000,77093.000000,77347.560000,0,0,0.030037,False,False
2026-05-26 00:00:00+00:00,77299.390000,77310.500000,76563.060000,76822.770000,0,0,0.033975,False,False
2026-05-26 01:00:00+00:00,76794.360000,76890.860000,76585.970000,76749.300000,0,0,0.038221,False,False
2026-05-26 02:00:00+00:00,76701.320000,76815.180000,76508.570000,76617.630000,0,0,0.034444,False,False
2026-05-26 03:00:00+00:00,76646.770000,76692.190000,76458.840000,76660.100000,0,0,0.035090,False,False
2026-05-26 04:00:00+00:00,76641.960000,76794.650000,76627.390000,76751.840000,0,0,0.034778,False,False
2026-05-26 05:00:00+00:00,76720.910000,76965.450000,76714.590000,76896.200000,0,0,0.035596,False,False
2026-05-26 06:00:00+00:00,76907.500000,77029.170000,76813.700000,76926.360000,0,0,0.034931,False,False
2026-05-26 07:00:00+00:00,76931.080000,76931.080000,76607.640000,76738.190000,0,0,0.034701,False,False
2026-05-26 08:00:00+00:00,76726.940000,76835.800000,76684.610000,76719.730000,0,0,0.034560,False,False
2026-05-26 09:00:00+00:00,76717.650000,76795.230000,76656.270000,76656.270000,0,0,0.031710,False,False
2026-05-26 10:00:00+00:00,76653.790000,77613.960000,76600.000000,77439.650000,0,0,0.043570,False,False
2026-05-26 11:00:00+00:00,77433.700000,77491.660000,77189.130000,77236.380000,0,0,0.043192,False,False
2026-05-26 12:00:00+00:00,77199.820000,77227.290000,76890.910000,77086.400000,0,0,0.039370,False,False
2026-05-26 13:00:00+00:00,77115.250000,77445.910000,76718.390000,77218.080000,0,0,0.037483,False,False
2026-05-26 14:00:00+00:00,77226.210000,78064.220000,76748.250000,76913.020000,0,0,0.036744,False,False
2026-05-26 15:00:00+00:00,76913.020000,76999.880000,76270.880000,76533.910000,0,0,0.039331,False,False
2026-05-26 16:00:00+00:00,76537.750000,76686.140000,76250.000000,76531.710000,0,0,0.035384,False,False
2026-05-26 17:00:00+00:00,76540.120000,76642.060000,75858.040000,75963.000000,0,0,0.037782,False,False
2026-05-26 18:00:00+00:00,75954.640000,76243.400000,75807.280000,75840.730000,0,0,0.039219,False,False
2026-05-26 19:00:00+00:00,75832.710000,76101.770000,75813.820000,76027.270000,0,0,0.032529,False,False
2026-05-26 20:00:00+00:00,76068.470000,76192.910000,76000.470000,76094.790000,0,0,0.033106,False,False
2026-05-26 21:00:00+00:00,76123.950000,76129.380000,75877.960000,75877.960000,0,0,0.032873,False,False
2026-05-26 22:00:00+00:00,75906.980000,75991.890000,75692.440000,75731.230000,0,0,0.032807,False,False
2026-05-26 23:00:00+00:00,75866.870000,75969.620000,75842.370000,75924.570000,0,0,0.029769,False,False
2026-05-27 00:00:00+00:00,75976.170000,76092.340000,75893.250000,76092.340000,0,0,0.030749,False,False
2026-05-27 01:00:00+00:00,76092.340000,76092.340000,75854.530000,75880.720000,0,0,0.027257,False,False
2026-05-27 02:00:00+00:00,75886.860000,75894.810000,75696.640000,75849.720000,0,0,0.026012,False,False
2026-05-27 03:00:00+00:00,75892.260000,75976.170000,75645.260000,75677.300000,0,0,0.024587,False,False
2026-05-27 04:00:00+00:00,75665.380000,75711.270000,75328.590000,75585.990000,0,0,0.023303,False,False
2026-05-27 05:00:00+00:00,75633.710000,75710.250000,75609.200000,75699.350000,0,1,0.021955,False,False
2026-05-27 06:00:00+00:00,75731.140000,75872.510000,75704.720000,75872.510000,0,1,0.023435,False,False
2026-05-27 07:00:00+00:00,75869.780000,75969.620000,75793.640000,75969.620000,0,1,0.024193,False,False
2026-05-27 08:00:00+00:00,75974.330000,76050.640000,75863.050000,75866.260000,0,1,0.022870,False,False
2026-05-27 09:00:00+00:00,75880.540000,75939.490000,75710.690000,75906.140000,0,1,0.023069,False,False
2026-05-27 10:00:00+00:00,75899.400000,76007.890000,75878.440000,75945.090000,0,1,0.022076,False,False
2026-05-27 11:00:00+00:00,75967.770000,76030.380000,75767.360000,75784.890000,0,1,0.022158,False,False
2026-05-27 12:00:00+00:00,75767.140000,76150.080000,75598.630000,75687.680000,0,1,0.022150,False,False
2026-05-27 13:00:00+00:00,75744.670000,75744.670000,74884.800000,74983.450000,0,0,0.030336,False,False
2026-05-27 14:00:00+00:00,75116.120000,75250.740000,74779.160000,75062.480000,0,1,0.029898,False,False
2026-05-27 15:00:00+00:00,75036.300000,75499.920000,74994.530000,75284.040000,0,1,0.024439,False,False
2026-05-27 16:00:00+00:00,75342.600000,75351.650000,75003.000000,75297.330000,0,1,0.024278,False,False
2026-05-27 17:00:00+00:00,75301.580000,75347.340000,74704.150000,74844.890000,0,0,0.027174,False,False
2026-05-27 18:00:00+00:00,74874.450000,75022.030000,74681.820000,75020.240000,0,1,0.026818,False,False
2026-05-27 19:00:00+00:00,75040.500000,75262.700000,74962.980000,75077.260000,0,1,0.023787,False,False
2026-05-27 20:00:00+00:00,75061.980000,75424.200000,75061.980000,75286.070000,0,1,0.024611,False,False
2026-05-27 21:00:00+00:00,75256.980000,75256.980000,74337.570000,74337.570000,0,0,0.031208,False,False
2026-05-27 22:00:00+00:00,74422.690000,74719.220000,74287.620000,74427.170000,0,0,0.031250,False,False
2026-05-27 23:00:00+00:00,74402.890000,74541.340000,74251.160000,74467.650000,0,0,0.019814,False,False
2026-05-28 00:00:00+00:00,74447.630000,74578.360000,74388.240000,74578.360000,0,0,0.019059,False,False
2026-05-28 01:00:00+00:00,74581.300000,74592.590000,74186.180000,74300.620000,0,0,0.020406,False,False
2026-05-28 02:00:00+00:00,74365.360000,74382.200000,74140.540000,74316.570000,0,0,0.020349,False,False
2026-05-28 03:00:00+00:00,74296.710000,74355.760000,73086.860000,73268.000000,0,0,0.030213,False,False
2026-05-28 04:00:00+00:00,73266.040000,73266.040000,72769.330000,73174.840000,0,0,0.031739,False,False
2026-05-28 05:00:00+00:00,73174.840000,73199.520000,72959.290000,72978.520000,0,0,0.020602,False,False
2026-05-28 06:00:00+00:00,72975.030000,73215.660000,72792.260000,73195.480000,0,0,0.019702,False,False
2026-05-28 07:00:00+00:00,73205.650000,73505.970000,73165.680000,73461.460000,0,0,0.020751,False,False
2026-05-28 08:00:00+00:00,73435.230000,73435.230000,73239.820000,73340.510000,0,0,0.015675,False,False
2026-05-28 09:00:00+00:00,73348.180000,73525.260000,73315.510000,73520.320000,0,0,0.015890,False,False
2026-05-28 10:00:00+00:00,73541.800000,73600.070000,73391.720000,73454.910000,0,0,0.014813,False,False
2026-05-28 11:00:00+00:00,73409.240000,73515.160000,73359.340000,73493.840000,0,0,0.012412,False,False
2026-05-28 12:00:00+00:00,73514.730000,73572.850000,73269.060000,73531.690000,0,0,0.009466,False,False
2026-05-28 13:00:00+00:00,73560.160000,73560.160000,72794.390000,72999.860000,0,0,0.011615,False,False
2026-05-28 14:00:00+00:00,73011.490000,73512.900000,72609.200000,73030.760000,0,0,0.007391,False,False
2026-05-28 15:00:00+00:00,73010.690000,73147.690000,72731.530000,72904.890000,0,0,0.002457,False,False
2026-05-28 16:00:00+00:00,72893.720000,73424.510000,72763.710000,73409.910000,0,0,0.006009,False,False
2026-05-28 17:00:00+00:00,73437.750000,73716.510000,73304.280000,73510.530000,0,0,0.006997,False,False
2026-05-28 18:00:00+00:00,73617.970000,73731.290000,73574.280000,73716.260000,0,0,0.007380,False,False
2026-05-28 19:00:00+00:00,73623.770000,73623.770000,73378.530000,73378.530000,0,0,0.007001,False,False
2026-05-28 20:00:00+00:00,73443.530000,73685.780000,73275.550000,73596.970000,0,0,0.007635,False,False
2026-05-28 21:00:00+00:00,73607.840000,73896.390000,73553.230000,73833.640000,0,0,0.007542,False,False
2026-05-28 22:00:00+00:00,73887.070000,73941.200000,73476.310000,73476.310000,0,0,0.006428,False,False
2026-05-28 23:00:00+00:00,73513.050000,73680.020000,73513.050000,73622.270000,0,0,0.006468,False,False
2026-05-29 00:00:00+00:00,73682.440000,73872.400000,73657.990000,73721.830000,0,0,0.004959,False,False
2026-05-29 01:00:00+00:00,73771.500000,73838.250000,73475.640000,73574.560000,0,0,0.002538,False,False
2026-05-29 02:00:00+00:00,73585.610000,73643.920000,73185.920000,73219.700000,0,0,0.003849,False,False
2026-05-29 03:00:00+00:00,73252.940000,73461.010000,73252.940000,73314.670000,0,0,0.000527,False,False
2026-05-29 04:00:00+00:00,73311.440000,73500.000000,73230.630000,73500.000000,0,0,-0.000134,False,False
2026-05-29 05:00:00+00:00,73513.610000,73701.470000,73501.140000,73687.960000,0,0,0.003038,False,False
2026-05-29 06:00:00+00:00,73718.500000,73927.830000,73679.910000,73794.670000,0,0,0.004680,False,False
2026-05-29 07:00:00+00:00,73789.500000,73833.110000,73398.520000,73497.640000,0,0,0.004890,False,False
2026-05-29 08:00:00+00:00,73645.490000,73813.890000,73645.490000,73654.430000,0,0,0.005127,False,False
2026-05-29 09:00:00+00:00,73660.310000,73888.860000,73660.310000,73749.610000,0,0,0.003545,False,False
2026-05-29 10:00:00+00:00,73749.610000,73752.390000,73593.290000,73635.870000,0,0,0.002789,False,False
2026-05-29 11:00:00+00:00,73636.120000,73676.510000,73407.390000,73461.710000,0,0,0.004130,False,False
2026-05-29 12:00:00+00:00,73463.070000,73463.070000,73230.630000,73309.370000,0,0,0.004190,False,False
2026-05-29 13:00:00+00:00,73294.190000,73294.800000,72940.000000,73186.730000,0,0,0.005800,False,False
2026-05-29 14:00:00+00:00,73164.510000,73205.440000,72533.900000,73122.110000,0,0,0.006749,False,False
2026-05-29 15:00:00+00:00,73102.160000,74200.000000,73038.790000,73825.110000,0,0,0.015558,False,False
2026-05-29 16:00:00+00:00,73837.360000,74105.250000,73583.300000,74081.510000,0,0,0.020515,False,False
2026-05-29 17:00:00+00:00,74107.080000,74368.120000,73921.200000,73993.120000,0,0,0.017067,False,False
2026-05-29 18:00:00+00:00,73974.890000,74069.310000,73217.200000,73358.950000,0,0,0.021084,False,False
2026-05-29 19:00:00+00:00,73381.230000,73715.880000,73255.760000,73513.410000,0,0,0.019882,False,False
2026-05-29 20:00:00+00:00,73538.520000,73754.460000,73536.390000,73680.730000,0,0,0.015110,False,False
2026-05-29 21:00:00+00:00,73680.730000,73829.720000,73429.560000,73436.140000,0,0,0.014569,False,False
2026-05-29 22:00:00+00:00,73439.230000,73571.670000,73386.170000,73489.220000,0,0,0.015495,False,False
2026-05-29 23:00:00+00:00,73465.440000,73496.070000,73345.890000,73481.410000,0,0,0.013194,False,False
2026-05-30 00:00:00+00:00,73490.030000,73569.790000,73414.470000,73526.600000,0,0,0.012825,False,False
2026-05-30 01:00:00+00:00,73538.610000,73664.280000,73483.340000,73664.280000,0,0,0.013582,False,False
2026-05-30 02:00:00+00:00,73664.290000,73791.220000,73606.090000,73787.310000,0,0,0.014634,False,False
2026-05-30 03:00:00+00:00,73787.300000,73800.000000,73531.050000,73533.270000,0,0,0.015747,False,False
2026-05-30 04:00:00+00:00,73532.260000,73568.200000,73230.630000,73366.230000,0,0,0.016717,False,False
2026-05-30 05:00:00+00:00,73393.730000,73643.530000,73370.360000,73628.570000,0,0,0.013868,False,False
2026-05-30 06:00:00+00:00,73627.300000,73696.280000,73542.910000,73568.550000,0,0,0.013076,False,False
2026-05-30 07:00:00+00:00,73581.710000,73599.410000,73497.450000,73540.970000,0,0,0.012906,False,False
2026-05-30 08:00:00+00:00,73556.630000,73565.550000,73523.460000,73523.460000,0,0,0.012544,False,False
2026-05-30 09:00:00+00:00,73522.410000,73607.640000,73522.400000,73600.180000,0,0,0.012808,False,False
2026-05-30 10:00:00+00:00,73607.570000,73665.860000,73590.860000,73632.280000,0,0,0.013002,False,False
2026-05-30 11:00:00+00:00,73653.210000,73653.210000,73578.120000,73601.300000,0,0,0.013133,False,False
2026-05-30 12:00:00+00:00,73609.210000,73709.000000,73591.250000,73673.060000,0,0,0.014893,False,False
2026-05-30 13:00:00+00:00,73709.000000,73819.470000,73701.350000,73803.720000,0,0,0.018601,False,False
2026-05-30 14:00:00+00:00,73835.390000,74088.320000,73826.420000,73952.160000,0,0,0.023115,False,False
2026-05-30 15:00:00+00:00,73950.700000,74039.860000,73854.280000,73936.000000,0,0,0.022692,False,False
2026-05-30 16:00:00+00:00,73933.030000,73988.590000,73880.240000,73946.610000,0,0,0.020579,False,False
2026-05-30 17:00:00+00:00,73940.990000,74031.160000,73830.750000,74019.860000,0,0,0.020703,False,False
2026-05-30 18:00:00+00:00,74030.160000,74224.300000,73814.510000,74038.230000,0,0,0.021163,False,False
2026-05-30 19:00:00+00:00,74050.390000,74224.300000,73819.240000,74005.520000,0,0,0.020090,False,False
2026-05-30 20:00:00+00:00,74015.090000,74113.360000,73930.310000,73968.500000,0,0,0.018994,False,False
2026-05-30 21:00:00+00:00,73992.190000,74048.890000,73936.200000,73957.360000,0,0,0.018390,False,False
2026-05-30 22:00:00+00:00,73980.540000,73980.540000,73805.800000,73897.770000,0,0,0.018060,False,False
2026-05-30 23:00:00+00:00,73897.780000,73993.370000,73612.670000,73850.050000,0,0,0.017595,False,False
2026-05-31 00:00:00+00:00,73878.760000,74047.890000,73854.370000,74047.890000,0,0,0.017778,False,False
2026-05-31 01:00:00+00:00,74045.170000,74404.680000,73793.720000,74051.300000,0,0,0.017504,False,False
2026-05-31 02:00:00+00:00,74049.600000,74263.430000,73910.550000,74093.760000,0,0,0.016420,False,False
2026-05-31 03:00:00+00:00,74110.960000,74239.080000,74076.830000,74177.040000,0,0,0.018044,False,False
2026-05-31 04:00:00+00:00,74159.670000,74229.280000,74135.320000,74195.960000,0,0,0.019640,False,False
2026-05-31 05:00:00+00:00,74205.830000,74219.980000,74058.140000,74058.140000,0,0,0.020090,False,False
2026-05-31 06:00:00+00:00,74027.270000,74107.770000,74023.240000,74073.990000,0,0,0.020855,False,False
2026-05-31 07:00:00+00:00,74057.960000,74057.960000,73851.960000,73897.220000,0,0,0.022251,False,False
2026-05-31 08:00:00+00:00,73910.040000,73990.320000,73868.030000,73977.720000,0,0,0.023627,False,False
2026-05-31 09:00:00+00:00,73956.750000,74022.610000,73848.470000,73848.470000,0,0,0.024344,False,False
2026-05-31 10:00:00+00:00,73852.210000,73868.610000,73749.950000,73850.360000,0,0,0.025922,False,False
2026-05-31 11:00:00+00:00,73885.390000,73987.580000,73885.390000,73984.950000,0,0,0.027215,False,False
2026-05-31 12:00:00+00:00,73942.150000,73980.820000,73888.820000,73919.670000,0,0,0.028609,False,False
2026-05-31 13:00:00+00:00,73924.910000,74009.820000,73845.100000,73877.170000,0,1,0.029571,False,False
2026-05-31 14:00:00+00:00,73880.070000,73880.070000,73516.670000,73604.510000,0,0,0.032408,False,False
2026-05-31 15:00:00+00:00,73602.050000,73767.730000,73602.050000,73663.000000,0,0,0.032098,False,False
2026-05-31 16:00:00+00:00,73655.640000,73737.840000,73381.320000,73547.030000,0,0,0.030004,False,False
2026-05-31 17:00:00+00:00,73561.500000,73739.380000,73476.710000,73704.360000,0,0,0.030781,False,False
2026-05-31 18:00:00+00:00,73709.390000,73710.570000,73600.000000,73606.090000,0,0,0.030312,False,False
2026-05-31 19:00:00+00:00,73603.460000,73638.310000,73475.090000,73542.690000,0,0,0.030780,False,False
2026-05-31 20:00:00+00:00,73586.550000,73764.380000,73586.550000,73727.770000,0,0,0.031266,False,False
2026-05-31 21:00:00+00:00,73763.090000,73916.930000,73615.340000,73883.410000,0,1,0.033934,False,False
2026-05-31 22:00:00+00:00,73889.030000,74008.380000,73697.360000,73960.500000,0,1,0.034498,False,False
2026-05-31 23:00:00+00:00,74002.770000,74179.350000,73516.670000,73672.190000,0,1,0.035132,False,False
2026-06-01 00:00:00+00:00,73689.310000,74082.520000,73689.310000,73910.000000,0,1,0.035864,False,False
2026-06-01 01:00:00+00:00,73903.140000,73903.140000,73300.000000,73300.000000,0,0,0.038440,False,False
2026-06-01 02:00:00+00:00,73293.680000,73853.810000,73250.640000,73804.890000,0,1,0.039790,False,False
2026-06-01 03:00:00+00:00,73839.110000,74000.000000,73749.190000,73769.910000,0,1,0.037721,False,False
2026-06-01 04:00:00+00:00,73777.240000,73847.730000,73412.530000,73565.680000,0,1,0.034547,False,False
2026-06-01 05:00:00+00:00,73521.120000,73542.050000,73327.390000,73361.740000,0,1,0.035878,False,False
2026-06-01 06:00:00+00:00,73368.630000,73368.630000,72990.000000,73143.550000,0,1,0.035675,False,False
2026-06-01 07:00:00+00:00,73134.150000,73212.290000,72698.320000,72833.670000,0,1,0.037232,False,False
2026-06-01 08:00:00+00:00,72828.380000,72932.120000,72640.000000,72908.280000,0,1,0.035062,False,False
2026-06-01 09:00:00+00:00,72921.500000,73082.000000,72800.000000,72878.750000,0,1,0.032040,False,False
2026-06-01 10:00:00+00:00,72858.300000,72911.530000,72573.410000,72750.340000,0,1,0.032745,False,False
2026-06-01 11:00:00+00:00,72742.310000,72772.390000,72300.150000,72478.300000,0,1,0.035280,False,False
2026-06-01 12:00:00+00:00,72495.490000,72605.940000,71888.710000,72222.190000,0,1,0.035797,False,False
2026-06-01 13:00:00+00:00,72222.610000,72234.660000,71409.090000,71717.050000,0,1,0.039481,False,False
2026-06-01 14:00:00+00:00,71691.120000,71892.120000,71420.000000,71539.230000,0,1,0.038630,False,False
2026-06-01 15:00:00+00:00,71565.010000,71673.210000,71069.890000,71087.930000,0,0,0.036940,False,False
2026-06-01 16:00:00+00:00,71104.000000,71587.230000,70698.910000,71568.630000,0,1,0.035317,False,False
2026-06-01 17:00:00+00:00,71576.430000,71784.590000,71481.390000,71670.210000,0,1,0.034727,False,False
2026-06-01 18:00:00+00:00,71631.640000,71701.750000,71400.000000,71511.200000,0,1,0.030039,False,False
2026-06-01 19:00:00+00:00,71513.680000,71672.060000,71404.670000,71576.250000,0,1,0.030356,False,False
2026-06-01 20:00:00+00:00,71567.310000,71700.360000,71455.490000,71455.490000,0,1,0.028262,False,False
2026-06-01 21:00:00+00:00,71455.490000,71461.620000,70946.920000,71047.140000,0,0,0.029939,False,False
2026-06-01 22:00:00+00:00,70974.160000,71443.680000,70853.650000,71424.770000,0,1,0.025628,False,False
2026-06-01 23:00:00+00:00,71415.560000,71572.250000,71235.810000,71419.550000,0,1,0.021751,False,False
2026-06-02 00:00:00+00:00,71423.270000,71423.270000,71111.400000,71290.780000,0,1,0.017232,False,False
2026-06-02 01:00:00+00:00,71300.000000,71384.390000,70644.770000,70644.770000,0,1,0.024643,False,False
2026-06-02 02:00:00+00:00,70656.800000,70847.150000,70100.000000,70689.310000,0,1,0.023475,False,False
2026-06-02 03:00:00+00:00,70872.910000,71035.690000,70844.410000,70935.280000,0,1,0.017770,False,False
2026-06-02 04:00:00+00:00,70984.620000,71050.900000,70708.030000,70810.190000,0,1,0.017179,False,False
2026-06-02 05:00:00+00:00,70805.310000,70844.070000,70272.750000,70272.750000,0,1,0.021999,False,False
2026-06-02 06:00:00+00:00,70273.770000,70448.230000,69974.820000,70013.820000,0,1,0.023088,False,False
2026-06-02 07:00:00+00:00,70113.080000,70255.340000,69762.390000,70120.640000,0,1,0.016191,False,False
2026-06-02 08:00:00+00:00,70102.080000,70131.590000,69765.780000,69787.220000,0,1,0.016161,False,False
2026-06-02 09:00:00+00:00,69812.960000,69818.200000,69375.000000,69413.960000,0,1,0.020412,False,False
2026-06-02 10:00:00+00:00,69432.000000,69729.010000,69432.000000,69681.000000,0,1,0.015284,False,False
2026-06-02 11:00:00+00:00,69659.270000,69659.270000,69417.130000,69496.080000,0,1,0.011757,False,False
2026-06-02 12:00:00+00:00,69450.010000,69520.810000,69000.000000,69000.000000,0,1,0.014825,False,False
2026-06-02 13:00:00+00:00,69000.000000,69174.690000,68761.500000,68761.500000,0,1,0.014969,False,False
2026-06-02 14:00:00+00:00,68810.400000,68810.400000,67650.870000,68003.620000,0,1,0.017466,False,False
2026-06-02 15:00:00+00:00,67997.180000,68060.620000,67100.070000,67310.190000,0,0,0.021974,False,False
2026-06-02 16:00:00+00:00,67263.330000,68126.700000,67247.080000,67420.000000,0,0,0.010514,False,False
2026-06-02 17:00:00+00:00,67425.660000,67832.240000,67395.190000,67468.060000,0,0,0.001965,False,False
2026-06-02 18:00:00+00:00,67508.130000,67647.570000,67145.330000,67343.950000,0,0,0.001225,False,False
2026-06-02 19:00:00+00:00,67410.500000,67473.740000,66435.120000,67282.870000,0,0,-0.001171,False,False
2026-06-02 20:00:00+00:00,67300.630000,67663.660000,66934.990000,67580.260000,0,0,-0.002412,False,False
2026-06-02 21:00:00+00:00,67608.890000,68056.870000,67415.610000,67578.960000,0,1,-0.003242,False,False
2026-06-02 22:00:00+00:00,67580.250000,67580.250000,66200.000000,66398.950000,0,0,0.003270,False,False
2026-06-02 23:00:00+00:00,66392.310000,66845.650000,66221.080000,66764.810000,0,0,-0.004339,False,False
2026-06-03 00:00:00+00:00,66749.690000,67147.080000,66689.900000,66945.390000,0,0,-0.018066,False,False
2026-06-03 01:00:00+00:00,66957.300000,67053.010000,66491.240000,66915.870000,0,0,-0.022967,False,False
2026-06-03 02:00:00+00:00,66918.470000,66918.470000,66593.670000,66593.670000,0,0,-0.022890,False,False
2026-06-03 03:00:00+00:00,66618.550000,66643.910000,65467.580000,65827.380000,0,0,-0.017637,False,False
2026-06-03 04:00:00+00:00,65861.800000,66605.510000,65861.800000,66453.150000,0,0,-0.022385,False,False
2026-06-03 05:00:00+00:00,66561.640000,67373.480000,66492.480000,67349.270000,0,1,-0.016799,False,False
2026-06-03 06:00:00+00:00,67353.640000,67500.000000,66979.450000,66979.450000,0,0,-0.017392,False,False
2026-06-03 07:00:00+00:00,66970.560000,67329.930000,66889.150000,67228.090000,0,1,-0.015708,False,False
2026-06-03 08:00:00+00:00,67233.480000,67249.830000,66988.500000,67039.200000,0,0,-0.018747,False,False
2026-06-03 09:00:00+00:00,67033.760000,67343.360000,66682.420000,67112.000000,0,1,-0.023267,False,False
2026-06-03 10:00:00+00:00,67090.710000,67457.720000,67073.960000,67288.240000,0,1,-0.025932,False,False
2026-06-03 11:00:00+00:00,67339.330000,67373.010000,67075.870000,67075.870000,0,1,-0.025348,False,False
2026-06-03 12:00:00+00:00,67053.000000,67139.780000,66816.870000,67086.010000,0,1,-0.024901,False,False
2026-06-03 13:00:00+00:00,67119.120000,67258.220000,66653.090000,66883.880000,0,1,-0.025338,False,False
2026-06-03 14:00:00+00:00,66883.880000,66971.270000,66667.130000,66826.430000,0,1,-0.025903,False,False
2026-06-03 15:00:00+00:00,66864.630000,66878.590000,66100.000000,66100.000000,0,1,-0.026005,False,False
2026-06-03 16:00:00+00:00,66113.920000,66341.200000,65575.530000,66063.000000,0,1,-0.026277,False,False
2026-06-03 17:00:00+00:00,66067.930000,66176.120000,65721.310000,65980.250000,0,1,-0.032448,False,False
2026-06-03 18:00:00+00:00,66068.600000,66119.370000,65762.230000,66049.570000,0,1,-0.031769,False,False
2026-06-03 19:00:00+00:00,66027.720000,66055.030000,65278.610000,65492.640000,0,1,-0.028612,False,False
2026-06-03 20:00:00+00:00,65463.430000,65604.450000,64758.210000,65010.300000,0,0,-0.025337,False,False
2026-06-03 21:00:00+00:00,65009.750000,65858.530000,65002.590000,65763.690000,0,1,-0.029140,False,False
2026-06-03 22:00:00+00:00,65791.920000,65812.540000,64796.860000,64922.050000,0,1,-0.028400,False,False
2026-06-03 23:00:00+00:00,64962.830000,64962.830000,64106.480000,64151.820000,0,1,-0.019558,False,False
2026-06-04 00:00:00+00:00,64119.110000,64416.200000,62867.740000,63310.660000,0,1,-0.023612,False,False
2026-06-04 01:00:00+00:00,63358.870000,63500.140000,62105.260000,62242.640000,0,0,-0.024176,False,False
2026-06-04 02:00:00+00:00,62218.630000,63630.600000,61392.860000,63213.620000,0,0,-0.034994,False,False
2026-06-04 03:00:00+00:00,63268.650000,64530.640000,63266.080000,64371.570000,0,1,-0.022694,False,False
2026-06-04 04:00:00+00:00,64372.280000,64747.520000,64299.000000,64412.130000,0,1,-0.017809,False,False
2026-06-04 05:00:00+00:00,64406.490000,64406.490000,63671.970000,63973.740000,0,0,-0.019116,False,False
2026-06-04 06:00:00+00:00,63919.650000,64472.050000,63881.480000,64032.680000,0,0,-0.021300,False,False
2026-06-04 07:00:00+00:00,64055.110000,64065.070000,63512.890000,63664.350000,0,0,-0.033371,False,False
2026-06-04 08:00:00+00:00,63616.110000,63821.030000,63285.200000,63710.280000,0,0,-0.038373,False,False
2026-06-04 09:00:00+00:00,63618.270000,63618.270000,62726.820000,63225.410000,0,0,-0.045588,False,False
2026-06-04 10:00:00+00:00,63195.180000,63195.180000,62298.130000,62409.420000,1,0,-0.042845,False,False
2026-06-04 11:00:00+00:00,62469.190000,62816.960000,62241.690000,62559.180000,1,0,-0.050040,False,False
2026-06-04 12:00:00+00:00,62559.190000,63933.500000,62434.650000,63778.560000,0,0,-0.046124,False,False
2026-06-04 13:00:00+00:00,63681.220000,64261.800000,63103.160000,64205.190000,0,1,-0.040250,False,False
2026-06-04 14:00:00+00:00,64245.850000,64481.930000,63819.610000,63965.060000,0,0,-0.038873,False,False
2026-06-04 15:00:00+00:00,63925.040000,64397.260000,63721.600000,63954.140000,0,1,-0.037534,False,False
2026-06-04 16:00:00+00:00,63849.930000,63897.650000,63481.780000,63591.840000,0,0,-0.044464,False,False
2026-06-04 17:00:00+00:00,63545.220000,63710.280000,62966.480000,63542.700000,0,0,-0.052919,False,False
2026-06-04 18:00:00+00:00,63558.090000,64127.430000,63206.440000,63821.850000,0,1,-0.056724,False,False
2026-06-04 19:00:00+00:00,63821.600000,64141.830000,63524.710000,63634.700000,0,1,-0.057361,False,False
2026-06-04 20:00:00+00:00,63605.040000,63654.030000,63209.510000,63581.830000,0,0,-0.056604,False,False
2026-06-04 21:00:00+00:00,63624.050000,63862.670000,63135.130000,63304.890000,0,0,-0.056749,False,False
2026-06-04 22:00:00+00:00,63225.000000,63764.830000,63216.820000,63725.920000,0,1,-0.059803,False,False
2026-06-04 23:00:00+00:00,63758.340000,63919.090000,63398.300000,63892.970000,0,1,-0.063478,False,False
2026-06-05 00:00:00+00:00,63842.160000,63971.290000,63399.510000,63402.690000,0,1,-0.058647,False,False
2026-06-05 01:00:00+00:00,63426.120000,63551.580000,63079.340000,63365.990000,0,1,-0.050270,False,False
2026-06-05 02:00:00+00:00,63371.730000,63427.850000,62600.890000,62637.570000,0,0,-0.046304,False,False
2026-06-05 03:00:00+00:00,62611.810000,62898.600000,62346.200000,62723.990000,0,0,-0.047442,False,False
2026-06-05 04:00:00+00:00,62742.470000,63627.010000,62480.150000,63619.400000,0,1,-0.047095,False,False
2026-06-05 05:00:00+00:00,63619.400000,63697.840000,62276.780000,62313.330000,0,0,-0.042088,False,False
2026-06-05 06:00:00+00:00,62276.770000,62613.170000,61145.120000,61951.630000,0,0,-0.034006,False,False
2026-06-05 07:00:00+00:00,61997.790000,63007.380000,61448.670000,63007.380000,0,1,-0.042453,False,False
2026-06-05 08:00:00+00:00,63103.160000,63109.650000,62352.680000,62382.720000,0,0,-0.042689,False,False
2026-06-05 09:00:00+00:00,62644.600000,63263.300000,62578.020000,62852.840000,0,1,-0.036484,False,False
2026-06-05 10:00:00+00:00,62862.110000,62862.110000,62408.320000,62497.020000,0,1,-0.034601,False,False
2026-06-05 11:00:00+00:00,62549.130000,62633.660000,61980.800000,61980.800000,0,0,-0.027230,False,False
2026-06-05 12:00:00+00:00,61968.330000,62472.220000,61654.450000,61965.640000,0,1,-0.033357,False,False
2026-06-05 13:00:00+00:00,62003.660000,62283.810000,60755.560000,60755.560000,0,0,-0.028118,False,False
2026-06-05 14:00:00+00:00,60738.110000,61174.890000,60358.580000,60888.730000,0,0,-0.028305,False,False
2026-06-05 15:00:00+00:00,60906.960000,61110.570000,60082.000000,60487.630000,0,0,-0.040907,False,False
2026-06-05 16:00:00+00:00,60448.020000,61505.860000,59802.180000,61430.430000,0,1,-0.036648,False,False
2026-06-05 17:00:00+00:00,61460.580000,61485.300000,60680.560000,60800.340000,0,0,-0.035833,False,False
2026-06-05 18:00:00+00:00,60823.780000,60910.550000,59154.720000,59427.660000,1,0,-0.017970,False,False
2026-06-05 19:00:00+00:00,59200.000000,60444.100000,59137.180000,60374.390000,0,0,-0.030156,False,False
2026-06-05 20:00:00+00:00,60324.560000,61715.370000,59957.310000,61666.250000,0,1,-0.020892,False,False
2026-06-05 21:00:00+00:00,61631.140000,61980.800000,61485.300000,61665.970000,0,1,-0.021081,False,False
2026-06-05 22:00:00+00:00,61626.130000,61937.970000,61238.190000,61563.660000,0,1,-0.025267,False,False
2026-06-05 23:00:00+00:00,61631.220000,61742.440000,60558.120000,61106.880000,0,0,-0.022963,False,False
2026-06-06 00:00:00+00:00,61110.570000,61510.960000,61110.570000,61307.950000,0,0,-0.033551,False,False
2026-06-06 01:00:00+00:00,61298.540000,61384.630000,60975.210000,61064.070000,0,0,-0.043276,False,False
2026-06-06 02:00:00+00:00,61057.120000,61176.260000,60711.760000,61000.000000,0,0,-0.041564,False,False
2026-06-06 03:00:00+00:00,60920.590000,60939.830000,60515.320000,60665.120000,0,0,-0.043069,False,False
2026-06-06 04:00:00+00:00,60690.940000,60804.180000,59500.000000,60053.470000,0,0,-0.038900,False,False
2026-06-06 05:00:00+00:00,60090.880000,61052.630000,59604.950000,60958.490000,0,0,-0.039581,False,False
2026-06-06 06:00:00+00:00,60966.040000,61253.310000,60722.330000,60749.910000,0,0,-0.047182,False,False
2026-06-06 07:00:00+00:00,60783.220000,61208.470000,60739.670000,61014.190000,0,0,-0.045991,False,False
2026-06-06 08:00:00+00:00,60984.290000,61479.200000,60891.210000,61263.620000,0,0,-0.043862,False,False
2026-06-06 09:00:00+00:00,61249.990000,61325.010000,60909.680000,60993.630000,0,0,-0.044177,False,False
2026-06-06 10:00:00+00:00,60983.720000,60983.720000,60069.540000,60604.680000,1,0,-0.046723,False,False
2026-06-06 11:00:00+00:00,60601.080000,60982.450000,60569.970000,60800.020000,0,0,-0.050193,False,False
2026-06-06 12:00:00+00:00,60814.990000,61182.780000,60660.300000,61017.510000,0,0,-0.052824,False,False
2026-06-06 13:00:00+00:00,61019.510000,61078.260000,60708.720000,60803.120000,0,0,-0.050249,False,False
2026-06-06 14:00:00+00:00,60815.360000,60991.720000,60797.510000,60800.610000,0,0,-0.047492,False,False
2026-06-06 15:00:00+00:00,60872.280000,60922.290000,60402.680000,60814.400000,0,0,-0.046112,False,False
2026-06-06 16:00:00+00:00,60721.560000,60933.020000,60505.550000,60728.260000,1,0,-0.049482,False,False
2026-06-06 17:00:00+00:00,60822.160000,60827.530000,60533.380000,60573.820000,1,0,-0.046371,False,False
2026-06-06 18:00:00+00:00,60604.150000,60722.330000,60411.190000,60657.830000,1,0,-0.035715,False,False
2026-06-06 19:00:00+00:00,60614.300000,60774.990000,60540.260000,60674.070000,1,0,-0.031855,False,False
2026-06-06 20:00:00+00:00,60627.190000,60748.010000,60540.260000,60714.760000,1,0,-0.032146,False,False
2026-06-06 21:00:00+00:00,60706.880000,61002.910000,60706.880000,60761.550000,1,0,-0.030818,False,False
2026-06-06 22:00:00+00:00,60744.180000,60811.870000,60439.810000,60547.320000,1,0,-0.028483,False,False
2026-06-06 23:00:00+00:00,60579.850000,60919.110000,60562.980000,60908.450000,1,0,-0.025293,False,False
2026-06-07 00:00:00+00:00,60865.450000,60977.590000,60765.040000,60771.970000,1,0,-0.025829,False,False
2026-06-07 01:00:00+00:00,60789.790000,61636.920000,60760.300000,61518.870000,1,0,-0.013303,False,False
2026-06-07 02:00:00+00:00,61468.960000,61549.600000,61197.450000,61515.060000,1,0,-0.009633,False,False
2026-06-07 03:00:00+00:00,61478.700000,61752.360000,61440.650000,61653.740000,0,0,-0.009236,False,False
2026-06-07 04:00:00+00:00,61685.230000,61883.450000,61511.200000,61876.220000,0,0,-0.001704,False,False
2026-06-07 05:00:00+00:00,61842.070000,62159.230000,61650.000000,61737.530000,0,0,-0.004272,False,False
2026-06-07 06:00:00+00:00,61672.520000,62250.230000,61624.120000,62094.620000,0,0,-0.004298,False,False
2026-06-07 07:00:00+00:00,62059.000000,62400.000000,62024.340000,62400.000000,0,0,-0.002317,False,False
2026-06-07 08:00:00+00:00,62390.050000,62919.580000,62280.200000,62832.790000,0,0,-0.001533,False,False
2026-06-07 09:00:00+00:00,62822.370000,62887.840000,62422.490000,62564.870000,0,0,-0.007705,False,False
2026-06-07 10:00:00+00:00,62481.360000,62569.230000,62317.580000,62317.580000,0,0,-0.010811,False,False
2026-06-07 11:00:00+00:00,62380.110000,62733.000000,62380.110000,62626.230000,0,0,-0.019373,False,False
2026-06-07 12:00:00+00:00,62629.380000,62637.750000,61599.470000,61907.890000,0,0,-0.024646,False,False
2026-06-07 13:00:00+00:00,61834.830000,61850.000000,61663.040000,61761.490000,0,0,-0.022390,False,False
2026-06-07 14:00:00+00:00,61711.720000,62295.260000,61711.720000,61781.480000,0,0,-0.030210,False,False
2026-06-07 15:00:00+00:00,61879.020000,62163.290000,61689.780000,62062.710000,0,0,-0.028336,False,False
2026-06-07 16:00:00+00:00,62091.630000,62317.270000,61970.420000,62051.610000,0,0,-0.025197,False,False
2026-06-07 17:00:00+00:00,62062.260000,62318.700000,62057.410000,62159.630000,0,0,-0.021786,False,False
2026-06-07 18:00:00+00:00,62216.260000,62307.370000,62030.920000,62030.920000,0,0,-0.017336,False,False
2026-06-07 19:00:00+00:00,62037.010000,62039.240000,61199.430000,61292.030000,1,0,-0.003692,False,False
2026-06-07 20:00:00+00:00,61312.210000,61950.290000,61286.210000,61929.380000,1,0,-0.001534,False,False
2026-06-07 21:00:00+00:00,61867.780000,61995.260000,61676.940000,61772.820000,1,0,0.000260,False,False
2026-06-07 22:00:00+00:00,61794.980000,64210.490000,61772.120000,62864.460000,0,0,0.022855,False,False
2026-06-07 23:00:00+00:00,62858.590000,63393.750000,62812.180000,63303.490000,0,0,0.041632,False,False
2026-06-08 00:00:00+00:00,63303.490000,63822.480000,63148.470000,63638.160000,0,0,0.048694,False,False
2026-06-08 01:00:00+00:00,63620.510000,63634.260000,62731.230000,63180.520000,0,0,0.046076,False,False
2026-06-08 02:00:00+00:00,63236.560000,63239.900000,62955.330000,63108.260000,0,0,0.048274,False,False
2026-06-08 03:00:00+00:00,63138.860000,63424.000000,62983.850000,63140.840000,0,0,0.038401,False,False
2026-06-08 04:00:00+00:00,63165.490000,63165.490000,62638.400000,62714.180000,0,0,0.042265,False,False
2026-06-08 05:00:00+00:00,62768.630000,62832.420000,62434.410000,62726.180000,0,0,0.043484,False,False
2026-06-08 06:00:00+00:00,62768.640000,63150.200000,62768.640000,63008.130000,0,0,0.038537,False,False
2026-06-08 07:00:00+00:00,62994.810000,63344.100000,62854.410000,63335.640000,0,0,0.033158,False,False
2026-06-08 08:00:00+00:00,63260.570000,63260.570000,62994.750000,63119.840000,0,0,0.023542,False,False
2026-06-08 09:00:00+00:00,63127.290000,63561.850000,63127.290000,63491.190000,0,0,0.015703,False,False
2026-06-08 10:00:00+00:00,63521.110000,63539.780000,63098.580000,63147.550000,0,0,0.013324,False,False
2026-06-08 11:00:00+00:00,63150.500000,63862.670000,63068.020000,63465.860000,0,0,0.012074,False,False
2026-06-08 12:00:00+00:00,63489.050000,63903.810000,62715.410000,63843.440000,0,0,0.016807,False,False
2026-06-08 13:00:00+00:00,63880.870000,63930.740000,63393.750000,63776.040000,0,0,0.018599,False,False
2026-06-08 14:00:00+00:00,63790.260000,64076.040000,63587.460000,63969.560000,0,1,0.021208,False,False
2026-06-08 15:00:00+00:00,63956.480000,64210.530000,63757.330000,63817.940000,0,1,0.022568,False,False
2026-06-08 16:00:00+00:00,63703.490000,64040.920000,63480.000000,63509.500000,0,1,0.023846,False,False
2026-06-08 17:00:00+00:00,63509.500000,63638.820000,63300.000000,63532.850000,0,1,0.020217,False,False
2026-06-08 18:00:00+00:00,63525.640000,63690.570000,63351.120000,63483.970000,0,1,0.017901,False,False
2026-06-08 19:00:00+00:00,63448.740000,63582.200000,63357.280000,63368.060000,0,0,0.028479,False,False
2026-06-08 20:00:00+00:00,63410.010000,63471.460000,63193.720000,63470.130000,0,1,0.032285,False,False
2026-06-08 21:00:00+00:00,63459.930000,63850.660000,63459.930000,63777.800000,0,1,0.045401,False,False
2026-06-08 22:00:00+00:00,63650.600000,63674.650000,63216.550000,63410.850000,0,1,0.044589,False,False
2026-06-08 23:00:00+00:00,63442.570000,63614.090000,62957.990000,63107.850000,0,0,0.049641,False,False
2026-06-09 00:00:00+00:00,63072.570000,63178.000000,62430.660000,62548.970000,0,0,0.054481,False,False
2026-06-09 01:00:00+00:00,62581.320000,62866.370000,62553.980000,62767.100000,0,0,0.052038,False,False
2026-06-09 02:00:00+00:00,62792.100000,62856.120000,62543.750000,62841.920000,0,0,0.048740,False,False
2026-06-09 03:00:00+00:00,62875.640000,62975.640000,62704.620000,62881.290000,0,0,0.047405,False,False
2026-06-09 04:00:00+00:00,62874.840000,63398.140000,62739.740000,63272.540000,0,1,0.056621,False,False
2026-06-09 05:00:00+00:00,63225.560000,63506.750000,63116.020000,63341.880000,0,1,0.061316,False,False
2026-06-09 06:00:00+00:00,63319.720000,63476.890000,63236.420000,63289.110000,0,1,0.058261,False,False
2026-06-09 07:00:00+00:00,63367.570000,63453.200000,62911.180000,63180.190000,0,1,0.060123,False,False
2026-06-09 08:00:00+00:00,63204.240000,63204.240000,62793.190000,62862.580000,0,1,0.064670,False,False
2026-06-09 09:00:00+00:00,62857.770000,62893.190000,62588.890000,62684.010000,0,1,0.063052,False,False
2026-06-09 10:00:00+00:00,62753.370000,62839.460000,62630.920000,62775.340000,0,1,0.058747,False,False
2026-06-09 11:00:00+00:00,62790.900000,62792.290000,62494.040000,62731.660000,0,1,0.057513,False,False
2026-06-09 12:00:00+00:00,62712.700000,62878.510000,62434.410000,62643.860000,0,0,0.055937,False,False
2026-06-09 13:00:00+00:00,62630.630000,62748.190000,62151.440000,62358.470000,0,0,0.058962,False,False
2026-06-09 14:00:00+00:00,62306.660000,62371.650000,61168.950000,61471.230000,0,0,0.074602,False,False
2026-06-09 15:00:00+00:00,61476.850000,61712.820000,61066.920000,61069.670000,0,0,0.078744,False,False
2026-06-09 16:00:00+00:00,61113.050000,61459.660000,60794.570000,61407.800000,0,0,0.064446,False,False
2026-06-09 17:00:00+00:00,61405.720000,61875.430000,61405.720000,61701.980000,0,0,0.066407,False,False
2026-06-09 18:00:00+00:00,61722.260000,61943.450000,61628.030000,61799.310000,0,0,0.062229,False,False
2026-06-09 19:00:00+00:00,61779.580000,62082.440000,61743.730000,62082.440000,0,0,0.061454,False,False
2026-06-09 20:00:00+00:00,62094.050000,62270.760000,61925.830000,62093.390000,0,0,0.060334,False,False
2026-06-09 21:00:00+00:00,62110.820000,62149.840000,61701.780000,61781.760000,0,0,0.059120,False,False
2026-06-09 22:00:00+00:00,61757.550000,61939.650000,61666.110000,61698.560000,0,0,0.057418,False,False
2026-06-09 23:00:00+00:00,61740.030000,61866.810000,61563.000000,61712.860000,0,0,0.050090,False,False
2026-06-10 00:00:00+00:00,61715.850000,61891.120000,61469.540000,61869.990000,0,0,0.050120,False,False
2026-06-10 01:00:00+00:00,61910.120000,61953.730000,61590.490000,61684.970000,0,0,0.048585,False,False
2026-06-10 02:00:00+00:00,61789.500000,61791.690000,61247.520000,61297.190000,0,0,0.052819,False,False
2026-06-10 03:00:00+00:00,61310.530000,61567.700000,61307.930000,61567.040000,0,0,0.046216,False,False
2026-06-10 04:00:00+00:00,61537.270000,61554.920000,61200.000000,61252.860000,0,0,0.043645,False,False
2026-06-10 05:00:00+00:00,61313.640000,61384.270000,61076.720000,61351.000000,0,0,0.043906,False,False
2026-06-10 06:00:00+00:00,61342.170000,61517.100000,61205.230000,61469.360000,0,0,0.041722,False,False
2026-06-10 07:00:00+00:00,61469.060000,61773.280000,61469.060000,61688.670000,0,0,0.042962,False,False
2026-06-10 08:00:00+00:00,61639.860000,61711.640000,61177.220000,61246.990000,0,0,0.042520,False,False
2026-06-10 09:00:00+00:00,61286.400000,61404.520000,60795.010000,61338.150000,0,0,0.042713,False,False
2026-06-10 10:00:00+00:00,61338.150000,61427.260000,61160.350000,61375.310000,0,0,0.037880,False,False
2026-06-10 11:00:00+00:00,61389.830000,61401.060000,60879.310000,61037.190000,1,0,0.041017,False,False
2026-06-10 12:00:00+00:00,61011.120000,61956.090000,60976.250000,61581.610000,0,0,0.043502,False,False
2026-06-10 13:00:00+00:00,61550.080000,62447.700000,61445.340000,62103.790000,0,0,0.054119,False,False
2026-06-10 14:00:00+00:00,62072.450000,62223.950000,61834.190000,62149.930000,0,0,0.052822,False,False
2026-06-10 15:00:00+00:00,62193.820000,62850.000000,61862.340000,62620.060000,0,0,0.060327,False,False
2026-06-10 16:00:00+00:00,62616.400000,62616.400000,61939.650000,62198.640000,0,0,0.059507,False,False
2026-06-10 17:00:00+00:00,62254.950000,62362.730000,61666.100000,61948.820000,0,0,0.060216,False,False
2026-06-10 18:00:00+00:00,61975.410000,62149.780000,61654.450000,61865.570000,0,0,0.053139,False,False
2026-06-10 19:00:00+00:00,61893.820000,62039.220000,61696.800000,62000.330000,0,0,0.048722,False,False
2026-06-10 20:00:00+00:00,61938.950000,61938.950000,61693.820000,61801.540000,0,0,0.045663,False,False
2026-06-10 21:00:00+00:00,61797.170000,61797.170000,61201.130000,61320.760000,1,0,0.049428,False,False
2026-06-10 22:00:00+00:00,61288.810000,61559.450000,61132.580000,61396.530000,1,0,0.045292,False,False
2026-06-10 23:00:00+00:00,61348.800000,61593.540000,61182.390000,61519.300000,1,0,0.037022,False,False
2026-06-11 00:00:00+00:00,61526.150000,61973.900000,61526.150000,61807.600000,1,0,0.038616,False,False
2026-06-11 01:00:00+00:00,61825.710000,62386.570000,61825.710000,62226.600000,0,0,0.042945,False,False
2026-06-11 02:00:00+00:00,62210.670000,62311.320000,61953.190000,62158.060000,0,0,0.041763,False,False
2026-06-11 03:00:00+00:00,62151.310000,62823.680000,62039.560000,62710.960000,0,0,0.045380,False,False
2026-06-11 04:00:00+00:00,62675.270000,62866.690000,62567.440000,62742.190000,0,0,0.049031,False,False
2026-06-11 05:00:00+00:00,62676.300000,62733.320000,62570.440000,62609.830000,0,0,0.044773,False,False
2026-06-11 06:00:00+00:00,62636.140000,62999.900000,62570.440000,62794.750000,0,0,0.046252,False,False
2026-06-11 07:00:00+00:00,62771.730000,62804.020000,62617.930000,62712.290000,0,0,0.045507,False,False
2026-06-11 08:00:00+00:00,62779.230000,63015.730000,62749.180000,62935.770000,0,0,0.047613,False,False
2026-06-11 09:00:00+00:00,62954.800000,62957.730000,62808.490000,62957.730000,0,0,0.045500,False,False
2026-06-11 10:00:00+00:00,62941.550000,63175.990000,62824.410000,63161.770000,0,0,0.042867,False,False
2026-06-11 11:00:00+00:00,63148.230000,63263.870000,63087.110000,63119.170000,0,0,0.040405,False,False
2026-06-11 12:00:00+00:00,63121.190000,63175.490000,62560.300000,63025.590000,0,0,0.035642,False,False
2026-06-11 13:00:00+00:00,63000.990000,63250.580000,62676.100000,63058.460000,0,0,0.031253,False,False
2026-06-11 14:00:00+00:00,63060.160000,63088.660000,62732.370000,62751.590000,0,0,0.028137,False,False
2026-06-11 15:00:00+00:00,62726.800000,62871.180000,62534.970000,62737.780000,0,0,0.025871,False,False
2026-06-11 16:00:00+00:00,62775.620000,62826.690000,62554.140000,62589.100000,0,0,0.023018,False,False
2026-06-11 17:00:00+00:00,62584.260000,63639.580000,62360.870000,63639.580000,0,0,0.035337,False,False
2026-06-11 18:00:00+00:00,63647.740000,63777.920000,63346.160000,63465.560000,0,0,0.036037,False,False
2026-06-11 19:00:00+00:00,63437.270000,63908.870000,63405.310000,63610.560000,0,0,0.028723,False,False
2026-06-11 20:00:00+00:00,63614.690000,63662.630000,63275.660000,63406.390000,0,0,0.028990,False,False
2026-06-11 21:00:00+00:00,63397.990000,63580.230000,63397.990000,63479.450000,0,0,0.032556,False,False
2026-06-11 22:00:00+00:00,63548.630000,63648.580000,63491.900000,63559.260000,0,0,0.035306,False,False
2026-06-11 23:00:00+00:00,63495.090000,63681.740000,63352.570000,63603.920000,0,0,0.039992,False,False
2026-06-12 00:00:00+00:00,63600.190000,63803.330000,63558.090000,63641.540000,0,0,0.043132,False,False
2026-06-12 01:00:00+00:00,63640.940000,63640.940000,63305.280000,63413.130000,0,0,0.046039,False,False
2026-06-12 02:00:00+00:00,63456.780000,63774.750000,63456.780000,63619.270000,0,0,0.046729,False,False
2026-06-12 03:00:00+00:00,63651.070000,63651.070000,63389.570000,63516.580000,0,0,0.042323,False,False
2026-06-12 04:00:00+00:00,63523.780000,63834.020000,63443.650000,63700.960000,0,0,0.034578,False,False
2026-06-12 05:00:00+00:00,63669.400000,63669.400000,63313.500000,63375.570000,0,0,0.036955,False,False
2026-06-12 06:00:00+00:00,63347.500000,63395.910000,62870.000000,62980.800000,0,0,0.044598,False,False
2026-06-12 07:00:00+00:00,63062.770000,63185.320000,62990.980000,63142.530000,0,0,0.042711,False,False
2026-06-12 08:00:00+00:00,63185.330000,63633.250000,63185.330000,63457.190000,0,0,0.043923,False,False
2026-06-12 09:00:00+00:00,63471.530000,63955.680000,63471.530000,63815.960000,0,0,0.048134,False,False
2026-06-12 10:00:00+00:00,63757.330000,63779.180000,63631.540000,63702.280000,0,0,0.044737,False,False
2026-06-12 11:00:00+00:00,63700.310000,63888.330000,61999.990000,63779.330000,0,0,0.042774,False,False
2026-06-12 12:00:00+00:00,63760.620000,63769.240000,63389.570000,63453.310000,0,0,0.045003,False,False
2026-06-12 13:00:00+00:00,63461.060000,63494.810000,63046.240000,63228.450000,0,0,0.048098,False,False
2026-06-12 14:00:00+00:00,63222.520000,63985.060000,63204.210000,63970.350000,0,0,0.054985,False,False
2026-06-12 15:00:00+00:00,63995.000000,64386.530000,63561.850000,63561.850000,0,0,0.057334,False,False
2026-06-12 16:00:00+00:00,63589.390000,64002.930000,63510.450000,63973.390000,0,0,0.061133,False,False
2026-06-12 17:00:00+00:00,64003.460000,64075.720000,63770.200000,63830.060000,0,0,0.058701,False,False
2026-06-12 18:00:00+00:00,63869.410000,63942.300000,63676.770000,63700.000000,0,0,0.054050,False,False
2026-06-12 19:00:00+00:00,63700.020000,63772.530000,63601.350000,63601.350000,0,0,0.049887,False,False
2026-06-12 20:00:00+00:00,63611.430000,63692.240000,63406.750000,63465.420000,0,0,0.048945,False,False
2026-06-12 21:00:00+00:00,63460.030000,63628.240000,63458.590000,63505.260000,0,0,0.047658,False,False
2026-06-12 22:00:00+00:00,63474.770000,63628.250000,63474.770000,63520.840000,0,0,0.046060,False,False
2026-06-12 23:00:00+00:00,63460.060000,63586.660000,63434.330000,63586.660000,0,0,0.046044,False,False
2026-06-13 00:00:00+00:00,63577.390000,63625.000000,63512.760000,63625.000000,0,0,0.045326,False,False
2026-06-13 01:00:00+00:00,63612.040000,63858.310000,63612.040000,63810.740000,0,0,0.045505,False,False
2026-06-13 02:00:00+00:00,63832.600000,63832.600000,63478.300000,63652.550000,0,0,0.043935,False,False
2026-06-13 03:00:00+00:00,63643.260000,63727.610000,63451.300000,63560.220000,0,0,0.044446,False,False
2026-06-13 04:00:00+00:00,63545.660000,63655.020000,63502.660000,63560.770000,0,0,0.041347,False,False
2026-06-13 05:00:00+00:00,63541.290000,63595.590000,63520.740000,63595.590000,0,0,0.040581,False,False
2026-06-13 06:00:00+00:00,63592.420000,63744.740000,63592.420000,63744.740000,0,0,0.045763,False,False
2026-06-13 07:00:00+00:00,63703.380000,63878.830000,63692.600000,63810.460000,0,0,0.048967,False,False
2026-06-13 08:00:00+00:00,63832.470000,63885.440000,63770.360000,63821.540000,0,0,0.047932,False,False
2026-06-13 09:00:00+00:00,63821.550000,63825.420000,63743.450000,63743.450000,0,0,0.046943,False,False
2026-06-13 10:00:00+00:00,63756.640000,63883.560000,63756.640000,63817.390000,0,0,0.046434,False,False
2026-06-13 11:00:00+00:00,63913.110000,63970.340000,63899.210000,63953.800000,0,0,0.047737,False,False
2026-06-13 12:00:00+00:00,63964.130000,64300.640000,63924.680000,64138.400000,0,0,0.050879,False,False
2026-06-13 13:00:00+00:00,64117.650000,64241.020000,64066.850000,64090.580000,0,0,0.051923,False,False
2026-06-13 14:00:00+00:00,64145.380000,64237.530000,64112.720000,64218.650000,0,0,0.050875,False,False
2026-06-13 15:00:00+00:00,64229.430000,64357.510000,64190.350000,64292.460000,0,0,0.051316,False,False
2026-06-13 16:00:00+00:00,64253.590000,64267.730000,63868.510000,64042.420000,0,0,0.049014,False,False
2026-06-13 17:00:00+00:00,64052.400000,64115.910000,63957.930000,63976.500000,0,0,0.047352,False,False
2026-06-13 18:00:00+00:00,63991.540000,64272.050000,63991.540000,64144.820000,0,0,0.043978,False,False
2026-06-13 19:00:00+00:00,64165.510000,64320.660000,64159.190000,64320.660000,0,0,0.045772,False,False
2026-06-13 20:00:00+00:00,64295.410000,64295.410000,64233.770000,64274.920000,0,0,0.044026,False,False
2026-06-13 21:00:00+00:00,64290.010000,64751.350000,64222.860000,64456.000000,0,0,0.043839,False,False
2026-06-13 22:00:00+00:00,64456.000000,64569.540000,64371.690000,64467.010000,0,0,0.043475,False,False
2026-06-13 23:00:00+00:00,64465.170000,64589.400000,64393.860000,64440.920000,0,0,0.040967,False,False
2026-06-14 00:00:00+00:00,64457.260000,64577.860000,64377.010000,64552.920000,0,0,0.042412,False,False
2026-06-14 01:00:00+00:00,64564.650000,64710.770000,64515.360000,64578.340000,0,0,0.041867,False,False
2026-06-14 02:00:00+00:00,64574.930000,64636.570000,64486.330000,64501.160000,0,0,0.041126,False,False
2026-06-14 03:00:00+00:00,64493.540000,64543.930000,64479.840000,64495.340000,0,0,0.042070,False,False
2026-06-14 04:00:00+00:00,64550.000000,64550.000000,64333.460000,64345.810000,0,0,0.042627,False,False
2026-06-14 05:00:00+00:00,64356.680000,64416.560000,64318.160000,64370.890000,0,0,0.041413,False,False
2026-06-14 06:00:00+00:00,64431.980000,64466.720000,64251.200000,64261.020000,0,0,0.040431,False,False
2026-06-14 07:00:00+00:00,64284.400000,64427.990000,64245.850000,64427.990000,0,0,0.041470,False,False
2026-06-14 08:00:00+00:00,64424.340000,64515.050000,64397.040000,64470.220000,0,0,0.041989,False,False
2026-06-14 09:00:00+00:00,64443.340000,64612.020000,64339.070000,64612.020000,0,0,0.043837,False,False
2026-06-14 10:00:00+00:00,64577.340000,64654.570000,64537.990000,64540.870000,0,0,0.044649,False,False
2026-06-14 11:00:00+00:00,64512.020000,64644.440000,64480.930000,64602.260000,0,0,0.044984,False,False
2026-06-14 12:00:00+00:00,64549.250000,64549.250000,64312.970000,64315.120000,0,0,0.047589,False,False
2026-06-14 13:00:00+00:00,64396.000000,64396.000000,64258.400000,64330.100000,0,0,0.048641,False,False
2026-06-14 14:00:00+00:00,64276.810000,64336.890000,63874.350000,63977.150000,1,0,0.050780,False,False
2026-06-14 15:00:00+00:00,63977.440000,64144.520000,63977.440000,64032.740000,1,0,0.051234,False,False
2026-06-14 16:00:00+00:00,64054.230000,64202.050000,63942.510000,63946.270000,1,0,0.048945,False,False
2026-06-14 17:00:00+00:00,63942.000000,64025.820000,63705.690000,63705.690000,1,0,0.054227,False,False
2026-06-14 18:00:00+00:00,63743.910000,63805.190000,63688.720000,63802.810000,1,0,0.054191,False,False
2026-06-14 19:00:00+00:00,63817.170000,63844.910000,63752.010000,63803.870000,1,0,0.052840,False,False
2026-06-14 20:00:00+00:00,63837.940000,64080.130000,63788.560000,64039.210000,1,0,0.055903,False,False
2026-06-14 21:00:00+00:00,64026.810000,65638.740000,64026.810000,65314.870000,1,0,0.083170,True,False
2026-06-14 22:00:00+00:00,65318.150000,65635.460000,64965.980000,65376.420000,0,0,0.085358,True,False
2026-06-14 23:00:00+00:00,65400.960000,65794.090000,65275.640000,65759.690000,0,0,0.074678,False,False
2026-06-15 00:00:00+00:00,65769.470000,65873.580000,65507.110000,65627.860000,0,0,0.073595,False,False
2026-06-15 01:00:00+00:00,65621.280000,65707.010000,65396.350000,65492.170000,0,0,0.070813,False,False
2026-06-15 02:00:00+00:00,65470.580000,65735.900000,65438.800000,65449.670000,0,0,0.065196,False,False
2026-06-15 03:00:00+00:00,65448.170000,65980.770000,65434.960000,65903.030000,0,0,0.066460,False,False
2026-06-15 04:00:00+00:00,65892.570000,65907.280000,65644.480000,65665.460000,0,0,0.059848,False,False
2026-06-15 05:00:00+00:00,65651.430000,65874.350000,65636.620000,65873.680000,0,0,0.049912,False,False
2026-06-15 06:00:00+00:00,65818.800000,65977.990000,65778.110000,65844.990000,0,0,0.040461,False,False
2026-06-15 07:00:00+00:00,65777.650000,65998.810000,65645.200000,65645.200000,0,0,0.029534,False,False
2026-06-15 08:00:00+00:00,65680.990000,65799.350000,65628.340000,65684.700000,0,0,0.016071,False,False
2026-06-15 09:00:00+00:00,65700.080000,65779.580000,65528.270000,65604.150000,0,0,0.011639,False,False
2026-06-15 10:00:00+00:00,65629.250000,65947.600000,65629.250000,65904.230000,0,0,0.011178,False,False
2026-06-15 11:00:00+00:00,65922.010000,66365.270000,65878.440000,66239.320000,0,0,0.013705,False,False
2026-06-15 12:00:00+00:00,66239.320000,66590.420000,66188.170000,66590.000000,0,0,0.016968,False,False
2026-06-15 13:00:00+00:00,66557.710000,66937.360000,66437.070000,66451.470000,0,0,0.014434,False,False
2026-06-15 14:00:00+00:00,66420.790000,66691.410000,66316.040000,66615.450000,0,0,0.014345,False,False
2026-06-15 15:00:00+00:00,66591.200000,67276.270000,66591.200000,67276.270000,0,0,0.023996,False,False
2026-06-15 16:00:00+00:00,67200.520000,67275.690000,67106.500000,67191.180000,0,0,0.025145,False,False
2026-06-15 17:00:00+00:00,67080.680000,67084.270000,66701.490000,66868.700000,0,0,0.026698,False,False
2026-06-15 18:00:00+00:00,66824.260000,66926.310000,66720.890000,66842.460000,0,0,0.029605,False,False
2026-06-15 19:00:00+00:00,66791.570000,66898.880000,66382.840000,66582.770000,0,0,0.031656,False,False
2026-06-15 20:00:00+00:00,66553.760000,66650.120000,66510.290000,66510.290000,0,0,0.035584,False,False
2026-06-15 21:00:00+00:00,66520.440000,66547.700000,66354.090000,66388.440000,0,0,0.029201,False,False
2026-06-15 22:00:00+00:00,66454.890000,66467.870000,66105.550000,66216.500000,0,0,0.028012,False,False
2026-06-15 23:00:00+00:00,66205.700000,66359.150000,66138.650000,66325.900000,0,0,0.025386,False,False
2026-06-16 00:00:00+00:00,66307.510000,66456.030000,66264.290000,66267.150000,0,0,0.025097,False,False
2026-06-16 01:00:00+00:00,66271.450000,66407.110000,66271.450000,66348.000000,0,0,0.026231,False,False
2026-06-16 02:00:00+00:00,66310.690000,66357.980000,65688.020000,65746.950000,0,0,0.035349,False,False
2026-06-16 03:00:00+00:00,65732.880000,66163.540000,65659.420000,66163.540000,0,0,0.034502,False,False
2026-06-16 04:00:00+00:00,66163.220000,66297.720000,65780.760000,65860.500000,0,0,0.031963,False,False
2026-06-16 05:00:00+00:00,65952.590000,66123.490000,65929.820000,66079.450000,0,0,0.031788,False,False
2026-06-16 06:00:00+00:00,66095.630000,66544.680000,66095.630000,66457.870000,0,0,0.034984,False,False
2026-06-16 07:00:00+00:00,66382.650000,66479.640000,66294.670000,66368.870000,0,0,0.035281,False,False
2026-06-16 08:00:00+00:00,66381.630000,66982.410000,66381.630000,66961.570000,0,1,0.044448,False,False
2026-06-16 09:00:00+00:00,66827.970000,66918.010000,66491.300000,66534.620000,0,0,0.047099,False,False
2026-06-16 10:00:00+00:00,66535.330000,66766.200000,66524.700000,66525.500000,0,0,0.048140,False,False
2026-06-16 11:00:00+00:00,66510.410000,66581.580000,66363.320000,66486.920000,0,0,0.033996,False,False
2026-06-16 12:00:00+00:00,66494.000000,66815.070000,66392.060000,66433.710000,0,0,0.033524,False,False
2026-06-16 13:00:00+00:00,66443.150000,66472.130000,65940.800000,66093.630000,0,0,0.036667,False,False
2026-06-16 14:00:00+00:00,66140.800000,66311.640000,65396.620000,65641.570000,0,0,0.038474,False,False
2026-06-16 15:00:00+00:00,65681.490000,65988.990000,65637.120000,65891.350000,0,0,0.032151,False,False
2026-06-16 16:00:00+00:00,65868.280000,65947.710000,65695.730000,65759.550000,0,0,0.026769,False,False
2026-06-16 17:00:00+00:00,65776.910000,66021.670000,65712.090000,65984.940000,0,0,0.026161,False,False
2026-06-16 18:00:00+00:00,65959.190000,66226.340000,65801.680000,65843.340000,0,0,0.025066,False,False
2026-06-16 19:00:00+00:00,65844.880000,65844.880000,65547.520000,65656.250000,0,0,0.026337,False,False
2026-06-16 20:00:00+00:00,65621.620000,65877.580000,65613.950000,65857.780000,0,0,0.022466,False,False
2026-06-16 21:00:00+00:00,65883.400000,65932.890000,65659.160000,65770.450000,0,0,0.020992,False,False
2026-06-16 22:00:00+00:00,65716.970000,65867.060000,65692.390000,65739.770000,0,0,0.020002,False,False
2026-06-16 23:00:00+00:00,65787.240000,65834.260000,65640.900000,65672.740000,0,0,0.018079,False,False
2026-06-17 00:00:00+00:00,65716.730000,65834.840000,65688.370000,65753.290000,0,0,0.015847,False,False
2026-06-17 01:00:00+00:00,65723.120000,65934.470000,65474.360000,65927.930000,0,0,0.016966,False,False
2026-06-17 02:00:00+00:00,65941.820000,66169.000000,65791.630000,65907.300000,0,0,0.017916,False,False
2026-06-17 03:00:00+00:00,65900.120000,65901.370000,65721.910000,65831.760000,0,0,0.017754,False,False
2026-06-17 04:00:00+00:00,65877.370000,66057.980000,65790.940000,65895.620000,0,0,0.018437,False,False
2026-06-17 05:00:00+00:00,65887.940000,65960.360000,65758.950000,65832.960000,0,0,0.018014,False,False
2026-06-17 06:00:00+00:00,65817.790000,65904.530000,65593.330000,65628.800000,0,0,0.019890,False,False
2026-06-17 07:00:00+00:00,65605.750000,65708.380000,65263.160000,65521.840000,0,0,0.019766,False,False
2026-06-17 08:00:00+00:00,65539.530000,65539.530000,64863.630000,65000.320000,0,0,0.025262,False,False
2026-06-17 09:00:00+00:00,64943.650000,65081.270000,64847.020000,64869.440000,0,0,0.025991,False,False
2026-06-17 10:00:00+00:00,64972.660000,64976.940000,64786.920000,64790.920000,0,0,0.019776,False,False
2026-06-17 11:00:00+00:00,64757.440000,64865.280000,64557.890000,64832.220000,0,0,0.018337,False,False
2026-06-17 12:00:00+00:00,64769.610000,65066.430000,64604.990000,65043.080000,0,0,0.020133,False,False
2026-06-17 13:00:00+00:00,65043.090000,65368.080000,64849.740000,65284.290000,0,0,0.022398,False,False
2026-06-17 14:00:00+00:00,65218.420000,65461.340000,64847.810000,65131.880000,0,0,0.021519,False,False
2026-06-17 15:00:00+00:00,65145.810000,65843.000000,65004.220000,65771.070000,0,0,0.028597,False,False
2026-06-17 16:00:00+00:00,65771.070000,66437.500000,65771.070000,65864.630000,0,1,0.031365,False,False
2026-06-17 17:00:00+00:00,65884.920000,66191.580000,65818.440000,66061.650000,0,1,0.029370,False,False
2026-06-17 18:00:00+00:00,66086.780000,66086.780000,64827.840000,65512.100000,0,1,0.032030,False,False
2026-06-17 19:00:00+00:00,65531.670000,65632.600000,64017.000000,64303.290000,0,0,0.048768,False,False
2026-06-17 20:00:00+00:00,64293.020000,64477.640000,64199.710000,64428.240000,0,1,0.039136,False,False
2026-06-17 21:00:00+00:00,64432.020000,64444.890000,64146.780000,64247.990000,0,0,0.021080,False,False
2026-06-17 22:00:00+00:00,64248.970000,64410.330000,63971.290000,64295.030000,0,0,0.021477,False,False
2026-06-17 23:00:00+00:00,64306.050000,64521.280000,64285.260000,64453.170000,0,1,0.021025,False,False
2026-06-18 00:00:00+00:00,64506.840000,64691.420000,64474.320000,64477.060000,0,1,0.020750,False,False
2026-06-18 01:00:00+00:00,64505.340000,64794.750000,64486.780000,64566.000000,0,1,0.020944,False,False
2026-06-18 02:00:00+00:00,64570.600000,64774.120000,64508.620000,64707.750000,0,1,0.022862,False,False
2026-06-18 03:00:00+00:00,64623.280000,64631.260000,64281.880000,64299.080000,0,1,0.023704,False,False
2026-06-18 04:00:00+00:00,64290.880000,64290.880000,63837.560000,63957.540000,0,0,0.025310,False,False
2026-06-18 05:00:00+00:00,63849.640000,64014.840000,63739.740000,63989.740000,0,0,0.014389,False,False
2026-06-18 06:00:00+00:00,63966.670000,64118.080000,63859.600000,64092.320000,0,0,0.006873,False,False
2026-06-18 07:00:00+00:00,64100.650000,64486.080000,64014.550000,64486.080000,0,1,0.011337,False,False
2026-06-18 08:00:00+00:00,64458.590000,64631.320000,64382.180000,64407.930000,0,1,0.012164,False,False
2026-06-18 09:00:00+00:00,64374.680000,64476.140000,64225.540000,64225.540000,0,1,0.012946,False,False
2026-06-18 10:00:00+00:00,64173.610000,64173.610000,63929.200000,64169.670000,0,0,0.012847,False,False
2026-06-18 11:00:00+00:00,64153.260000,64204.520000,63886.760000,63967.840000,0,0,0.012888,False,False
2026-06-18 12:00:00+00:00,63979.480000,64383.040000,63939.920000,64314.120000,0,1,0.013601,False,False
2026-06-18 13:00:00+00:00,64377.570000,64440.360000,63812.790000,63966.440000,0,0,0.013243,False,False
2026-06-18 14:00:00+00:00,63967.700000,64207.730000,63600.020000,63789.250000,0,0,0.014904,False,False
2026-06-18 15:00:00+00:00,63809.050000,63809.050000,62298.990000,62374.770000,0,0,0.034171,False,False
2026-06-18 16:00:00+00:00,62358.240000,62810.090000,62358.240000,62678.940000,0,0,0.030553,False,False
2026-06-18 17:00:00+00:00,62649.820000,62741.110000,62276.780000,62611.490000,0,0,0.012472,False,False
2026-06-18 18:00:00+00:00,62620.790000,62964.320000,62593.850000,62703.900000,0,0,0.011661,False,False
2026-06-18 19:00:00+00:00,62704.970000,63014.680000,62636.820000,62944.180000,0,0,0.014516,False,False
2026-06-18 20:00:00+00:00,62964.360000,63218.750000,62964.360000,63122.320000,0,0,0.016131,False,False
2026-06-18 21:00:00+00:00,63092.620000,63118.830000,62876.980000,62949.690000,0,0,0.014838,False,False
2026-06-18 22:00:00+00:00,62964.190000,62964.190000,62756.760000,62875.880000,0,0,0.015475,False,False
2026-06-18 23:00:00+00:00,62876.650000,62984.560000,62769.160000,62984.560000,0,0,0.012618,False,False
2026-06-19 00:00:00+00:00,62950.260000,63081.080000,62863.680000,62975.360000,0,0,0.009324,False,False
2026-06-19 01:00:00+00:00,63026.380000,63093.610000,62858.230000,63025.590000,0,0,0.006993,False,False
2026-06-19 02:00:00+00:00,63032.080000,63056.470000,62904.780000,63029.310000,0,0,0.004413,False,False
2026-06-19 03:00:00+00:00,63029.200000,63029.200000,62393.770000,62774.620000,0,0,0.004375,False,False
2026-06-19 04:00:00+00:00,62759.040000,62877.390000,62442.960000,62442.960000,0,0,0.007313,False,False
2026-06-19 05:00:00+00:00,62467.250000,62751.010000,62467.250000,62741.830000,0,0,0.003589,False,False
2026-06-19 06:00:00+00:00,62747.540000,62911.190000,62725.970000,62897.350000,0,0,0.003211,False,False
2026-06-19 07:00:00+00:00,62897.640000,62900.360000,62511.220000,62616.260000,0,0,0.003118,False,False
2026-06-19 08:00:00+00:00,62615.640000,62785.330000,62549.920000,62577.300000,0,0,0.003786,False,False
2026-06-19 09:00:00+00:00,62628.810000,62628.810000,62345.200000,62405.790000,0,0,0.001842,False,False
2026-06-19 10:00:00+00:00,62384.070000,62567.890000,62384.070000,62539.720000,0,0,0.000777,False,False
2026-06-19 11:00:00+00:00,62557.190000,62676.670000,62461.650000,62628.100000,0,0,0.000366,False,False
2026-06-19 12:00:00+00:00,62635.790000,62858.630000,62327.510000,62827.960000,0,0,0.002603,False,False
2026-06-19 13:00:00+00:00,62826.250000,63434.160000,62714.100000,63221.500000,0,0,0.008787,False,False
2026-06-19 14:00:00+00:00,63218.440000,63418.220000,63023.940000,63205.830000,0,0,0.010179,False,False
2026-06-19 15:00:00+00:00,63207.800000,63270.950000,63039.960000,63215.910000,0,0,0.010363,False,False
2026-06-19 16:00:00+00:00,63206.540000,63385.600000,62951.960000,62968.950000,0,0,0.011861,False,False
2026-06-19 17:00:00+00:00,62969.020000,63228.670000,62876.390000,63216.780000,0,0,0.012513,False,False
2026-06-19 18:00:00+00:00,63197.630000,63318.180000,62988.050000,63115.740000,0,0,0.011700,False,False
2026-06-19 19:00:00+00:00,63106.320000,63118.430000,62949.010000,63008.380000,0,0,0.011696,False,False
2026-06-19 20:00:00+00:00,63034.730000,63271.430000,62982.700000,63226.600000,0,0,0.010477,False,False
2026-06-19 21:00:00+00:00,63235.090000,63290.360000,63061.100000,63065.730000,0,0,0.007971,False,False
2026-06-19 22:00:00+00:00,63069.300000,63374.990000,63051.390000,63318.640000,0,0,0.007253,False,False
2026-06-19 23:00:00+00:00,63340.140000,63644.550000,63286.600000,63535.890000,0,0,0.007573,False,False
2026-06-20 00:00:00+00:00,63568.520000,63859.760000,63479.180000,63561.440000,0,0,0.006165,False,False
2026-06-20 01:00:00+00:00,63538.090000,63624.140000,63404.510000,63569.170000,0,0,0.004629,False,False
2026-06-20 02:00:00+00:00,63569.170000,63569.170000,63348.090000,63366.040000,0,0,0.005389,False,False
2026-06-20 03:00:00+00:00,63326.830000,63503.640000,63326.830000,63447.730000,0,0,0.004409,False,False
2026-06-20 04:00:00+00:00,63469.850000,63612.940000,63418.240000,63587.270000,0,0,0.004484,False,False
2026-06-20 05:00:00+00:00,63566.860000,63872.350000,63566.860000,63677.200000,0,0,0.005874,False,False
2026-06-20 06:00:00+00:00,63679.470000,63750.810000,63661.740000,63745.590000,0,0,0.005937,False,False
2026-06-20 07:00:00+00:00,63745.910000,63796.060000,63627.350000,63716.960000,0,0,0.005661,False,False
2026-06-20 08:00:00+00:00,63615.330000,63649.220000,63417.820000,63417.820000,0,0,0.008899,False,False
2026-06-20 09:00:00+00:00,63447.660000,63760.000000,63439.720000,63758.270000,0,0,0.009606,False,False
2026-06-20 10:00:00+00:00,63747.380000,63763.510000,63633.850000,63669.310000,0,0,0.010259,False,False
2026-06-20 11:00:00+00:00,63708.170000,63784.140000,63654.800000,63687.970000,0,0,0.011647,False,False
2026-06-20 12:00:00+00:00,63684.010000,63793.290000,63584.050000,63585.330000,0,0,0.013227,False,False
2026-06-20 13:00:00+00:00,63667.200000,63667.200000,63306.320000,63397.140000,0,0,0.015623,False,False
2026-06-20 14:00:00+00:00,63308.790000,64123.000000,63169.840000,63925.210000,0,0,0.017938,False,False
2026-06-20 15:00:00+00:00,63902.970000,64372.740000,63850.000000,64142.860000,0,0,0.021695,False,False
2026-06-20 16:00:00+00:00,64117.340000,64117.340000,63930.000000,64019.380000,0,0,0.019949,False,False
2026-06-20 17:00:00+00:00,64013.460000,64013.460000,63771.880000,63860.570000,0,0,0.021692,False,False
2026-06-20 18:00:00+00:00,63857.800000,63900.000000,63805.000000,63805.000000,0,0,0.021545,False,False
2026-06-20 19:00:00+00:00,63839.930000,63945.990000,63836.780000,63936.220000,0,0,0.021358,False,False
2026-06-20 20:00:00+00:00,63959.990000,63978.450000,63858.010000,63930.430000,0,0,0.021252,False,False
2026-06-20 21:00:00+00:00,63956.100000,64078.450000,63930.000000,64035.720000,0,0,0.023757,False,False
2026-06-20 22:00:00+00:00,63984.170000,64338.240000,63984.170000,64301.780000,0,0,0.028582,False,False
2026-06-20 23:00:00+00:00,64271.600000,64328.750000,64250.000000,64312.800000,0,0,0.028584,False,False
2026-06-21 00:00:00+00:00,64288.540000,64312.800000,64250.000000,64282.730000,0,0,0.025248,False,False
2026-06-21 01:00:00+00:00,64285.840000,64312.800000,64225.020000,64266.020000,0,0,0.022111,False,False
2026-06-21 02:00:00+00:00,64236.870000,64281.660000,64224.000000,64261.670000,0,0,0.022090,False,False
2026-06-21 03:00:00+00:00,64253.630000,64469.290000,64233.910000,64438.310000,0,0,0.025002,False,False
2026-06-21 04:00:00+00:00,64400.100000,64555.750000,64273.050000,64273.050000,0,0,0.025202,False,False
2026-06-21 05:00:00+00:00,64285.830000,64351.160000,64225.000000,64256.480000,0,0,0.024892,False,False
2026-06-21 06:00:00+00:00,64265.780000,64323.210000,64200.000000,64290.740000,0,0,0.021016,False,False
2026-06-21 07:00:00+00:00,64309.760000,64309.760000,64176.000000,64187.770000,0,0,0.020764,False,False
2026-06-21 08:00:00+00:00,64214.660000,64214.660000,63875.010000,63982.760000,0,0,0.024001,False,False
2026-06-21 09:00:00+00:00,64017.650000,64253.350000,63962.190000,64208.200000,0,0,0.022605,False,False
2026-06-21 10:00:00+00:00,64214.480000,64392.340000,64209.300000,64353.270000,0,0,0.024647,False,False
2026-06-21 11:00:00+00:00,64381.200000,64456.790000,64117.890000,64117.890000,0,0,0.025281,False,False
2026-06-21 12:00:00+00:00,64171.360000,64200.250000,63965.180000,64200.250000,0,0,0.027554,False,False
2026-06-21 13:00:00+00:00,64138.840000,64169.110000,64027.540000,64115.910000,0,0,0.029003,False,False
2026-06-21 14:00:00+00:00,64132.500000,64146.510000,64014.160000,64142.020000,0,0,0.029855,False,False
2026-06-21 15:00:00+00:00,64161.190000,64312.960000,64110.690000,64256.110000,0,0,0.030123,False,False
2026-06-21 16:00:00+00:00,64228.000000,64259.000000,64054.270000,64152.340000,0,0,0.030471,False,False
2026-06-21 17:00:00+00:00,64174.180000,64214.700000,64072.050000,64177.060000,0,0,0.031971,False,False
2026-06-21 18:00:00+00:00,64161.150000,64224.110000,63965.740000,64166.390000,0,0,0.032573,False,False
2026-06-21 19:00:00+00:00,64224.080000,64275.000000,64176.450000,64233.640000,0,0,0.034676,False,False
2026-06-21 20:00:00+00:00,64228.090000,64228.090000,63725.200000,63852.650000,0,0,0.040012,False,False
2026-06-21 21:00:00+00:00,63839.270000,63942.000000,63531.970000,63797.230000,0,0,0.042285,False,False
2026-06-21 22:00:00+00:00,63757.350000,63854.240000,63596.330000,63810.300000,0,0,0.036021,False,False
2026-06-21 23:00:00+00:00,63717.950000,63795.630000,63286.140000,63308.830000,1,0,0.043794,False,False
2026-06-22 00:00:00+00:00,63436.510000,64102.840000,63386.480000,63866.180000,0,0,0.044733,False,False
2026-06-22 01:00:00+00:00,63930.340000,64799.650000,63857.120000,64577.230000,0,0,0.056242,False,False
2026-06-22 02:00:00+00:00,64611.600000,64626.270000,64240.990000,64265.780000,0,0,0.050608,False,False
2026-06-22 03:00:00+00:00,64225.540000,64423.340000,63925.870000,63932.670000,0,0,0.050675,False,False
2026-06-22 04:00:00+00:00,63981.720000,64103.350000,63872.710000,64103.340000,0,0,0.045618,False,False
2026-06-22 05:00:00+00:00,64096.850000,64318.160000,64086.440000,64239.610000,0,0,0.044406,False,False
2026-06-22 06:00:00+00:00,64247.290000,64307.670000,63950.640000,64022.740000,0,0,0.043272,False,False
2026-06-22 07:00:00+00:00,63991.310000,64377.600000,63987.290000,64207.660000,0,0,0.043841,False,False
2026-06-22 08:00:00+00:00,64178.070000,64312.960000,64050.380000,64151.390000,0,0,0.042871,False,False
2026-06-22 09:00:00+00:00,64162.830000,64219.870000,64070.390000,64135.570000,0,0,0.040969,False,False
2026-06-22 10:00:00+00:00,64134.890000,64274.960000,64103.930000,64132.800000,0,0,0.038816,False,False
2026-06-22 11:00:00+00:00,64140.430000,64786.240000,64121.300000,64684.400000,0,0,0.042985,False,False
2026-06-22 12:00:00+00:00,64648.100000,65204.920000,64588.320000,65147.970000,0,0,0.050360,False,False
2026-06-22 13:00:00+00:00,65158.040000,65574.220000,64943.830000,65521.850000,0,1,0.053511,False,False
2026-06-22 14:00:00+00:00,65574.240000,65582.130000,64862.510000,64956.690000,0,1,0.049912,False,False
2026-06-22 15:00:00+00:00,65043.570000,65123.140000,64741.150000,64824.350000,0,1,0.049462,False,False
2026-06-22 16:00:00+00:00,64855.590000,64855.590000,64521.670000,64758.900000,0,1,0.037728,False,False
2026-06-22 17:00:00+00:00,64725.810000,64726.690000,64402.390000,64600.000000,0,1,0.035458,False,False
2026-06-22 18:00:00+00:00,64605.690000,64725.020000,64318.160000,64360.810000,0,1,0.034434,False,False
2026-06-22 19:00:00+00:00,64332.610000,64489.110000,64300.010000,64489.110000,0,1,0.029498,False,False
2026-06-22 20:00:00+00:00,64473.880000,64661.450000,64365.520000,64422.140000,0,1,0.026778,False,False
2026-06-22 21:00:00+00:00,64437.540000,64476.450000,64173.610000,64283.530000,0,1,0.027773,False,False
2026-06-22 22:00:00+00:00,64339.810000,64385.080000,63818.280000,63936.610000,0,1,0.031682,False,False
2026-06-22 23:00:00+00:00,63947.490000,64042.980000,63907.900000,64018.920000,0,1,0.034841,False,False
2026-06-23 00:00:00+00:00,64019.000000,64131.570000,63857.300000,64113.930000,0,1,0.033674,False,False
2026-06-23 01:00:00+00:00,64150.190000,64247.000000,63913.950000,64176.100000,0,1,0.030617,False,False
2026-06-23 02:00:00+00:00,64182.740000,64250.790000,64090.550000,64208.490000,0,1,0.029967,False,False
2026-06-23 03:00:00+00:00,64166.750000,64166.750000,63977.270000,64067.060000,0,1,0.031787,False,False
2026-06-23 04:00:00+00:00,64072.770000,64096.990000,63612.070000,63612.070000,0,0,0.038902,False,False
2026-06-23 05:00:00+00:00,63635.070000,63736.810000,63352.130000,63384.140000,0,0,0.041219,False,False
2026-06-23 06:00:00+00:00,63394.750000,63394.750000,62578.600000,62948.840000,0,0,0.043638,False,False
2026-06-23 07:00:00+00:00,62907.060000,63080.910000,62881.260000,62923.010000,0,0,0.042805,False,False
2026-06-23 08:00:00+00:00,62883.120000,62911.310000,61950.000000,62380.570000,0,0,0.046124,False,False
2026-06-23 09:00:00+00:00,62404.640000,62510.630000,62353.990000,62374.700000,0,0,0.047944,False,False
2026-06-23 10:00:00+00:00,62398.220000,62567.280000,62240.740000,62319.760000,0,0,0.040884,False,False
2026-06-23 11:00:00+00:00,62391.100000,62623.360000,62322.280000,62504.610000,0,0,0.042872,False,False
2026-06-23 12:00:00+00:00,62497.470000,62555.410000,62221.850000,62258.300000,0,0,0.042743,False,False
2026-06-23 13:00:00+00:00,62260.660000,62528.760000,61976.710000,62459.090000,0,0,0.041019,False,False
2026-06-23 14:00:00+00:00,62484.590000,62835.780000,62442.960000,62448.880000,0,0,0.036732,False,False
2026-06-23 15:00:00+00:00,62459.630000,62502.660000,62230.150000,62466.760000,0,0,0.030816,False,False
2026-06-23 16:00:00+00:00,62479.440000,62838.600000,62421.140000,62547.950000,0,0,0.028914,False,False
2026-06-23 17:00:00+00:00,62552.540000,62685.700000,62321.620000,62363.060000,0,0,0.026525,False,False
2026-06-23 18:00:00+00:00,62378.240000,62457.880000,62109.570000,62229.710000,0,0,0.026562,False,False
2026-06-23 19:00:00+00:00,62260.640000,62450.000000,62230.830000,62414.180000,0,0,0.021979,False,False
2026-06-23 20:00:00+00:00,62420.190000,62506.310000,62386.950000,62462.620000,0,0,0.021953,False,False
2026-06-23 21:00:00+00:00,62497.050000,62656.830000,62474.340000,62592.460000,0,0,0.022360,False,False
2026-06-23 22:00:00+00:00,62590.890000,62763.290000,62517.050000,62579.200000,0,0,0.022038,False,False
2026-06-23 23:00:00+00:00,62582.740000,62763.290000,62500.790000,62747.400000,0,0,0.023871,False,False
2026-06-24 00:00:00+00:00,62748.300000,63020.210000,62729.650000,62995.320000,0,1,0.027647,False,False
2026-06-24 01:00:00+00:00,63016.810000,63093.370000,62821.710000,62967.000000,0,1,0.027202,False,False
2026-06-24 02:00:00+00:00,62900.000000,62900.000000,62640.470000,62693.310000,0,0,0.027486,False,False
2026-06-24 03:00:00+00:00,62658.130000,62820.640000,62472.260000,62744.230000,0,0,0.026258,False,False
2026-06-24 04:00:00+00:00,62714.690000,62790.770000,62536.340000,62775.440000,0,0,0.022511,False,False
2026-06-24 05:00:00+00:00,62750.570000,63050.000000,62708.480000,62886.500000,0,1,0.022236,False,False
2026-06-24 06:00:00+00:00,62854.750000,62912.510000,62740.590000,62740.590000,0,0,0.019548,False,False
2026-06-24 07:00:00+00:00,62746.340000,62841.040000,62623.360000,62678.170000,0,0,0.018427,False,False
2026-06-24 08:00:00+00:00,62651.410000,62798.770000,62616.060000,62796.490000,0,0,0.016163,False,False
2026-06-24 09:00:00+00:00,62796.490000,62796.490000,62644.330000,62687.450000,0,0,0.016024,False,False
2026-06-24 10:00:00+00:00,62637.910000,62645.010000,62434.410000,62455.800000,0,0,0.019408,False,False
2026-06-24 11:00:00+00:00,62441.490000,63182.130000,62326.630000,62893.420000,0,1,0.020275,False,False
2026-06-24 12:00:00+00:00,62921.820000,62963.730000,62612.650000,62612.650000,0,1,0.020914,False,False
2026-06-24 13:00:00+00:00,62592.340000,62592.340000,61290.980000,61327.540000,0,1,0.042838,False,False
2026-06-24 14:00:00+00:00,61319.170000,61462.810000,60908.730000,61097.760000,0,1,0.044144,False,False
2026-06-24 15:00:00+00:00,61105.030000,61113.280000,60253.290000,60286.770000,0,0,0.035984,False,False
2026-06-24 16:00:00+00:00,60340.870000,60652.420000,59668.170000,59889.600000,0,0,0.039602,False,False
2026-06-24 17:00:00+00:00,59835.440000,60039.140000,59123.660000,59428.000000,1,0,0.033574,False,False
2026-06-24 18:00:00+00:00,59412.210000,59983.490000,59349.590000,59588.680000,1,0,0.028271,False,False
2026-06-24 19:00:00+00:00,59637.960000,59945.920000,59485.200000,59925.910000,1,0,0.028552,False,False
2026-06-24 20:00:00+00:00,59882.610000,61192.720000,59882.610000,60986.310000,0,0,0.046772,False,False
2026-06-24 21:00:00+00:00,60986.310000,61130.580000,60698.200000,61107.650000,0,0,0.049042,False,False
2026-06-24 22:00:00+00:00,61161.100000,61253.310000,60807.260000,60807.260000,0,0,0.038812,False,False
2026-06-24 23:00:00+00:00,60861.420000,61061.550000,60861.420000,61061.550000,0,0,0.035315,False,False
2026-06-25 00:00:00+00:00,61077.450000,61137.570000,60748.770000,60775.120000,0,0,0.026562,False,False
2026-06-25 01:00:00+00:00,60830.270000,60959.550000,60748.770000,60894.060000,0,0,0.024611,False,False
2026-06-25 02:00:00+00:00,60906.330000,60931.410000,60690.950000,60738.420000,0,0,0.021668,False,False
2026-06-25 03:00:00+00:00,60822.630000,60900.610000,60693.070000,60889.670000,0,0,0.022077,False,False
2026-06-25 04:00:00+00:00,60895.030000,61382.030000,60807.260000,61374.620000,0,0,0.027876,False,False
2026-06-25 05:00:00+00:00,61404.520000,61760.760000,61404.520000,61646.750000,0,1,0.026230,False,False
2026-06-25 06:00:00+00:00,61655.180000,61832.320000,61635.020000,61778.600000,0,1,0.018574,False,False
2026-06-25 07:00:00+00:00,61762.090000,61939.650000,61689.060000,61869.650000,0,1,0.012408,False,False
2026-06-25 08:00:00+00:00,61794.870000,61806.210000,61690.520000,61690.520000,0,1,0.009483,False,False
2026-06-25 09:00:00+00:00,61717.070000,61777.860000,61617.030000,61724.840000,0,1,0.005863,False,False
2026-06-25 10:00:00+00:00,61680.990000,61715.810000,61281.310000,61281.310000,0,0,0.003158,False,False
2026-06-25 11:00:00+00:00,61307.350000,61486.520000,60999.620000,61281.060000,0,0,-0.000195,False,False
2026-06-25 12:00:00+00:00,61284.330000,61716.410000,61092.980000,61205.370000,0,1,-0.009170,False,False
2026-06-25 13:00:00+00:00,61274.130000,61345.250000,58150.000000,58256.130000,1,0,0.040021,False,False
2026-06-25 14:00:00+00:00,58315.160000,60467.780000,58315.160000,59503.560000,0,0,0.030677,False,False
2026-06-25 15:00:00+00:00,59460.460000,59656.250000,58882.400000,59565.550000,0,0,0.001512,False,False
2026-06-25 16:00:00+00:00,59565.000000,60144.680000,59047.760000,59323.830000,0,0,0.001872,False,False
2026-06-25 17:00:00+00:00,59326.610000,59711.110000,59145.840000,59654.410000,0,0,0.010383,False,False
2026-06-25 18:00:00+00:00,59680.760000,59741.280000,59358.980000,59501.960000,0,0,0.015122,False,False
2026-06-25 19:00:00+00:00,59509.980000,59509.980000,59191.640000,59330.610000,0,0,0.016648,False,False
2026-06-25 20:00:00+00:00,59323.210000,59736.970000,59312.560000,59405.420000,0,0,0.013668,False,False
2026-06-25 21:00:00+00:00,59468.210000,60238.950000,59466.980000,60202.800000,0,1,0.023620,False,False
2026-06-25 22:00:00+00:00,60202.800000,60202.800000,59681.110000,59841.200000,0,0,0.022229,False,False
2026-06-25 23:00:00+00:00,59910.990000,60175.100000,59690.220000,59690.220000,0,0,0.019719,False,False
2026-06-26 00:00:00+00:00,59805.820000,59886.330000,59643.480000,59669.680000,0,0,0.010156,False,False
2026-06-26 01:00:00+00:00,59671.280000,59765.310000,59245.830000,59416.320000,0,0,0.002247,False,False
2026-06-26 02:00:00+00:00,59425.540000,59425.540000,58386.320000,58552.910000,1,0,0.014093,False,False
2026-06-26 03:00:00+00:00,58570.520000,60111.000000,58372.730000,59978.650000,0,0,0.018821,False,False
2026-06-26 04:00:00+00:00,60074.600000,60202.890000,59852.110000,59904.250000,0,0,0.018820,False,False
2026-06-26 05:00:00+00:00,59916.000000,60020.440000,59778.360000,59932.000000,0,0,0.009301,False,False
2026-06-26 06:00:00+00:00,59888.830000,60402.110000,59706.930000,60331.430000,0,0,0.014744,False,False
2026-06-26 07:00:00+00:00,60316.300000,60740.710000,60288.410000,60526.170000,0,1,0.016969,False,False
2026-06-26 08:00:00+00:00,60559.810000,60559.810000,60166.480000,60231.140000,0,0,0.009732,False,False
2026-06-26 09:00:00+00:00,60226.300000,60226.300000,59628.880000,59731.260000,0,0,0.013372,False,False
2026-06-26 10:00:00+00:00,59741.170000,59798.320000,59285.190000,59285.190000,0,0,0.011400,False,False
2026-06-26 11:00:00+00:00,59393.860000,59516.810000,59296.180000,59350.640000,0,0,0.002201,False,False
2026-06-26 12:00:00+00:00,59378.260000,59920.070000,58998.390000,59231.680000,0,0,-0.003819,False,False
2026-06-26 13:00:00+00:00,59240.170000,60176.120000,58539.060000,60161.840000,0,0,0.013925,False,False
2026-06-26 14:00:00+00:00,60164.850000,60273.410000,59375.900000,59683.590000,0,0,0.008016,False,False
2026-06-26 15:00:00+00:00,59606.480000,60492.960000,59606.480000,60336.010000,0,0,0.012083,False,False
2026-06-26 16:00:00+00:00,60340.580000,60547.170000,59986.730000,60044.290000,0,0,0.011702,False,False
2026-06-26 17:00:00+00:00,60032.080000,60284.460000,59967.460000,60063.100000,0,0,0.010906,False,False
2026-06-26 18:00:00+00:00,60035.540000,60141.920000,59567.460000,59667.460000,0,0,0.009844,False,False
2026-06-26 19:00:00+00:00,59678.210000,60106.670000,59670.340000,59761.600000,0,0,0.010222,False,False
2026-06-26 20:00:00+00:00,59794.970000,59975.700000,59607.820000,59720.670000,0,0,0.006333,False,False
2026-06-26 21:00:00+00:00,59709.800000,60165.600000,59682.410000,59972.250000,0,0,0.008384,False,False
2026-06-26 22:00:00+00:00,59910.580000,60095.070000,59781.280000,60062.750000,0,0,0.008554,False,False
2026-06-26 23:00:00+00:00,60062.600000,60109.660000,59940.800000,60096.020000,0,0,0.007193,False,False
2026-06-27 00:00:00+00:00,60127.680000,60178.120000,59913.050000,60049.020000,0,0,0.004052,False,False
2026-06-27 01:00:00+00:00,60031.590000,60031.590000,59949.040000,59962.440000,0,0,0.006056,False,False
2026-06-27 02:00:00+00:00,59949.490000,60382.610000,59941.930000,60314.900000,0,0,0.014911,False,False
2026-06-27 03:00:00+00:00,60283.530000,60394.990000,60173.780000,60321.850000,0,0,0.015700,False,False
2026-06-27 04:00:00+00:00,60321.850000,60482.400000,60238.940000,60238.940000,0,0,0.014448,False,False
2026-06-27 05:00:00+00:00,60252.020000,60286.760000,60150.400000,60275.520000,0,0,0.014851,False,False
2026-06-27 06:00:00+00:00,60240.210000,60546.010000,60134.500000,60368.080000,0,0,0.013175,False,False
2026-06-27 07:00:00+00:00,60376.020000,60566.920000,60294.120000,60544.650000,0,0,0.012787,False,False
2026-06-27 08:00:00+00:00,60541.010000,60541.010000,60416.000000,60454.670000,0,0,0.009648,False,False
2026-06-27 09:00:00+00:00,60497.060000,60497.060000,60311.680000,60416.200000,0,0,0.009471,False,False
2026-06-27 10:00:00+00:00,60435.680000,60460.300000,60329.700000,60382.120000,0,0,0.010282,False,False
2026-06-27 11:00:00+00:00,60441.620000,60447.490000,60191.410000,60363.310000,0,0,0.011739,False,False
2026-06-27 12:00:00+00:00,60348.590000,60465.070000,60282.350000,60416.610000,0,0,0.014559,False,False
2026-06-27 13:00:00+00:00,60436.650000,60634.700000,60393.260000,60582.450000,0,0,0.014200,False,False
2026-06-27 14:00:00+00:00,60518.610000,60717.340000,60518.610000,60637.270000,0,0,0.016756,False,False
2026-06-27 15:00:00+00:00,60599.060000,60914.550000,60599.060000,60840.980000,0,0,0.018442,False,False
2026-06-27 16:00:00+00:00,60836.680000,60848.960000,60689.820000,60812.570000,0,0,0.018062,False,False
2026-06-27 17:00:00+00:00,60804.120000,60804.120000,60437.670000,60527.670000,0,0,0.018835,False,False
2026-06-27 18:00:00+00:00,60525.980000,60567.990000,60456.180000,60543.130000,0,0,0.019454,False,False
2026-06-27 19:00:00+00:00,60598.240000,60600.540000,60095.810000,60177.020000,0,0,0.022340,False,False
2026-06-27 20:00:00+00:00,60226.560000,60300.990000,60219.960000,60258.520000,0,0,0.024895,False,False
2026-06-27 21:00:00+00:00,60286.310000,60477.880000,60144.090000,60186.010000,0,0,0.022175,False,False
2026-06-27 22:00:00+00:00,60201.890000,60249.570000,59871.780000,60223.890000,0,0,0.023577,False,False
2026-06-27 23:00:00+00:00,60239.250000,60298.280000,59976.290000,60034.550000,0,0,0.026465,False,False
2026-06-28 00:00:00+00:00,60065.000000,60197.460000,60031.590000,60184.410000,0,0,0.028216,False,False
2026-06-28 01:00:00+00:00,60150.640000,60261.070000,60000.000000,60219.260000,0,0,0.030141,False,False
2026-06-28 02:00:00+00:00,60226.330000,60342.790000,60057.710000,60165.810000,0,0,0.029749,False,False
2026-06-28 03:00:00+00:00,60185.220000,60281.190000,60165.680000,60165.680000,0,0,0.029598,False,False
2026-06-28 04:00:00+00:00,60209.160000,60233.390000,60127.620000,60147.650000,0,0,0.028119,False,False
2026-06-28 05:00:00+00:00,60129.000000,60143.690000,59786.330000,59987.740000,0,0,0.030392,False,False
2026-06-28 06:00:00+00:00,60009.680000,60020.270000,59827.520000,60004.050000,0,0,0.029242,False,False
2026-06-28 07:00:00+00:00,60024.910000,60233.340000,60024.910000,60201.930000,0,0,0.030089,False,False
2026-06-28 08:00:00+00:00,60239.740000,60520.370000,60177.430000,60432.770000,0,0,0.035051,False,False
2026-06-28 09:00:00+00:00,60296.000000,60446.740000,60281.650000,60281.650000,0,0,0.034197,False,False
2026-06-28 10:00:00+00:00,60256.060000,60269.380000,60075.000000,60194.160000,0,0,0.035359,False,False
2026-06-28 11:00:00+00:00,60178.840000,60362.950000,60129.570000,60362.950000,0,0,0.034360,False,False
2026-06-28 12:00:00+00:00,60332.870000,60437.670000,60211.310000,60275.620000,0,0,0.034112,False,False
2026-06-28 13:00:00+00:00,60213.160000,60230.320000,59994.380000,60114.500000,0,0,0.035366,False,False
2026-06-28 14:00:00+00:00,60084.690000,60208.510000,60043.170000,60092.590000,0,0,0.033971,False,False
2026-06-28 15:00:00+00:00,60037.220000,60097.480000,59816.480000,59866.710000,0,0,0.034702,False,False
2026-06-28 16:00:00+00:00,59905.980000,59945.000000,59581.370000,59695.130000,0,0,0.036864,False,False
2026-06-28 17:00:00+00:00,59684.050000,59837.160000,59362.160000,59578.480000,0,0,0.034764,False,False
2026-06-28 18:00:00+00:00,59594.820000,59695.710000,59500.420000,59596.100000,0,0,0.032154,False,False
2026-06-28 19:00:00+00:00,59625.560000,59658.450000,59264.900000,59480.420000,0,0,0.032518,False,False
2026-06-28 20:00:00+00:00,59489.820000,59737.040000,59489.820000,59643.070000,0,0,0.032876,False,False
2026-06-28 21:00:00+00:00,59663.210000,59764.640000,59356.180000,59408.510000,0,0,0.033703,False,False
2026-06-28 22:00:00+00:00,59458.510000,59894.480000,58938.360000,59066.340000,0,0,0.039399,False,False
2026-06-28 23:00:00+00:00,59013.850000,59835.770000,59013.850000,59523.420000,0,0,0.037167,False,False
2026-06-29 00:00:00+00:00,59582.850000,59643.480000,59030.000000,59643.480000,0,0,0.037743,False,False
2026-06-29 01:00:00+00:00,59671.060000,59689.110000,59220.420000,59474.140000,0,0,0.033333,False,False
2026-06-29 02:00:00+00:00,59389.450000,59800.000000,58922.520000,59752.880000,0,0,0.035072,False,False
2026-06-29 03:00:00+00:00,59773.360000,60219.650000,59773.360000,60053.830000,0,0,0.041602,False,False
2026-06-29 04:00:00+00:00,60068.530000,60068.530000,59786.330000,59828.640000,0,0,0.039524,False,False
2026-06-29 05:00:00+00:00,59856.780000,60075.000000,59400.000000,60075.000000,0,0,0.042166,False,False
2026-06-29 06:00:00+00:00,60095.320000,60347.410000,60058.770000,60089.800000,0,0,0.043337,False,False
2026-06-29 07:00:00+00:00,60054.000000,60174.380000,59951.060000,60113.720000,0,0,0.040512,False,False
2026-06-29 08:00:00+00:00,60031.150000,60080.210000,59779.130000,59835.130000,0,0,0.042910,False,False
2026-06-29 09:00:00+00:00,59841.530000,60084.830000,59813.720000,60043.430000,0,0,0.041121,False,False
2026-06-29 10:00:00+00:00,60075.000000,60304.430000,60075.000000,60096.680000,0,0,0.034659,False,False
2026-06-29 11:00:00+00:00,60087.090000,60150.110000,59826.170000,59951.060000,0,0,0.031203,False,False
2026-06-29 12:00:00+00:00,59967.420000,60767.220000,59591.560000,59977.320000,0,0,0.029410,False,False
2026-06-29 13:00:00+00:00,59972.810000,60332.350000,59355.470000,59563.490000,0,0,0.030171,False,False
2026-06-29 14:00:00+00:00,59557.840000,59668.150000,59023.260000,59426.240000,0,0,0.031704,False,False
2026-06-29 15:00:00+00:00,59417.220000,59939.600000,59108.050000,59912.730000,0,0,0.029371,False,False
2026-06-29 16:00:00+00:00,59810.900000,59994.380000,59591.100000,59865.650000,0,0,0.029727,False,False
2026-06-29 17:00:00+00:00,59910.050000,60672.380000,59910.050000,60390.320000,0,1,0.034432,False,False
2026-06-29 18:00:00+00:00,60383.330000,60524.010000,60184.290000,60262.600000,0,1,0.035347,False,False
2026-06-29 19:00:00+00:00,60280.650000,60551.740000,60154.390000,60440.480000,0,1,0.034581,False,False
2026-06-29 20:00:00+00:00,60422.920000,60527.560000,60298.910000,60298.910000,0,1,0.033875,False,False
2026-06-29 21:00:00+00:00,60289.470000,60570.000000,60260.450000,60510.380000,0,1,0.036808,False,False
2026-06-29 22:00:00+00:00,60476.760000,60496.450000,60352.800000,60368.740000,0,1,0.039841,False,False
2026-06-29 23:00:00+00:00,60361.870000,60374.450000,60208.500000,60253.780000,0,1,0.042073,False,False
2026-06-30 00:00:00+00:00,60222.390000,60248.100000,59692.600000,59841.270000,0,0,0.046490,False,False
2026-06-30 01:00:00+00:00,59848.940000,60044.230000,59776.800000,59926.530000,0,1,0.044254,False,False
2026-06-30 02:00:00+00:00,59940.290000,60023.030000,59761.150000,60007.820000,0,1,0.036425,False,False
2026-06-30 03:00:00+00:00,59947.310000,60009.620000,59599.270000,59615.100000,0,1,0.039964,False,False
2026-06-30 04:00:00+00:00,59622.940000,59705.670000,59438.970000,59496.440000,0,0,0.042646,False,False
2026-06-30 05:00:00+00:00,59498.340000,59652.060000,59370.910000,59652.060000,0,1,0.037128,False,False
2026-06-30 06:00:00+00:00,59652.070000,59693.710000,59528.770000,59562.990000,0,0,0.037383,False,False
2026-06-30 07:00:00+00:00,59627.420000,59627.420000,59454.200000,59530.020000,0,0,0.037421,False,False
2026-06-30 08:00:00+00:00,59540.660000,59555.230000,59200.770000,59281.190000,0,0,0.040273,False,False
2026-06-30 09:00:00+00:00,59304.210000,59410.930000,59258.440000,59387.080000,0,0,0.038530,False,False
2026-06-30 10:00:00+00:00,59391.450000,59400.880000,59301.030000,59350.500000,0,0,0.035068,False,False
2026-06-30 11:00:00+00:00,59342.360000,59403.050000,59135.510000,59186.460000,0,0,0.035932,False,False
2026-06-30 12:00:00+00:00,59167.170000,59167.170000,58406.520000,58406.520000,0,0,0.049751,False,False
2026-06-30 13:00:00+00:00,58416.290000,58762.250000,58280.000000,58681.650000,0,0,0.047993,False,False
2026-06-30 14:00:00+00:00,58730.310000,59245.830000,58452.990000,58500.000000,0,0,0.040607,False,False
2026-06-30 15:00:00+00:00,58484.900000,58801.370000,58206.630000,58373.050000,0,0,0.043117,False,False
2026-06-30 16:00:00+00:00,58366.890000,58599.490000,58227.640000,58477.960000,0,0,0.041100,False,False
2026-06-30 17:00:00+00:00,58477.960000,58627.340000,58320.980000,58413.310000,0,0,0.039356,False,False
2026-06-30 18:00:00+00:00,58416.290000,58675.760000,58341.310000,58675.760000,0,0,0.041660,False,False
2026-06-30 19:00:00+00:00,58674.930000,58845.190000,58588.160000,58805.500000,0,0,0.042621,False,False
2026-06-30 20:00:00+00:00,58762.250000,58869.560000,58675.760000,58762.040000,0,0,0.039614,False,False
2026-06-30 21:00:00+00:00,58732.600000,58742.580000,58528.230000,58633.720000,0,0,0.038643,False,False
2026-06-30 22:00:00+00:00,58675.760000,58762.250000,58507.730000,58602.200000,0,0,0.035733,False,False
2026-06-30 23:00:00+00:00,58613.680000,58672.130000,58582.390000,58632.520000,0,0,0.030991,False,False
2026-07-01 00:00:00+00:00,58631.510000,58745.820000,58355.370000,58570.240000,0,0,0.030360,False,False
2026-07-01 01:00:00+00:00,58580.350000,59100.000000,57800.000000,58780.560000,0,0,0.032850,False,False
2026-07-01 02:00:00+00:00,58775.110000,59177.060000,58624.270000,59108.210000,0,0,0.039675,False,False
2026-07-01 03:00:00+00:00,59064.960000,59304.320000,58868.770000,59187.890000,0,0,0.040104,False,False
2026-07-01 04:00:00+00:00,59163.770000,59443.380000,59069.070000,59327.540000,0,0,0.039543,False,False
2026-07-01 05:00:00+00:00,59324.430000,59369.910000,59132.520000,59139.390000,0,0,0.037481,False,False
2026-07-01 06:00:00+00:00,59151.450000,59156.410000,58543.300000,58733.630000,0,0,0.040909,False,False
2026-07-01 07:00:00+00:00,58753.730000,58773.180000,58617.420000,58750.890000,0,0,0.037014,False,False
2026-07-01 08:00:00+00:00,58755.170000,58952.070000,58486.040000,58952.070000,0,0,0.032316,False,False
2026-07-01 09:00:00+00:00,58952.140000,59064.960000,58856.690000,58935.230000,0,0,0.030785,False,False
2026-07-01 10:00:00+00:00,58923.940000,58923.940000,58632.530000,58650.000000,1,0,0.030985,False,False
2026-07-01 11:00:00+00:00,58655.610000,58752.820000,58529.000000,58563.610000,1,0,0.030275,False,False
2026-07-01 12:00:00+00:00,58632.520000,58640.220000,58330.140000,58566.970000,1,0,0.026793,False,False
2026-07-01 13:00:00+00:00,58544.670000,59492.460000,58544.670000,59492.460000,1,0,0.040337,False,False
2026-07-01 14:00:00+00:00,59454.160000,60075.000000,59228.740000,59516.960000,1,0,0.043364,False,False
2026-07-01 15:00:00+00:00,59540.660000,60515.310000,59519.880000,60157.220000,0,0,0.047434,False,False
2026-07-01 16:00:00+00:00,60151.230000,60256.050000,59868.540000,59887.490000,1,0,0.048416,False,False
2026-07-01 17:00:00+00:00,59901.610000,60235.950000,59799.800000,60184.750000,0,0,0.048946,False,False
2026-07-01 18:00:00+00:00,60180.870000,60283.490000,60034.380000,60158.210000,0,0,0.047228,False,False
2026-07-01 19:00:00+00:00,60189.320000,60319.060000,60031.130000,60031.130000,0,0,0.043505,False,False
2026-07-01 20:00:00+00:00,60044.650000,60189.320000,59852.470000,60118.160000,0,0,0.040974,False,False
2026-07-01 21:00:00+00:00,60128.720000,60859.600000,60128.720000,60815.700000,0,0,0.051985,False,False
2026-07-01 22:00:00+00:00,60824.660000,61321.460000,60354.060000,60490.860000,0,0,0.045953,False,False
2026-07-01 23:00:00+00:00,60461.780000,60461.780000,60000.000000,60033.870000,0,0,0.042019,False,False
2026-07-02 00:00:00+00:00,60016.350000,60016.350000,59593.670000,59704.000000,1,0,0.032695,False,False
2026-07-02 01:00:00+00:00,59755.090000,60308.220000,59726.680000,60171.720000,1,0,0.025905,False,False
2026-07-02 02:00:00+00:00,60188.610000,60480.000000,60037.180000,60442.680000,0,0,0.025041,False,False
2026-07-02 03:00:00+00:00,60430.610000,61110.550000,60341.780000,61054.210000,0,0,0.030680,False,False
2026-07-02 04:00:00+00:00,61013.130000,61031.800000,60739.150000,60794.750000,0,0,0.027128,False,False
2026-07-02 05:00:00+00:00,60791.250000,60866.350000,60485.820000,60535.280000,0,0,0.026985,False,False
2026-07-02 06:00:00+00:00,60503.680000,60628.120000,60267.680000,60275.810000,1,0,0.026504,False,False
2026-07-02 07:00:00+00:00,60257.200000,60298.470000,60117.970000,60129.920000,1,0,0.025744,False,False
2026-07-02 08:00:00+00:00,60133.460000,60535.400000,60133.460000,60508.870000,0,0,0.025877,False,False
2026-07-02 09:00:00+00:00,60508.890000,61422.600000,60385.740000,61190.430000,0,0,0.038594,False,False
2026-07-02 10:00:00+00:00,61183.950000,61326.050000,61060.190000,61260.180000,0,0,0.043797,False,False
2026-07-02 11:00:00+00:00,61227.190000,61379.030000,61132.500000,61376.600000,0,0,0.043127,False,False
2026-07-02 12:00:00+00:00,61356.930000,61608.720000,61169.580000,61551.400000,0,0,0.047915,False,False
2026-07-02 13:00:00+00:00,61551.420000,62034.690000,61519.730000,61937.750000,0,0,0.053991,False,False
2026-07-02 14:00:00+00:00,61919.100000,62199.020000,61418.150000,61659.630000,0,0,0.052394,False,False
2026-07-02 15:00:00+00:00,61686.690000,61832.620000,61443.410000,61616.390000,0,0,0.051999,False,False
2026-07-02 16:00:00+00:00,61623.420000,61773.260000,61160.840000,61675.690000,0,0,0.047514,False,False
2026-07-02 17:00:00+00:00,61667.810000,61939.530000,61620.230000,61665.420000,0,0,0.044874,False,False
2026-07-02 18:00:00+00:00,61691.340000,61860.310000,61685.140000,61747.650000,0,0,0.040758,False,False
2026-07-02 19:00:00+00:00,61737.770000,61742.740000,61443.410000,61443.410000,0,0,0.036122,False,False
2026-07-02 20:00:00+00:00,61486.660000,61588.520000,61349.940000,61588.520000,0,0,0.030085,False,False
2026-07-02 21:00:00+00:00,61573.170000,61616.390000,61509.880000,61581.560000,0,0,0.024627,False,False
2026-07-02 22:00:00+00:00,61573.150000,61573.150000,61437.750000,61529.900000,0,0,0.022338,False,False
2026-07-02 23:00:00+00:00,61486.660000,61585.760000,61352.980000,61557.610000,0,0,0.023008,False,False
2026-07-03 00:00:00+00:00,61573.150000,61573.150000,61270.440000,61313.710000,0,0,0.029654,False,False
2026-07-03 01:00:00+00:00,61318.100000,61728.200000,61313.680000,61601.240000,0,0,0.031870,False,False
2026-07-03 02:00:00+00:00,61612.280000,61650.310000,61313.680000,61453.070000,0,0,0.033160,False,False
2026-07-03 03:00:00+00:00,61443.410000,61586.080000,61332.310000,61444.550000,0,0,0.032420,False,False
2026-07-03 04:00:00+00:00,61455.530000,61534.000000,61349.950000,61454.300000,0,0,0.030999,False,False
2026-07-03 05:00:00+00:00,61443.410000,61786.880000,61443.410000,61708.130000,0,0,0.036827,False,False
2026-07-03 06:00:00+00:00,61707.440000,61833.780000,61616.390000,61735.850000,0,0,0.041393,False,False
2026-07-03 07:00:00+00:00,61710.910000,61978.670000,61685.670000,61758.440000,0,0,0.045294,False,False
2026-07-03 08:00:00+00:00,61766.840000,61889.680000,61575.950000,61575.950000,0,0,0.052284,False,False
2026-07-03 09:00:00+00:00,61573.150000,61755.590000,61554.450000,61746.130000,0,0,0.053970,False,False
2026-07-03 10:00:00+00:00,61735.760000,62048.820000,61679.020000,61919.100000,0,0,0.057559,False,False
2026-07-03 11:00:00+00:00,61892.640000,62088.700000,61860.320000,62032.180000,0,0,0.058633,False,False
2026-07-03 12:00:00+00:00,62016.180000,62182.630000,61908.200000,61962.510000,0,0,0.054809,False,False
2026-07-03 13:00:00+00:00,61985.000000,62269.810000,61962.350000,62131.170000,0,0,0.054987,False,False
2026-07-03 14:00:00+00:00,62114.020000,62245.300000,61714.090000,62168.410000,0,0,0.053908,False,False
2026-07-03 15:00:00+00:00,62182.980000,62383.020000,61832.620000,61919.160000,0,0,0.051971,False,False
2026-07-03 16:00:00+00:00,61923.470000,62096.960000,61916.380000,62092.080000,0,0,0.048719,False,False
2026-07-03 17:00:00+00:00,62135.330000,62301.060000,62135.330000,62178.570000,0,0,0.046790,False,False
2026-07-03 18:00:00+00:00,62202.320000,62256.460000,62120.940000,62212.130000,0,0,0.043638,False,False
2026-07-03 19:00:00+00:00,62212.170000,62308.290000,62157.890000,62225.310000,0,0,0.042021,False,False
2026-07-03 20:00:00+00:00,62225.690000,62892.640000,62196.830000,62740.750000,0,0,0.048647,False,False
2026-07-03 21:00:00+00:00,62783.990000,62956.970000,62522.730000,62740.760000,0,0,0.047503,False,False
2026-07-03 22:00:00+00:00,62740.750000,62740.750000,62525.660000,62598.840000,0,0,0.041802,False,False
2026-07-03 23:00:00+00:00,62569.100000,62704.370000,62536.450000,62607.320000,0,0,0.040484,False,False
2026-07-04 00:00:00+00:00,62603.200000,62931.210000,62594.010000,62776.060000,0,0,0.040438,False,False
2026-07-04 01:00:00+00:00,62776.050000,62776.050000,62423.270000,62481.280000,0,0,0.040042,False,False
2026-07-04 02:00:00+00:00,62485.130000,62567.490000,62452.880000,62538.960000,0,0,0.040247,False,False
2026-07-04 03:00:00+00:00,62527.840000,62740.730000,62501.470000,62653.390000,0,0,0.036197,False,False
2026-07-04 04:00:00+00:00,62642.840000,62740.740000,62617.760000,62657.150000,0,0,0.035213,False,False
2026-07-04 05:00:00+00:00,62697.490000,62697.490000,62471.830000,62471.830000,0,0,0.034924,False,False
2026-07-04 06:00:00+00:00,62473.880000,62527.000000,62344.720000,62507.110000,0,0,0.033239,False,False
2026-07-04 07:00:00+00:00,62505.690000,62611.020000,62486.130000,62582.790000,0,0,0.030143,False,False
2026-07-04 08:00:00+00:00,62596.760000,62640.810000,62533.920000,62611.020000,0,0,0.031641,False,False
2026-07-04 09:00:00+00:00,62572.520000,62572.520000,62448.780000,62508.910000,0,0,0.032801,False,False
2026-07-04 10:00:00+00:00,62496.670000,62543.970000,62479.230000,62524.530000,0,0,0.033485,False,False
2026-07-04 11:00:00+00:00,62499.440000,62545.980000,62478.580000,62505.640000,0,0,0.032610,False,False
2026-07-04 12:00:00+00:00,62505.640000,62680.850000,62505.640000,62673.120000,0,0,0.035098,False,False
2026-07-04 13:00:00+00:00,62659.080000,62758.070000,62550.850000,62588.570000,0,0,0.034880,False,False
2026-07-04 14:00:00+00:00,62599.680000,62721.700000,62599.680000,62673.690000,0,0,0.034868,False,False
2026-07-04 15:00:00+00:00,62697.500000,63043.460000,62697.500000,62928.670000,0,0,0.041249,False,False
2026-07-04 16:00:00+00:00,62913.730000,62966.470000,62751.510000,62913.730000,0,0,0.042603,False,False
2026-07-04 17:00:00+00:00,62870.480000,63418.940000,62819.400000,63293.580000,0,0,0.047843,False,False
2026-07-04 18:00:00+00:00,63287.570000,63349.240000,63115.000000,63164.090000,0,0,0.047907,False,False
2026-07-04 19:00:00+00:00,63159.290000,63449.910000,63118.890000,63308.580000,0,0,0.046771,False,False
2026-07-04 20:00:00+00:00,63302.930000,63387.100000,63164.740000,63238.640000,0,0,0.044399,False,False
2026-07-04 21:00:00+00:00,63235.990000,63453.490000,63216.440000,63321.930000,0,0,0.041511,False,False
2026-07-04 22:00:00+00:00,63317.520000,63317.520000,63180.000000,63197.910000,0,0,0.038771,False,False
2026-07-04 23:00:00+00:00,63180.000000,63229.380000,62940.170000,63173.190000,0,0,0.036028,False,False
2026-07-05 00:00:00+00:00,63137.870000,63137.870000,62926.800000,62987.820000,0,0,0.033516,False,False
2026-07-05 01:00:00+00:00,62989.090000,63026.680000,62800.010000,62870.480000,0,0,0.031819,False,False
2026-07-05 02:00:00+00:00,62913.730000,62917.740000,62613.890000,62699.020000,0,0,0.029845,False,False
2026-07-05 03:00:00+00:00,62697.500000,62778.730000,62689.370000,62777.000000,0,0,0.027717,False,False
2026-07-05 04:00:00+00:00,62780.640000,62959.690000,62708.830000,62833.460000,0,0,0.026334,False,False
2026-07-05 05:00:00+00:00,62827.240000,62827.240000,62686.000000,62758.860000,0,0,0.026581,False,False
2026-07-05 06:00:00+00:00,62740.750000,62826.310000,62672.600000,62788.840000,0,0,0.027323,False,False
2026-07-05 07:00:00+00:00,62805.550000,63042.820000,62729.540000,63042.820000,0,0,0.030050,False,False
2026-07-05 08:00:00+00:00,63043.460000,63086.700000,62909.420000,62923.520000,0,0,0.029587,False,False
2026-07-05 09:00:00+00:00,62913.730000,62919.560000,62481.280000,62611.020000,0,0,0.032682,False,False
2026-07-05 10:00:00+00:00,62586.910000,62740.750000,62567.770000,62740.750000,0,0,0.031198,False,False
2026-07-05 11:00:00+00:00,62745.100000,62783.990000,62625.000000,62681.340000,0,0,0.028738,False,False
2026-07-05 12:00:00+00:00,62654.260000,62763.340000,62596.770000,62740.750000,0,0,0.028775,False,False
2026-07-05 13:00:00+00:00,62741.670000,62819.400000,62659.140000,62791.810000,0,0,0.030016,False,False
2026-07-05 14:00:00+00:00,62798.950000,62828.880000,62682.920000,62815.680000,0,0,0.030342,False,False
2026-07-05 15:00:00+00:00,62808.010000,62945.710000,62683.720000,62740.750000,0,0,0.030154,False,False
2026-07-05 16:00:00+00:00,62731.070000,62766.480000,62572.500000,62630.040000,0,0,0.031353,False,False
2026-07-05 17:00:00+00:00,62644.760000,62783.990000,62600.870000,62631.640000,0,0,0.029758,False,False
2026-07-05 18:00:00+00:00,62631.830000,62848.970000,62631.830000,62827.240000,0,0,0.030250,False,False
2026-07-05 19:00:00+00:00,62783.990000,62864.260000,62740.750000,62784.000000,0,0,0.028782,False,False
2026-07-05 20:00:00+00:00,62784.000000,62848.700000,62719.180000,62731.660000,0,0,0.027110,False,False
2026-07-05 21:00:00+00:00,62697.500000,63219.400000,62554.050000,63117.470000,0,0,0.031941,False,False
2026-07-05 22:00:00+00:00,63086.710000,63943.640000,63003.170000,63745.740000,0,1,0.043893,False,False
2026-07-05 23:00:00+00:00,63760.180000,63999.960000,63580.560000,63637.540000,0,1,0.040373,False,False
2026-07-06 00:00:00+00:00,63648.890000,63773.610000,63376.640000,63773.610000,0,1,0.035123,False,False
2026-07-06 01:00:00+00:00,63762.420000,63917.190000,63562.400000,63581.730000,0,1,0.033715,False,False
2026-07-06 02:00:00+00:00,63602.460000,63669.370000,63380.400000,63453.590000,0,1,0.033296,False,False
2026-07-06 03:00:00+00:00,63475.900000,63475.900000,63173.190000,63274.020000,0,1,0.029665,False,False
2026-07-06 04:00:00+00:00,63286.190000,63384.430000,63214.670000,63259.680000,0,1,0.025099,False,False
2026-07-06 05:00:00+00:00,63241.390000,63251.840000,62953.800000,63128.940000,0,0,0.021116,False,False
2026-07-06 06:00:00+00:00,63115.800000,63152.520000,62985.760000,62985.760000,0,0,0.020445,False,False
2026-07-06 07:00:00+00:00,62968.260000,63117.120000,62890.620000,63090.980000,0,0,0.016040,False,False
2026-07-06 08:00:00+00:00,63117.470000,63216.440000,62868.780000,62890.790000,0,0,0.013984,False,False
2026-07-06 09:00:00+00:00,62890.530000,62890.530000,62644.250000,62672.060000,0,0,0.017734,False,False
2026-07-06 10:00:00+00:00,62666.460000,63038.380000,62666.460000,62870.480000,0,0,0.015584,False,False
2026-07-06 11:00:00+00:00,62842.990000,62981.060000,62522.730000,62522.730000,0,0,0.017377,False,False
2026-07-06 12:00:00+00:00,62500.000000,62500.000000,61672.300000,61746.130000,0,0,0.029335,False,False
2026-07-06 13:00:00+00:00,61714.100000,62022.720000,61322.370000,61776.990000,1,0,0.026325,False,False
2026-07-06 14:00:00+00:00,61789.370000,62394.790000,61724.330000,62029.240000,1,0,0.018440,False,False
2026-07-06 15:00:00+00:00,62048.830000,63535.970000,62048.830000,63519.150000,0,0,0.043843,False,False
2026-07-06 16:00:00+00:00,63541.600000,63852.760000,63409.800000,63711.140000,0,0,0.051417,False,False
2026-07-06 17:00:00+00:00,63735.370000,63925.870000,63576.670000,63576.670000,0,0,0.037869,False,False
2026-07-06 18:00:00+00:00,63581.710000,63868.850000,63576.910000,63705.290000,0,0,0.040104,False,False
2026-07-06 19:00:00+00:00,63700.440000,63868.850000,63662.780000,63717.860000,0,0,0.041405,False,False
2026-07-06 20:00:00+00:00,63735.370000,63877.590000,63588.770000,63835.540000,0,0,0.041888,False,False
2026-07-06 21:00:00+00:00,63830.120000,64649.500000,63821.860000,64476.370000,0,0,0.054318,False,False
2026-07-06 22:00:00+00:00,64491.820000,64491.820000,64167.820000,64215.510000,0,0,0.050229,False,False
2026-07-06 23:00:00+00:00,64229.520000,64335.960000,64033.630000,64033.630000,0,0,0.044186,False,False
2026-07-07 00:00:00+00:00,64038.090000,64310.190000,64012.790000,64206.660000,0,0,0.028679,False,False
2026-07-07 01:00:00+00:00,64171.910000,64171.910000,63777.000000,63831.960000,0,0,0.016378,False,False
2026-07-07 02:00:00+00:00,63843.190000,63904.950000,63302.930000,63312.600000,0,0,0.008689,False,False
2026-07-07 03:00:00+00:00,63346.170000,63402.960000,63157.890000,63173.190000,0,0,0.004312,False,False
2026-07-07 04:00:00+00:00,63165.990000,63267.040000,63072.550000,63106.860000,0,0,-0.001541,False,False
2026-07-07 05:00:00+00:00,63110.840000,63279.990000,62827.240000,63136.340000,0,0,-0.003165,False,False
2026-07-07 06:00:00+00:00,63133.600000,63393.750000,63027.000000,63355.580000,0,0,-0.001920,False,False
2026-07-07 07:00:00+00:00,63346.170000,63444.980000,63068.550000,63068.550000,0,0,-0.001158,False,False
2026-07-07 08:00:00+00:00,63086.700000,63157.830000,62998.540000,63097.870000,0,0,0.000798,False,False
2026-07-07 09:00:00+00:00,63100.770000,63335.120000,63058.540000,63259.680000,0,0,-0.000575,False,False
2026-07-07 10:00:00+00:00,63290.750000,63447.720000,63232.790000,63259.680000,0,0,-0.000292,False,False
2026-07-07 11:00:00+00:00,63273.600000,63456.470000,63122.240000,63401.340000,0,0,0.002012,False,False
2026-07-07 12:00:00+00:00,63416.960000,63852.760000,63416.960000,63483.770000,0,0,0.007264,False,False
2026-07-07 13:00:00+00:00,63467.750000,63467.750000,63000.000000,63070.950000,0,0,0.015095,False,False
2026-07-07 14:00:00+00:00,63054.900000,63626.710000,62700.000000,63595.580000,0,0,0.025494,False,False
2026-07-07 15:00:00+00:00,63569.320000,64081.330000,63389.420000,63929.050000,0,1,0.032403,False,False
2026-07-07 16:00:00+00:00,63951.600000,64227.320000,63768.000000,63994.840000,0,1,0.031257,False,False
2026-07-07 17:00:00+00:00,63988.630000,64220.750000,63899.050000,64182.710000,0,1,0.032562,False,False
2026-07-07 18:00:00+00:00,64167.820000,64167.820000,63683.730000,63683.730000,0,1,0.034922,False,False
2026-07-07 19:00:00+00:00,63683.620000,63877.700000,63393.750000,63780.540000,0,1,0.033075,False,False
2026-07-07 20:00:00+00:00,63821.860000,63890.860000,63623.680000,63682.890000,0,1,0.024164,False,False
2026-07-07 21:00:00+00:00,63717.860000,63848.870000,63334.610000,63383.830000,0,0,0.025524,False,False
2026-07-07 22:00:00+00:00,63415.870000,63642.500000,63202.800000,63551.980000,0,1,0.021707,False,False
2026-07-07 23:00:00+00:00,63562.390000,63717.720000,63331.780000,63339.510000,0,0,0.018638,False,False
2026-07-08 00:00:00+00:00,63369.550000,63742.150000,63335.620000,63614.980000,0,1,0.018761,False,False
2026-07-08 01:00:00+00:00,63605.640000,63642.500000,62913.910000,63010.570000,0,0,0.019711,False,False
2026-07-08 02:00:00+00:00,63030.950000,63061.710000,62575.270000,62989.900000,0,0,0.022772,False,False
2026-07-08 03:00:00+00:00,62993.250000,63093.360000,62738.850000,62763.240000,0,0,0.018465,False,False
2026-07-08 04:00:00+00:00,62776.510000,62909.770000,62690.440000,62738.980000,0,0,0.020006,False,False
2026-07-08 05:00:00+00:00,62794.020000,62854.790000,62575.270000,62629.470000,0,0,0.018569,False,False
2026-07-08 06:00:00+00:00,62626.950000,62745.080000,62474.260000,62622.250000,0,0,0.019152,False,False
2026-07-08 07:00:00+00:00,62644.070000,62894.570000,62546.230000,62894.570000,0,0,0.022264,False,False
2026-07-08 08:00:00+00:00,62885.270000,62919.610000,61863.510000,62014.990000,0,0,0.031560,False,False
2026-07-08 09:00:00+00:00,62006.830000,62169.300000,61756.260000,62059.410000,0,0,0.035307,False,False
2026-07-08 10:00:00+00:00,62076.480000,62178.570000,61832.370000,62142.470000,0,0,0.023690,False,False
2026-07-08 11:00:00+00:00,62181.150000,62366.330000,62080.350000,62314.850000,0,0,0.026495,False,False
2026-07-08 12:00:00+00:00,62309.660000,62422.230000,61971.180000,61971.180000,0,0,0.026740,False,False
2026-07-08 13:00:00+00:00,61969.980000,62057.900000,61659.630000,61930.210000,0,0,0.029123,False,False
2026-07-08 14:00:00+00:00,61962.350000,62153.860000,61735.630000,61933.580000,0,0,0.023996,False,False
2026-07-08 15:00:00+00:00,61920.230000,61920.230000,61551.240000,61668.560000,0,0,0.026866,False,False
2026-07-08 16:00:00+00:00,61704.530000,62135.330000,61694.090000,62118.380000,0,0,0.028426,False,False
2026-07-08 17:00:00+00:00,62105.810000,62380.480000,62038.160000,62099.450000,0,0,0.028112,False,False
2026-07-08 18:00:00+00:00,62113.540000,62321.320000,62048.830000,62188.290000,0,0,0.025028,False,False
2026-07-08 19:00:00+00:00,62248.440000,62265.060000,62080.350000,62265.060000,0,0,0.023388,False,False
2026-07-08 20:00:00+00:00,62265.060000,62295.660000,62062.460000,62106.420000,0,0,0.023477,False,False
2026-07-08 21:00:00+00:00,62113.570000,62227.460000,61971.180000,62227.460000,0,0,0.023174,False,False
2026-07-08 22:00:00+00:00,62218.000000,62343.010000,62218.000000,62324.420000,0,0,0.023903,False,False
2026-07-08 23:00:00+00:00,62307.550000,62332.680000,62186.680000,62303.490000,0,0,0.023423,False,False
2026-07-09 00:00:00+00:00,62298.840000,62304.080000,62092.940000,62108.940000,0,0,0.025163,False,False
2026-07-09 01:00:00+00:00,62123.010000,62623.360000,61869.000000,61904.660000,1,0,0.026257,False,False
2026-07-09 02:00:00+00:00,61904.520000,62112.190000,61712.050000,61787.150000,1,0,0.024543,False,False
2026-07-09 03:00:00+00:00,61781.810000,62029.000000,61747.660000,61978.700000,1,0,0.020428,False,False
2026-07-09 04:00:00+00:00,62006.920000,62451.910000,61985.510000,62451.910000,0,0,0.026688,False,False
2026-07-09 05:00:00+00:00,62458.000000,62608.920000,62260.000000,62564.620000,0,0,0.028274,False,False
2026-07-09 06:00:00+00:00,62590.000000,62975.700000,62481.910000,62954.500000,0,0,0.031411,False,False
2026-07-09 07:00:00+00:00,62954.690000,63250.000000,62804.020000,62986.770000,0,0,0.032077,False,False
2026-07-09 08:00:00+00:00,62968.260000,63084.990000,62871.200000,62885.910000,0,0,0.029025,False,False
2026-07-09 09:00:00+00:00,62904.340000,62986.000000,62806.590000,62953.000000,0,0,0.028432,False,False
2026-07-09 10:00:00+00:00,62944.330000,63042.810000,62702.120000,62731.740000,0,0,0.028515,False,False
2026-07-09 11:00:00+00:00,62781.890000,62815.520000,62588.280000,62787.440000,0,0,0.027176,False,False
2026-07-09 12:00:00+00:00,62789.790000,62952.990000,62471.840000,62661.130000,1,0,0.024534,False,False
2026-07-09 13:00:00+00:00,62670.890000,63227.800000,62528.670000,63032.370000,0,0,0.025832,False,False
2026-07-09 14:00:00+00:00,63055.010000,63118.000000,62675.230000,63019.000000,0,0,0.022456,False,False
2026-07-09 15:00:00+00:00,63038.390000,63247.060000,62848.970000,62860.140000,0,0,0.018757,False,False
2026-07-09 16:00:00+00:00,62878.690000,62996.390000,62575.270000,62690.640000,1,0,0.018611,False,False
2026-07-09 17:00:00+00:00,62735.240000,63174.570000,62670.890000,63085.570000,0,0,0.018428,False,False
2026-07-09 18:00:00+00:00,63182.250000,63481.780000,63079.350000,63199.790000,0,0,0.020168,False,False
2026-07-09 19:00:00+00:00,63213.700000,63349.000000,63144.360000,63261.090000,0,0,0.019104,False,False
2026-07-09 20:00:00+00:00,63267.510000,63325.640000,63192.210000,63310.280000,0,0,0.020281,False,False
2026-07-09 21:00:00+00:00,63331.610000,63382.340000,63190.000000,63258.720000,0,0,0.020641,False,False
2026-07-09 22:00:00+00:00,63272.950000,63388.670000,63238.250000,63238.250000,0,0,0.019910,False,False
2026-07-09 23:00:00+00:00,63224.690000,63325.730000,63068.600000,63290.950000,0,0,0.019376,False,False
2026-07-10 00:00:00+00:00,63231.720000,63233.110000,62953.000000,63112.590000,0,0,0.020466,False,False
2026-07-10 01:00:00+00:00,63117.470000,63938.750000,62960.380000,63712.000000,0,0,0.029968,False,False
2026-07-10 02:00:00+00:00,63745.900000,64042.000000,63712.000000,63977.950000,0,0,0.039645,False,False
2026-07-10 03:00:00+00:00,63969.680000,64031.510000,63844.000000,63912.020000,0,0,0.037327,False,False
2026-07-10 04:00:00+00:00,63981.490000,64163.380000,63871.260000,64035.160000,0,0,0.035346,False,False
2026-07-10 05:00:00+00:00,64020.200000,64198.500000,63966.880000,64089.660000,0,0,0.036109,False,False
2026-07-10 06:00:00+00:00,64106.170000,64109.870000,63846.030000,63863.700000,0,0,0.034692,False,False
2026-07-10 07:00:00+00:00,63868.700000,64005.580000,63826.080000,63981.180000,0,0,0.032960,False,False
2026-07-10 08:00:00+00:00,63987.400000,64372.000000,63987.250000,64247.890000,0,0,0.033965,False,False
2026-07-10 09:00:00+00:00,64235.710000,64490.930000,64148.510000,64388.440000,0,0,0.033538,False,False
2026-07-10 10:00:00+00:00,64370.960000,64490.930000,64307.850000,64415.670000,0,0,0.030642,False,False
2026-07-10 11:00:00+00:00,64415.670000,64478.890000,64360.740000,64408.600000,0,0,0.027721,False,False
2026-07-10 12:00:00+00:00,64433.140000,64603.000000,64274.900000,64297.870000,0,0,0.024538,False,False
2026-07-10 13:00:00+00:00,64317.840000,64699.980000,64150.460000,64526.150000,0,0,0.024017,False,False
2026-07-10 14:00:00+00:00,64478.310000,64499.630000,63817.500000,63909.570000,0,0,0.028103,False,False
2026-07-10 15:00:00+00:00,63927.840000,64186.970000,63908.070000,64015.430000,0,0,0.029849,False,False
2026-07-10 16:00:00+00:00,64051.070000,64209.260000,63844.000000,64130.630000,0,0,0.026200,False,False
2026-07-10 17:00:00+00:00,64132.310000,64138.150000,63816.130000,63817.500000,0,0,0.029565,False,False
2026-07-10 18:00:00+00:00,63817.500000,64008.990000,63745.000000,63797.410000,0,0,0.031534,False,False
2026-07-10 19:00:00+00:00,63802.700000,64052.480000,63786.700000,63929.190000,0,0,0.029290,False,False
2026-07-10 20:00:00+00:00,63911.470000,63918.660000,63679.000000,63856.800000,0,0,0.031070,False,False
2026-07-10 21:00:00+00:00,63853.360000,64097.340000,63851.250000,64015.570000,0,0,0.033757,False,False
2026-07-10 22:00:00+00:00,64018.020000,64171.210000,63979.000000,64125.120000,0,0,0.037279,False,False
2026-07-10 23:00:00+00:00,64113.150000,64193.090000,64024.140000,64169.350000,0,0,0.038872,False,False
2026-07-11 00:00:00+00:00,64139.580000,64159.880000,64037.240000,64126.690000,0,0,0.042050,False,False
2026-07-11 01:00:00+00:00,64119.990000,64318.050000,64008.910000,64020.200000,0,0,0.042726,False,False
2026-07-11 02:00:00+00:00,64008.910000,64167.870000,63990.000000,64167.870000,0,0,0.042981,False,False
2026-07-11 03:00:00+00:00,64168.900000,64206.990000,64096.010000,64185.880000,0,0,0.043973,False,False
2026-07-11 04:00:00+00:00,64146.420000,64206.990000,64099.880000,64158.590000,0,0,0.042709,False,False
2026-07-11 05:00:00+00:00,64133.670000,64207.000000,64114.430000,64184.350000,0,0,0.042010,False,False
2026-07-11 06:00:00+00:00,64152.830000,64265.980000,64125.240000,64237.610000,0,0,0.042215,False,False
2026-07-11 07:00:00+00:00,64218.280000,64234.970000,64171.910000,64171.910000,0,0,0.041616,False,False
2026-07-11 08:00:00+00:00,64170.570000,64296.200000,64169.590000,64267.480000,0,0,0.040153,False,False
2026-07-11 09:00:00+00:00,64272.750000,64280.860000,64165.440000,64172.780000,0,0,0.038679,False,False
2026-07-11 10:00:00+00:00,64188.750000,64196.520000,64147.290000,64179.720000,0,0,0.037912,False,False
2026-07-11 11:00:00+00:00,64179.730000,64225.560000,64175.020000,64207.810000,0,0,0.036143,False,False
2026-07-11 12:00:00+00:00,64207.820000,64239.770000,64134.890000,64134.890000,0,0,0.035708,False,False
2026-07-11 13:00:00+00:00,64203.010000,64263.540000,64179.090000,64255.550000,0,0,0.034729,False,False
2026-07-11 14:00:00+00:00,64243.150000,64500.000000,64243.150000,64339.010000,0,0,0.036157,False,False
2026-07-11 15:00:00+00:00,64366.950000,64475.710000,63813.140000,64177.800000,0,0,0.035624,False,False
2026-07-11 16:00:00+00:00,64188.070000,64263.660000,64113.670000,64172.780000,0,0,0.035419,False,False
2026-07-11 17:00:00+00:00,64186.580000,64409.750000,64186.580000,64312.780000,0,0,0.035581,False,False
2026-07-11 18:00:00+00:00,64300.450000,64390.770000,64285.330000,64330.110000,0,0,0.036986,False,False
2026-07-11 19:00:00+00:00,64323.980000,64347.090000,64215.530000,64294.210000,0,0,0.036055,False,False
2026-07-11 20:00:00+00:00,64291.300000,64443.000000,64288.910000,64386.240000,0,0,0.038091,False,False
2026-07-11 21:00:00+00:00,64382.620000,64422.730000,64336.060000,64336.480000,0,0,0.038039,False,False
2026-07-11 22:00:00+00:00,64361.830000,64405.630000,64141.900000,64215.470000,0,0,0.038681,False,False
2026-07-11 23:00:00+00:00,64203.760000,64228.450000,63829.600000,63844.000000,0,0,0.043473,False,False
2026-07-12 00:00:00+00:00,63830.000000,63922.820000,63717.730000,63830.870000,0,0,0.042507,False,False
2026-07-12 01:00:00+00:00,63843.170000,64175.880000,63843.170000,64128.200000,0,0,0.041089,False,False
2026-07-12 02:00:00+00:00,64078.980000,64132.660000,64042.010000,64097.950000,0,0,0.041067,False,False
2026-07-12 03:00:00+00:00,64089.160000,64213.350000,64062.860000,64209.840000,0,0,0.039292,False,False
2026-07-12 04:00:00+00:00,64213.350000,64234.620000,63956.890000,64023.740000,0,0,0.039955,False,False
2026-07-12 05:00:00+00:00,64012.660000,64035.660000,63912.550000,63994.220000,0,0,0.040635,False,False
2026-07-12 06:00:00+00:00,63968.790000,63968.790000,63646.000000,63763.460000,0,0,0.040648,False,False
2026-07-12 07:00:00+00:00,63772.910000,63901.250000,63772.910000,63882.050000,0,0,0.039834,False,False
2026-07-12 08:00:00+00:00,63910.000000,64103.170000,63910.000000,63979.000000,0,0,0.038522,False,False
2026-07-12 09:00:00+00:00,63987.260000,64009.000000,63781.470000,63998.000000,0,0,0.037265,False,False
2026-07-12 10:00:00+00:00,63908.400000,63908.400000,63857.290000,63861.870000,0,0,0.037424,False,False
2026-07-12 11:00:00+00:00,63896.490000,64025.580000,63853.420000,64014.580000,0,0,0.037463,False,False
2026-07-12 12:00:00+00:00,63983.210000,64124.250000,63968.890000,64035.840000,0,0,0.037058,False,False
2026-07-12 13:00:00+00:00,64028.640000,64093.850000,64016.780000,64024.610000,0,0,0.035311,False,False
2026-07-12 14:00:00+00:00,64019.180000,64284.740000,63983.210000,64201.080000,0,1,0.037918,False,False
2026-07-12 15:00:00+00:00,64207.300000,64256.290000,64145.530000,64159.730000,0,1,0.037793,False,False
2026-07-12 16:00:00+00:00,64178.630000,64180.050000,64075.000000,64148.330000,0,1,0.036799,False,False
2026-07-12 17:00:00+00:00,64155.280000,64178.950000,64021.080000,64084.910000,0,1,0.036545,False,False
2026-07-12 18:00:00+00:00,64084.910000,64152.970000,64020.720000,64152.970000,0,1,0.034899,False,False
2026-07-12 19:00:00+00:00,64145.090000,64243.840000,64145.090000,64243.840000,0,1,0.034941,False,False
2026-07-12 20:00:00+00:00,64232.210000,64240.420000,64177.040000,64196.050000,0,1,0.033590,False,False
2026-07-12 21:00:00+00:00,64208.840000,64228.240000,63894.210000,63894.210000,0,0,0.036403,False,False
2026-07-12 22:00:00+00:00,63896.500000,63899.080000,63678.380000,63899.080000,0,0,0.034453,False,False
2026-07-12 23:00:00+00:00,63890.000000,63890.000000,63726.640000,63786.020000,0,0,0.032045,False,False
2026-07-13 00:00:00+00:00,63755.300000,64394.060000,63591.330000,64031.840000,0,1,0.033926,False,False
2026-07-13 01:00:00+00:00,64052.730000,64052.730000,63393.400000,63393.400000,0,0,0.039353,False,False
2026-07-13 02:00:00+00:00,63411.460000,63520.080000,63250.000000,63379.930000,0,0,0.041512,False,False
2026-07-13 03:00:00+00:00,63354.710000,63354.710000,62736.280000,62829.500000,0,0,0.039773,False,False
2026-07-13 04:00:00+00:00,62791.130000,62905.590000,62648.160000,62670.960000,0,0,0.042106,False,False
2026-07-13 05:00:00+00:00,62690.460000,62907.340000,62500.000000,62780.870000,0,0,0.034043,False,False
2026-07-13 06:00:00+00:00,62831.810000,62858.400000,62733.400000,62789.520000,0,0,0.033905,False,False
2026-07-13 07:00:00+00:00,62789.520000,63059.040000,62766.880000,63011.610000,0,0,0.036006,False,False
2026-07-13 08:00:00+00:00,62992.220000,63296.770000,62965.650000,63193.070000,0,0,0.037653,False,False
2026-07-13 09:00:00+00:00,63181.020000,63193.650000,63095.710000,63114.590000,0,0,0.035858,False,False
2026-07-13 10:00:00+00:00,63111.840000,63144.640000,62910.480000,62910.480000,0,0,0.037041,False,False
2026-07-13 11:00:00+00:00,62910.660000,63138.280000,62910.660000,62920.000000,0,0,0.035183,False,False
2026-07-13 12:00:00+00:00,62887.000000,62909.650000,62575.270000,62583.700000,0,0,0.033005,False,False
2026-07-13 13:00:00+00:00,62620.520000,62763.290000,62175.170000,62320.330000,0,0,0.035957,False,False
2026-07-13 14:00:00+00:00,62301.930000,62763.290000,62114.090000,62763.290000,0,0,0.032128,False,False
2026-07-13 15:00:00+00:00,62788.000000,62973.690000,62567.140000,62610.890000,0,0,0.031216,False,False
2026-07-13 16:00:00+00:00,62600.170000,62600.290000,62227.000000,62258.040000,0,0,0.033237,False,False
2026-07-13 17:00:00+00:00,62288.080000,62370.740000,61903.720000,61903.720000,1,0,0.035859,False,False
2026-07-13 18:00:00+00:00,61922.730000,62064.780000,61819.420000,62036.630000,1,0,0.030568,False,False
2026-07-13 19:00:00+00:00,62038.470000,62260.000000,61987.820000,62260.000000,1,0,0.029140,False,False
2026-07-13 20:00:00+00:00,62261.670000,62316.370000,62057.360000,62194.000000,1,0,0.026904,False,False
2026-07-13 21:00:00+00:00,62209.300000,62209.300000,61910.370000,62096.970000,1,0,0.025335,False,False
2026-07-13 22:00:00+00:00,62094.270000,62230.910000,61925.880000,61925.880000,1,0,0.025287,False,False
2026-07-13 23:00:00+00:00,61921.560000,62338.890000,61895.800000,62338.890000,1,0,0.025399,False,False
2026-07-14 00:00:00+00:00,62343.010000,62680.480000,62300.350000,62560.920000,1,0,0.028847,False,False
2026-07-14 01:00:00+00:00,62540.590000,62638.080000,62464.470000,62546.460000,1,0,0.026682,False,False
2026-07-14 02:00:00+00:00,62496.370000,62637.760000,62339.970000,62571.480000,1,0,0.024922,False,False
2026-07-14 03:00:00+00:00,62575.090000,62620.400000,62331.320000,62557.000000,1,0,0.025225,False,False
2026-07-14 04:00:00+00:00,62580.660000,62763.290000,62548.250000,62754.410000,1,0,0.028474,False,False
2026-07-14 05:00:00+00:00,62740.170000,62856.590000,62709.880000,62730.330000,1,0,0.027438,False,False
2026-07-14 06:00:00+00:00,62729.860000,62771.740000,62578.180000,62606.040000,1,0,0.026091,False,False
2026-07-14 07:00:00+00:00,62604.840000,62660.120000,62524.000000,62529.310000,1,0,0.025300,False,False
2026-07-14 08:00:00+00:00,62517.760000,62788.000000,62465.120000,62690.940000,1,0,0.023226,False,False
2026-07-14 09:00:00+00:00,62681.310000,62747.070000,62545.790000,62623.530000,1,0,0.020668,False,False
2026-07-14 10:00:00+00:00,62639.610000,62887.000000,62639.610000,62835.600000,1,0,0.017498,False,False
2026-07-14 11:00:00+00:00,62778.810000,62919.990000,62725.250000,62867.060000,1,0,0.016245,False,False
2026-07-14 12:00:00+00:00,62845.970000,63971.280000,62783.800000,63920.570000,0,0,0.033834,False,False
2026-07-14 13:00:00+00:00,63969.740000,64173.600000,63707.970000,63829.430000,0,0,0.035068,False,False
2026-07-14 14:00:00+00:00,63823.890000,64327.150000,63585.010000,64316.660000,0,0,0.031267,False,False
2026-07-14 15:00:00+00:00,64302.870000,64961.770000,64196.580000,64748.170000,0,0,0.035888,False,False
2026-07-14 16:00:00+00:00,64765.450000,64885.340000,64606.470000,64735.750000,0,0,0.031677,False,False
2026-07-14 17:00:00+00:00,64702.410000,64702.410000,64318.160000,64642.800000,0,0,0.026714,False,False
2026-07-14 18:00:00+00:00,64628.190000,64636.000000,64481.650000,64560.610000,0,0,0.024304,False,False
2026-07-14 19:00:00+00:00,64589.860000,64696.490000,64492.470000,64571.360000,0,0,0.017229,False,False
2026-07-14 20:00:00+00:00,64522.760000,64564.060000,64416.970000,64564.060000,0,0,0.011540,False,False
2026-07-14 21:00:00+00:00,64585.360000,64880.110000,64527.250000,64654.550000,0,0,0.007822,False,False
2026-07-14 22:00:00+00:00,64659.890000,65092.520000,64516.690000,64866.160000,0,0,0.006598,False,False
2026-07-14 23:00:00+00:00,64854.240000,65032.000000,64782.640000,65032.000000,0,0,0.001444,False,False
2026-07-15 00:00:00+00:00,65050.000000,65050.000000,64759.790000,64842.860000,0,0,-0.000729,False,False
2026-07-15 01:00:00+00:00,64842.860000,64856.650000,64655.580000,64655.580000,0,0,-0.002219,False,False
2026-07-15 02:00:00+00:00,64674.800000,64748.440000,64488.460000,64504.910000,0,0,-0.003367,False,False
2026-07-15 03:00:00+00:00,64496.680000,64835.890000,64496.680000,64811.450000,0,0,-0.002942,False,False
2026-07-15 04:00:00+00:00,64796.110000,64867.000000,64723.490000,64756.520000,0,0,-0.001637,False,False
2026-07-15 05:00:00+00:00,64741.330000,64963.060000,64614.080000,64963.060000,0,0,0.001187,False,False
2026-07-15 06:00:00+00:00,64934.790000,65250.000000,64825.550000,64825.550000,0,0,0.004036,False,False
2026-07-15 07:00:00+00:00,64788.740000,64873.820000,64500.000000,64561.040000,0,0,0.010088,False,False
2026-07-15 08:00:00+00:00,64575.710000,64774.950000,64575.710000,64774.950000,0,0,0.012328,False,False
2026-07-15 09:00:00+00:00,64775.010000,64916.780000,64671.090000,64671.090000,0,0,0.017009,False,False
2026-07-15 10:00:00+00:00,64655.910000,64850.620000,64636.000000,64656.790000,0,0,0.023245,False,False
2026-07-15 11:00:00+00:00,64632.630000,64760.080000,64632.630000,64742.090000,0,0,0.030492,False,False
2026-07-15 12:00:00+00:00,64743.080000,65250.000000,64618.350000,65153.620000,0,0,0.040310,False,False
2026-07-15 13:00:00+00:00,65163.980000,65559.600000,64891.990000,65092.420000,0,0,0.044239,False,False
2026-07-15 14:00:00+00:00,65131.000000,65520.970000,65093.250000,65389.770000,0,0,0.045384,False,False
2026-07-15 15:00:00+00:00,65360.710000,65574.840000,65276.210000,65417.490000,0,0,0.046358,False,False
2026-07-15 16:00:00+00:00,65425.200000,65461.040000,64788.380000,65118.180000,0,0,0.045420,False,False
2026-07-15 17:00:00+00:00,65128.260000,65177.420000,64984.340000,65059.310000,0,0,0.045672,False,False
2026-07-15 18:00:00+00:00,65073.430000,65148.020000,64867.010000,64867.010000,0,0,0.043263,False,False
2026-07-15 19:00:00+00:00,64872.170000,64985.850000,64756.370000,64983.080000,0,0,0.040975,False,False
2026-07-15 20:00:00+00:00,64992.190000,65040.560000,64900.620000,64973.160000,0,0,0.039559,False,False
2026-07-15 21:00:00+00:00,64990.650000,65010.810000,64800.000000,64819.220000,0,0,0.039402,False,False
2026-07-15 22:00:00+00:00,64828.290000,64969.670000,64774.290000,64864.210000,0,0,0.037271,False,False
2026-07-15 23:00:00+00:00,64864.990000,64929.770000,64721.280000,64772.490000,0,0,0.034727,False,False
2026-07-16 00:00:00+00:00,64763.100000,64837.960000,64396.010000,64583.110000,0,0,0.037860,False,False
2026-07-16 01:00:00+00:00,64594.090000,64821.150000,64383.910000,64731.040000,0,0,0.037535,False,False
2026-07-16 02:00:00+00:00,64719.960000,64734.270000,64584.260000,64634.510000,0,0,0.037492,False,False
2026-07-16 03:00:00+00:00,64639.540000,64746.770000,64573.820000,64619.950000,0,0,0.036546,False,False
2026-07-16 04:00:00+00:00,64633.670000,64683.410000,64551.350000,64632.180000,0,0,0.035233,False,False
2026-07-16 05:00:00+00:00,64651.960000,64975.000000,64631.020000,64922.630000,0,0,0.039253,False,False
2026-07-16 06:00:00+00:00,64936.710000,64955.340000,64636.000000,64769.090000,0,0,0.038940,False,False
2026-07-16 07:00:00+00:00,64742.260000,64775.710000,64103.170000,64195.000000,0,0,0.047840,False,False
2026-07-16 08:00:00+00:00,64220.950000,64339.000000,63834.300000,64105.900000,0,0,0.047942,False,False
2026-07-16 09:00:00+00:00,64171.130000,64171.130000,64035.000000,64076.070000,0,0,0.040356,False,False
2026-07-16 10:00:00+00:00,64096.540000,64270.880000,64092.620000,64221.470000,0,0,0.041603,False,False
